O2 sampling_t_2,Displac. %_t_2,Gas pressure diff._t_3,CO sampling_t_3,CO sampling_t_2
45.43300075535626,-13.425100250023029,2.868654194888812,-104.74683515596368,-172.51717610443532
83.85735804150451,38.182456562328255,-0.39049781538053646,159.6592785636443,97.44700986439551
40.701656161036155,-105.60524515796746,3.044133100751699,-43.44278590012523,-58.24297375078183
40.701656161036155,-105.60524515796746,3.044133100751699,-43.44278590012523,-58.24297375078183
-15.511924112642504,-122.31294863672552,1.4689172790175338,-318.44286747944926,238.82253767953452
95.04870275908935,-1.2130532027035201,3.969637237866795,416.00532692329415,-102.09505306387297
39.80137352193586,-22.41857458748194,-1.460118574747188,-327.0088417516604,-271.54787292343167
103.52546496516314,11.206768709126273,3.7814736012239942,241.6225177257181,229.42800870041498
37.1386941571641,-89.4703503576655,-0.9173495985309219,230.56342067124672,43.49102956071289
79.80668169574723,48.01570905770536,0.19735370284435394,-174.46620754462083,69.11410265255853
27.747684476288498,7.262003649847543,2.2959083371711833,485.88564439349057,-607.3101830422283
70.35273945649625,-7.515041445794795,1.281893925278879,147.42269564173807,29.66383911099956
32.48353633601757,-96.60316251237418,2.344948168652696,86.07004643119666,21.733197653161216
32.48353633601757,-96.60316251237418,2.344948168652696,86.07004643119666,21.733197653161216
120.01414189122858,-35.40411965507161,1.1315142647098788,-498.29761397906725,-504.6943022008987
124.80330583459401,11.76292988105397,1.7544040412631379,-460.5626692077926,-263.0228973171272
83.24153634637898,-52.435352043574916,2.5689718315364525,-199.7154718472509,-558.2524298297701
38.56170022730466,12.670721212862716,-0.01694169601056217,335.99871295938203,613.1897792918473
58.1073131849412,-107.06694973985489,1.4672648109493758,-306.5060061177419,-504.912497927586
82.67667879613568,-36.95230771236503,3.8890644380202093,-599.4155524353796,-325.8898204828997
47.20030568958967,-18.859026056327743,4.075357728232923,21.26417134770861,91.94820183720363
39.202642709763374,141.09733057941847,1.6607022924790305,-21.92788810995048,188.6176196392796
50.33067127632446,126.84098055763907,1.0538511174829033,-54.90457832468652,423.6667558348371
49.09652761120437,30.47813684197689,2.1613474580260084,28.49454713682414,-18.217139233734542
120.04743205628183,-54.9424110558918,3.2477728720493224,413.81807018128353,173.23639288613546
23.318557071652762,78.60544666542819,0.5048042530154606,-95.63986208418527,158.3415655379053
76.96849142941493,76.46018888381532,2.680137480265622,-41.25062664046845,153.81971703746692
41.69648198240197,-66.32805867821554,-1.945367323526342,-139.48647886691842,-208.36207720679414
72.88043780162948,-9.316035865564118,4.0375163944908055,39.20797941263308,97.85849814140926
56.523879608001074,-36.31183308472848,-0.28288001164362964,101.11619549388291,18.078235016022347
62.00908600589802,5.7311685079764345,2.647455719621166,12.279596077307986,317.7154868328626
52.93113619750007,6.468348113508548,0.5680348853841775,84.40616490734216,152.32923153074378
67.41866081709993,117.6358065645742,0.35041658498975864,147.3306549714746,-123.22465242405812
41.05886545637145,-125.11344821285054,2.298560212541762,123.42500840043172,-98.26760331933622
76.7675803935598,93.19233058516787,0.04307707952145545,50.03974448531494,-109.74316032022116
115.81035403602169,78.44170974659886,0.37058040168857137,-61.26194727804662,233.94605784005356
67.43835487361875,-38.434564270934374,1.950888100781933,-568.0901677272251,-347.99061079987416
68.72473163331307,36.532129258824796,-2.6720751441751105,-115.89243932775793,-21.18292295297323
60.685312691569884,90.51818806898332,0.9242604167073902,18.112077597128263,-320.05816230373176
114.74813653551408,-101.15490519967416,-1.4940902343510403,-52.95399062471169,44.99104252846138
12.114163543888758,51.231561341750016,4.1451953327295294,-219.3405731902593,-268.8486810633377
97.27803841308153,-76.91725572297939,-1.621454278821701,421.11321598035306,-51.02503854038554
32.47379134569991,84.12167604725539,0.8043633431179327,51.864877444543936,316.2180159166776
115.0851486589739,-115.77323655106528,1.598051199382713,-262.70959609869254,43.718679467215736
16.89729635606406,107.98350005232288,0.772039244822084,218.8078809229362,377.7270579250241
58.8941837473869,-95.80961638972153,1.0001896596850306,-97.52738843792142,-1.247229354009903
79.86133618954457,84.89323847617557,1.433341006033649,-41.372832052408,591.4355916005939
25.635589470472645,113.04871321866548,2.8698267698681392,-158.30413156140307,-218.8132946379069
13.013378434753234,63.13745671439555,0.4068747628976328,-419.5603201177139,302.9922681703209
152.90175845211522,-128.5894977286361,3.0413407259620415,448.8014477622064,-465.31694028925267
129.34250018389298,18.050726703527744,0.3521365827169509,162.40155262928693,36.846418550116596
121.11247134612276,-115.4531747760688,2.3839140958652774,75.1546734246911,-310.0888733365409
14.805043157449813,131.3155566473339,-0.08587577195870155,-106.87656467141512,340.261252821116
86.93016836005305,-247.98329859780242,3.1717371810951756,3.917218462944504,-246.83914218059687
75.9110821495023,2.5372163912983865,-0.8696923447343046,645.798240087524,284.2927118686115
86.06110109651263,-20.556772207393916,-1.585118813079637,-92.90045324497578,55.26351358561212
37.92535294415053,18.194272435961985,-1.9891555730388566,169.65368261782734,35.938739570894455
78.58305270765808,-23.2471924840993,4.347022462485134,-14.207544144425299,-162.6670972262821
-2.1638601906109223,-69.5877549415031,0.06508546106034707,12.273874613475009,302.77315170231645
83.52378030526165,50.11906843045702,1.8500805725796665,184.2329873023449,39.67044088551597
33.78485939522618,-19.23142127544382,0.7707647615335712,-23.56584153571451,-142.5621259841467
59.542837659392035,-44.779086520650736,1.7393362632175384,281.45014346671184,341.98731157848147
45.04205839216242,7.302489246232938,0.7899156533527577,-52.57846246857133,-108.62935167858382
84.39291252346136,9.126612445760557,1.6343745548613016,93.4610910179193,221.4416538787059
35.31486207932997,-125.20439731733937,0.7678709599309503,275.4161027170243,331.12547540266644
50.50658010593917,88.47363868774303,-0.9318856713598375,68.65731897710063,43.66541226484253
72.4274544814753,138.2714191352713,-1.8643761632054452,159.8723954014418,128.56350822311853
82.72525740357815,-46.34396429031159,-1.1831547323294047,-118.38257545277321,-292.8792024222204
53.52356069240007,30.48070580692145,3.6135867183354775,139.55045315516364,196.93886703045806
70.60313978484166,-96.43903466112468,-0.8363830095432521,-4.264498129405268,-82.1285497098713
43.45985651753875,85.46617119266485,2.240724271555227,353.44366755127345,364.7727622894814
38.93765854221231,-19.075778263397183,0.8589619495666738,116.00909978955588,188.0776151213826
38.93765854221231,-19.075778263397183,0.8589619495666738,116.00909978955588,188.0776151213826
60.02241771634662,-44.59166713326781,0.8888853271441848,-301.3029136415675,152.62910322353005
109.63983282939199,-146.55388248555587,1.0682736149213736,-189.23086435477455,-147.0231653155743
6.285744836282433,121.55127687843579,2.51806089221015,68.75000658729854,-25.51223524583793
64.14814339221437,85.96541885439936,1.1343878751013254,-638.6810175418988,-277.6068024214601
69.97405848594777,-82.91851054448107,1.2950411797835122,712.1130349721743,160.40759600055247
105.43438370713965,-14.522300589145672,-0.37573716724123546,170.34350069770073,54.94870269672266
61.411641597821344,-53.324939229148285,0.2604629689848088,22.60224593840615,-27.26548606702454
90.74012822120406,43.28032455557874,3.357323250135,211.95713913977758,41.472017391064895
50.44487759475526,-16.588626601079234,1.1968986376847783,104.81610417094163,260.9332941044863
42.9232444655839,27.23343299347984,-0.25497776260125027,-432.7146404153146,-217.10734315600965
43.50489108697124,-92.27617602281623,3.4669397705615497,243.33668615320084,408.45845894316494
79.54343215279044,-70.9790530823735,1.6332169936738175,-143.6282888522182,259.15384334053385
31.450237092728344,14.529631058093969,0.8212441843530641,195.23160302802825,242.8603583662215
44.259410013766974,40.04478571386224,2.3280905369261835,137.7157550527147,584.8220003622503
108.8720665995285,-63.11932559274517,1.8362314066040137,-142.39625193866408,118.5550941445996
106.77630926849488,-33.79253285231874,3.686994364931973,-187.23382405816005,-670.1774708387833
24.662917466784307,-44.93900362088709,-1.3347399188633609,224.5274370890328,690.7059220668589
119.71702873600701,7.8185888191431125,3.8124749713137716,-376.991085193378,-414.3122720881164
42.34717078789985,31.685703256459867,0.26020070948060514,-458.6426858484714,-232.085534571773
88.89396329910247,63.05741307223997,3.271361073915802,84.29442285684496,5.572262841390909
88.89396329910247,63.05741307223997,3.271361073915802,84.29442285684496,5.572262841390909
79.28779328064131,-54.267723633332565,-1.0261112597113513,-545.4832453405679,-428.38167394278304
93.4465697910741,-15.582124893034951,-1.4294703547549497,-752.0986179859846,-399.90264693339174
38.67332875307923,-50.41018682916095,2.933840115112119,1.0418029514854652,-96.05620925096429
44.33609738603319,-53.572334337339626,0.9722265806232311,154.601362664953,323.5710390196901
96.48391495550293,-23.719584353938558,0.335916879647637,-215.37693852685058,-353.5736708863442
40.911230911123326,-12.7852207961188,2.1672008465276047,251.99299148630638,205.23070369606836
67.46628538462669,25.307885209103205,2.029733763005994,-167.40960703503504,105.34775784653328
55.36943720285551,-100.53971086303325,0.4317559192700716,221.92348465352015,241.1964996587631
73.5862097088166,40.704205758644406,1.7383177825213147,-208.1613251773005,-224.69554276862144
70.2171328234706,-91.74709816084363,0.6658414126320392,203.0275604589396,10.503101726861729
70.2171328234706,-91.74709816084363,0.6658414126320392,203.0275604589396,10.503101726861729
90.30577265209273,34.85233494888314,3.3568120726781014,-597.0556143739645,-280.3732452455402
10.487239370368016,-26.1750461477381,3.8466218289167715,156.2113850672713,130.56007125796117
49.209480944511334,65.05468071295566,0.6728959980151021,34.32887024611492,-411.01760559222936
74.42843502963106,-143.17933435451823,1.948846472445161,70.58564401439561,449.0137190158148
105.39376248627886,32.184545141304056,2.120240362949227,-554.4518835983895,402.6825554591527
39.190260389724216,-101.52610236333726,0.16676923135579358,360.0436444810382,291.76192157711785
60.471037823377394,18.948701715602027,1.9960345367455896,-157.1627204617666,46.682540365557315
58.99881860839062,73.90922912521427,-1.3884683404602312,-61.71436994498936,713.5621851584569
60.285773179721104,-55.78910188488561,1.4477215976470221,-106.72693615634819,-601.1985825675275
52.309579913689866,-59.762010655309595,2.5772357918766904,277.3752436692956,238.47116508197973
88.23250793368062,49.794365733372636,-0.24326632958395522,-382.9802467896741,-134.3911801354352
133.6247584750232,-137.4317644797771,3.9262992606921756,-95.58950215377632,-457.9359193535686
46.81912478780413,52.362528019131815,0.2912046835712818,-99.90504196011113,-192.5183703480074
34.90527800744887,142.90283063207494,0.8993944462455229,-261.17971527460634,-519.1309249736623
76.14493286241256,-130.4070980486652,1.5703411865074766,479.081214504569,296.60448895990913
76.14493286241256,-130.4070980486652,1.5703411865074766,479.081214504569,296.60448895990913
67.24601829044651,65.19639306336413,3.167597383889174,402.7178121680537,624.535337114002
39.75850573481412,16.206493537801954,-0.1668870564013658,393.2750072415131,342.36123334837805
60.86201657139746,-15.291048521592817,2.3815065551926886,-21.5974892014913,137.7480817172207
68.16572851112095,41.90650245758177,1.5719304676827957,-175.50028699751812,-121.24150323806816
52.36582386951853,-18.77277097963716,0.698560411461639,195.26754016592037,283.38906224582956
80.38787071122873,16.50228102322859,2.292595230346725,342.41336255720927,-196.41721648807004
63.44836180883616,-34.10803116813955,0.06452729266802404,-385.33141724845575,-238.74977741879835
80.26304769231962,1.8426573838785485,2.357031180112494,315.151265379669,51.877829337579556
19.077603332062274,-2.0517800887439996,0.5085020330541659,-284.8281693698998,111.52975690871963
69.25715402861806,-31.07716270481518,-0.019656822412119968,-389.375747752233,-368.95942713171564
25.281239632308253,45.751795371260094,1.8277596864223518,-3.7518253483196418,230.403723951629
111.45122939257469,-70.06817398186979,0.5617743553389216,60.41037413228102,-360.3446010716592
111.45122939257469,-70.06817398186979,0.5617743553389216,60.41037413228102,-360.3446010716592
32.019927473913945,60.30403341981366,5.103386140541545,-182.2705992817273,312.77022702473755
46.24905143277225,40.90782278178067,3.7607021522360498,132.8275174645065,312.61331581800135
61.02116277348385,-54.68254027618195,-0.3032941989224729,-306.3062995560516,-290.21030859760003
99.33061462272651,5.49332849550278,2.5650130126724373,487.23771560224174,388.1034292299085
73.66542584532797,77.89477385963903,-1.1535741903108554,5.60456133755622,-2.498689941397515
63.944686033361926,-33.521378547232885,4.51543165451276,-15.777759180840121,166.13316050234195
43.25804320311398,71.79209426306308,3.245092792356839,38.66266788731816,944.8477681765963
83.34569178641038,-107.15746513875156,7.056222023153678,160.6971103906157,135.44902095248835
87.44002361575625,-153.03594717904866,-0.28744750357980386,43.32986029282087,-255.3312306092791
40.89691952023225,-36.12228718921847,3.03969751060556,-221.1876531341428,91.41307870179523
50.07089620553938,-66.74714251259412,6.581576442580525,-113.92703770156042,-50.55605915586992
82.9281348401357,-33.381079859875186,-1.9375081560966896,-95.75903157895756,-195.17719551155986
63.49854929471768,19.698422386723674,1.1739464163554834,-47.73736751749391,112.52653279554471
63.49854929471768,19.698422386723674,1.1739464163554834,-47.73736751749391,112.52653279554471
63.49854929471768,19.698422386723674,1.1739464163554834,-47.73736751749391,112.52653279554471
71.64676000257651,-26.685650777723666,1.081568846924327,23.292020391620667,110.30136489081798
27.657117007755488,38.42593737435797,0.9885394053468335,474.3882869019197,323.20258682075837
65.84646952796243,-48.530530188801905,0.2704431889539721,70.75394253692622,148.69731801430203
65.84646952796243,-48.530530188801905,0.2704431889539721,70.75394253692622,148.69731801430203
31.17239443487307,-23.562480674772797,0.12638635464014025,188.77823835365066,-226.96680545906395
13.295509833672796,53.19918429260308,-2.6519868926652563,219.26551359682526,245.25859300815694
13.295509833672796,53.19918429260308,-2.6519868926652563,219.26551359682526,245.25859300815694
48.72626253019692,59.749893358372034,-2.402941597014514,319.2829130241109,280.4107851428456
77.67327029123824,-65.02699184381108,2.1192170698984247,-490.71244165891164,-485.4467145906979
116.8472523170501,-48.13055370764676,1.632812840372777,81.9310484488733,69.31355696538998
57.90868143282862,-17.862694565753443,-1.1374845585828293,442.7420656234046,131.98195121236128
35.26705085735129,-53.825514118268224,2.023658047163775,-778.9912301457533,-502.16613842288257
85.51812142234513,6.187980668232491,-0.6087860515143269,128.1458667856367,109.16656349502333
41.31598573463475,-7.395210198273675,3.1370385079951806,42.047856770923964,-457.0230507144091
44.16526523052114,-12.305067799424716,-0.023169401421268887,-303.764637839689,-344.18817495723664
87.31258685719207,9.974960179362249,2.741202817421413,323.8428947988741,361.30810318965194
33.01473707882503,-97.13699040833636,-0.7291188224585297,-464.6325296027378,-472.65236622266565
93.9651631952189,85.02274674526868,3.2011206228652034,487.0611728404107,640.2373154451398
-14.071417140143922,50.633560597466015,-1.924662523927193,-104.44682105327783,128.80107886019834
17.8554403934354,115.48805702819645,0.385624041422745,155.16933282337496,-155.40094431433045
5.98659757899258,70.57416169873304,0.42945467919700225,28.968776898349873,64.35594844771538
84.43371338843353,-180.55245819370253,0.2038475982893626,-141.738734139933,-215.10961949423978
114.79184933992961,88.70737876230419,0.33482119168166924,-179.48994772162786,-190.54462810282283
47.41075483570921,34.631819196547525,1.8861207490991476,-318.64477625750374,-139.28480892876746
47.41075483570921,34.631819196547525,1.8861207490991476,-318.64477625750374,-139.28480892876746
60.86955089079949,-6.9521024244628435,0.935943221334891,-339.08435926469815,-147.40205542122828
44.3386399084868,-43.73844804243733,1.3097423471584115,-36.504983863014274,-680.0224232707873
22.251191378923505,-79.74019387467315,0.7854600495446027,34.39841355341666,-525.0447011191364
93.8612972666657,39.93494684187536,3.377130370635904,-156.95131468239606,390.28689848354895
27.00526233082345,-74.14074667473055,-0.724355294056872,273.3165222817781,-327.6622503969885
101.98219684911618,11.720119469860634,2.962907633522233,-237.59298344076308,420.1392193679834
82.62994926616535,19.085241280830303,1.6892316539274839,697.7043576845174,-274.41671536781564
76.86758153990345,-19.486247615109022,0.5676580206333366,-805.4200638615703,-100.59665857958302
83.17268062820085,69.44899063214713,-0.2972915476246877,-816.7605575596143,-738.6277478303181
70.54850474346988,-111.6329582732856,3.447666117264342,146.0571281725487,139.86622238455664
36.67048339665732,112.81903362342915,-0.9435169086729855,72.62751619852045,-153.65607568299367
59.477424325559625,-58.66287648912267,1.354430915083214,144.81199243557552,385.4736545350944
72.2506169611263,34.102256746371935,1.0914598246394134,-107.23576916784145,-377.7887297639313
62.37260984182617,-50.48550879550551,1.2048110092105877,-271.91397848878995,125.9245805722154
62.37260984182617,-50.48550879550551,1.2048110092105877,-271.91397848878995,125.9245805722154
90.4017615855023,-36.808904128447466,0.9351010370001487,55.21735497975803,432.0878810984661
48.50046983815091,-9.262016490925447,1.5585944923946577,-131.53142388700087,-2.0764578344683287
85.07263346796495,-57.56832930444584,1.0177180418355916,121.89035261925727,-57.434705757590194
44.85373525598398,73.70792299961423,1.5439007473043431,-12.092099907663908,-308.0441145046039
78.28581171724588,-93.04650315754915,0.7626435427146854,74.45344320045575,315.48202801392597
45.26330923771034,54.52198549412234,1.9864986174415704,-8.183072604284277,-250.55537175563234
54.64791670168524,-32.91258522689571,0.363218301470734,-86.2868708596782,-121.98135956863419
85.69984464748234,-18.928509114741246,2.017142184494034,24.673691273689343,176.06396301484395
79.04532302206053,74.12537677979398,2.899635723234153,142.99708311049804,-82.776927235247
130.6721282563922,-56.78687772873474,3.870017124180581,-284.95982689435374,-268.3677920907051
65.20164439168691,21.610238569633715,0.08227814420082247,-218.50762358099627,-277.6771081848054
122.58889147132682,112.5081371524629,0.07911844367297616,-182.08808463261738,-491.55821543628196
12.180817958726259,-109.94907317380017,2.176864044362638,163.39444012860525,616.1899336329593
31.968760937830755,-46.69252563429195,2.8305341250260985,266.64630949817206,202.3365976972516
100.16345593152845,58.03349963480659,-3.5331676642142007,-106.08507004225038,-69.41677134784666
-1.2638093472494454,-142.79245615220137,3.774019205150749,33.08757073478863,-75.72905314566651
87.08410431919282,13.758487692681456,-3.0488831041712112,-59.99519162126367,141.99734481966252
77.76202560268572,44.17261303554612,2.7342192039494897,116.96148210817462,-288.4990209774139
28.707125513793194,-32.07518081116848,0.0010788811441417856,151.72261566755398,192.09049772734892
110.0496878015378,22.595679568279493,2.2232026952493875,-189.25028816734584,-186.94636995774533
110.0496878015378,22.595679568279493,2.2232026952493875,-189.25028816734584,-186.94636995774533
8.504638062920108,-20.392732381749205,0.6167016431893022,318.65094468415714,302.44796135976117
113.15208882111611,68.01737671203672,2.9635105934944352,-44.378927413728576,90.2640523831592
30.20325140372624,-38.12417303983385,2.290774736178058,280.19949470153176,306.41386563902216
96.011620248389,23.421922442372043,0.15226851087681947,-222.53578724536987,-287.201543339434
118.8749675532349,-8.806861957852647,-1.4611053361259176,-218.8245851098377,-123.20791237721275
29.767400042607946,-43.8073438312971,2.4514392376734326,331.82722786707404,-295.18989903264327
29.767400042607946,-43.8073438312971,2.4514392376734326,331.82722786707404,-295.18989903264327
15.860566554002588,67.08552327897846,1.9707571224146132,304.9474663755461,197.52086859231696
80.24762555201426,-72.52240419026677,0.4187886700258354,-203.18777799264151,140.3230638710167
53.129758192692094,-0.9878282622469783,0.8292128352249255,-330.55584452417884,58.68645138121336
51.63655100891559,52.3183605437291,2.2143068236473082,119.49181508344515,-35.39775407560188
70.00564825037432,-72.2773290121606,0.28326046960005663,7.2327759976436,-56.57021037632671
53.71745812520362,65.94088446273075,2.163538062065408,60.63448414944196,260.37052463435924
65.06873956935986,82.39621156080077,2.378479525337839,-237.19635399669497,-70.67028736943021
104.86254946052618,-42.58412868823103,-1.2415664049448758,310.1270003369987,138.55019401536842
19.403795612569873,24.421904217927562,3.460938309580953,-312.03339723684564,299.9614500250535
125.49196337670313,-5.564484558093056,-1.2898988048460978,274.8063343449101,-219.49526645901636
119.14512970902904,10.753673036577332,1.4619368248948201,-687.1207825210276,-632.1079467604582
5.915243508440447,-22.89291772704763,2.9276620382543728,189.35920597448433,479.9315942801337
43.4457890242189,31.692774935284824,0.685812652335426,22.933295605466455,1.6319820787599042
47.38676978246625,33.44197090575177,4.732450029096331,-105.80090182637933,-278.65884930719244
61.861471748637854,-134.27160078406476,0.9866200014614095,365.5549056136648,471.31979134262104
55.41764031303254,135.76195849096274,1.8506051719971945,226.77997441959934,137.49597364969588
81.16526762501486,-162.42414625978563,0.5158457676875743,-244.9281296696569,-132.62191045414295
140.89690438602793,98.56764549499432,1.1089167767066774,-22.270659600254305,-273.61689023095965
-11.435671429701031,-97.70354255704832,1.4588341374112628,69.98036369108213,283.3660611129858
18.15908903217427,-34.73964995007649,-1.5803905262693396,-179.1481538655288,464.5224347611411
128.71659376611063,1.2189993476422814,1.9291759014997079,453.69472611405087,-329.29111999109983
15.119096713341179,32.12511224741242,0.24570393272558055,-449.378586001189,357.4592311336386
48.147734306095074,84.36343192539965,2.847725251838986,-74.69274620304446,220.52257225042464
46.93151554236729,-142.32429365807724,-0.8404714221967109,-92.53623123128281,-241.13686984373635
45.17155755340882,88.40619939218882,2.0370661816412188,-103.22249555245513,126.01910873711626
89.19744239813373,-120.93913762725244,0.6038229539493584,-156.62663619904325,-218.43782650719197
22.315693828543814,104.8293612095235,2.0849260412739143,400.1406994406136,106.04001656270003
19.771488636198846,-65.92750202329141,2.0076492350477073,277.23641643279336,802.2692637354842
98.5832571469697,45.0467707968203,0.5330456123377463,-238.49687318273303,-413.38566707824134
19.10048644628796,-119.0670364234151,5.080758380759331,-47.09012645033869,-347.5586760492427
90.84331300701803,-149.29625808671008,-0.020411447218230627,-165.43597524298957,375.00562564122646
35.32332638418272,-54.919485789231146,2.9286000736448536,216.70956040299532,-456.8963428531581
103.73527332343,6.379854693628339,-0.5901182568381635,-254.34600384740304,366.3211617525203
116.1912867239481,-73.913509139756,-1.6293090226053726,426.19038854171254,57.346792662961946
16.98293213643894,87.55798651954395,4.280509729013801,-372.30069343881627,-223.68031835656404
113.76475118963242,-68.98490717972157,1.0062092569310095,259.63964008453326,247.7147656410204
55.412753767923654,-85.99189472715096,0.2707155991270809,240.01188594465478,-181.80977791370316
43.295089429070956,95.54012509999662,2.3411789559390397,149.0680202060999,-289.6706734753537
51.5651751288189,-26.733191964087084,0.8417416310384456,28.856556584612633,620.0210471980868
65.23453183231655,-79.49251788210235,0.672186428355624,-164.41168860239685,-140.1764583944921
81.27835459791584,-46.92074736321981,2.4359892489717794,25.955423583799984,-2.093575431598026
12.191805421260177,-25.65291958465116,0.9074606976436892,-37.676179795874845,145.66806461350077
32.39725054208303,-17.18658634080265,0.4479118726672407,-390.5221945608188,-32.454459009928144
83.34468870328746,-3.2819131993965236,2.2106756056399472,489.6776563569285,154.2865604545513
-39.65683687496171,-57.09781012466931,-1.4497238202159548,-70.09185027222048,483.14643450976433
114.17971801263964,58.04248688419109,4.765762933597966,-268.08740087699,-447.78826511505383
83.5309220796884,-36.76678825403714,-1.499457727161622,-304.3787493590159,-184.47130664348884
7.6837762777662775,-13.374198978398532,4.987772809110491,89.16318669695954,252.80810951789803
44.03429093526796,-89.95205963682194,0.41755409756554984,52.605484918418945,132.36836334530307
92.30040539518552,27.99139317782607,4.883073864510849,-291.19425392690306,-293.19356758208664
21.39143017714685,-58.69799069674582,-1.7507931838995439,-41.42229652626884,244.88151546753468
21.39143017714685,-58.69799069674582,-1.7507931838995439,-41.42229652626884,244.88151546753468
26.37801960551163,25.507624109886784,4.192697574160803,-125.91562832041285,82.89370203423135
99.04334293166603,-69.14705317287464,-1.611567194655882,169.23309817183966,-4.94012020905474
46.38309109816274,62.69776655327215,1.6072751836748038,-80.06780650460459,-33.44218004492029
68.90555644167549,-75.37430174214269,0.7908395085850102,347.93358909447915,-347.93387568572484
68.90555644167549,-75.37430174214269,0.7908395085850102,347.93358909447915,-347.93387568572484
73.64120936002675,-41.562920861789166,0.2987948185751259,-395.1567340909136,239.5368040247942
78.04857606466138,46.924744642274376,-2.570923437277742,292.57640924976863,399.8440618581277
68.00085674902651,132.55594601205087,0.5189822432710809,-4.602643000605383,281.9811050562388
14.22475332239587,-97.9889827582689,4.151969928306951,5.083063193894063,28.1351354104458
105.22518474271955,125.58255596361596,0.6601759765281621,280.46515562534023,324.8188697990759
34.43904464499665,-37.99031042648494,1.1079271687500931,33.8220961574616,-295.03884417998563
85.94082673307562,51.573886292010776,1.1605360691979572,77.25381925299178,165.44632851684622
20.66411121304084,-157.6675526879806,2.8185418844562595,551.0899459938653,321.34661692754673
30.412481473906922,100.32879711024893,2.1527657053234366,117.0164148159725,234.65779275176064
110.2243166607308,-104.95518056625593,0.34813387227403503,-161.61824571684528,-402.83806978430266
15.807523882017037,84.84173515303617,0.5294827070913135,-34.3871980878075,177.69466765006433
44.53046477358973,66.3468829335346,4.036905339543764,-99.4962914006234,201.35157283824194
68.48385816208481,-114.17463584586963,-1.5479805750396696,253.40472470968555,-61.18577638266643
-0.3732182931709378,77.7010406843961,2.418707723517194,-131.7993218586897,326.0270976271636
133.60704258921155,-76.51939386941777,0.027385719871817482,122.57194259745523,-102.76257084413317
7.535610020326175,40.93380528782796,2.521588815458186,-181.82175304081466,103.64273634250145
62.31734907519811,-91.40601701565285,2.2488672046286413,-353.86730744386387,-148.42079960495963
119.09383451268312,97.30479628579704,2.0379923913800813,136.07236257442915,-257.43373469936404
11.441865781484083,-71.57172017376018,0.3741742144272415,-64.07433841070134,64.421592469688
127.76479891270282,-14.374158901668523,0.8713022340278765,78.91422891064707,-188.2509532281182
34.43571172757128,-64.46304448622114,2.3410976361961393,-885.7898589340889,-477.3765742421013
36.04061115831813,27.45721759972725,-0.10813889288535683,24.936126981160214,56.47586529268534
93.10771875800619,-14.035009091399068,2.3821032337990413,114.68906667971898,-482.556108680379
75.36225988270424,99.28742230490123,-0.29826871576787206,-249.33521583237336,409.3776072185749
46.00653838242769,71.05711602546413,-0.034137249046169105,-235.30137379788306,159.19451045896352
14.099851519494639,65.67161993260265,1.6987677330788125,495.84502720962564,303.11821441308985
89.38823371880889,-31.615252876810118,-0.39721310202456944,-191.66095807801568,53.48662334912339
28.708595072714193,73.30974841900755,2.802389883869805,314.01173482187886,100.03533112703433
111.3914141540922,-110.66478582712953,0.14989873213803362,21.063276926976215,215.41953600249053
44.761153048126246,-111.50325237955418,1.7042705373317426,-99.72984597883625,327.54680204636554
44.761153048126246,-111.50325237955418,1.7042705373317426,-99.72984597883625,327.54680204636554
121.05733792753745,81.50655069584755,-1.1828316739744211,46.305467034865785,-507.7895928422755
63.260600812855,18.556751912469046,0.0035163979954158098,-44.459663525267445,-170.41827998877056
45.029109145713825,-11.137792720177666,2.5414520104659974,297.5462493034645,-57.80308934459504
99.37090057126677,-43.11470834258262,-0.028110061283235677,-269.28677278378404,76.20418375624504
106.80362171612614,18.348316570332294,0.2790190472567068,-374.41862445609195,-188.3973429620116
65.22123898902771,-17.809982895524485,3.540700684041748,678.4885399182492,166.04830292536246
24.921656966771767,-62.489702633657615,0.6452920696203095,-496.86010804952673,27.416809296737853
127.69320022234261,19.49569538687235,1.6083135567968179,208.75528443261925,646.3881610743747
7.8689192231842355,-23.98287673654017,0.8695260862525277,-258.58636841233573,-234.907662242347
7.8689192231842355,-23.98287673654017,0.8695260862525277,-258.58636841233573,-234.907662242347
111.19822201125717,-50.09365373755416,0.8977278846003294,85.6656902263444,-105.28171979991976
79.25424385231167,87.47248272546784,-1.6221401416735295,-173.29027352715025,-33.94563070543552
81.91777881944576,76.73384170982351,-1.386809591811339,-171.70443822382487,-225.62929395970576
64.83553266511346,47.265353311360585,2.087595411992539,365.7507392079215,-25.853586908252026
25.871702759035095,-52.22287989055914,0.5767235157376783,-118.73856527599219,189.14299099089413
69.35886861632247,-68.15272739136378,0.7244387977411472,-684.4028595721978,-234.41138814589937
108.87315537933571,-19.986742523949154,1.5681889910897704,256.8345407983095,722.3679318076702
21.118365521377434,0.1193228906578927,0.9192966050530632,-303.7477342488828,-220.4001879910894
139.0438818824365,5.884085811461816,0.5267577915937567,226.79103914542355,-10.700751895301721
159.63796287694547,-23.556879596733832,3.598917073443311,-197.9150752562809,49.474512034644206
4.772795324794018,-29.334402158423288,-1.6594878335007501,339.719985444346,-133.54142941602933
45.406386496498136,-74.23922816039067,0.9824676244228034,318.6186479336891,-299.71956359063165
76.3298748383734,98.40977513776917,2.220853003366546,13.470789170874738,873.1255086835106
72.54913431809689,-158.86944547957046,0.06360687854114011,-303.62376223026087,-36.11794617947555
71.72206620352519,106.4387862422703,1.416399180469778,215.32168030404287,-41.41656532865622
20.801133654826145,-32.59985996825091,-1.448828663878957,-368.93669807564686,169.63826709811337
133.60233267073815,-0.08808197753799618,3.839408687410146,107.12394574261586,136.73301134153633
-23.11791713754284,-22.400765600672308,1.5714512268174698,135.0307581062127,20.51559476703106
-23.11791713754284,-22.400765600672308,1.5714512268174698,135.0307581062127,20.51559476703106
100.58238162812552,50.00773902293715,2.5184889132068293,-188.30030598817865,178.28371876001188
44.56304778904987,-92.59870283519102,-0.14878482685635486,36.20055143272748,330.80879834553707
86.25176243909925,64.85611370000699,2.513213589813507,-76.36009786603466,-253.43541592788674
64.03181728431568,-124.58931686723874,-0.08569530741261283,1.8305182996696203,-254.23149615433857
60.89539041093156,95.76009132487172,2.5289934118599575,61.214509570714085,492.48280853659764
59.21106089669223,-121.91352274722415,-0.011867191532405029,20.62921060739211,0.184026138696197
52.39028715668387,-26.17173992664827,0.2384625543272577,-800.2276766050205,-63.90738168551306
127.18314494801703,40.42388836951692,0.9596962378646477,159.66981334450975,-508.2509191887696
-31.30648289075137,-51.77220059599931,1.7458298183804408,302.92386236348193,-72.25185962527212
163.9890153184197,-9.411545606212073,0.9558436049726917,-245.6518848652927,-137.47902769129843
25.57657516225302,-52.46188290865277,-0.35087625552559554,107.696365348511,26.161601862709887
71.59421781712976,-14.433185606171882,1.6115514387717818,-15.654023831516838,-59.55865906613836
56.677186631414415,22.688132534008677,0.9011498434227632,125.54881516124041,-322.78317084876954
83.27305284494146,-42.297897241647384,0.3124291094254332,580.1009043644339,696.5359927241391
39.66976452965271,80.80157023891132,3.472689452012693,-110.07049790033818,379.4829307992648
90.46136577327624,-106.3660806337617,-1.0574698039925368,49.31194875972297,-23.97476576867824
47.98062648806892,-61.9487295815606,3.441618824805817,-212.4481718262273,-351.9386849465289
126.80891350578928,25.95508936150806,3.2657754185196013,-10.52821285001528,-355.6137182149365
159.76874571050337,-44.207410836850016,3.7209252339908216,-248.8175022026539,-163.71009625305928
101.710703924268,168.6150113792536,-1.8597538746506874,211.58175197621546,-85.44533853558552
63.62687290536549,-107.03925905201032,4.163309397817336,375.5567183620711,564.787285862852
137.93472290500637,-52.5194911278015,3.6388130572502595,157.52193656916182,49.30426899008364
-10.775789241680943,89.50830743893319,-1.1336347748149698,-131.3081882168638,88.1860788703843
123.28571872060931,-146.37442693259192,3.6196260161465057,340.4832180526514,-359.27602919500464
22.134970531646985,133.6021073438865,-1.035455729181065,-431.90902227044876,522.1090750489171
9.975379695960445,-108.50518933465294,4.3548265731816755,468.99478703690016,192.23712960270336
16.70727463730041,-95.94266857951571,2.914400710835797,-86.32440768357998,-275.16218349159334
79.10738277460668,-34.42252928778955,-0.05373645089678458,32.19366992710151,-85.93557666147018
68.27948396135766,-9.847119737377902,2.4095665516210945,-182.61144024172305,256.5087045418128
62.45999462529145,109.56535603101645,2.958075596899593,163.44003200300736,331.0576349118832
61.79050788329051,71.20525717392456,-0.6262756494893782,-80.8799159732135,78.2321626056247
112.9835885661261,91.6651611468105,-3.0667794150771863,86.73668862259801,11.223471467104616
22.03847805823841,-45.75746497631452,0.3747590507901215,-171.33897827392417,-22.77357993365564
99.6820606086763,15.994577632321942,2.339154232720581,259.2917348304869,60.53413635699725
81.29720616379358,-0.012746632089925214,2.6213208989256622,209.11466868580854,247.37568034971935
39.180992528087565,33.001672496372095,0.6450040964019845,-151.861169726472,426.9194536275068
39.180992528087565,33.001672496372095,0.6450040964019845,-151.861169726472,426.9194536275068
26.45614335935018,87.05581985817882,0.7625935795328104,388.8092696744437,353.8748279060475
100.52485577180823,-104.70190479287864,1.7838534193781466,-196.30365820488177,-610.1992951858178
57.53272255483085,0.7644066430067653,0.3173969238673432,160.25911338892536,307.4946162716828
87.3600778263316,-47.158981334287866,0.983651453007092,306.988545246193,100.13054704647479
87.3600778263316,-47.158981334287866,0.983651453007092,306.988545246193,100.13054704647479
114.47660431340643,-144.60403023860658,1.811472443024676,-92.03658751406698,-342.85124144877204
-46.31572366159175,143.33435435270457,0.3618995325326676,7.999170475745785,614.6648746489002
110.42797309320565,-40.426001927116005,0.5848238204560916,-303.6368147022748,-470.4920447914359
4.541198399724848,52.350794476653384,1.9665557714010249,521.2663616526166,416.3232047140302
118.49192822015921,-9.647575594364255,2.2007311157653433,-221.09448863088352,-190.78404123060858
8.796654924161068,-30.4578810811973,0.369566476621767,305.5120311304834,200.8892232257872
101.77239127921027,-8.50836268692121,2.855052878146278,332.74504352766087,63.10495327053553
31.680034967686453,-53.509201177258674,-0.32846207297785013,-255.26726868650184,-267.31176478012793
89.37371381390892,11.509922539895754,2.7026067578396016,332.1340906244326,266.8579190373006
78.25772566597475,-12.002266395306531,1.2497658264012517,204.86170797801495,396.8643298650609
81.83851786357323,11.109537549697357,2.169043269471303,-84.019965338456,-407.2063038866624
37.05823853950378,13.348957785641346,0.38617707372267795,291.79736684465183,154.22721465353263
73.64133175560457,67.67136247162578,3.252795861932063,-435.85406097470144,39.49544490140835
101.79517850459953,21.0327653324065,0.9204916723850838,108.20430737832407,-312.3980263254051
9.931312819613295,-5.218905654318846,1.5401599079986088,90.09473337890529,183.56315248399366
84.34143753599598,-84.30033227666065,1.0912625495392856,-257.1989019512699,-230.4582283072257
21.08482827164778,56.67179907077783,4.721554670426818,549.4555420904362,494.3835905288553
61.29485173566243,-109.4270291888231,0.2207216812890982,244.82786759829605,97.06093490769226
79.64883104795427,25.091945752329124,3.564312097313734,452.16485018420155,275.7560923739124
44.68192556909382,-30.258824187477835,-0.703605456611279,-353.3456951551573,-119.23895297751542
70.6618639058335,39.420379413281914,0.795812174205119,-63.64272242161326,100.35258305542393
33.230527073031624,6.081741332795779,-1.1825263854650554,-240.04855038484806,-18.521874042422866
98.81605105388765,37.53900853499101,3.4603656473846427,201.54884854193915,86.34430528155815
57.75442382160895,81.84512772579991,-0.5874291863380736,297.38805055889975,-186.50178626702774
88.94454440602871,69.95493421960876,3.273210214581331,-424.5351426828614,-279.02378638006434
64.17403925870255,52.5909638072545,2.4669005859258952,45.54167148317913,74.81857726010242
112.28030679149929,-24.979814411476738,2.3237956545694844,292.39167230066573,-39.2068051226839
57.999239901233096,11.502104758925395,-0.9172159468460281,-279.2286409261873,-135.3587157333511
128.93136783598248,65.09662262647173,1.6639931017666159,-31.762321876163895,-223.01757773736733
81.64720984601922,-106.07600383644007,2.5502463623623766,-454.0804328019334,-191.49188786340324
74.7958615100127,27.085513305092036,1.1637742799767299,-278.37075103471443,-634.1394858555382
62.31656530278812,-31.34149979018096,3.972779901234562,122.47178769630244,615.3555100646455
64.64385432017326,50.42247581591067,-1.4023538650292944,-112.4995253076454,-259.4059916840717
47.17354183566019,-6.324743325843727,5.748291807449467,139.7050829080831,386.79183035339724
60.062112720727825,43.22222945402396,-2.9961028866663386,82.75044552247225,-475.68756879960745
62.77856097794932,-59.874443485943445,2.382170716950869,-156.7951264041927,605.8506641237973
90.5106071903793,-49.08515003494011,1.7894706109546874,70.374179539344,209.8963202199784
53.32487991571805,-115.86070117262621,0.800928173344948,-149.25386575547407,-380.7649701534407
36.78725617416025,103.68262450837625,1.7433626241611007,490.25927327437364,594.2823124171421
92.905482042752,-110.43678572266734,0.5544521670571918,-517.0842816311028,-319.528803577236
34.85392330168299,86.41843220990427,1.5163668958089405,593.1954159174297,303.2770039341822
90.38269518194217,-160.82734461336847,0.8592173848847986,-498.4764664702368,-295.9787140261559
73.91897643492365,14.388052425638477,0.8481581653123982,332.9437148156262,1.7455714005519276
30.961671630815676,110.84353230740855,3.4913892335173564,-520.5279273230514,113.04960539214161
64.0062712555823,-187.08841309236595,0.4133534174330342,352.3314885350263,-67.75356424715241
74.72073440033475,173.6638107345634,2.0286730173365437,-435.57731196708863,141.54779092161473
40.26612101684559,-22.734395281640474,-2.0582795519604122,257.80588934845724,-8.93248582479076
65.7646094907742,42.50118046823242,1.0851119459705894,-73.4881780656957,166.55154525502775
-4.931591052155325,-3.890978872736511,0.618561867312968,-110.75801340419639,123.21360180804186
73.54304813597798,-16.99356773506454,0.5833341086086208,-267.0152219925052,-84.12477149344443
62.04546216406216,13.929974814527505,2.0130475058123607,214.87685015420186,41.20038717879132
51.37349769619144,-3.4795572117962763,0.6633704674208925,-19.73462244585602,24.457338269674153
69.86281432901096,66.20883439349689,3.5351795995014905,495.7335631943698,457.7094205313819
39.160117430899525,-60.75192748348577,1.741658773406467,-27.600532674502574,268.98370483966147
82.7556059063573,-29.716082298129074,-1.3149140468110656,-106.31585594720615,-219.50574982873047
68.68195129260744,58.96442697112304,-0.18509153508756437,-124.32885064098485,103.93772251613231
58.78230686313334,-61.27644244226249,2.769255639842827,175.23628558590298,-147.42810096410665
91.21849978257583,-28.30858234175856,2.8364918040253917,-158.97514464536118,-233.75197448942978
51.82111807697245,13.245493905065654,2.678761349657016,229.51647950175092,136.63091482445623
96.10555604966635,-76.1622523923164,1.2488885786478556,-184.88201878400886,-212.20049398148893
72.44849037230874,-27.549342655173668,0.7316405116591413,45.87097752958161,75.87080701594073
87.6566267522934,43.62052859097526,0.253916583248018,261.3906180458967,102.66015936206531
87.6566267522934,43.62052859097526,0.253916583248018,261.3906180458967,102.66015936206531
77.23734073687442,-42.44020600140101,1.49058637843109,-412.6079398417742,-94.19849839564341
39.335601686927056,-34.17279854340965,1.6825736145616905,248.07665499162346,-81.60449101680135
88.53776504434978,70.92236194610652,0.8545741134216394,-119.77012799803236,-36.88888805659843
67.02121022137246,15.902622656915199,0.5652135201992106,408.94678090277296,382.3420861496121
63.039129758551624,-8.909088873199423,1.7718073200535778,-423.8885217468978,-183.77664201651817
48.43300448407478,-6.1531017250463265,0.8427040543243248,658.4809655278585,61.923623487095085
-19.02698480145149,-73.4459242809573,-0.5038603714870238,-593.7482207017531,64.91282547187569
1.5698386273963116,-14.352305423553979,-2.092208827377368,-526.6508311699888,-66.05854923409063
122.6261574066646,51.74210278023975,2.3752504360687783,373.55332701656994,-68.90481061983962
103.42027430056362,19.46320280092612,3.83153937447353,390.04121834415935,304.94844867527166
109.51690115770609,-28.72059070604459,3.4269456206651583,489.38856983549454,338.67834124901543
10.481528690993215,95.44765307182871,0.6678867440232574,-231.60157072071854,-152.3823275007386
123.06781302885435,-51.97826465840062,0.24673412856750043,-51.602433485863116,-13.61378920682327
33.99621922579705,-48.52347540911502,4.004013557075892,170.1942815651517,1.9243357102031382
93.68338114901141,-141.71483193449012,-0.2515601112829593,213.47353431933354,96.39210157158635
44.35116341613896,81.45587989235423,2.6959550668142453,-302.3063832118424,172.50493986736325
46.01466168976256,66.66264608985018,2.4532285800622553,-299.34376267573515,82.84144127468598
46.01466168976256,66.66264608985018,2.4532285800622553,-299.34376267573515,82.84144127468598
59.92920220794001,-26.143051990346038,2.25906789520705,-155.34745696657532,-374.56014107614203
71.98963013066017,24.357075292047547,1.0446110929712489,370.3591225213506,385.01810532177785
61.896303499746125,-62.101314385376156,1.1215922481849065,-413.8555417225973,-229.64732994640974
62.57461667879313,-6.050427081386594,0.10782185554830326,-326.8206224826056,-290.63252581757115
62.57461667879313,-6.050427081386594,0.10782185554830326,-326.8206224826056,-290.63252581757115
45.13889647673223,-7.762457863120061,0.8326408213872853,-233.24171313514944,93.76758847672738
17.2086047965671,1.1820936789548533,0.35213846244727104,834.1496594649211,583.0407450798408
107.36193052502375,12.830182381487825,-1.0586288670689736,452.9054395798049,449.4085955082222
30.960499446905988,-62.25717445821943,3.5700933824647976,-510.78409253305705,-71.75121995878686
84.08845497888005,4.802730539347422,1.8648861861790063,410.20021786303346,262.6007758273554
48.625623716799296,-46.533812112570004,0.8435770678386714,-455.7729517712677,150.28706541658332
90.6285809868215,156.84482783036873,-3.1587991812391385,-101.50251803923294,94.17955961847622
103.61342095938942,-140.81705932362198,4.815882173483113,89.07525545966087,-326.82817479504706
20.32418493742727,39.68680573568108,0.24915827385770317,-324.8279288458961,247.5877008973778
69.31569422292904,75.51647287070291,0.08984311310244944,-502.2304157221531,265.411334389139
85.58676112366508,-122.30480276129207,2.26892925306877,278.7245715860324,327.46669742757155
62.10491434700859,84.46153467900874,0.3869042432564407,-384.4831155789872,-143.06678085262044
59.83078060074505,43.22603089690898,3.12414485037235,156.15794515589567,361.09240882202107
40.211505318652684,-43.83143080894767,3.8390484058582617,92.77063956824634,10.555346592829551
91.76762695900098,116.08459530715184,-1.465618811751757,209.3996653830354,308.58645898555386
50.453076559844995,-133.99316222656785,-0.05231364194763599,181.87953341849754,-162.98583562003813
47.7467737242966,-99.5547444682522,0.133081906404929,333.39425617558516,-129.4210885661274
88.67184031125811,62.73647742147569,2.02566025518964,-427.66556697718414,178.51340234504636
42.974198087870846,-84.76172319176338,1.8013977596702841,267.6421089113254,-116.5456053491252
43.995827391658864,21.006608261703832,-1.8612638632401215,42.416269765165964,471.134057579383
43.995827391658864,21.006608261703832,-1.8612638632401215,42.416269765165964,471.134057579383
52.67458715650254,-10.321964205512622,4.608613307702365,409.32141203806873,-195.39445370372133
142.15487751144911,-12.100322900973264,0.5476478327775531,-696.9136645299012,-224.85944925554224
28.488839451563564,109.84034025902291,1.0047049503015077,615.028054235069,307.58867458690963
83.86742613577417,-46.292527242591206,3.3436706782181553,100.53982140711821,341.9743813406979
43.4566555746878,9.850553637873602,-0.9588713202011208,-97.32723125050114,74.84799895166068
107.79266233649872,-111.04965630878777,-1.1089802462912277,23.332256073076394,180.74199674669453
66.69043061023291,165.83216061710672,1.9574789458277575,375.06138754451797,282.85594131964876
66.69043061023291,165.83216061710672,1.9574789458277575,375.06138754451797,282.85594131964876
100.00420938829485,-227.685830358977,1.640226826434804,113.68803998276888,-68.37532926531901
15.361995056669805,112.8773953694008,-0.7282097375781837,-84.17118261559638,75.88554629825654
109.50363687136279,-64.05970729764405,3.4490667891842386,264.2939074399276,120.61142306342077
42.870611864032035,34.15813769792335,-0.46031100376218514,197.9820020957977,275.2480251611983
11.992107158689404,13.755789402101279,0.7251295181579662,-262.6134122933185,15.856483228927829
-6.905399543234779,32.203422202481846,0.08916445309607712,-298.89016418855056,36.80251890075952
59.88828650414981,112.25638172511441,2.5878654929267455,512.7686957685842,684.0701233937043
88.28293433944937,-121.96870325889547,-0.08458926870397954,-686.8500502052782,-493.83770821402635
62.92705761467408,100.39063351596687,-0.41166061430081924,520.1494369197424,369.20349627110176
49.46212851602227,-104.70553578966872,2.759387420264236,-368.48014905387976,-326.48242891569265
108.20487837115846,16.00419594094373,-0.2540935975341394,226.66059704967233,-56.00781004822829
27.45144778745147,41.763340470584716,2.05156707002958,19.589813435780904,466.08514542945267
32.86531909024707,-71.01952033976751,-0.7509660727927457,25.9457435951483,-105.93368139657872
103.12288663740432,96.63233856933043,3.0990557662595237,8.420272585036555,-91.65965186860709
29.030867474495587,-100.96598802958249,3.119701678231588,-412.9353200138971,-158.06096699436225
14.146377821001053,117.85821833287237,0.5280891512628847,754.909176001301,746.9679230604536
68.90213374943212,-84.58078580892825,-0.40164439903251525,-56.85673408491368,-207.4155292382486
65.82925732636144,87.46347966098436,2.86942880840631,-101.62583257465127,542.9575733969084
0.6713405432002837,21.122276719507738,-0.25062766496260713,-68.97450361809473,-262.732570531805
0.6713405432002837,21.122276719507738,-0.25062766496260713,-68.97450361809473,-262.732570531805
109.40075181368546,-58.4479344818533,0.5393538093207972,153.65279825519838,429.12938679778796
66.56753661326121,-14.24916660486388,1.9237004079991364,-583.5466914233984,-79.90360629745362
58.2391594819332,-36.48806321772454,-0.41258546259832163,452.483592607655,44.834497362353915
59.09695733135888,57.455709936642386,3.2348360466985913,-331.7208632783054,-26.075641920933492
62.41830512383494,89.17766122340007,3.3814706518050914,41.8967373332344,176.60190783449522
44.73864313187374,-57.97717033266569,-1.7524557999630908,-354.70463432461213,-112.96649940649132
68.76616772994029,-23.54833517337832,4.931580528613232,-137.98621936988621,-224.09224823663126
67.95284148953111,153.3037370758828,1.4006899609419152,293.6263056335146,417.7567903316757
73.97778869264056,70.79561868467519,1.6602396279098306,323.79550910656286,348.48056156719883
52.57315958619503,-0.6999037811027833,-0.17587078076100468,177.5246699484427,358.5548439790206
93.81677314015658,-78.98739660700193,2.91650241234656,-278.4788090011577,-224.792887245732
20.119361234308144,-3.3400513710833977,-0.3364523242650601,-140.23130220650003,-235.79952252340752
108.41673489441617,-109.18474900169338,0.46208830117527877,37.00494997142647,23.373047932405882
26.223916459439074,-54.3502338657172,0.5655080522518124,43.661667285005876,-128.02316942324916
92.65446216985666,76.63591558830723,2.114029710155995,137.8742613519612,-29.876767946944994
76.21253599312077,-20.60217415779404,-2.3267821909503486,55.93517925746241,139.97757266907692
77.64751946216963,142.85360104190084,1.9888758629369048,-385.7529089543625,-311.3196925555078
88.34683444526861,-110.11846298332227,3.777239163619696,163.98776709378882,120.79172319210639
86.83442488437697,-46.44146472405637,2.0986477273311834,930.9352376711483,-65.75018179755435
114.80927119373558,16.977516029860897,1.1768621607466812,-523.5812182051855,-20.41671881150569
44.71046098936587,-1.526078693047193,1.2780780932674265,-281.37649603732916,-157.74409258045188
85.80704913569618,-10.955163732085396,0.8409791931566014,-199.95208034398865,-144.9230641904203
54.92471773529208,-62.14525066180582,1.7524866322550197,114.14281840986169,447.4399704911964
61.36284428593799,22.319206355536295,0.7326321559750937,-33.040363800720854,-301.0553823897464
64.64575737715546,-66.8849852826919,1.8370363021030744,134.7753671180608,125.16397148718963
23.41084355444533,14.39091426125539,3.2578239543980696,28.58262539719415,124.19117993814615
74.0308808068069,11.152563697528933,0.7275770155862564,-155.67877450233448,-92.84927280987492
42.12330058694455,-10.623824927829194,0.8063081017863986,29.55267289127164,209.82775912650783
39.612156586844094,-43.00400789124773,4.174141045021071,226.10521265399376,199.89849997490683
77.95845643556899,-115.19751734664305,2.2959738083777843,386.23860438878114,-248.76883156871514
51.52304539796752,114.93930466275022,0.007806687510852672,-397.0590488377254,359.07476391444925
46.93016856248883,-166.06483086322694,2.288693365602699,734.5635704876679,-151.38849667426416
89.01854919726335,123.83501957443727,0.2929790170998672,-81.41473734632496,439.99231030817464
42.8070349716511,-127.15625394340282,-0.6406319486011962,-69.56348450839498,-532.5922759367836
108.03866995358874,57.40062557560113,2.8841323551057503,-59.86193597120166,439.9429887346556
73.13113062175591,35.70893884208869,1.6765337675469651,-177.98517877649246,277.6143333318722
86.82654279441296,83.80054700175964,1.8926782680057046,-382.1881456366008,560.1936732504826
88.35398717118528,2.663569128821649,1.7936819103260384,-358.90898904636174,242.5130610382708
82.99414677321373,-24.51128048775225,1.8570205825560804,-192.20133172448712,-169.93387355155994
66.30769394211592,-6.624250834676403,2.7665570580782965,325.9148035787773,-366.1259683499062
67.40681141644521,27.42676022940546,-0.4070066417839655,-288.5916605655909,308.78496695393176
34.93102790047796,-161.06803525385286,3.558974006785368,189.77310318047307,-301.62124028468344
19.829556889080962,6.243193338415068,-1.3166798772236867,283.58752233756724,613.5163181859629
104.59374091788646,24.939388630019458,5.643339435931246,98.49902484331392,-249.68583383133614
60.67058840685451,-105.83204339405388,-0.18854162383127182,265.0818561764267,389.8547182250192
72.48686632986103,62.92738426101871,1.6493372048554114,65.72269231242407,-193.6710429185128
84.94549576633307,-131.98680739007202,2.7475529147886424,200.43365108887647,196.71197317925075
46.06982365965564,25.87107174672778,-0.1860430892342766,-240.91170000446087,48.58605251245302
84.99008121751828,-52.371154582048334,2.6318027767216936,314.2296013349206,-215.34128837922148
82.9637902329484,40.912736798074945,-2.590356976593829,-334.4315418434177,-61.67646922969891
68.99441850718581,47.51894575614768,-2.239036073402856,-42.57391238382934,254.4448906894811
23.358844274574714,-141.48236013538195,1.1495631925731105,-544.8501583212745,-637.2424932724462
32.21621697122183,-75.9759469260279,0.8531603391527331,-493.86690204671766,-189.18300992446024
112.10412062762434,10.285161959939074,1.2572393278222989,360.77340913576927,474.3896464706839
40.40405798464494,-36.3510838758058,1.2712593456855528,-582.2392873849062,-99.78075415101188
52.33801895198952,20.233481480525178,-1.7472594434184097,-312.1000614442772,210.34895932083725
49.75230497272604,-112.250128826038,-1.2998875433624297,257.8266008424941,-268.0638895600207
103.01161167150704,97.5202987004122,4.828382427897019,-69.07099185375714,433.63320666166976
51.559590645127116,-80.26942887252328,4.587356761082125,18.77193054633389,-151.34061128997155
47.15877653062424,46.7567176544308,2.9344913334012785,385.2453759915991,-326.2670645602461
82.17615898645303,138.1243981603555,0.47981195342964256,328.61213934554877,363.72475010439916
32.51926116906057,-100.71190133428105,2.657023900047079,-610.9494098178283,-331.5025069841969
15.869516781027219,-42.3156460673251,3.1667987949515037,-398.9278974692225,-478.3119049634819
19.420431746408994,-54.69636370749748,-1.8613732964531335,-564.9994500718855,-266.52012605820477
79.17591695739209,91.9298839751398,5.630312159756484,-193.90452018689473,69.79819342755701
106.09491863680688,91.8365883694847,3.8960537416052423,-255.56719403838918,155.56243302535717
38.140685602265094,61.50176353728236,0.2258206366835851,-0.6287091930691417,-179.2954577440309
100.82728370247933,-48.120514000968605,0.9461436768427719,-178.49270751385,-76.41047604675015
44.9156437110901,39.00911681938325,1.7437657977349992,78.36136525850159,157.78868291854513
84.49793071746636,-31.28507897015485,0.8941823373879911,-29.72345571410841,-362.15374911413625
49.03258370039394,-79.77159578921749,2.1703074170139356,-0.43535351408371525,153.69939907988856
86.35991849109718,17.749460660815245,0.5292236141666982,-91.18022632840625,-287.1062370237864
89.31759687182173,119.79226195146211,-0.8275974428051445,819.1211772402992,160.60877740310764
28.981605579360732,142.97492633119418,-1.8035830313960548,582.7046724462568,4.316937469283687
16.160423105024222,22.50885847292551,0.6018177695093292,-47.840669102534434,-199.2086267014931
103.39970586735564,13.68463539393214,1.8415625654074885,208.26343354599695,118.64837610455393
103.39970586735564,13.68463539393214,1.8415625654074885,208.26343354599695,118.64837610455393
103.39970586735564,13.68463539393214,1.8415625654074885,208.26343354599695,118.64837610455393
46.28102472523595,-51.80955108755166,0.5038467558734501,-307.5147609372931,-122.89682647904903
92.41017186150862,67.45487053750995,2.440749225078175,30.391155788427852,-9.791701805505305
42.0687617681956,-93.46931092421362,0.08433448406668642,-347.9933228056692,-253.99437561034944
85.7744488369337,-22.334842604557196,0.5182169301185914,23.08676787840085,-92.77254382908987
73.99332059348448,-20.242645971677693,3.31445869317401,269.14818237515016,82.6662106080845
58.28802423446953,-79.17109299631036,1.806712355900463,454.03863531087916,381.9338650450804
85.39358314719888,26.956348528336846,1.4949370545108742,186.27866953845398,-76.36571340034891
112.64451920525684,-62.30202448940028,-2.32037836016403,-25.358913042202033,-345.0460662424339
14.330628357876492,62.226763741677175,4.607178822379326,-708.1262031119902,-101.77681453000349
91.37889303683947,-52.06336375558591,0.3721438363991383,693.8570745150948,89.3510261923077
69.97899058339632,62.191244613758656,3.7267105931225117,-147.7956968575993,243.26339501013814
73.7652437995689,-86.25803033268325,-1.6626508546721102,100.37122097751705,-85.39812129962694
53.81894789560487,121.01352217391853,3.998312486978672,-26.045819373929056,-27.653295783602257
42.558791377972064,-46.776130558577975,1.2316281944672944,-108.40173796128295,182.68963807926775
73.34705198621711,-24.64197417603168,1.3081995180693577,233.23389557990038,54.5229766618676
74.79860369960625,-35.89781179737293,-0.7975636826859356,-35.57072161318035,166.90199682905444
45.28368089597086,45.56981115547204,3.312871508322673,187.7547344308077,-311.9145326595154
70.34668078135518,9.60866917270485,0.8419177130101549,-294.10969826836447,469.0521415731488
76.22471784143683,-66.99871654465457,1.3643742847411637,72.17250620294163,40.50494227601621
48.70377496983723,43.587026502528516,0.9857664813713116,48.10335551557952,-146.0424121997679
58.6063311607398,-32.507430184761255,1.4192147845847847,223.7480889742111,-29.528160543597494
84.75319414171098,116.88761596238153,-1.3753122950937449,-177.1204470761288,42.48123478426291
73.9562981932034,-15.663248439642402,1.90293708253193,-165.72980335834023,324.570664888147
73.9562981932034,-15.663248439642402,1.90293708253193,-165.72980335834023,324.570664888147
86.16249308551653,52.8685351279648,1.736070802560897,245.23597673239252,-310.9360512018688
35.655053686850884,48.75502763744731,3.362161157321295,541.78427562493,327.04093134519957
89.43233146775675,-42.1638324707542,-0.7290209888835784,-338.1331126021356,-747.9851183165285
32.19891069243574,30.043659866273263,3.213844673618028,467.7477439456108,417.1745850870579
77.48112054641749,-75.7407765349445,2.49339503112755,-246.23561121721633,-432.5875334808542
77.48112054641749,-75.7407765349445,2.49339503112755,-246.23561121721633,-432.5875334808542
71.42428748657078,83.27093799080647,0.40911147361120404,203.66873054852974,441.30543152746185
109.12061259229588,-104.82076875231463,0.8976695267506253,9.552049368197714,-443.02165837057754
116.70477768714248,-108.06074577472548,-1.8553876480693088,-330.67520695815233,-487.65787952965763
116.70477768714248,-108.06074577472548,-1.8553876480693088,-330.67520695815233,-487.65787952965763
41.89313381365154,137.92681965924214,-0.04108756037369021,-225.10351883278457,149.86901726390528
35.526200111536696,-65.04722821001558,2.898435458195041,-102.98173036248238,-17.478216746864263
40.46321627363893,-113.76903688916894,4.269756058925676,-36.88720265164066,-85.4230287196278
57.823201555120264,64.92883508675429,1.0041537233801638,27.99581965406575,86.05657599459323
58.836492854476774,-61.08109187248796,3.6876177884312975,81.64496222534751,284.2612229511005
58.836492854476774,-61.08109187248796,3.6876177884312975,81.64496222534751,284.2612229511005
76.18564220400418,196.53329550001362,1.4842135062804371,-528.9175081811946,-488.75376998661784
42.975338665671565,-134.87717110615284,1.267224724907312,711.0860750587257,8.450877977785126
60.493954490681716,-137.8919591184876,-0.3285039864698449,245.42580037525988,7.759404253308091
17.7942589123729,97.46455024739183,0.07155476732063071,-204.94244190844807,263.7243756696452
56.64070763068627,-37.56413421112829,0.32273618264919923,361.0760310305103,95.15544627656679
81.14383639679018,21.995316036520826,1.9156414736617005,-293.7549339560503,-393.2754363362486
40.44163276560908,-17.61643371998605,0.5216241950822297,367.1668075664669,351.29705524281235
85.6361437302817,40.241707213242755,1.0763192654394065,231.66690434792798,-15.774574667640815
36.653980996342746,103.30424117256177,2.4763315815308635,-469.3219270356513,-161.92285331290296
58.901568644600566,-40.65207240053343,1.699570356031965,-176.37807498481607,167.1436679391793
66.03302896948053,15.894256408968857,0.34441858091268873,174.3977432595076,-64.99964545839711
98.86509150073724,73.83169292389664,0.6384754566781563,52.41734270124229,-247.7036211096023
100.9186426641869,124.02078281302732,0.2669572247778782,-192.1041767817329,-196.86880499922128
99.82184665286277,-83.60113725439933,1.3710220117263265,325.5380915796739,0.44661672234468597
26.13067469579351,-23.944581234657974,3.219189171065936,-59.117662295039395,166.98373011279153
119.72782700315331,65.46542590428218,-0.6053619791197735,-5.084958491132527,-238.3849183463459
41.027258901566704,33.46304221619255,2.693434896796538,172.99544984542314,398.35763835609276
80.49807414511602,-117.52014769615488,-0.2681922073721137,-49.083318130788086,-530.5422585134852
58.551142436403495,-39.7701584648552,2.2367551625282704,-218.72034305067876,327.57319268080175
86.87832065938431,-40.834456340748545,-0.03185498596178116,91.78070489586207,-75.29299911091022
110.59904338254279,-29.615900632249165,0.5867640875944095,319.55507216560846,48.40146222387682
-9.991550472908258,-0.6482674442583942,2.174015788345192,-189.27583476899457,82.03816689178126
135.93520168017224,13.053243069606097,0.08574785117022543,230.9806320432285,160.93563929917883
65.58579465225296,30.645270235253154,3.575026016432785,127.305445797185,115.82974095477249
112.80158169883192,35.069573708749694,1.795768896418457,37.493735736072665,15.858562391643304
100.29990285284173,-124.53742443304148,0.42829584808505916,67.36816118527963,50.927472148310265
27.85884591888793,-19.33724072161735,-0.6075825660619146,-3.2126177004915775,-26.051936927485656
92.46177146659116,-43.373630870049226,3.1717827315284297,208.38364756555978,-176.89601023478224
101.0703747883638,84.61669909820024,1.4311747200580847,-171.1664800630337,-72.27226982451697
32.21829567565845,-23.797515074983764,-0.7455478038587781,231.9947744736739,155.88223643175124
82.93132395617818,178.54985122955014,0.8362894362662675,-102.89013820272848,-149.56176742137026
82.93132395617818,178.54985122955014,0.8362894362662675,-102.89013820272848,-149.56176742137026
10.628529939468304,-103.14381022587806,2.6932272455294477,32.85793442212815,420.0837638362656
36.709777227741114,65.6048077695041,0.2507007999681561,-231.7864408231069,-86.6985214334536
69.4813465604392,-80.89124541056987,3.348713772465614,-112.10201031877432,68.83370308043533
96.84013406229572,43.08597208308171,0.23355513862621846,-51.14467000794937,-316.203274663328
96.84013406229572,43.08597208308171,0.23355513862621846,-51.14467000794937,-316.203274663328
25.13206649704123,-10.477581813068191,0.14550563573465514,-16.107443983962085,303.08584917441976
52.064806085336414,-35.05299754089004,-0.4661090511542769,-31.225126033330213,-273.9366099985686
87.25125147978744,57.93381214645949,2.6449992986762743,-11.008881427245,280.223828012054
76.4821821303444,-93.54863094178408,-0.17817018675296392,-297.6050433222066,176.41957906045025
101.62498019284487,-118.64798513137121,1.9880310473480316,-116.12113281262319,-139.17198774368063
34.987877506348156,122.27895966153208,1.1748568376152138,-49.480520575394834,-49.323383987543195
84.76501888929843,-204.16852111476737,1.1128902265558893,-132.4047434489974,-106.04043603060492
74.45099289061918,4.814394312278381,1.9878226678832558,163.84429056031223,-83.05745386554793
29.478710024519653,-80.18852457515865,2.8899879736614604,-115.82000760915635,217.077926853519
-49.51792328014835,28.83624200278723,-0.5638160965476051,252.65376152347721,268.9913026781993
-13.18773248522821,62.11855058154882,1.205660369779802,-325.75817368523155,-20.33755030108466
82.63686548755327,142.9586111546545,3.5313302201992656,-473.8877808661264,368.1549937476393
-0.6289819702832169,-130.0253953516305,3.5899783583850713,560.9868411726428,-100.62162020452396
22.209538289383534,-92.92093372053375,3.4176914629413164,-225.9605966419782,-223.44699677244085
99.12263760626473,102.62950303058336,-0.71469314879687,340.2616382568258,-228.86158690086023
46.55718558061447,28.318188937971385,1.0813494019097036,-174.31102223687844,-231.31926217407394
120.06333038700565,-34.239424047522434,1.4075915675274269,122.1665477948644,20.30137143480681
129.76599092885638,-30.899882156111747,0.826339137737303,-54.30557265395275,-411.1748554015134
26.291803810270807,-30.198434633705773,1.1545075674506102,-61.77269541674674,-222.6850162382091
96.88567471532932,1.834234607784687,1.3751898047473974,162.14637104505317,194.8049901790643
47.573392205937004,32.939668790619194,-0.34817504031313523,181.98725904940335,151.238592711021
71.03319914419174,-26.523170588060562,2.9178805372779997,-35.96809788227003,-302.9682481783766
76.24440503812787,58.826118875622285,-0.024881330039997263,-80.37121509937536,84.52860928547926
125.030442274133,-1.0299137256108253,2.2815401305727447,-18.669671258127153,-180.09323351582668
13.118940608534398,112.44565799320421,1.749788660265531,76.49422049013394,359.7609351612351
72.7196438729091,86.51701826807779,1.5689845549055563,105.91045020466521,412.84934643198267
64.04078953412048,5.998855415195038,3.569929073047687,-164.37472831695618,-263.00422554464046
42.58021588125993,53.50090187508298,4.1350848449566735,508.38956414689153,112.52968254175465
79.64004062039977,84.75258821154277,1.0105246489103146,-265.7651605877636,-147.21138375687792
85.51782039270712,-59.26536317448804,-0.2019853281709058,101.90533259273553,-23.331493896450326
87.79706629159008,102.743837142686,-0.11080877224286945,271.7744168168419,89.81126997612134
54.071970696064014,-102.22448304867038,2.934741412249857,285.1705218921492,13.705265878641427
133.04283957111136,147.56174936630583,-0.9479189815393796,106.4380622536476,265.84832457834364
45.474405024403225,-186.70891773012818,2.3624782254797614,-127.77959081792565,-203.38669464578152
75.40211957921935,-26.21446823375183,-2.316339667450789,-402.36252136735425,-344.42722753246335
51.43393782915248,-79.361007959669,-2.6393966777316313,-442.23338632255303,-139.88665407631822
67.85076359119071,-39.22773581810303,4.957299989203456,131.21649069904606,-126.18286478236836
40.974388239236404,60.931469263075414,1.4674437560619493,219.87662226232254,-122.66850247292446
43.957344420401625,-130.055725634199,0.9759236969848677,134.5467847770806,-24.639963035411526
60.339365331156,-105.68041132152068,3.9908078493456456,-441.08194818020854,187.3158556756436
25.774173113339444,-32.90089745066993,5.074266113499452,-137.9733794684974,-345.99454553340314
112.74147872021483,139.23849077486094,-1.1212233157996727,230.44717950531947,535.6491494436148
-16.968708138030074,-133.20113493367188,3.028095663737357,276.81183297678893,75.0148966237573
36.51553194192621,11.679418842796707,5.1008507196248924,-154.19373984007268,-53.99481058686209
84.72731301310485,42.29045052202052,-1.2411034801631748,41.27924635971178,121.51084126473351
92.6123832183808,50.07475294441055,3.8343667677220235,-37.456781088841424,-243.57878635038668
33.07335610056706,-99.63545526289235,-1.402863751345598,101.34812369642023,366.99132638148444
33.07335610056706,-99.63545526289235,-1.402863751345598,101.34812369642023,366.99132638148444
-18.286282453404517,-74.73364654897068,0.5435448390232251,-31.075858040523286,-59.07683260535396
5.735915154456823,-74.08606973502559,0.33910437763859447,-117.22953518144519,-188.30331565565692
9.145478045497375,73.47884821037322,0.8008878941300662,105.91970937125035,272.748272176946
38.15967404351108,-117.32671623010894,2.206443781420648,111.6313697077347,241.16907350294593
89.64026665427322,161.51806556804974,0.6670424611595719,149.71778521956622,193.38250686516722
55.02272447679525,-147.40137385828672,1.9477330177797931,-236.72710350445328,-62.51550367657765
23.796588313018916,-27.25404415873649,2.5338194242383354,-77.54567413815883,-35.89899177384956
69.48349003771874,87.27017770650369,3.004357322423437,4.124305894168003,392.0146420833534
50.77690615230353,-97.24287724008906,3.5305908806607817,-391.05515854600196,-423.5617059265933
82.23091455313067,-94.45121035305398,1.18370853020433,-60.67018566714506,-118.64566485403094
101.3018738099384,-21.50344066451231,4.186992366750706,-389.7427295917487,-293.84863545741683
129.15996973953895,64.9904561708333,4.508472351826201,-124.48051583772047,-168.59895394966327
42.719398323216794,18.95900011034051,-0.9344281253709457,-12.53920391397531,-30.492587792718496
97.48100107342877,-47.60369989299858,3.2523502281328085,-34.21879450271487,26.876728408641753
60.536848664597926,-78.65860517168548,2.766345340753262,157.7170459024367,-268.200960695984
106.36419298798795,-73.72383697120925,-3.1774387110292053,-75.17363156217306,-588.6667981171036
168.07915361186008,106.94476951256941,1.0458346232927487,-310.0133026112353,-53.74065909072158
96.2254025236655,-151.2949577252615,1.1017513176656124,-127.95868743350579,178.94474904728705
145.97260730387308,-67.9162560391282,3.625051116935744,-62.52743213776719,69.45012060457906
58.278504430779975,16.205295365394278,-1.2455037859384905,-126.88752926461481,-491.393241522883
122.52298129544955,40.5544926263007,-1.746722912129206,-37.07818725269874,-1004.746955676917
50.378565402818964,53.49448165579823,1.4379607023602712,52.35759283344474,-304.1518651471472
101.69189394475337,28.747414514161235,4.590405745659535,343.21761257129896,603.8969215457782
51.15785024303855,-75.63009879193157,0.625256982386627,167.70967548552824,-473.7955893879415
109.11599058082479,-203.23424175155392,1.4215595013535054,268.6387088547994,282.50503563627365
6.713246833400426,144.40133237025896,0.9724796747482252,-136.37323857641744,-100.6080491524198
103.13833439072522,-63.96815422289208,2.8107508402741725,142.016213940564,215.518616093023
108.94319561655486,-22.585967540255844,3.9575048891331592,-255.45528498034628,-112.82944094767998
48.50109907283662,-22.853218088906893,3.0613465748502464,175.36766785826234,-42.57554869072244
90.93575192489101,38.85340343582452,4.219135901830891,144.41696225498148,411.11140709270205
88.02014486742748,-33.44918553307417,-0.49087374205420087,361.1827250867727,-188.79962448685853
43.65528576565331,-103.0179652390504,0.5155587000198272,-527.6304070904052,-139.97528257128414
29.01862455525959,-125.09051369881587,1.7506393404157554,225.36928601415912,-69.43337791705619
57.41721323049387,49.778189767455075,-3.89107998305817,404.866566777496,533.9562583885597
59.72945123153668,87.36014204423398,-0.030512786744009368,439.7081626111131,24.84050314952924
86.17398755690438,173.6285741315286,1.1008558269336333,-56.33660661079949,152.8392548588904
70.41782495332039,-28.567706930641947,2.547247868194948,-86.28417813531229,-80.57886563927394
62.401753830309644,74.16525999437702,0.3973628656009387,-255.61714967283322,-166.873478027467
58.221161252164066,-89.46394004580003,3.484653634205659,-290.73527462496054,-222.0825053908507
96.37773749235372,100.81047596702888,2.0325969880561687,602.3007698511603,310.16830581143626
65.23258344258764,-126.65197935661381,-0.8834896989421935,-588.4490084277076,-300.84862612356864
97.17802038705342,74.70278686343904,2.9722748195016577,311.60805233191394,628.747753689516
48.70069587165506,-87.79976084426822,2.2987827310835014,422.41463888803736,-213.89263978375436
48.70069587165506,-87.79976084426822,2.2987827310835014,422.41463888803736,-213.89263978375436
72.22197661055817,15.169098248580198,-0.9427111363611951,-74.08010989122528,309.0448892034303
68.0378990486973,159.30611766961874,0.7235782124862149,66.31787538563222,407.59157238296416
116.20283290000556,-50.49307658285346,0.34349262350646326,-299.0902777400486,-633.5743001129701
103.60117834724355,6.344819030313133,3.296199163975352,35.96345309774415,250.00007510825026
41.431206441880754,-89.42908421795798,-0.9827594422661137,-92.78767507435279,-183.9417284720159
41.431206441880754,-89.42908421795798,-0.9827594422661137,-92.78767507435279,-183.9417284720159
97.92466109279303,83.57039583606891,1.0546976084760797,165.34249294136674,115.20299553043452
21.42455127619843,-74.8360002139976,1.46091097425583,-50.00821062853487,-94.39626013739868
120.092774489693,51.35714977738128,0.9906900995682242,3.4547798438717336,90.76685143454051
120.092774489693,51.35714977738128,0.9906900995682242,3.4547798438717336,90.76685143454051
39.17343294939195,25.354605789420305,0.158230319118435,-233.87462171761058,-210.34934793338292
85.50741972417183,5.498060827641098,2.2838217021354774,255.23524431473209,96.44818045561038
33.18727016561401,-81.70533633324189,0.05319346790055279,-118.76841291459942,-119.38958639411155
112.49609005385527,-10.9215528773573,2.285393559036529,7.680192155924715,154.82767789813323
75.52571315126374,89.54517161796522,2.6323750969242052,274.097599940796,42.165125405744604
32.711123538348616,-32.56877516256171,2.470486580770646,-164.7052441062621,287.8146330630925
72.717533804245,-58.81692461898512,-2.127358782357489,235.65177084741927,-209.59733224246244
60.27223773397404,115.16047072914768,3.1327896148633805,-248.43841561906268,338.9284543372478
112.28414011419602,-29.543355488404274,-0.22979848616175969,723.28757002989,-2.09050092358666
-3.1498740616488945,-15.568524837728091,2.599025666472799,-446.2681626762702,-281.19294318631086
124.80662426886983,-109.83406096843702,-1.875906006666203,230.03821274459426,278.6561368263262
20.101272291693704,-143.93268854490208,3.126010803392475,427.47205130568193,-226.86883329188976
63.79681003334282,-54.588510717996115,-0.2671356148243622,61.444421809653306,-134.45161627730334
63.79681003334282,-54.588510717996115,-0.2671356148243622,61.444421809653306,-134.45161627730334
39.939308163901835,-3.0120238338164143,-0.16436985865427567,-4.606958082782228,128.11161324704926
91.92802505999049,-46.49685420506185,2.611423583002745,-26.694265641843486,95.96683144755974
41.24522140791122,40.83971029370697,-0.3838149769464545,-34.004655312128065,200.5818534473877
75.45502756508684,16.747101307809615,7.487660035960528,288.2909796768998,62.72973814397991
58.27029151967501,-47.605865047993106,-4.977121031982993,-242.86980591864545,-7.214930508978128
34.7918145281383,122.18819070431796,3.3555702095519027,118.32974076000113,332.64779628114735
88.02827316052891,-93.95665924318001,-1.0592895996584932,-42.15714344376704,-118.67996840851623
56.37337195910455,-37.93145758806483,0.36944487268589454,333.17623087051027,321.81566923324135
70.04614275319382,-0.4235835357834219,2.6917826172813455,-80.83212853518441,-161.78037650584764
74.65282398233198,-62.1091237745528,5.195860148676614,-72.21110707373695,-71.125622691653
60.50396801640658,-67.20588568078765,1.5597558048445284,-764.5211744458297,-21.700351083465783
107.13066905985805,8.854172121794406,0.8098012851446273,429.3783194254517,511.23220381364416
61.30975543083812,-77.34628822459975,2.6481189418823377,-226.89737362435622,-407.7516183347297
61.053430355317474,32.38079317315136,-0.4721053122710597,336.9904176705782,434.68834788518296
50.55595728893162,-61.24929921875349,0.9901249816069987,18.776298508300272,-77.55906217104501
21.664408423409274,-35.232292533515505,0.18329304339481517,426.87119485976325,462.1643709299635
98.89510770884472,11.178750799888896,0.26281952506758377,-336.78430186706305,-343.25265285538154
64.60912016468015,87.00336067715006,0.16396522763549326,164.3565917022621,249.98035102337616
61.90626159712366,-98.48294501058356,2.584281662919973,-137.16303043535248,39.634306238816194
65.62848296427057,-59.63886739958643,2.278073951218668,330.0495165707283,-300.67118134805423
66.35619635147488,-47.62180074739926,2.8190765742165294,95.86884846368594,557.1387182993038
65.71961570583927,-35.391294901043565,-0.49357240134843683,-189.3232168427282,-38.93215460023072
89.54701019487575,-132.93916893740993,3.435975507188493,298.13693269459844,125.90871760839582
65.91392039545133,122.15445211449443,2.4283283408562135,-80.6362532338909,40.1062287845387
69.79983341199639,-116.52802035526884,-0.22647014718164105,75.32909131181248,127.60596166603821
23.110942270734665,108.48159489732299,0.40610965999861093,20.861006740027307,-43.72372229287194
104.44235460887383,-109.03290987886143,1.9238446881998943,32.12498838960229,43.22150556148301
16.51542310987317,61.62370255543353,2.2754377353188797,50.091148152786346,7.713794807865526
86.95073982919169,-39.67532062292689,0.17923886127549138,262.14923516786814,-357.4059991469886
75.68852642368967,-54.29411909521029,0.4636445718526705,368.48890619790745,182.0469627790519
112.78155496792294,-31.332626517665858,3.5685964758649633,-257.42741369918036,-374.429899403799
81.65175587025026,-60.68404164260058,3.2431241627336975,295.3646959334821,-417.858836305149
83.18267025220581,-86.76413557879256,2.2196033218456623,505.7831487482546,-540.4199602532753
55.102902860549484,5.192921581341551,3.2601718971707294,273.3207611712461,-76.44174392665587
67.08134342817173,-89.34188852468029,-0.4004363664009436,3.8305196627901523,204.26615675368086
89.52283999794032,66.35308206898657,-0.7302557804018486,-20.804016168250648,-387.9821539254955
7.8013740299575005,-26.12912654184734,3.3042421982609724,250.6513887842505,442.7638162586878
7.8013740299575005,-26.12912654184734,3.3042421982609724,250.6513887842505,442.7638162586878
28.635440187171174,-94.78787644729579,4.86440368283548,322.2349219162388,551.4355011349559
88.58932034650825,-105.48599273930893,2.186196517444542,-461.6857939688631,136.29731100973868
120.69972144764932,6.888106133174574,2.3383459069146664,-139.65666030559396,-544.3541454058364
28.365297883472998,-5.24462188394212,0.7236973261811799,85.98730912285558,395.525714143438
69.1734284816971,105.9660574040642,4.727297989756559,195.99956193623026,89.24947635256382
108.83608351063315,42.375825340277224,0.20638766706556133,74.81083935341431,-74.54159240358527
39.81720881484073,-81.17161100243717,2.083468764859002,-163.9414433911536,-202.02334291614147
73.61193165377789,36.027530480869906,0.49981347395951015,567.2610308767319,548.8310157876259
34.71703044008749,34.923786203711146,1.7198243923533103,-72.31641402707112,355.42725922304
51.623437456868444,-6.384924005623034,0.38923106989525297,265.21718400101497,-49.288771600469914
25.97063137059597,-80.1950353263448,-1.0698170250115688,-202.00682684089728,12.781861632656842
102.17309653478519,64.61206810187306,3.1574438683425337,177.55739691187364,35.71489625463548
23.225515797374243,1.504456764928797,3.4859333174251437,117.95794100220371,-167.58189652780538
82.39687738268549,-6.377876071529611,0.4622533677155398,166.04049897378613,482.5780710293584
79.17584016951173,-29.520108371218363,4.063134482200017,213.41284733823954,-309.7931652642278
92.87236905438233,96.55086703085846,1.4156922483820265,-363.7628360204528,74.96275344898993
49.9740788907317,-171.90264798050566,1.2277240614962959,328.70050289422824,-124.96226657276318
58.20924640249274,185.5223409595973,1.6702555102064913,-74.64906298210778,-202.2146469994226
57.04290100513789,99.26926527968762,1.4200271621200147,76.40635230510642,36.87521333326325
74.8573474406779,-159.00393990206038,0.9945550534045304,34.68747110575387,-283.98462501948325
35.53686047911623,178.81385799286107,1.8729804316239225,246.6631630077643,-90.74545917706621
74.70810161990048,55.28020146135641,-0.21392057212195947,88.2427605630102,-226.49887438403576
74.70810161990048,55.28020146135641,-0.21392057212195947,88.2427605630102,-226.49887438403576
63.876380714272244,60.836041481278194,0.21762688056733592,1.8724631449842946,386.513006168379
35.75894170960561,-153.74993759037383,1.2635120631073413,101.76806628521763,-449.8911765552325
64.9023629951947,-105.89725914463367,1.6085922272603508,62.948758694766404,-94.81952517607925
68.35487593702408,0.75770255318686,0.9754517654750416,-156.77890206533553,-74.60338364630023
99.88134900252535,-49.886965106198694,-1.5921702411004675,10.297104219166187,-105.64939248306833
87.06439321851516,-58.528672476429676,2.0083914365651765,-240.3997293696403,-232.92593279642915
44.559982138799825,12.28748262393875,0.21863392954753547,219.14502271110658,602.8373895696037
78.04430363415811,-59.40233117994215,2.424112943556776,-189.75426881635494,-189.97468672404574
48.71829300580768,39.04029780108296,0.20229547016223282,263.79745848230283,218.25628830964465
82.56412032498548,-78.44943146110947,4.932353786273017,-99.39616276735927,-57.25171572282193
70.14211219124513,16.91986678651707,-2.8530510945464527,-64.28450308617471,184.84132270401403
83.06930667494319,-36.65152662629231,5.066072411106159,-88.62403086102427,109.9208877077075
83.06930667494319,-36.65152662629231,5.066072411106159,-88.62403086102427,109.9208877077075
58.14235726863089,38.04058456539839,-2.765530332701992,31.49632543279713,-70.06083986990069
45.807941322385545,-20.939573004818598,1.1259344614192237,-232.94165343838654,-10.455618691898621
94.5304077849783,-5.036076406773924,0.09617734808426126,109.5833210503983,-240.37418024360846
58.8554831366464,102.44602778036187,-0.4668867477319132,121.63716080728759,526.703768754745
101.13708867285881,-115.84054610088252,0.05569023555867747,36.00677163032984,-441.8775988123099
76.52303756277487,-2.7914049757368105,0.4209253248298217,328.8551427449166,212.75797331931903
90.669544623996,-6.5836785160895115,0.8414739227866724,86.91820374404261,-112.2837487775559
57.380256663704245,22.525499690075954,1.1001881788395922,184.09698655712984,231.71307572974567
57.380256663704245,22.525499690075954,1.1001881788395922,184.09698655712984,231.71307572974567
73.4200394072046,-85.45049565210293,1.244746603198063,-176.77514182281024,71.04288315506476
132.4648041729245,-100.36313096498041,2.8484697870198854,550.4252336590458,210.87903298725774
59.2181541498786,26.675182845522627,0.9973435810391451,-422.7732176600351,-376.28808723771033
79.43349420479088,-66.34480547892774,-0.6530052238140014,495.89662039800874,423.34717481814323
0.9882175148996488,-13.490546369799006,1.293985524551811,54.974298819479486,-86.95359647340206
68.91089964995396,-18.712594577107414,0.5710194713368529,-77.11879718719644,156.04923177278476
81.29379385486912,23.473003670534393,-0.7768513728190481,-334.4446998308822,-589.1908087082961
45.35042272514785,81.98226520543558,2.0209740174499564,147.01407355210083,545.3529618555506
31.825548451527517,142.56933429432107,0.6890507977363947,-82.24118464191685,163.2797357869045
21.524760622291062,-1.6604301645805037,2.001166477327593,-16.66577393513903,286.3340562111816
31.55223281153537,11.000988870577718,-2.8621392032717696,176.8294299974064,166.00238389623343
111.2807179162636,7.093829325633635,5.52524768927621,-286.94458204075204,218.3119100937784
140.56361120998304,-87.66190965019469,3.14326124071339,-275.67108961969126,-157.5626828900181
84.37125575884127,-19.85381693892647,0.9144573049407256,428.4154785332588,-224.0814226313506
43.06999060289354,33.67636871472154,1.5271750658972831,-311.1692073933778,36.165309163818705
30.32999941851126,47.208571362341864,-0.5880679188530775,-25.399499062359666,89.47122756308414
144.49057085665967,-88.3523643623511,1.8935369904914947,-161.3678540049444,-423.05876316225357
43.64168800126282,103.49992360399828,1.023770256658084,382.24379800006534,219.7799935646933
116.66369068781127,-124.67725534882032,1.8290075824493723,-51.20780443605827,-174.221918908697
35.083273621444505,-11.608114399746952,2.903902010291687,-64.93527321530924,156.44971916266795
64.75145215393549,-5.032739713925295,1.5256701695263362,-66.19734279649397,19.366101860060922
70.49125225804235,-32.8837396649416,0.6841964632121154,30.938467027910917,354.04377340676456
65.18279983767599,-41.269147915311194,1.8786347991826862,-94.60999418791491,1.768366225587755
65.18279983767599,-41.269147915311194,1.8786347991826862,-94.60999418791491,1.768366225587755
114.12500142429454,133.40891218522017,-1.0370149774882296,290.2538587865973,216.5434805311723
114.12500142429454,133.40891218522017,-1.0370149774882296,290.2538587865973,216.5434805311723
30.613436192712143,-31.918199444103323,0.3993240324418017,-204.11862134897206,-316.5022849517092
73.03318812728591,-66.64848561996683,0.13887225282583643,-488.16618059540474,24.688440560710376
96.51896639741959,5.798166614007636,2.2595940797071643,151.35898421474042,266.6535662910618
61.20634645267081,30.040231142858225,5.06746967189068,-36.16405958435297,451.93782856317415
1.548058044711496,46.26510438499481,2.8723590031295694,-184.78177471536094,-74.24093696667165
78.25548054992184,-36.20145334288658,2.217771547844389,-110.13991715804167,172.72867145419025
94.3702574749453,12.61483642326391,0.10835566637729,-207.99987725525236,-79.70172228863134
43.24846610047267,-114.19638669895929,2.28931362298918,187.5303740205127,195.25561257189054
88.01444827382969,168.49539637486663,2.683569833649968,96.23201300016466,199.5392671612824
87.79152014398345,-189.46504146957946,0.5617183563228232,365.90697737969185,-97.48190465851407
89.22434761394108,-193.40377066460488,-0.10981011485230618,153.55278885260367,202.0519483797043
63.262215844689244,35.84296670891953,2.4248283018487133,-171.07664322657243,-404.0199003214169
52.04265456432062,-68.09631543104183,0.33456962237478294,351.7388461792454,361.48979412328595
65.71348765198286,7.414398672623733,-2.455921498264472,-73.0436268771276,-128.41792074978235
65.71348765198286,7.414398672623733,-2.455921498264472,-73.0436268771276,-128.41792074978235
63.83286642550509,-29.746099814044243,4.660008712021619,66.07069472027416,239.93725410301298
-10.49554049126363,-64.15924828711832,0.8679018404409722,-52.845283779899944,-30.199132629592455
118.55535749873812,27.465218273879742,-0.8953362622746449,157.7844556288344,254.1285369501612
25.137502048992694,-22.261337877050387,1.9231984025766606,193.53424139952585,3.5207967791027386
126.68216431146823,-62.73852809136692,-0.5575184791704384,46.83519123647963,117.54041236332108
18.535146273865433,51.016039413178525,2.780788018210771,-207.23862770158667,445.5423019719228
119.91768548547691,-89.90788823639332,-0.3847896524520331,170.60992988861105,-392.9305430293863
-4.562571958650764,-116.75683343857992,1.7067691098562037,-154.15879570069242,243.0245819246199
120.95072221807682,143.40666134433496,-0.8264138460321534,414.78917177517246,218.05609762419022
57.39690106993843,-117.01434549754467,1.4922497737202836,252.4615915420336,128.47391811393842
88.02897062266855,58.28115364652919,0.5949864938705094,-443.8735265691646,-141.91040206025116
88.02897062266855,58.28115364652919,0.5949864938705094,-443.8735265691646,-141.91040206025116
38.45039646621641,-64.3811392222433,1.7473751019144301,509.0704999668871,166.3410804996399
38.45039646621641,-64.3811392222433,1.7473751019144301,509.0704999668871,166.3410804996399
55.78142750346868,40.517705013142916,0.2795917196605553,20.596719161395413,72.79125409161938
75.95696036303518,-77.97582764246653,3.402797051409452,-48.345642123403806,-37.56606094228823
102.85358273422196,-79.41119265515385,5.290566582595553,-92.22863743024311,-25.87730133751016
-20.42729200007497,4.492805455682429,-0.24876526301889657,29.17146761730711,12.65502391622232
46.41728871490568,121.29389183361036,1.833704282949486,194.28890670152558,-150.6273256880778
105.29097254525557,-12.550973268375628,1.0103315806585011,143.90890860398417,-526.2540874457484
6.117404401331697,58.699145343603774,1.5840118123892477,63.259997576877865,392.64744846902465
84.37029007049097,-9.197503038982603,0.8862913019425251,505.3485406179503,201.19900317766073
14.15143114645365,-15.365542561026892,1.9111102239932725,15.467295136042537,291.31925713519263
117.08807371200422,-9.272671015454142,0.5831233367484631,-29.550483773787995,-119.86239704713223
27.605128437558136,-26.907623991301442,1.8207082738960103,-111.52805710428265,224.64971969199286
27.605128437558136,-26.907623991301442,1.8207082738960103,-111.52805710428265,224.64971969199286
43.61399001713042,-24.791015438880535,-1.5643886610568727,-103.35041492013454,-75.5881367680471
57.310469752939305,1.312870466459099,0.656392649791967,-157.29252842273974,343.82903915395775
14.104029060153266,-45.91527540561251,0.2331163712423776,455.1294899467057,38.08642875907964
-11.793965073711952,-126.03170157165752,0.2561904276819241,108.83829968146159,90.42804428174901
99.57736679650559,54.989790736265775,3.118736830297481,316.24490914785963,424.3135044603707
41.902767462222045,76.76931678493617,2.3003656639972547,413.5724839443612,113.58608003870224
47.1709338116819,-55.724192740950095,-1.2279209086629592,-467.828313575717,167.91466802948457
140.5326790092557,44.58228163957051,2.858436707817826,150.52019417448122,-494.1540297175011
147.8279098934201,58.244460563349946,1.5336704764930977,-70.5411497422364,-244.80990083458192
-11.689952363719286,-115.39446941759667,0.7664864214099709,525.2255181386712,611.4740061385764
54.564284625397434,1.0584125579817965,2.175637263830341,-310.06354095107446,-243.2795565674774
91.85372237716395,10.753845557330946,-0.8740846819002717,-591.4479122511831,572.7853290240255
93.08211629038146,96.45480521856788,1.7683239678288598,43.146481110341256,-131.6833415390413
139.46737474401795,13.373781668755441,-1.389088584312807,-28.898507876011045,-0.6436829358444811
68.0934504267654,-23.789296538219723,2.8929115707101145,182.963148944751,-255.74924387205064
96.85549987969311,-22.328491792074946,-1.0612417622275971,273.20417521059915,270.3762360058982
86.57726848613736,-59.13926758653358,1.8686186780198553,50.447281489820654,-851.6677638565857
33.32361809514577,54.768975670097,0.7551756650142589,78.29633570084331,675.7553049196077
77.35073884711935,-78.16358724217926,3.187901773610684,-257.5802430409892,139.75779201478372
57.52257662036034,94.82457796510907,-0.7089332346939099,256.151795105312,30.138682547799377
147.6465700779891,2.800391825043036,0.097796518816194,-2.0176182752060754,59.02857040317147
114.6293199759124,-31.117297124338528,0.10953682970767899,-117.45994135417338,137.83312140299165
36.20272129354462,-57.185894836259315,2.768037788072279,496.49801822577837,0.2997915795965582
93.52050568868822,-57.87030773474238,2.309467790997207,589.334383633422,-236.56234698652065
52.64642669711505,-40.700634063973375,-1.3524786123177688,122.36743821676589,365.00052883526143
59.65990189784112,-64.49536785917695,0.9447860954587617,70.07929601454777,-395.2006153529385
59.65990189784112,-64.49536785917695,0.9447860954587617,70.07929601454777,-395.2006153529385
63.66441637060107,24.387083582683033,1.5994405761047858,59.84488363925311,-27.568891706354975
66.8799485979753,-34.764253312520715,3.6455958432172473,96.16538318387126,-191.804269194376
80.64074816848344,18.867198132777986,0.4181004966931474,-143.1482810125519,143.25955354237658
76.57911623308394,20.52691068052523,2.616880167796779,-48.02227437194014,-198.8875639037417
63.52742736495246,35.68935718050247,0.7958865783434215,-303.45090835505073,133.38337873371
89.50137449298326,-63.18481122039738,1.5839248918708544,83.40683184341991,121.23723899902365
32.98394735261328,19.00317106191916,0.8962927474336766,31.086733639358727,-185.00995164718537
118.83771293276209,-73.66556271061216,1.5757277511778294,-169.77640133103992,417.5615435735785
160.58672867917178,-37.610005471963895,3.628729756554328,-131.90296620723782,37.94785018535674
95.27919315916417,-50.58104873473427,1.9415402063956155,261.5686944127077,-67.70750170580418
52.98737674482466,-4.957762836309328,1.2925800611887794,-169.03082243157604,98.6450203070561
80.87306685325066,74.50295558400377,3.0581441730039933,-106.96244368370974,252.1129538823776
54.8972841809838,-154.41438066568378,-0.7967830446311983,101.48191601696226,51.82186069341927
50.76685892659951,-56.780393219272355,2.914793829354288,-270.66788428842153,-413.9100475998183
9.097607967343102,7.149929100792548,3.3351712650088974,-82.83618453805886,40.83216433054662
61.502101698446154,-38.014138519514105,-1.462617353052309,-198.46386745989153,-93.6260896056805
131.3336209371115,0.6915481638996255,3.2798264624094973,-171.07049925691467,-311.51971431044205
12.020357170859228,-19.147252848231815,-0.6838187038354242,94.33801881219382,378.12147788730294
71.30446343857736,-62.853616492229264,-0.03442495286699332,207.55549428454418,22.854994944532905
100.18712500943788,73.56089511820034,4.172034089384703,79.39225610013011,183.78299403807262
84.98215942628042,-67.74370157734101,-2.1319831719974878,-375.18968775425776,-534.3198545577268
95.59910347906288,2.204275722544935,3.9402371367089706,323.94264053080934,174.30311397867882
23.695293804760404,25.97533444041167,-1.7302337603337583,-122.12782827153708,-596.1181103404042
74.854118085398,-85.9824388581474,2.29235652200312,-318.9794995710291,427.37353558456914
57.33077888849934,-103.82119814420624,4.3447885993907445,-31.520750700256713,-275.4673679237228
74.5478988974224,-27.55710396642135,0.09476806110206137,-305.3895200665839,61.334883763152924
49.70280934930442,119.42552540829722,1.0869818294160625,265.4310285593214,40.19664260442306
49.70280934930442,119.42552540829722,1.0869818294160625,265.4310285593214,40.19664260442306
92.97630405484104,-94.28651756243413,1.395975947015864,-334.2395056046214,136.157617874094
65.49734197753583,-10.154064364124594,1.766196105539359,506.52586831534705,-16.58250949225362
28.03986631111332,-13.901859919856577,0.36531807471856803,-245.69646707705522,242.01110119104655
112.02458483134986,-4.829559433755023,2.8261833873556466,126.09906051662142,-321.9718029009872
47.64300799896945,-69.60643048487017,3.5734926585270665,-270.62162267932115,-7.858673111180053
85.56914343935124,-18.030483083373525,1.4718854501189251,309.61398467772335,-275.2759273748623
65.45372327195713,36.83992645430258,2.123379942592647,-243.66255589767695,39.91170354491294
0.09746233588580822,-10.570590014478007,1.9350374891488598,306.71413949453904,91.86328968346018
97.54243065339058,105.01230069156449,0.6571468116397416,78.19409034750959,-480.30515206941635
88.80014797597431,25.1632670681975,0.27907179408715593,155.74879201372775,-250.74778035293792
33.44677174255857,-59.61568243087067,2.5358224842327353,-23.053730747382858,137.36185784906795
50.710916610658046,12.665344328254704,-0.5354564655649439,638.799811998623,482.9352118954176
74.17910944959833,-53.04728394325764,3.432370431402521,-585.5736845174468,-222.760115996595
