CO2 sampling_t_5,CO sampling_t_5,Displac. rel._t_5
-102.80157562036703,2337.9549751919626,-41199.89233467465
51.884304569916765,-2530.1255213394393,-36892.09486378259
-102.15327591848032,2265.8703469945017,-14748.303175047491
-249.28620904601294,126.44166557895323,-5656.870844431287
78.66888289017368,-628.3553239130011,6904.211045810789
33.65280822050513,1289.6637143004905,-54032.831994511725
-174.80263211614906,-1146.6334995643329,54164.45580821167
-174.80263211614906,-1146.6334995643329,54164.45580821167
-68.3125802178084,1407.6456250721908,70557.31866389609
-21.34792159258531,-2318.4494769174307,-1947.8718734645372
-134.75300749552508,2618.6566244426836,2723.659291039289
125.51130869399273,-2544.541129851564,8081.515366681728
-82.19189127891894,1462.94814498675,23172.17121524182
-153.131473502951,2679.9539758938577,-11852.321619857292
376.0943273221449,-3366.5020164759358,3418.6507561838525
284.61394660082317,-1870.7245995878866,-19332.619423102504
-258.9487010545073,2232.2589197232987,100956.96247380534
-230.26056750824083,2882.983833150485,147591.07855584985
-63.03270696838888,-987.7111669775704,136543.8523909939
1.3949567201772055,1544.2901154575998,-142057.93609996844
80.54704800372764,195.48594585999308,98882.4988597527
59.74576139812875,1983.7162468044237,39924.3579527259
-132.13310362103266,-2294.264925358664,-124407.72261503666
59.184536069703505,3127.4693318551094,104292.9646032455
-251.00463199197804,-1187.0395264407935,-79507.20706036102
102.15702316686003,1059.7692860516527,-102827.05669976279
156.00426871532224,-1896.189429432657,-13424.845400598657
145.91071047858932,-784.2388268562183,-42804.101411412965
145.91071047858932,-784.2388268562183,-42804.101411412965
23.63765868477067,-372.15433367077026,-6778.689406489226
-76.2298165771914,1095.8890456568201,-19546.7167572181
-5.015167573222641,182.5453014593229,-25304.619643496488
-5.015167573222641,182.5453014593229,-25304.619643496488
-0.9456913131323326,964.0411268239036,43219.856865509006
-91.29063546169218,136.34656433138207,-75971.53388774152
-78.38794630304034,-1109.8724865089318,57391.331222798384
58.759551579144144,774.0501789000205,-54084.09559953145
-279.03195216059686,1206.2608370147973,60040.42132221938
246.38814806255365,-3500.1487134856343,-115142.163982908
246.38814806255365,-3500.1487134856343,-115142.163982908
-117.98324127361406,1419.1235013889168,41985.46364410968
28.554725192895233,-179.46223843149073,6580.672890599679
28.554725192895233,-179.46223843149073,6580.672890599679
-24.799229931272208,-824.7986848371238,14427.851737817158
-203.60966628994234,2306.460196782714,50768.237676773235
-98.4592981195417,-1918.7420232611012,-36249.920007821565
-229.41186343952285,-241.80067125872665,26544.688787218176
235.1068602464714,-1102.5251620301947,6945.86237133177
-182.7786622091719,1831.4245307443011,-21981.487446793923
86.9931597593224,4032.2709628906987,24479.18541028584
-75.78664618942754,-2380.0216461320506,-74081.79997448833
22.48641568682747,2820.713342482846,54947.574473087894
162.9906525283862,-1384.7321059784308,-42438.10645295224
14.712270211460265,2494.1754452800915,36141.0919826905
322.67309354836334,-193.5521669571085,-11297.60300045264
282.3331074520853,1065.3921138671392,-31425.362217775542
-124.50932471619413,-2264.353182610528,-53098.159319201695
75.44483621201292,869.0808390017337,-47814.0402513998
-187.41299404996244,-1560.6895171088902,14255.929987383672
9.339577852757088,756.0924331362503,27050.037027532344
51.3382325339974,2254.1234239422283,-111452.37435976477
-277.13040374817075,-3939.7301138449684,80559.74936343936
-62.320077794136466,2427.6268181046644,-64060.61514888404
-62.320077794136466,2427.6268181046644,-64060.61514888404
4.305804233723812,-1419.8325232145542,18360.24581692471
72.84272427522176,2202.040228077046,-31446.62623216295
-181.42349286624886,-2322.218478159539,108434.4827045738
259.2599255962272,2391.7690691226708,-108595.44733498215
-50.3840687248545,-185.73730902852367,-27706.535706997238
32.26959741059943,137.5610703088235,-17185.74259772909
-208.40517210637222,1904.2511468561597,-32272.187513439403
-91.429402983525,-342.9278865576923,103388.02110882562
-11.696507486938913,619.2466119174767,-105126.07462688068
-47.22058760131028,866.920209333477,48800.80794359981
7.441991278806782,81.84033980400295,16290.45735034164
-267.1558621967125,-46.86559605214828,-35045.40607365788
-113.47060683953816,372.09037571547833,-10339.933292996862
-113.47060683953816,372.09037571547833,-10339.933292996862
-38.99274341006824,685.730371415662,94008.4012002564
-59.85848556868919,-1169.9193983310738,-86553.65487601707
175.8446985552394,643.925245787744,-9353.7962102038
-42.94602957347092,-389.1216437362132,67984.06746429628
-221.42368429634183,521.844065598396,37138.42821404976
16.646624379465806,-1366.845280529371,-53093.5690541885
-71.29168573321667,862.3261350263491,74712.09714619936
17.964358828616618,-16.340277790924517,26933.772437435924
126.96759199460735,-1774.387755224866,-23409.0852475934
-56.086733075235685,1260.6858258214747,69303.67045631743
-129.9100664953338,54.322709411843334,-70470.00270531123
24.44220335105628,-831.2980884025945,69152.60623168192
5.516856403506662,392.48603840039584,58822.35033155976
8.744700114061125,1923.8502574672252,-84810.44862269798
10.011988914468049,1037.2381650610919,-12720.450389092905
-123.97978362512752,-177.77410141132532,-1011.343560438967
221.862246950418,-744.8322739293584,-56638.77862773621
166.02746626762865,-961.1441587122022,-99004.08022376022
45.837014721448895,634.1197135954365,77299.48346469062
-75.83652275449452,-2540.7169171341957,-5967.059961432853
-75.83652275449452,-2540.7169171341957,-5967.059961432853
-54.38177435721488,807.6310130626143,52821.312344865306
78.88679011933186,-1499.509569717314,-13943.02956908141
-278.83919726562243,1945.045107635882,-21817.23240250998
217.6406024182817,-133.87745688968425,23298.172652175537
-183.71408865439793,1592.3441506161773,-80640.15655067067
15.794060284704216,-3404.432639133318,52029.39870224931
-97.57518762331028,2220.324935416924,-5354.880333697409
-61.64246124832407,3075.528554997432,-44640.65426935393
-61.64246124832407,3075.528554997432,-44640.65426935393
-98.83103937526336,-641.5627253272883,41469.78878290538
-37.521657328716046,1651.0525851898774,-88781.89007048847
58.60707776772047,336.79362828956755,37634.65954057136
-221.4078904522305,-796.7020322053297,-54721.32995339781
-185.0057257128644,2627.3553029137374,-33812.442738452584
-365.6417174164121,-1141.1091757559602,-56509.631608219715
135.25087470228112,1398.0240318025128,33534.40395443597
41.329571286201826,1031.940291349641,128469.92513078578
41.93611285917363,-2196.925395789359,-114908.788997497
45.11593846466492,1881.240657149254,101519.94966762273
124.82014540675938,-304.74622240717986,22733.370163184256
-119.187399578413,386.90786250848123,-15173.40113077603
-235.49655123407675,-1529.2682204077505,48916.806892465975
15.374377322027613,128.73236764537228,-1657.0879021908331
-31.19943027535284,-1200.6545938240492,19831.985219971597
-69.34564039856173,-1204.796456720065,6162.27806264143
-69.34564039856173,-1204.796456720065,6162.27806264143
-11.190639668985256,-3096.8106281979626,-56243.00107377075
-249.3239263932001,5298.733068251823,102239.96850515438
-247.03441804529228,2982.7227017731916,114599.84752849673
113.56317284614136,-1481.1671791293015,46477.234560938625
242.04252134682233,1713.0991834146926,142141.4946658078
-248.86792705556647,270.66134874397017,-7453.57716059938
-248.86792705556647,270.66134874397017,-7453.57716059938
46.77449717119032,-1967.225059627832,-56102.94930044679
72.18624470842545,-81.58867405967021,10102.515729443432
-48.9061559759684,-336.27929692426846,-52211.01900058312
-12.754023444434509,1126.5266670805486,54074.06789397535
53.67126347948023,-713.3228573733206,40871.72030879285
-88.64794716043873,1640.4446791175735,32788.998358842655
-162.96838442491338,1257.9491412169086,7773.362679853555
100.72227489998066,1182.5785792215183,-4217.206466967411
-136.50972701112354,138.77352814398705,66411.6382610898
26.10635551906674,-728.8751932279292,45302.3699948543
117.02373267148606,2737.45302873887,3339.355323083015
-77.23914301296003,-1902.3009215772636,-26074.05491378299
-24.01321259627386,2477.7948234219866,-5263.935802721666
41.30734436744913,-1594.3059246248754,-23572.833785442424
-204.0523572590703,1062.9544396746176,58877.875892155425
43.769509379737485,-1157.1298331243581,-34148.95941327904
175.30000694493395,-2006.2044843048213,-18313.929942689843
441.6298066038653,-1836.9785805639553,-22965.77063260135
-475.5860073837331,1935.7455804337878,40850.861988680044
226.27216703071105,340.59323848715394,-115513.28961579742
118.32718864515883,585.077094303711,-134260.52525186387
-161.88556661037924,1548.1219852326303,71829.08859673479
-42.83965269629087,2556.7279018485083,769.8550496595926
-20.79126226067193,1888.5977384429914,-21454.708801291083
-83.07257223618464,-2335.5028882572556,39440.15093009521
-146.18135513987644,1932.3353188101805,10629.86402480086
136.16280678244047,-956.668802268493,-47572.97142555803
-100.38953768456415,12.354853940864302,-89862.1358428299
-101.51789030867468,-764.2933185158759,-61276.95095787413
2.256931719735533,1107.8271611695334,-20186.62982667901
-6.132472275495896,-1177.8560235737561,-20582.038199251743
33.99687229854066,4673.958153924955,8523.235891922086
40.2583987429968,-4761.223003164727,-1456.650968264108
-173.14798867753225,-4315.962319670472,2358.76604148292
165.36779440287856,-1581.1861120329013,30077.59520128211
-63.34211904758564,2225.720808138986,-36195.41296862851
136.7870744128173,258.84224500040045,6626.34336289241
-124.21671321768746,-121.02590693370826,-386.5967511748895
162.53571576473547,2500.0154772703672,38823.28958979792
19.317034990016026,2383.8285685811943,28085.79591362396
-60.29556693765281,-163.76515593018848,71562.6138952171
23.08653038216537,332.75077410443964,-92875.07222765434
23.08653038216537,332.75077410443964,-92875.07222765434
-43.991465403726345,877.1434122709643,-32380.406420168147
-97.5593986263487,-1992.182191612343,31916.741520462736
-97.5593986263487,-1992.182191612343,31916.741520462736
167.05145976802473,-2359.0517394615235,-122817.7738862021
-317.16095625427647,645.875967145395,68211.09499836217
29.04283988023667,-238.52785890600384,21000.700736578307
113.04320419526375,-521.0048075575381,40404.687501735854
-157.79818136682093,2159.1032407226426,23791.121713374727
117.44563543839726,-1442.9541737538436,23154.915674274704
-116.61348576071964,-2614.7581604292022,14618.998862722323
-43.44611481817094,-2936.2403412498525,-18893.990888548506
-51.052310287084204,-5196.967993085536,-79023.35360065626
-126.202742257269,-3347.0337216067082,-46789.531719827646
-106.834379938789,1755.5384107545751,-82022.5622980074
-14.134022351008781,-3305.3927293231773,8672.747026025769
-16.99367265435113,2881.2538575945905,27218.18516047536
131.26818569684795,-1859.0596427161643,10770.513874789885
4.8767767397418424,-57.00734895610003,-64519.89623453017
93.40452642409002,-1309.7611263087883,-11573.60952336689
93.40452642409002,-1309.7611263087883,-11573.60952336689
-236.75092997072517,-704.4560368891058,37766.269378789686
79.2705453179882,-658.4392849521132,43798.00375716357
-60.695610292359824,-2030.8113778458373,-65280.97556041068
-19.654833592254377,1876.1817596753385,23919.121534534417
-136.61122204943888,-1975.5228755554826,22901.222072407276
-7.277029735286021,3046.5780677717453,-47327.1204710714
196.54070699725185,1196.8756518184707,-69223.35279934315
-121.71778645993487,-1566.0513074261873,35797.49953770364
-65.74631776270041,2562.4683196163583,-18992.59954350008
47.58479810880459,-2007.8938565086091,12575.239580558733
47.58479810880459,-2007.8938565086091,12575.239580558733
99.16959981264085,1494.3006271771842,60141.57635780441
99.16959981264085,1494.3006271771842,60141.57635780441
5.585876773946524,-144.76429014744485,-50328.82462169824
-79.90942755816015,-16.202083537124395,-156216.1445668783
-213.8950839094207,335.85583020201767,-2882.82039404806
379.92887457096,1188.468536309499,-11348.233157548257
271.24981548211605,-365.76008689242303,67354.38414577332
-235.41140033207824,2528.9124937263014,-51933.11491397068
57.666241045296175,-1225.8925331005353,75903.39776407191
-113.28190655678361,71.53244330271968,-17164.72217394851
-46.50103605653109,21.25151777543715,-38781.9767687654
-46.50103605653109,21.25151777543715,-38781.9767687654
-64.2788773864777,258.5115506921756,10455.532265771246
190.40244797943708,-1302.8144295668942,-75208.06213098194
-129.63825200416684,232.40065389657047,78740.88389495086
-302.8437563530812,652.4847125542716,25384.28936825761
199.05371176963504,-96.24577724701629,29450.3890862434
-154.67689785373236,1106.8356510682488,-6097.401048872209
-265.93492576708314,-891.5524105791585,-20591.84700605684
264.68196778921356,3.614888173274153,54631.46588084078
-234.94060500912454,1130.298527646398,-30832.795274915094
20.256258358026344,313.0124019273285,34204.66694208783
-40.86160962844357,-937.0611085104896,64663.29638502984
102.18312183522505,20.792462166139103,-50883.12729566214
-117.73274288045633,2169.6658458005095,-46083.55302519929
7.829516650485829,-2823.249598620895,56695.485367798035
-54.137219185214285,-4017.035549469214,91038.02214706974
-101.93121462461129,-1262.9688743761517,-87145.07308746179
-197.64090590551825,2136.411648686121,76565.6356020783
251.1223243089634,-1672.719738985504,-91319.02203092103
-224.2969582812943,2267.0577235192586,95193.60906698546
257.0425195411841,-2907.4393597781336,-70250.27295732163
-281.7816933506507,1298.6152831526558,-33437.562041063706
-30.78849443266239,2946.911297610707,85317.02996689406
105.45342139605171,-2018.304330651027,-69166.62892681533
-67.0871874303754,3083.567969277938,45421.67448258237
-52.36659243791337,-1321.1146887103268,-91989.32942845735
68.26271853981179,1803.3143883726561,-32505.859975534448
68.26271853981179,1803.3143883726561,-32505.859975534448
140.52575512638865,1513.5054465015555,-29856.08346304161
-269.0114886965807,802.3169518227978,-43612.5189582367
170.32611569003876,-433.53358537790973,-15129.837288348703
-116.38813609445161,-2423.6649119264684,-42204.759061361794
-71.61801129238839,2025.3471721552683,18517.34110781676
116.15932312979085,-2943.053584183959,-5954.727667557476
78.8004149846403,-4451.375599593963,33345.20672919272
-181.78261876538437,3721.7959650625276,-1105.5824578722822
1.3153175394221819,3633.656800122884,20294.53724627213
86.32549508697355,-3172.1982223122673,-52005.22752709554
-41.71943574007558,672.9165735622587,37354.410762781714
-149.78018098053911,290.7966576706581,-5543.846539332619
-16.456297097134268,-1384.6444793919725,60839.08726024914
-16.456297097134268,-1384.6444793919725,60839.08726024914
-16.456297097134268,-1384.6444793919725,60839.08726024914
-27.84023372848887,2028.659309704781,24896.074787618563
-146.7269060801811,-2402.465784442029,38701.970504204524
-416.5116086907569,-3022.608312544809,3894.823316555885
-387.83959617489967,-2259.904213751246,-12151.697360588243
59.374205932053826,-3086.911710549871,3894.1250579453626
186.13048595633666,1771.1102389092066,-47606.69493482985
-58.60927633676698,-1783.5810743971795,39147.97458782159
27.141308292859378,-179.3822623300639,-55683.00775804337
9.86468715523391,240.08196013749466,34297.536657762226
49.049373147806634,-229.04747539268033,45218.65620496644
-224.88667873953355,-48.85263349800073,-33047.76710860004
119.68419126497734,2441.836232675873,-50028.9531341035
170.59716214261158,698.853926702157,32126.636210264187
82.33867481623184,-485.0517498119091,40775.93454844468
-229.5802801784156,1743.1890830015655,-32498.664114237738
252.81533806176373,-583.657787743769,9040.848932065117
-330.06836272250325,168.3473021663142,-6959.308691079874
54.253763562908034,2140.2097600890615,103046.2297101228
-272.30779358892414,-840.5215473002099,19499.847163799917
-286.663783900852,-1906.0691114479384,-38.605337168846745
148.29512849010598,-767.2488418359162,-13991.257268990445
-47.73762411284531,1965.8145077894446,47214.76344932633
-53.215918540368556,-353.5537045844658,61493.59042378934
-260.1639833997269,426.2645156544804,-51073.688521706135
296.30397518616644,-1199.6284649400202,11106.221682561518
255.81058310186768,-331.0172181135488,64103.3049987497
-131.05269169464697,12.930783859756787,-37580.52698581866
-131.05269169464697,12.930783859756787,-37580.52698581866
-54.42353886940276,-1270.1611155752398,15712.102875262499
109.76326628500982,1175.1896662223548,-13303.909653015482
-368.88427112139436,1508.9683320796385,-34003.143421368106
60.95325999449142,-2321.9976677931,-56132.640177883375
194.4734774831488,1958.6649790052263,72620.4464663968
270.52237176226157,2694.138782778807,33275.31213290077
-338.42349667824686,-2470.997284175276,-60753.03868531273
-353.2067838327812,-1766.2193229647746,-54824.707117938626
-118.82159775100354,2104.04814587165,105102.53272837597
15.55010677907039,-1657.7877611661704,-134802.42979603406
-34.22018084007874,3390.924482242848,92341.75517380268
27.70200843852742,-979.9382257401658,50051.35947286936
79.7657281048457,-1024.741642413469,-36177.068101469544
-141.10372123292976,290.5159935130846,65804.42214464897
-91.9525482827446,-1208.3587741338156,-13737.778955966845
-5.4952375903032475,1020.7244131259008,26631.571399004188
119.71490075282401,854.3176285233412,40641.758142428494
-177.82982651625838,-1389.8408553959744,-12961.229535228631
137.4566854669718,1467.0777994710757,-2989.2091494532942
-229.5178139992539,-793.5272750088477,-14627.501450781248
154.62398651813686,779.9441043698482,24539.47023298613
47.064024276474,-2009.1097224919542,-20474.9717802309
87.19552537855137,-3609.019936299256,-163667.66687089976
-243.42849202483495,-558.064449939292,117080.98500061063
-189.06122109831847,-1438.3009237858287,82821.36710900467
197.91779612315273,43.735013420721316,-52430.44595676953
-308.1835531324303,-856.7125564079445,14262.676635491895
-15.651894902765662,3199.363771322184,-58236.19359387916
-45.897397301126986,-1419.9635956180612,1021.7491674076882
-15.689084106436702,1588.7907166135394,-16209.320123788886
-83.2972145437767,3296.0392678703174,-30151.201943132517
-67.11983133355156,-1826.1665061871654,-2944.1292808833314
-56.13075497167961,891.417846237026,-35016.96008146111
-83.34736875199299,490.5061506029832,-6723.367817366809
89.46734679202899,-1560.272173939787,-56300.2136549558
89.46734679202899,-1560.272173939787,-56300.2136549558
94.8953761734052,-923.9727366256471,-71398.98509946391
-177.84589261267018,5495.197122376581,156662.7188030319
27.315823843100333,4752.029944257181,128767.08993544843
37.5289014784648,-4684.7745038979265,-130197.08176784561
43.13415536592174,-4372.360028177458,-31275.84548001307
89.63050796234022,1669.6723173192554,31394.33185818816
100.73147076460069,1204.6114747998577,21266.106013257217
127.55845352557171,368.33955970658326,-34290.24427446546
122.00347780135584,-30.21628191195464,77238.80887694593
103.68748054921315,3614.88006438316,105468.44479165715
-3.600399166754528,1522.1803098949904,103972.99617655965
91.54785238078304,1214.429404714658,63418.78170664347
129.1811710498934,2871.282994870724,66408.92561925492
-328.86239686189634,-2971.0368561604746,-54074.84149600088
78.79407862364252,869.194731635374,70160.96120270473
-157.03816359991274,1359.0744421079016,20797.8321000149
-13.148782450899489,-285.89791103725724,-50829.66997932451
-161.00089646227266,533.444065269136,-12218.781738593796
58.279561937851554,2256.841069153247,16542.493930762943
-202.1932589191531,-1818.1614509967249,22016.02813811867
-202.1932589191531,-1818.1614509967249,22016.02813811867
29.98452253883613,4389.760113351932,58041.10061952074
-149.21533303028036,3349.4231107011346,57021.67917396106
134.35485444536954,-1101.0137753655426,-31232.147930106803
-108.54739140061886,-2597.1667431141145,34612.40066537273
-297.5119036655013,-1150.785675379492,88017.99612273515
-12.054098690332125,-829.8003492047144,16190.368962149892
-87.46980993039648,779.7947986335405,8529.964980063101
22.95588837634989,-1156.4487870790176,-1674.8618124115164
-12.331346916759074,-612.4792326827167,-38407.95784990794
-82.74173938451531,1187.039099182094,21300.39100916314
-133.6372407120419,-2875.085054787847,-26635.144056696117
239.04291424219036,822.2312668287968,62395.46004829928
-186.66396448838293,-216.83185373461333,-99574.07809188067
94.92227933118313,1374.2329249857178,61050.66266867409
41.48787066678189,1466.7095498683516,75468.9632976668
-17.758549599819446,-811.0033884157463,-85553.28516454707
-224.30173199260713,-2423.720741922234,1586.6973977728485
-133.05871048177514,-2610.786801173248,-4355.920074838917
-118.69541994030095,3455.8334546370124,-39492.395103175506
-86.23436582379762,-2064.612121363934,8451.886258387342
141.6333907678929,-1060.1119339541692,-74379.58920479268
-129.43916842889337,1415.2821836722571,15407.529114117613
18.0105593266957,-1432.7363700160195,-1407.0007060998032
-30.36352412383637,801.6869407324104,-58399.22822410889
-171.84600036383685,-834.6893772274452,120220.66847706886
189.61887092619762,-1656.589925641049,-15451.04067328773
-157.3433179925668,-258.60785353404435,80647.35385106553
43.46729067833337,-539.0973755395585,-42332.45122584571
43.46729067833337,-539.0973755395585,-42332.45122584571
-130.88363558891376,-750.7824546282051,-51744.890743615055
59.66341031528313,-3085.645562963653,-53684.36113908826
-77.92822446822939,2131.0284457946495,85627.484523222
-211.49472351082352,2101.3269872338033,101471.40880590973
196.64874544168563,368.4332328925725,-29630.763877599646
-162.24446681934074,-521.271509959279,33006.528729058045
-85.19620282374359,-1375.9163718965015,-43887.19534542821
124.98015980771174,-485.3838817448093,-31989.212886157286
34.908866372167694,849.1534696664116,40522.06608271422
-3.903620130327127,-3105.2887121569643,-26555.91723478077
-133.5029280214864,-712.5591689364405,97555.85465247807
-175.5718901994954,341.2829453151228,-23398.652155364354
-23.63533494944545,-727.8807228190594,9535.441257063276
38.507763015190505,-144.93852936470194,5682.819391850608
2.839940952634606,900.3089174883407,-90962.16672464038
-114.07625950412168,-228.78783136647064,71793.43362288742
-222.99815287262422,420.7725540241777,80902.21483699749
-27.049294711143034,1160.027640103452,-95079.27775762408
36.97841391516806,-256.33025710779384,53199.20799169212
-56.73528380513587,-1340.9055226998175,1787.3071598326496
10.893818368123796,1075.2230265596509,105489.38971814276
-144.1961591963271,-1000.1294879800424,-13094.072548146549
29.568799480836972,521.2482453975138,34131.60632148525
-184.89483787746363,-1121.8390316748669,-21506.678876661594
43.002341241049635,686.0655817449299,29010.1348142298
-119.16119438986676,-1254.6680171788423,-7141.9306095296015
98.44806082355768,1864.0789538357617,17148.17919546443
-105.21666866112581,-1849.1555647408682,-37606.45308558036
-35.982683560042716,-315.6787496873426,176725.23404327157
-117.96827341689101,2361.2784331773933,-53709.410273800255
-108.24136500811515,704.0899080680538,20473.058780756124
121.71913618516498,-100.45615992911493,-47539.62365421845
-239.1864895447033,-328.10885454891616,87316.30255381162
-239.1864895447033,-328.10885454891616,87316.30255381162
1.9222704793227194,1681.513237260107,-17140.839672530186
123.56249597902159,141.89559894579634,3330.9922652597234
-227.72880912018178,-3141.020178571022,-48253.784596861
5.1744926054696805,874.4765685452053,-27375.017806340533
-40.20169087469989,23.547606169189407,-15311.734258568817
-132.72662565146322,862.0376161595833,-4816.753743899548
140.9645298756053,626.2144971546954,31339.065952683577
140.9645298756053,626.2144971546954,31339.065952683577
81.80204197820697,671.0912227157567,73897.3290774601
-3.4595892205582004,-575.7992941201701,-42781.70680921661
-7.53244242912357,526.0363902144067,-27550.413640356288
-1.6809459058534753,505.15083539218404,-9723.45148102957
-49.91244944920655,-54.93425150888788,-81533.67897455396
-76.23711405342357,1385.4581180676028,46705.82260292642
-46.8037294365634,487.2762350433013,-38442.88610365067
-48.579603947421646,1568.2042582595739,119103.76352711984
-17.54933408880343,-2660.4489136829106,-76506.99272715065
-170.8056773693994,330.64597809710403,-24708.127467234983
79.78442097803998,-975.7446035766881,-56202.67366280511
-109.31239974161124,593.0184399362474,-25909.02545567992
115.9209532483587,1174.4541922067453,5277.588171439165
-253.02153510325752,-718.3185170899885,39704.888875583965
125.97056293298442,-865.8668285099793,-82255.49085261166
28.28103609718164,553.6647950058896,14133.457412824224
-105.22541186535568,-192.68645327070334,-29138.803584228757
65.09775659934712,2419.978088412282,-29667.071722365363
52.591107286418065,-1650.09570403942,-65074.26405828871
20.559955460617857,2823.9111766493957,34691.639319033275
111.46855485688639,-1370.3132217853113,-30844.840621169093
65.41097635679725,-856.4656060934471,164.25757233944387
84.99089278881843,1029.5888399365676,38676.77543722288
84.14245216604755,810.8504964645547,-16465.782552830435
-59.603961401319566,-534.3562139850853,10877.206442562914
-339.094793297055,22.81271562427105,128102.17568012993
77.33176422856036,-968.014349433943,89938.39201931603
94.65332361205142,-63.392702807657315,-35975.71831084027
-194.79878998531774,-18.960439215738006,54186.21385612383
-363.4289877991395,-963.4352599013835,-12888.357203255531
238.27520495320084,-1836.4171012655613,-111951.26952228115
253.4895522984309,1314.4238079240906,9266.262213546797
-30.003933650815384,-2245.879488827117,-11325.771431164148
6.139825226034895,303.033643896229,-12134.516363327102
6.139825226034895,303.033643896229,-12134.516363327102
-33.869696148333844,2714.8033271958698,-94830.86453772214
121.75064630664323,1418.2237716133652,-102898.4778402816
-104.875585222056,-1658.2314534916393,68704.40126095312
239.16595521361631,822.6577071328904,-12361.815486763793
239.16595521361631,822.6577071328904,-12361.815486763793
-246.43967061825572,-521.7051986770342,94781.62697233219
-98.57681949750796,-1719.3039403330476,54373.09357021037
78.37862535252226,943.0876330940265,-22775.125719179763
-238.65429345238937,-2396.866613487527,85520.0979903497
-347.18519266547827,-928.6837141033052,64223.39481823641
328.26386528423785,-380.98829736323376,-11096.11509341796
-199.3622732091751,-706.3283141627405,-30927.42459898724
-169.46609111276803,1176.7981757466514,-46221.4778533484
171.44024407090276,-1964.1872074443993,15023.800803419028
-202.3630616772578,1082.925269700665,60509.33979498762
-379.8027348157384,3116.960562403746,44181.312771095705
-89.42060605897632,1839.4752662933608,51351.378464696245
150.128147958515,-2884.490240087323,-19175.86083404438
59.037703548185746,-1308.6356559714336,-51394.582831583815
-25.475512264716855,1940.0828743679942,41183.316195956664
-25.475512264716855,1940.0828743679942,41183.316195956664
-43.010001806606,-1334.5084312298666,-62615.21748643893
-138.04432507490333,984.2048127675001,74625.26131604637
-33.87369307826381,1872.3092703036295,-118131.15312498645
-133.59617472866256,2197.149963114832,-112270.09111688074
-11.554280058703114,-1436.2286595032742,-105747.44436400653
34.576295104485524,1372.750173225326,101023.70046840115
-77.23979907253783,-2153.7286101252876,-103715.64271668984
194.56077147774988,1840.482928387558,104251.47056132511
-29.54657716906621,-2851.3066097905285,-66170.47664054492
-289.0756710952745,-3101.454588832698,-5843.343659231112
93.29672163306293,3363.0438830231196,-10245.192361795414
-72.99607647831957,-3272.4058098384553,12655.532363984756
-117.61447494606404,-2224.6612307775163,14526.770593075373
-47.96888074676065,3107.118509114851,-38694.44286834262
-66.2595188667942,-3486.838742502702,58275.649168981676
-150.0908905381076,-1630.1927578015557,85276.91123780103
137.96481379845898,717.1402736322129,9559.634610174253
155.39609996722828,2067.7334521029907,-80548.37651322583
193.49993002893427,-1016.0177791032465,48697.4116728402
505.0891926436688,2362.8659729497404,33728.927646285454
-425.44259374615706,-119.90506832636538,-13991.287182882546
-266.24493443025204,-1114.3882077635417,41999.171132013915
132.28511692261614,1601.4561148306866,-47319.94759861035
-124.79874482680445,1347.522327772344,23211.634611785048
42.19140321006523,195.8028782135284,15174.386122008284
-11.498278232390021,430.1364878239308,-50224.72513480668
25.148209463433187,-1995.3879415322626,-32986.60881872862
-128.19615998126608,1216.4225183548092,49141.85026748147
61.68270439393916,-1054.5224789906156,90915.67912627463
27.829526297635653,1853.3767831379478,45793.28742803169
63.28418268060223,1118.7535301764074,25073.65353883077
-193.20400614279507,30.850958129465198,-46543.50606718064
-72.33401202036438,1084.5154497681217,73386.43309556332
256.6847501283542,1172.569549210347,64416.132814577766
-108.19112388740302,2194.3244116070105,54145.179555800205
-108.19112388740302,2194.3244116070105,54145.179555800205
182.77665739037022,-2438.2841446928865,-57492.93813976205
-162.29609498693878,1321.9789178543137,32316.183557967335
74.2377618202987,1431.075599999418,77778.81036782067
-40.59122936878612,-697.7189911292568,-13509.658245049475
-76.43460985839499,843.128030769901,37388.96040033894
-33.74803504001156,-1226.1257701533434,-36252.6892764241
178.99000001220878,-51.04323030216665,22728.79992169104
-186.46569884694074,-1570.0404868934602,23432.812869032707
274.19900206695615,-265.8842721142337,27919.929206219043
277.36073188015314,716.8487059416162,3752.2216388366433
-264.91680033537784,-2134.7652858673105,-74723.64910606273
131.00700052623287,1406.4318383197751,98162.9036161399
-129.87971906071087,-1722.3987084293137,-92224.49327809378
50.85454513109148,1564.228834773745,93973.23777531847
-250.25492319577748,-113.54521645787418,-101347.93304357173
-198.1613119164438,-476.16710730575534,-52816.7610577581
-354.3098393662947,331.33742277506445,-66345.94405682122
175.0506891201153,-1002.7351281524567,100259.58056482428
-88.70452409109646,1262.9918219144465,78973.85250251036
93.18932310466937,-1099.936567684726,-17488.25376928928
-118.79691777049347,978.4085906801602,-69153.06493229892
-109.12616824334009,-639.5123094699908,48612.68862158347
-46.60797103804395,-1932.9746360307072,575.4708312951043
-83.34344853672287,2639.176641358833,-42469.292900263106
-160.23971161280411,2411.227304629886,3466.130275892705
46.592185600646246,-861.2430008052553,-62675.19854668941
207.63786469702336,1761.6743555239586,-70671.13706548735
-96.49936040327623,-597.4233202561768,172769.27476717255
-126.22277650856212,-910.1005443232357,56077.0774038558
-126.22277650856212,-910.1005443232357,56077.0774038558
6.287739877460908,-1371.8772775106536,-33182.73687976846
-65.8889409915487,794.5335898233604,93037.6203792816
-11.646812366837786,-1969.3970498999745,27567.705654764366
10.848715266953306,1674.9540106970614,-12489.032783101247
-215.46066989284418,80.837689790166,40959.168109346574
-46.321970618327555,3912.3525616818206,35697.19582306981
-31.517967988008877,2506.9226635523837,-35896.48082006228
-141.4129841246999,-1070.1012907289144,35922.13866159238
-188.416532637526,2078.6651057527138,33725.52508268285
-220.62953668156766,2265.4722611132133,72763.78085172601
-160.91635970443065,-1751.6076319429126,-55755.284007345515
-18.93860656471213,-2429.40397416255,-26649.66900495705
-65.38301824616963,1371.9845677902913,9124.62485120241
152.75529774785042,-952.1848788725672,-38429.34363576934
-50.63129113173039,-170.22453459427675,-74227.01958734028
89.81494353347637,826.5608501312495,68541.70189009773
-166.69968966419242,-1077.6170406141484,143874.69242717687
-47.05651359993148,-1276.5820715784391,65054.30669146395
-43.53641414932202,142.0439060795693,-45019.15370530893
49.1931059463344,-963.6517716299006,-40642.66859620031
-37.63920237235817,-232.36859100644642,65375.32735340192
206.73351617113016,312.2810702016809,66055.35689164029
245.89653756560404,-376.47233500739264,76241.55139851605
-149.36265981040862,-783.1016993533415,-131630.1933022557
296.5792468021134,1273.9456552364265,100537.85889893377
-376.4091515079566,-188.3374082033605,-29879.45521848643
160.08910344915188,-1275.300523502914,72529.81124222557
-130.94586203943447,-1809.9298865934347,-55443.127921296924
-31.348649111764644,2455.078607959359,62617.978705000525
-42.015026383171566,865.0494214635853,72111.98368260163
-88.87561498043873,-549.3477352451848,34157.089250719844
-28.07275315006094,-598.5666265291416,39059.85726313865
189.31562418320726,861.0614650003052,-4662.394746691651
-114.39558321129195,-2320.2611155570653,-77938.70501821165
157.19258814051412,1912.8381137249405,84273.21559007904
-238.59754064687777,-2623.053004987311,-58787.8319016245
-94.90968136409487,1796.7041317757667,-35275.72965561398
-107.48710119033785,-1338.8211285347925,35878.03024114045
-57.66940498777177,-63.20639877377471,89084.39192836385
-238.64141767622775,-2066.720551077191,40357.40839732829
-169.4180195815078,2457.0100648467965,3083.6453462005084
47.73753739718805,2893.9600383037473,136303.78773345915
346.0764999087827,2500.1914455610627,23796.70024014855
346.0764999087827,2500.1914455610627,23796.70024014855
290.1700664381025,1061.2293099155067,97360.89809720975
-293.8723761698946,526.0592138640418,-37320.479071450296
-238.7668186056989,1716.4221570395955,-3735.62329243929
-19.280125914175528,-234.78029143515232,-20719.705464363684
96.34588955186013,163.6138414043803,19861.14332207156
-87.72329950414164,-2128.956404832146,28960.693054458905
83.50005322768817,-465.4881912048504,62978.10615960503
124.55160996190685,408.6761461643502,-137240.34541075528
163.41174490706402,-296.66239423949935,134637.20306117722
-236.1997443452746,1453.5331094308735,17598.151888031964
471.9055034351424,-468.19815280358534,-3266.9164208956663
-264.1872618242578,-130.86920820902162,-23316.078497972707
-190.86338531431244,-959.6041032949038,-3222.018435283091
-310.8892436662687,-832.4359764708242,-4771.72130724478
150.13353626366128,1402.8183678119406,-5279.327602027531
-171.5588990977552,-2704.295992959686,-6636.90871028163
74.68679994040792,-2826.4089194797366,-11132.012665888615
2.0696432842359513,1990.515389017153,40408.51035964452
-110.3009727484749,1731.6045588048933,12058.059093010459
84.51206207319562,-411.8055234730414,4612.9357047795165
84.51206207319562,-411.8055234730414,4612.9357047795165
33.07395584995223,-579.0311017150606,-129668.93086405787
-72.0119906857962,122.2315258477156,135371.9399757386
-126.51102643003816,1436.0368714214894,174839.25824306067
37.21608555244114,353.1840753586239,168387.4069436289
157.45000607249955,2307.226516464588,69156.2100203368
-30.934704476227353,829.3547626095533,-61853.80977967034
48.89746994828903,-345.1624458063344,39783.889879361166
17.297810689658583,1275.6291236530415,-85408.61574389267
-68.00546834276074,1028.8239197725543,-38064.57499447285
-229.9775088874828,-1015.3340034271323,-48527.47882837409
62.93213779433873,299.6740307677039,-80856.49811192341
-51.76455551735924,1139.0232032695515,36467.927691774
-25.17354292282046,-567.1801056012648,8881.099780422956
-25.17354292282046,-567.1801056012648,8881.099780422956
-80.22943017915519,-75.0167384911021,-50758.141986191156
26.329810124128798,481.6068289883131,96017.16314489272
26.329810124128798,481.6068289883131,96017.16314489272
-175.05789709360482,-46.573969355604774,-108922.83148338893
-5.8325980566263524,1412.9146797853996,-4802.20368891352
-120.85518089010047,-1733.17081432392,-12327.387357618389
-134.66038032261991,2648.161262733777,5715.340659948899
91.11597095155568,1344.4306292162637,-73397.27521085733
91.11597095155568,1344.4306292162637,-73397.27521085733
-41.90923258185555,-1507.426669310214,-107555.13592370912
69.97731555527209,3406.9564272419184,37635.35311891856
24.127137276396212,-2294.7632911075007,110744.04673019997
49.228438749589884,684.9667869350419,-50712.53022947573
82.98900123130502,174.88407661002094,-85428.72182059029
-55.79150303360359,-858.5427515762133,101384.56069734442
-126.16778717633336,-1362.3394189330174,67677.78047733865
-53.79275429043284,-3294.427864354036,41079.72556161624
-125.77032318614647,601.3750575607023,-2664.867273997035
29.697280919349097,125.52848292549618,41244.211358732304
125.44145015373907,-770.1562709488267,-31238.713208346973
-121.99301322578893,767.2292103510874,43949.04586677903
-143.0948441277128,-734.8597536839045,-43206.151600296704
125.16121633837055,1602.1451007371086,-29219.029139745966
-176.17452343281326,-240.82121576187603,-20429.138810239732
95.36851611897922,1738.125734026958,-13110.216375804435
-106.74560980372533,-837.49823081263,77963.41970435764
-106.74560980372533,-837.49823081263,77963.41970435764
-95.95163747822613,959.3132653882141,-110814.84059774972
105.38249096049435,-261.3939921493825,91778.31193155854
-100.66258735084102,2634.531404319177,-169490.58714944476
-132.10223579696486,428.77929087321763,10187.452355552552
-83.64865110644575,18.981513270753837,41757.02115522936
22.29430305739829,-407.69025312936776,-18657.595086426038
40.10125716354178,-1301.3622908341845,53369.15600269103
-135.35322990806827,-2323.1728955114722,50968.817042225586
91.61200621461124,2865.291729547884,-52598.87316051307
-100.2775027875339,-3401.648104765578,-48883.216356323785
-202.95501391881007,-2923.4046904528213,-30858.345290178815
-111.32695790058472,3790.0366309055057,60143.435766094735
-46.914413038274745,-4622.052831058625,-21563.471380098694
128.25311601428427,-3284.8508975919985,-111472.11238848405
128.25311601428427,-3284.8508975919985,-111472.11238848405
-70.05728272104207,3675.528135839576,91050.71887615467
36.743691212533875,648.3562221253214,112922.35021086835
80.83998685761011,-176.41230660421547,184006.74274140387
-263.7291386552034,-3664.895144921684,74840.10074807853
-194.91979039974035,-796.0952917622735,33543.46150866587
-86.41067304380589,2507.680073902756,45773.49922484759
-97.98812337129235,42.29608807460136,-16243.03766435375
-17.573207321960297,1165.4548544410268,117812.68214440736
-78.99262927839281,-1871.5859933116476,-84107.6876921799
-111.95843086299456,241.50227678741294,4477.673556137888
162.44244307025394,-947.6947514366834,814.0634310697496
-141.39296525103134,1450.5794002468715,-104817.01689776374
-229.85363169125213,-4185.916569645191,3850.275410022252
-185.20423212536133,-390.9123730144579,-74469.06200542953
97.20189621799888,388.1289678946767,84270.34132509826
47.748739904595965,881.6818402092898,40658.93671852487
-90.91021083507269,379.1199220061626,-11188.401595077692
-0.8782098451282394,-839.8561948021595,-53550.55839700348
136.8972389398312,-1942.6515752418293,2759.5022662194606
-120.52520576646772,2432.5598744702374,-21240.515593993197
58.207257769966404,-45.03782172084084,-52638.325530762115
55.11162105209581,2142.1139727298955,48841.499594342706
41.630777621943295,2961.2792349336055,57177.64193152382
95.35933346581666,3409.6607908088313,-81106.88739175381
-72.61327316019123,-861.254493318881,135362.65944126673
172.27158940939574,595.2002932337265,-168665.29861799738
237.6441010551253,-1608.1926691202734,-141067.3157492827
-9.06059538045173,-695.4231052647152,44341.81846254351
56.33917001434281,257.6464595226985,-51230.05456983878
-105.28379668839676,413.1192067306422,38503.776714582564
130.28559049639068,920.8913227490327,-65901.08567539635
-228.85651341481125,-1843.6717962670002,-11177.670169040124
-166.54394867202575,-1334.4845344408834,-96763.70625063084
57.6302463327313,-533.9828349723148,66272.45087935355
-154.84394786942514,1096.2433128552916,-24930.133905401148
70.25458291317243,-2730.349252751579,-83267.03442695344
24.095855436166346,-1326.7675634493587,-85160.55181721854
67.18169931434326,-2108.900116834851,-201311.40141262423
-186.1453024551407,-491.64837621840843,-119007.72575696693
39.16657303659312,708.1120117936531,52298.28692401285
-213.47531689334417,47.75074480236765,-72319.22700176957
23.228579540309994,976.7988439043971,82144.11823768301
93.90325102410944,381.407894059006,126596.95703710202
-20.295627243383848,207.32297012922032,55408.83194955236
-221.73983813543288,1476.9649821700527,-68830.026832941
177.93597934176336,-1047.934061543604,41139.70926394807
-203.43829409786687,423.2191546548903,-8829.077085805446
78.27286123788247,-606.2698245866891,62466.88296015878
-21.97996539879051,1504.4176751479758,20719.268381196554
123.36806110560926,-983.8820733710736,-113030.85576902652
-61.670781207762374,1193.6994900366735,96263.89991627114
-24.043703874420288,-1734.006425688947,-84015.3921431113
47.71477793298308,-1632.84880536244,-11595.565301499431
-174.10267219872165,278.66922523951234,19774.74938456322
127.78348381693823,-177.90231483750927,-7469.656711330041
-51.50600706850017,-1190.5028012199323,3990.3165488204922
-72.13304421432635,-739.1236245044408,-2630.440767042026
-128.89547756424147,-283.98134121421595,12569.322800606435
21.141978165583225,-332.956477516359,-2146.8989427768975
-113.38014913471173,-207.09264535960347,15709.828199987116
22.001585416027353,-1373.257152828085,-15756.796328016584
22.001585416027353,-1373.257152828085,-15756.796328016584
201.67531481026091,276.38837015941635,-49361.72258277064
247.0907499553328,1543.3550086118046,-65696.97696375294
-8.863109747096246,-3233.688365765064,82578.48032367785
81.9379899046406,-453.5664652519181,57680.02347633342
-140.56714833741285,540.0107448827857,-68017.26754210242
220.61861277131163,-279.3666929329529,45668.00950436099
220.61861277131163,-279.3666929329529,45668.00950436099
151.65253353295626,-714.6050148560507,20478.90676895719
-243.70953149342816,-299.4581299137345,-62908.347360535954
-107.32322306992029,1886.4542472333455,72577.09948525165
-107.32322306992029,1886.4542472333455,72577.09948525165
54.56964733647584,1863.2071374632858,-50847.55864274151
-173.84110369216083,2209.428340537988,37332.30872136305
160.52841762510317,781.2877101230579,57935.64037020747
-148.27204803388116,-2348.8394685177177,-101817.92901114761
-112.33742599287947,-388.2706199945719,100653.41931704798
-101.79329932734939,1377.7937046464888,-58164.20088029379
-1.3584667102837784,-922.8390268851133,54871.251423483955
-53.46354912393334,1205.4230894992934,-52566.88950743739
-105.05015118801798,-1309.967756430542,-17380.008395898723
2.8379091018621807,1832.365983705428,6349.9247447094185
-47.24490225935855,-2596.8938859696145,67385.9048869616
52.34578926640662,-211.7322172583913,-82222.41608727281
-101.01152783267787,-1276.5300090359253,127502.98240794889
257.6480543250583,-1401.4608500020634,48851.215652510626
196.83243546014708,-2713.7599675652,-45497.391649601166
-82.04382110085965,2671.8593052352057,68138.7256194156
146.95445911321085,-11.111811281835344,-40617.971569359004
146.95445911321085,-11.111811281835344,-40617.971569359004
-55.27235485910802,-2465.636592775081,47474.13083324487
104.24483422295856,1173.5941129700736,-22331.113058224208
-31.67939013975186,-935.1763461548636,-13646.588793603689
110.36213194351109,1067.4317380951697,-35716.86738245058
-287.9909916251535,2083.764719205903,-77683.42747627251
-299.1785606199181,1475.5267376853794,-42580.4124196741
42.52839741379643,2240.989483466879,114387.82354044949
218.02340720356312,-2302.340708301733,-116878.91554756537
-51.86415082987804,308.303030111475,-83365.32846594526
-70.68664060338679,1131.3461444213099,-9390.405532672987
-70.68664060338679,1131.3461444213099,-9390.405532672987
-129.88801317705793,1267.8099554512273,41678.60110583013
137.30837195581518,-1211.920381522712,-44245.49064862008
232.22405117504744,-2689.9165690059153,-27310.825869070533
8.711737223330942,1796.8158950297473,81098.11230723759
0.651466404859411,1884.8034978596654,55940.275192990244
98.92236304853412,-1685.5487404720159,-23770.062603230414
85.8852352471128,-1476.2903196590535,-47156.09535635202
154.98149787761207,-1196.103322518422,105856.77912567434
141.15226033627812,1365.4718062619258,-63235.618635728024
171.3306287753287,1082.0469564522284,-65620.68577187264
143.15541701230615,-103.91532730665631,-20840.952192817364
-200.98174242106685,-1810.544272060023,98063.01217317265
120.1418800084804,3018.3637862456726,73664.45779441737
16.60810752890326,252.64366338268655,-50451.395530783426
56.06888576324759,383.3016101428768,93971.47498337794
16.776591625962787,-1.6072873150486657,62683.58675699282
16.776591625962787,-1.6072873150486657,62683.58675699282
3.3587548851819164,-100.6443371320175,-70288.69615949402
-107.93251127491405,983.6765246048733,26690.624611400053
64.5384687099296,213.24690198595704,1347.85521917211
-103.60216978842696,958.5739739879987,-16203.557266146749
68.32398214272126,-825.4919817386392,1596.8765309574228
-128.48693805236024,122.28995283330869,10371.982492481664
-83.36908760182607,-236.48095761992894,-55011.721201443586
11.728262745645424,1214.727759152906,17653.623765753
96.15205016830987,-1854.3653468779266,-50707.026169926045
68.51095373801238,-1557.065181483836,-50057.217417982836
-187.89489569320043,3105.672467439712,13515.69670819883
-187.89489569320043,3105.672467439712,13515.69670819883
196.71345789928873,-943.4329759735447,16406.329230116524
-228.42266170630967,1470.276781581204,-22001.65474948625
-101.14284980817713,-229.31338829234028,-21811.837075799518
91.26653078678311,-1091.0860278607906,44865.001155398815
154.93974100136876,564.530277983692,4261.273811872903
154.93974100136876,564.530277983692,4261.273811872903
-142.5067021129402,475.57307668375165,-14980.168784369058
73.35417119149803,540.1210487453252,56734.07330936196
64.66376696850698,1072.0903487522805,63236.786885029316
25.68155259543211,1793.8605043169373,43461.18616067793
150.7053440729863,-1881.4966189603588,-22336.16333935585
-195.02289383505178,1714.6756228185711,39124.43412073932
-274.30240071767906,1236.0319042952647,116288.66005306496
194.1671955519331,1441.4703790458116,-103730.17276254426
125.32512256145834,304.09340929386826,-21922.365904691047
-122.25389631137759,-2331.4219621628217,73143.28395813839
51.24194735417687,1815.3463922242456,-60762.77668014567
65.56133081732116,-2652.711749962843,-79746.58043175182
42.149768026564686,-2426.6292171497985,78438.18741186007
65.036549723562,950.0836373675347,-99052.76730838636
-166.65081190703117,-592.8025588400334,85414.58093627662
-32.76666574462854,-294.80230252510864,-90194.63964130012
126.27701421692396,-1020.6629357555103,-18752.33327427256
-140.66611981837303,3074.9540977663182,177450.22624387997
136.35853799385393,-5627.07909918395,-93988.23962150025
-132.42874512220533,2692.350130261488,4299.899641626747
113.08379964568421,-1632.5087124610768,-120222.26212468868
12.107405271091068,-2572.3946385177987,-66017.93118275079
-73.01858461279411,1364.9372049581557,-55079.32569210793
-90.47801621965597,-1240.8199226247652,-9437.224401713553
69.12053879050099,-51.75175959762282,26324.43191554748
126.68728936207808,1822.9024411393257,-137977.12546406535
-255.5140053520091,-1258.5609462663815,-38105.73318179148
300.8421896591283,624.7829802183019,74872.33498160381
-78.30778239635293,-379.52525753494047,-71765.89860625936
-19.394485155995852,-471.584940563886,104371.14933902476
-130.94438853221556,633.3743415638924,-16812.49364078908
-71.83991819882911,-1114.579577690506,76401.34894359535
-44.98994783750955,-1009.4185560155679,-130711.0538987832
-206.47783302299615,531.113373402384,-151121.32172691016
-46.881695205355555,2706.6478335955235,71083.52008755304
-86.86413322493954,-2558.905357861439,-84909.69717754614
101.7527660711262,3519.679929642527,17756.965665377313
-266.1050868518941,-3134.9261369027195,31930.860943823856
47.260147357618166,2513.35656680141,5921.265429769621
41.02198038122228,-2351.4047098476067,38530.00332937672
59.91980655012074,2613.551286806816,-14135.089804848729
-164.51702806288543,-3462.747018022552,-32177.157958987045
40.47875734318811,1266.2164211086265,-43905.299739978684
30.995179582684415,40.90317285882065,-94472.58972707452
31.910846333962702,-1076.6947257050947,-54204.970266682314
-73.53916038573541,2525.7786818912546,79117.1051328974
-139.69280240650102,-1939.5850776674824,14097.005126740769
-188.13533426959378,-800.1790567723658,-7965.166816364523
74.56548620222424,-1392.428737197511,52465.290985603664
-74.25784305368715,-321.7656519978714,-9305.185473235468
32.82428625421286,-187.866524453627,-21392.461670472818
-99.60853268907935,1312.2245125203306,-10780.616579721383
15.414894075469249,-1900.5771610323618,23966.140223518672
20.005855714780033,-457.41855847812167,-20347.26368837274
-134.17419322171642,1272.5394085078647,68005.76975363753
8.99074070848684,-1222.3339347526457,53364.0155638844
-177.6554328230875,-85.85216307395558,-15248.91198752269
-51.32662335326751,-1503.226060044044,65100.46113233255
-108.2140754136485,1669.5646015094292,-57970.471401380564
-115.5188158508365,-2407.811418935492,-20002.960646696476
-100.86840504124049,2525.5901045723504,-29901.552984035545
34.47968606188884,-2048.5593334359,17153.579230168478
-139.32276952842494,1145.884331111589,-16373.456596376673
239.88246883890204,-1263.6155132775957,-50961.3233235642
-140.25576418571944,575.6053616020614,-30491.06454796302
-140.25576418571944,575.6053616020614,-30491.06454796302
-100.31313989759661,-412.2876307394828,73743.07943205471
23.264349810820264,2183.878541284874,-13169.297953380788
6.315922292595886,-2051.684538891232,24440.30769970367
87.99558059496262,1517.8658824004096,7810.040131648508
116.45109190836499,1825.5564623616172,-11358.147123880542
84.16615513548467,-2266.698851430181,34510.58843862025
-106.59333933443745,-231.24022566222334,-12271.567874077744
132.4292846203329,2191.647565494158,-22622.023840271075
-35.94885428874878,-2556.1945350114233,-7333.856301791995
33.012396201016145,2935.33339522778,46109.5688119891
117.52456467921034,-1903.9805184426084,-71784.7636101744
-131.4635136418692,2582.7548490051486,41814.81933857695
-23.43001252483637,-1651.6576894534046,-61707.51389388858
35.75726119366915,-193.5413385614661,-34128.23080607051
-17.067034996901327,487.8048727014816,58389.87787504576
-66.56678924072176,-2240.047721466207,9666.52872668147
13.948988582274453,-1273.4195394837202,-40547.86069410655
192.59143236442623,-90.54709406690768,-100087.56049474391
-277.65755504992103,-2519.758309369394,-41530.111600701115
-9.252857271660332,3243.8432069333826,106341.70032588896
212.7105314682912,-214.10824318705954,-8498.219521638035
-31.790848587348023,-964.8386830238198,-67277.57545445474
59.65562439319002,1413.395682924181,71442.28552513
33.2552194333344,-2513.6667247404907,91430.20430266524
-224.2884892009872,2205.8550108570653,-10432.307439002427
-224.2884892009872,2205.8550108570653,-10432.307439002427
129.0162739562597,-2051.7700180338193,-120999.37286881098
-95.01874289780585,3129.812320001943,85001.06852293845
-14.782816471706084,-1558.7970596913385,28687.37957810449
48.07946322366065,978.1146850853552,63552.38753660995
-191.38423495624943,-907.6335267346795,-55253.94901898971
-399.55743048086583,-2582.9660213130455,38542.98058111342
285.5964268126464,3012.5667232567325,-72953.18710062007
36.140823823194296,3281.237786273813,-33231.9611706477
11.83644455673236,-2943.825575083373,30495.46706700438
-300.04400506399037,3525.159556043334,15899.0000090127
206.83602384696317,-2400.4466173921383,-51362.33318740336
-308.73277986472266,-540.2321715235544,-42686.00060108519
223.63846572833597,1836.3707798125406,22999.298795862414
-239.1002522586249,654.135686414324,20723.57682800571
31.470493304894774,2245.111881879587,-115242.12616760908
-53.5788368496478,-381.8430104528434,62438.89213325172
-110.83674541285589,-779.9873642438001,49026.74090633475
153.51819125042093,433.8279000373842,-20033.587604611777
-57.11996880151341,-2281.4182539011163,16034.59504391349
-57.11996880151341,-2281.4182539011163,16034.59504391349
5.476385113641342,-660.272752394254,62716.23896093797
-107.5585913940269,90.98964843663248,-46493.59432414994
23.085608088353496,-2104.5373068723356,35932.56147669182
-5.687514423929592,1960.4156017572836,12203.71311355148
-3.0914153989131923,3160.571919933815,19897.59699025231
-35.86054412060457,-3080.766572337719,-78190.55382369427
197.94192992376355,2294.698385087126,-12920.756582461589
-75.19910672152704,-1830.7145783674462,-18664.981452766697
74.28514169989339,2157.1663296932265,-79183.99472271705
-108.87460289864994,-95.14959082086898,28297.375520165915
-127.10352090844202,-1852.811510210546,-48179.348497561674
120.69448680177095,737.5317516477328,49609.347638577514
-82.15579937691187,-269.81255668422165,-6165.233101087826
-82.15579937691187,-269.81255668422165,-6165.233101087826
145.84233790613834,351.4769502126185,-17396.74657175219
-282.9837121104693,-2524.287113763472,-34821.529785583945
-127.88134703083995,-2638.280872867907,8287.551986362909
23.73930358450542,2396.860275936979,-6918.1930402005855
30.7301990290714,-2357.5776506398224,-3616.9355819892517
-38.41857447586277,197.62261576405353,452.4988695276479
-99.46661560630656,1327.3251363938095,-10577.439004133485
37.16969733918437,-185.6571206287722,-3306.4228774572184
-246.07239207245294,-688.5896397538133,9601.2086738584
176.92470766337976,-374.1583631329719,-43983.228645989264
145.17096537201564,833.681499061293,-35987.47938549464
-217.4636506504602,872.3910702704484,-33832.20867181031
-105.84927193699723,1448.0390074192128,-25637.499772471536
21.42424596564888,542.9198265002035,-41755.31945414336
-50.4067570897934,-654.8608009396232,30747.23626317941
54.80069082635043,-403.465105929939,-50284.25213272971
-275.59323697121147,2475.6797442470975,-6220.419167228138
140.86537685748846,-3389.0708069638335,70203.03595147355
49.3677723311726,-1136.3299168933918,-18093.426658771874
48.596791075365466,-576.1440993551024,-2272.412436380404
-76.60708235037751,-1221.1720642707594,-72963.78939583324
95.01557527564893,1489.1531819314441,68889.40534715494
-169.9325349357223,488.8341209111197,-9103.944440413783
187.13455813903613,30.927691972974117,-54643.241899838606
139.51517108074825,113.70607908557828,24931.470892277146
-227.95886546841524,-920.5594032455156,34978.97561784625
-25.485501820957154,3020.41994746699,-60419.99722257234
20.088599584777818,955.1077708401835,-68227.48868382609
-20.64167775830245,-349.5563976369078,39618.092391124315
-15.38674549615557,-905.0808737982709,-40984.58399850689
-32.31806321105555,-263.95647698896937,62581.830157465636
5.586512405657345,-414.1779740596701,109670.54115872804
-153.0049625182262,-783.3458112469555,-56950.43419185879
158.5918710416018,1469.379507234497,35655.789099904505
-41.95726781833534,-591.6940209131653,-56344.11981369161
-37.02738916417325,910.83986627524,45071.99993787237
94.46364101238753,-1585.0282495183378,-88695.83304780212
-142.15684881043637,-789.4118718970899,84203.46039595376
95.84632753026588,-3326.0902475755756,-90021.20896613161
-221.04341050117316,-2876.564801845215,-80294.59580353303
50.68372401940593,2221.5123350065987,111015.39736331262
-75.05277767646197,730.2329120266381,-39048.47626979742
73.62227295253098,-317.56789976862456,161111.17328438564
-188.84581530518653,1137.879386120202,-89048.90059531447
-229.6154802435716,-1670.8454235865665,-35566.986554271476
-11.8360397476537,-3087.4023420147905,-4980.960214951789
32.25772760815855,535.6794207340577,59365.016295618676
-98.89856552318925,1395.6074492193263,-8362.497324481868
-324.4359468809927,165.53954124504958,9569.36291826675
-140.58012295771783,-285.7741565569719,-6012.632266174738
35.65655502660712,2336.411792730344,116710.48812138823
-25.554698586572265,919.2570953785823,63725.87699015513
-18.1587821147518,-267.70290357527836,-83621.7903438983
-216.0931730398797,-559.3706969909347,62763.300536447205
91.99984609126662,-2206.843875218083,19460.294399910417
-251.13425112822333,2299.890263563039,-46758.08174718771
-146.71582333438297,1807.5789344607326,-69105.55091279824
-139.3048298050091,-1526.4972251261513,23582.790386644272
212.6349836324522,-630.1111102908519,-56549.99078561014
365.4406026637946,-3197.2305170751324,-48719.391005972095
206.26883669623297,-3835.269079456258,-87432.30069967976
-76.05133023349046,-2441.618864312546,-41706.26205642111
214.16086157045433,1167.5215527253258,3520.8790426577834
-313.9228503909818,-637.6755546746363,-59447.23855379639
-189.76459021668893,-1513.6842382103366,-32041.329431367834
127.63277900016425,714.5004147610837,-104438.5423482467
-274.4253429582197,-3.8104575989406726,77295.86536513778
-363.00111825178436,1495.7571956863303,74469.32416957928
294.4183411815177,-2205.7508314648035,-54521.73098736133
-169.19147781303383,2166.114872360446,49949.467008473504
-152.2141653946398,-1991.1993145773602,380.5132769095799
58.31883447779191,-2558.1653057877525,-48755.890194490945
9.52751320113206,-4148.259234456401,-63794.14279002333
114.71422527299174,-1340.1843944911707,-49724.39339181651
45.64762218624264,-1189.5636261307334,-36910.590100445814
-12.942007281662399,2460.422729434321,-28716.758114387136
-136.06800924006475,-914.4946830823387,-3807.9690542052094
-8.587164095435341,1126.6820098221788,20239.24635834328
