TÂº gas exit_t_3,Displac. %_t_4,Displac. %_t_3
88.28441715265907,-186.84978879083417,-44.31438990232806
-12.805201236633522,143.42127410464414,76.70374587361984
12.70805326670563,143.721721633358,-8.102477111898267
69.92398266160205,-156.1382807403159,-52.83283123570547
-14.916403079182345,-77.9565695124364,-164.46629499041674
-25.460737498470223,5.426860986871517,-49.765220754199554
70.68815655687531,-90.51946464331343,-58.268064505952196
35.96684864340726,-60.66197737304979,-82.20724014093764
37.08705649727411,-62.20630823974003,-102.3080172545295
123.78656802293932,36.76807901311984,-7.209120291685352
35.7245430729194,-28.320283799398787,-74.95143127744875
106.69435792852484,19.007262117202856,23.96774675104278
25.879552336761748,-15.634877479578762,1.765090660679654
25.879552336761748,-15.634877479578762,1.765090660679654
72.99426591345883,49.615156115426856,1.4920601534547373
85.95181187180286,-77.05252858955411,18.47344178764132
80.53701155847318,-63.101175455211944,19.692627524362077
87.3366335666466,-74.33870148311107,-26.968953203816138
40.57348664341159,74.30662980526111,-1.3912964967553805
21.576762050971162,-126.70317179598412,57.777219563418285
14.263310400211465,-157.74201916090018,84.41471321453716
176.30577981697127,90.40538189560804,-66.55953575575757
-41.12731739272739,44.82886167808688,119.08378586264644
-27.95892479121762,-67.70965500570632,31.09703289658458
26.89289889927945,-89.21234965581085,39.06579728214074
95.515969029117,-35.16811272545408,-80.62776546094852
59.19244157552774,49.75166395648812,15.134449621374166
-11.45441375325602,52.55864377332945,-72.81811483571403
18.21659502938889,77.04621798638564,-47.11009095321549
18.21659502938889,77.04621798638564,-47.11009095321549
24.706327806196285,153.6079270582022,-79.00129058499192
-18.404104613775708,144.88335006539134,-97.1781429866863
109.63756349320559,-74.68427213654678,47.69174502509095
103.3652426009115,195.09746422288916,44.79669241945713
66.3621097047216,-90.3580578389754,57.937222848995695
66.3621097047216,-90.3580578389754,57.937222848995695
109.87697747265705,13.111466151070829,21.629492045605886
43.070621126863074,-71.02830482246613,29.02919399158781
60.41840467686416,1.0768489457274626,22.089305802393124
49.83531931808864,-26.528233896389445,-51.32294211071949
28.454920805378364,-44.30820040424424,-222.20722233296047
123.85751838197001,-67.40200841712145,-89.8599501473885
3.2930733781482147,53.113722962593464,97.1282104463617
136.28905712493156,13.34217348219515,-38.34486406944897
30.24233205698971,-4.548479669912837,-39.723734709754936
-7.916957023457208,-94.41541295273676,-62.48493582641471
132.05459192553212,21.39737050929938,40.74103438230503
67.94642854372809,-1.9021536836846593,-31.153754939544925
33.04009538460889,-39.2723493845489,-77.07097985660528
89.91500260496036,40.66586999230506,-88.58378232898016
68.36192756148769,-130.20584279254484,19.61846329400194
47.624023348525604,55.760098972321785,-46.0044321782258
62.516455886073174,-119.8551885946355,-26.71163903302279
71.76469301832944,92.86318438919751,88.28701686230464
44.62124355749298,-6.352203459931076,-75.35888593147206
58.56579195304913,6.66857658855602,-102.41967954442899
127.88300971649366,29.385151704129854,13.579539507553264
68.9542688360904,-38.087521213146275,11.318177922794561
37.96283464174344,19.91395668209727,93.46853697185497
12.84030406466401,-93.78756113612279,-15.262043692017855
128.39197561116723,27.955290447337575,-33.978696632486376
123.26378706107951,-118.35976204332113,111.02603586997498
21.14763222169985,61.80732945822497,-154.42317206388714
161.801583779684,-15.660183237759298,52.07744910329424
122.20883753145108,96.86929686023188,23.675605527696163
81.35748695826116,-81.39333938032675,66.86641160035566
52.03841007980459,-96.14481011208164,-137.65207715705148
10.70567778180813,27.09869595413722,29.553453710933212
26.370060023462223,26.70078045008151,-155.988492446699
-29.797270955487758,19.55135352565069,21.838040176940368
-31.525129196856668,59.21108005711714,29.270414834790685
-34.677288482422696,-76.8656112139171,83.7947124643882
45.6948508053588,-62.27431781366869,78.38078977435313
31.42797432558403,28.470765153911685,12.069025173501686
21.37537427435715,1.8250251815401182,-30.424747207967265
45.76709251105813,-60.04587120920023,21.725304645498184
127.05911950465266,-0.8915032844260011,-14.333209878188285
80.22053875120639,90.55305769979898,93.15461575200793
63.13161431692994,11.773483056732957,161.95238543925214
100.78446034246153,50.888185544505475,4.215674098408982
19.525220344455292,-45.12530758309501,-108.23945967437099
41.02626542701076,-24.219487332321776,52.784560862612096
92.40281107877155,15.731973975920681,-72.42233943563934
14.412655980994778,-42.043899338244174,-19.101096997100193
83.2724764036414,5.565363486354016,58.1314495888267
-4.7517637719546,12.583804071468865,-35.03768415384556
148.8136145603102,-17.71573286435006,-22.7172465242361
-20.619239457477565,16.208857548533963,16.027806874040785
-25.706525712533338,-20.571770141021908,45.224163661908236
38.1043744248676,120.520482397416,62.637936016367874
38.273950685650654,-5.717762932111057,-86.17993193302414
21.1629789566523,-95.35761841565105,-117.77328221182097
62.64501435274248,-10.352558558954016,19.84942452177404
92.68487278406704,-102.40189355497526,45.880707416123315
92.68487278406704,-102.40189355497526,45.880707416123315
6.543389229605701,65.8431786118955,-84.21716821226968
125.1349060428643,-74.24238714027157,17.67000691488355
34.35591412883349,1.4728400804727642,-98.29317502484201
64.94197831099788,-103.37009021743684,42.78603640442676
84.84370559734103,-30.907515834149606,48.17583863378875
84.84370559734103,-30.907515834149606,48.17583863378875
51.366469660519854,41.23219734600592,-96.26090801816807
27.595533687376825,69.8174973782109,-67.51674321586813
143.980987029105,-48.02293137334826,2.41585586960872
17.599355274518814,-18.720398975705706,-71.22346832958813
73.94580972830818,-51.13394070922559,4.645821410040043
48.928698029321176,136.19515726572132,-82.2547050551226
35.55742764736871,-75.30190157814081,-29.74516324481411
96.54091786520061,187.11073852926864,121.03088588133215
1.1782254582912124,-116.37908497667874,-141.48888773850604
-4.615180206210936,-23.96948174212826,-150.0750729609567
94.03221694685809,10.815618040027637,5.394748052291305
-2.8962038489899484,-180.1863821537468,-101.53641945751806
10.961098066679261,-119.40570761721067,-63.98380475624466
40.46557174815814,-122.61713788075123,-60.2877225108563
40.46557174815814,-122.61713788075123,-60.2877225108563
63.58111074416904,103.05955965991599,37.19988614906331
1.5790423037599801,72.0179496216802,5.161366390075102
195.27507487113348,7.896918480859085,46.40788911877209
65.94459548577694,144.9142532857535,-83.4924385444026
110.58273957992336,-113.03604778686757,-15.202167569874362
131.1486114952361,22.277309271487752,104.98522525784365
-3.3418022197758646,-20.12711826583113,-60.04250137058801
74.43088226772815,5.959707132980764,-40.59740745223535
79.42569620958496,-86.45107141838866,-70.35297563988426
25.398314055926917,7.760356735476549,15.915315161514712
56.42126125518109,-37.29323259186623,-104.61587145522215
-17.18476347980824,-2.3919783832901302,-163.34156629484428
-39.12936086184636,75.29359860182933,-123.3830562639111
-22.81370922497446,-49.560829010712844,-125.38850629185251
32.27530517112393,-9.26343693548013,-62.041830767386685
72.66723420140264,-62.56509113789884,-14.03746156574578
4.603209149389109,8.084987756574364,-4.742693243359582
95.50886688391708,2.318578261282786,22.77542072525487
-34.413620636818564,34.81831707566547,-66.7021751313842
113.41846505847693,-79.44327838307333,75.09227098183956
32.0309194729454,-107.04863316907938,59.513944703986986
52.805251581487454,73.5367516173572,51.32926972009434
70.61394526846092,-64.36569282158777,-49.31457241039092
65.82460693286623,50.081717987003344,-93.02006086475761
55.55391984215828,85.00647727265483,79.21631575310396
46.80875005010775,-109.35483757199829,8.084752975343202
114.9305522231798,-44.27711628215809,-31.011783481161196
49.35405475172776,-52.331898179484554,23.36640341787318
63.517916295407446,-77.19099865369724,-44.62319530050819
69.88949515275478,76.80591609790798,58.3593479313552
85.773744982209,-42.41621146734962,-0.3172588236344822
83.71146283018875,-54.65450807841051,-6.8533949984288185
18.935294248678574,87.84006945352277,-46.72480816680799
16.648920880340626,-86.57780475310713,-63.179043745917795
-28.444468060879117,-71.83677481166904,-259.9100759495513
111.4679887955827,-55.648043952448134,88.07470640413209
78.74206504780433,-75.23209181771077,-63.49123877786843
-24.438761421547657,10.183173812026183,20.93457145126247
23.674054474258394,-8.64245198077996,84.63524681167254
42.052266907697586,10.57225929073191,-139.45474305574572
7.278639900973097,-87.0362417564574,-154.19932144965236
144.78255809374278,29.608086701470953,108.18650117637206
13.235866947789418,-151.6631472589535,-132.5573475373876
141.53463221961871,162.26262500727435,131.04344515319326
133.72384202260372,-126.68988426320493,72.21725972615525
113.89210253109277,40.28744965127973,-52.10198456287423
67.70674567137932,-24.77292095776663,-150.0636484179439
-64.61527925876675,73.43547708096781,-32.35176183249621
60.53091429371621,142.13644933564768,-7.570619638789314
10.597219739096607,-143.37458069025246,-32.99593818126725
155.26252900478474,-57.2421728760724,-6.16812898908697
36.91135764947654,125.96764747158413,53.82907175862124
138.0289574065154,-10.679788280693856,66.64914887141192
48.757665205059,56.610491374133034,-113.56579792899906
23.709431276477243,64.19385877901449,30.73602752276706
47.613274758851844,32.821898871308974,-71.92388886255381
54.98849929761351,-65.04509421483051,16.52163251652894
54.98849929761351,-65.04509421483051,16.52163251652894
116.27310827018633,32.3730993350755,38.539973648501075
111.36785434730767,-21.22872627879439,54.54073351342019
13.49165199953621,104.50571591863553,23.24291608519688
46.366158841890766,-1.6372956720244645,-3.6620065496591288
7.465859285529799,9.565499155254187,-139.08220623515697
-17.24717922071501,113.93314800025371,-18.8038211425702
28.018261182233395,39.37159014939718,99.89622296661706
118.35596362510047,-33.062506924264454,-92.83838534396793
-37.13319568508264,78.47317063072634,30.135231835829515
99.48304083719434,-93.8896783348766,-5.882077918708092
85.89988414955612,-49.36697701343358,9.385195306547182
54.33957964192964,19.736341680800354,-29.713015916983842
57.888224151628805,-25.47278808921902,-64.65773219835492
-5.712704932411675,39.57325340541423,-45.75775926737298
25.4872716029484,-118.21346488079766,-46.046338090483694
91.22590890834735,216.70947455157977,65.28878212736103
58.96737203933815,-16.618020111459884,-35.516396806912255
58.37725221915564,-1.44816998634726,-156.16845616000268
103.50103440603498,21.97573721339092,94.32308950734398
108.43506998964209,-126.28377408398055,24.753069550238934
63.67670072280162,-116.72724435871716,30.877910821494144
129.53357953803157,10.676022598604874,-0.16191794106277158
17.170600620286585,-3.2691305383842746,-97.73706174374188
71.7590330633592,-122.3754761904709,-52.76018428558123
34.945254676573875,-35.43270843414629,-77.95157217822047
109.14094799895463,45.660151350281,10.462010202508495
79.27916939568887,47.63350120873029,75.9803708064484
79.27916939568887,47.63350120873029,75.9803708064484
74.45334818723879,-27.682062032792068,0.7742327807701628
82.2884995131279,-12.498496935149362,60.258479025164064
99.9867206918289,-7.884312013674073,34.145835649573485
42.289229828706134,-11.424761572065387,111.38254616161161
93.8196416362714,-14.004366480046704,52.036791377847095
22.005382748459112,-41.812297941204974,-30.140375492581924
22.005382748459112,-41.812297941204974,-30.140375492581924
36.24632481646112,-48.92124980584704,-37.931344291802745
73.22286483104236,34.91756089375663,69.02366316404947
73.22286483104236,34.91756089375663,69.02366316404947
63.79644038411764,-45.138085970558535,-37.237867987619616
119.31662075594407,-159.5053355957656,3.4529724052021677
70.49116596961392,58.962892230378145,2.264007364344206
78.6694619287797,-101.88832328382048,-1.6057417261274871
19.456535571468933,76.31005680599193,69.63977135936405
139.0141534233014,-97.20810697563074,-3.8055058284997614
46.591370809800694,81.29220272792736,69.46958492382164
46.591370809800694,81.29220272792736,69.46958492382164
5.373631185549719,72.53719396121187,-172.315045076623
46.13855545516444,3.8291237116838914,-62.17566664636466
46.13855545516444,3.8291237116838914,-62.17566664636466
-45.918535374848446,-55.458356821424815,-117.50309816613574
48.76769291764688,86.01895389030813,-50.7219423475848
142.31944297135365,-47.91086146569448,-7.725167283551087
-19.485122674388577,-124.70367570651132,-41.760905864842925
126.32417479676565,58.793708622265015,-20.36465680403812
141.09800040328426,29.062025921789655,20.95381960498718
134.95578339030214,82.73682627449263,15.482881339397945
20.12287006192163,-72.17205184322634,-114.2147630693733
20.12287006192163,-72.17205184322634,-114.2147630693733
50.45734672493886,-69.7399033094386,-163.0693232430255
26.99472342916824,24.057152996260438,5.826742748485742
-53.6726697467598,-68.39865220779089,96.37502058885087
39.61084451505789,-61.61424846485535,21.57960757279338
39.61084451505789,-61.61424846485535,21.57960757279338
63.932352146941966,38.55448751412477,20.936255985557672
9.028634533124965,-59.40765038759214,-136.348169796321
15.898537065694583,85.14225052184145,-1.7998319778930352
169.18035236020057,-39.4512409078738,-7.873923006135485
43.82887570505912,-136.4661134252924,9.186769919314681
84.36192783370561,-31.058296702726906,79.22775986467498
-5.846690509592335,-6.996094728369858,-50.30960835414426
15.519680075514408,-73.26988196603862,-136.91277616098034
68.91291726192107,-6.145181198541415,11.440193572480766
120.96806433547962,56.88535323153522,58.71075885767897
171.149458813124,-94.10414256008778,74.10478227860301
166.50053533385838,-25.243117918264716,79.22642134781862
19.72439665379504,74.06190922835259,-88.73043631460331
63.128247332632185,-42.595157813149044,22.098370267412548
28.402948111021423,5.941884610227646,-83.17484967668848
123.44256874898016,-111.27667857340879,-43.52668102310006
99.90643301680143,-49.65897263966632,22.31704935358595
79.57137457268011,-135.27868201945515,115.56305119605227
-2.7695612190207157,-122.29005356413981,53.749146219451404
19.59543689273162,-44.27970546067921,-107.69849346115424
70.77937877094271,-55.046148938355415,-17.163393128490554
13.517431478668648,9.719022501914772,36.232307713855015
27.448093213981366,-25.163689588717695,-70.73718657521707
27.448093213981366,-25.163689588717695,-70.73718657521707
68.70672561992758,8.337952811113926,-46.841227625666434
105.63468284003989,47.17774381617434,-37.360815183453546
-0.40364049980457395,-102.03466402095884,-38.32548936391111
14.740278695192638,-58.5997447456152,-38.317040135909785
68.540425109816,-84.65473343370066,-24.087652717198736
19.220162208430146,-29.524475812337272,-100.48613494053198
87.12561877038789,29.355315819051604,21.399539562217043
71.46754654293635,-75.706907230609,-126.61480977273125
11.24505836942857,-62.28408777007028,-99.77735960901391
-21.43450055470265,95.19750843857457,-45.494825844547094
-38.747282422998424,70.23676650350335,-44.835901846343795
73.97458814822696,-4.280721561956014,-80.27136857879111
66.09717390134031,-48.66202895947084,82.20289740347516
41.28053034127478,-133.9361872084684,-226.6178627110798
26.928170977565415,-183.51332941460558,-184.32670118582263
63.4551546834487,-1.067277641401546,48.25882373954434
84.01814302295529,75.24037356243532,63.141648683635154
113.62407519048745,-65.23070071662642,23.828325846548733
24.92712067971017,13.919536749741539,-45.00176600513882
110.17067650701968,-83.3401075948172,74.33076177774478
14.715570729981868,-71.36162703477915,-85.24068704451503
57.959159491445675,4.518054406865801,-74.02174221051045
135.0062968859487,78.16320534770074,114.05254512864636
166.55549786931272,52.46270913192616,132.28159663968336
87.3058098051918,96.09358670603478,57.813678543102995
89.37316316580123,28.027429890217263,112.30832051816782
53.41778525166774,-13.593684159637164,-62.525093945414106
53.41778525166774,-13.593684159637164,-62.525093945414106
66.20355147027799,-15.009657615936703,11.145051329914416
44.42220921547475,-21.06853170289459,-62.73873837263831
80.53001968603655,2.990052377627208,-20.35280087526967
-6.493687728116598,114.25067790509455,0.9784650222076436
88.4857644162789,89.11253277839171,30.452428998815225
32.354148784057784,-93.78796179135514,-116.7532626790217
75.53585081123839,71.80937174746045,105.94162415353357
75.53585081123839,71.80937174746045,105.94162415353357
85.87904354637368,32.53269543229104,81.20849265210506
60.45576272117833,8.395725486547125,-77.13873016782017
102.31966753762902,21.68251263363703,44.69073854265207
48.732461158708176,-67.68750331869275,-11.701446499831412
36.37665792672675,18.630421383446134,96.95309911508667
2.527280696378263,-58.35660431835008,98.97299102787304
96.1518237419251,25.71890465791359,19.263894110179066
50.554336372785805,123.46289582071188,49.02811068736633
95.18609810681119,-129.524826816089,13.344281929391883
21.416087580117818,26.823408153975265,-69.65263613819006
16.344224183978312,-53.62254526715372,-150.03803276333747
95.26764458745508,-101.43630616550223,-95.37098527306905
-40.90059006222707,-70.91093612035547,-152.4667121887114
56.94921008743002,-98.91080074408765,-68.37060540428175
70.97767656095986,88.97939831667775,1.4085091170624175
121.20629726056879,-181.57763866800545,101.50199460217343
76.17237320339802,131.07304287920834,-64.96766634861916
29.77672133460309,64.9736820075523,5.120560643329142
-15.526363990449532,-99.42641010307742,-80.80594788497157
167.9164652718148,63.07969352522883,82.50073933374264
20.072041789999332,-59.09272163625499,-30.56881847413635
75.02328824491926,18.79404964883763,106.11615533913584
22.161108134446764,-43.44275977868922,-17.2865037129072
-10.263181913760292,-75.49871433407583,-73.08063151600741
33.34318651820347,-33.8386932749898,-165.49870671458933
61.92797309466171,19.95667749510574,170.04726524408997
44.60111050853508,51.795965676976465,111.09286157106582
141.06267236874336,10.165451300754931,33.003250659375695
-7.74884713213099,137.44828177255553,19.176624647044967
12.535319267170777,83.67803577539644,-12.825542766640147
139.90143380498182,-75.41350238220318,7.090866077244819
-2.686758216373555,73.76449750264955,-96.10223677493389
-4.675361124948255,74.92113534967882,-106.15970313328333
-7.086195568535221,122.00737450911936,-112.67652225368585
72.2485300981499,14.160718089263554,65.37064635416098
65.59429714929293,1.9197565176451405,-0.7943433693167563
68.83916675806985,13.57308699551516,-60.73453370591836
64.2347348769392,64.10780116047486,69.334084145906
130.5536039698982,-39.93878290707016,16.736398178614454
34.673601832982975,41.253634762809284,50.518779402421174
31.479561484287533,2.0435187378174504,4.386785796887352
56.076908391483386,42.76863427934313,2.6857386455136236
45.007771142734995,-77.19838408708256,22.244470234774468
-15.71897728329646,-12.709483337825576,-2.5538138642689034
154.3634633693765,32.911963317285924,73.98967079294152
32.55656956441406,59.748041947157,103.68893004900504
52.20420399214399,-92.67632532313075,-129.35416257459877
72.18331967098821,83.19326196249094,25.550338574779655
113.68449059509231,-7.3295206776829644,-23.08053565972173
-9.14919580533693,-69.06223341425213,12.209945351215314
0.3570693718138216,3.7668541943300937,-20.562306618594835
88.77138897278417,-43.701810186948315,17.64708604645306
72.20654218986081,64.75593224261632,-57.82879934537616
33.84534105819008,-144.6785470929423,-49.23651101241887
81.00517235513158,-55.25368211799271,-108.87595118575618
74.55577520049579,-37.57061047265975,-91.52311920215939
135.71376744379637,-141.63061842711943,-104.78199896409357
-29.391318821335233,111.97186954291715,-114.89506974070848
66.05134808486346,-133.60638893152503,-49.35104454690229
-16.3453828928835,111.3107785976861,-64.76806168438858
72.13292270170257,-146.29808700574642,-14.531417233152531
0.2708793079976317,-211.1425832745092,-65.86142472948325
46.23744260761198,145.25173955304635,190.21597184458346
6.759612574725622,-215.94334117045344,-153.72400139159208
64.72375390796803,53.018976077696834,37.74970127249503
81.377876657992,-37.92368234499474,22.680508727337767
21.63224243919544,2.7486250398036383,-67.6598347862126
41.727669572039545,-94.91963172008157,17.764327745402042
125.64028351716902,75.40718119181618,36.3592976348212
-33.07171055551398,-125.7005978192671,-50.501589402795034
7.957913742581553,31.668762660438205,-108.82262101562931
7.418788240414555,-116.42758824436133,-112.12674774270555
46.258306344919674,61.00399579550928,41.11095700373647
49.30370205159448,4.462966192481687,-36.865478491927696
64.64021779328401,-14.286478353832587,47.19174689804974
71.94396066947145,145.53775363068104,50.80642691613494
106.83171495717913,-90.28047768090556,54.59123814285981
76.05205256259222,-126.8702652656865,104.44213713530425
29.473683240843265,122.42739369956047,-101.65876934711642
97.90609157476896,2.012672470355568,1.6130042863296978
49.92224145878235,-2.787163629301542,88.66634993130137
49.92224145878235,-2.787163629301542,88.66634993130137
49.92224145878235,-2.787163629301542,88.66634993130137
151.010658161016,-36.324200502812175,-28.404314134100616
-28.009480256311907,22.725241299837574,-24.37379905351256
38.22115945833376,74.22630687723236,-123.05547603135005
127.59372941908762,-58.44114899260914,-31.464065805887287
10.808146380573923,57.51405621043226,43.772433186500834
124.83826545739865,16.098290298226296,0.06546735765470402
-39.193303926618796,121.0212228007133,16.046765349434644
-20.69337578781115,132.77821027442982,-24.598589816460546
-13.157067628132026,-92.05333601644627,-169.77366990232605
-43.423706649156415,-123.49895960328611,-170.64042296873745
169.42773396163295,119.92540801930076,100.72597937427007
59.19534860788363,12.7073866528104,112.5648677912385
75.46409718207238,3.633390673575903,125.88132594058432
99.80896426239964,-82.76933946721103,-70.26885441765756
-4.056626819611935,-28.51119191967608,-76.95538259665561
13.770614120244883,-46.71514993263986,-57.80230043452313
73.44461629807331,10.960892388866531,-72.45864415163065
8.327849694127208,-49.05597533323022,84.85413848211141
57.42122252214932,-8.278400410897525,15.76196262670517
32.501532025148336,-32.988394631886734,-119.0259608574537
81.29423588561335,45.38348345548658,39.0768719336329
105.43608602074772,-79.93368202921275,35.08145010188041
53.481326469555704,188.8101609843513,45.1101430240836
59.96024455854538,-54.93031606707973,9.92827450374276
120.66153133154938,-97.19334442540722,41.223342966511254
4.3648830894198625,91.78561466365673,35.50920585466581
69.79159373852364,65.27430573833719,-80.97589458560748
12.824407894788099,-41.53382349553286,19.621893823227957
84.42177827423173,62.561128026406074,-17.651767273290353
32.09866011729788,33.491311724101124,93.88049030724179
77.04525951169805,-32.379929460632255,15.487091468891435
-47.315388451750565,-56.352553025074215,17.513452653002922
-18.57840022285551,-49.65693328171125,30.880241327764494
125.92586393358155,33.55772885623675,-49.13911648602219
18.548725377086264,-22.072313141070445,-35.899040664428405
149.7062638872468,5.815659034216317,65.74119584090442
42.58996989706941,86.32050405181717,41.42872937468613
58.65201600195745,62.47577004515553,-70.01868764550889
111.55385753913495,-38.193319143261355,-6.819269277734378
-15.163308841375425,102.50872258895043,-22.562010193451613
55.44860422743482,-32.55081575597622,-47.22860457816341
-27.105240394968,42.990365408847396,51.41706669899952
82.07660482086408,-11.130246384850444,-58.44314156753306
96.202605658603,46.23323732711884,38.853668946314755
47.336857941820476,-28.410060027724057,51.347677564930166
36.3192144860878,-9.330321943250027,-2.6005559091542025
96.52186658624076,-93.23435971978867,-28.795811144374344
32.108059878292664,-10.966521866654276,-49.3675987188518
117.51565886018048,-95.34972895416306,33.73438561654979
12.443063426675828,67.09399230836438,-15.760061931443587
88.43662557718332,-101.44782461664565,34.83608478154258
42.26413222803918,139.27408060356743,-44.11579518336705
91.03678266237776,-29.895619182554142,109.25930790609024
9.827109748734841,-3.643768186183671,-101.33293903780981
66.64962736128979,-52.87667374440825,125.28260585111896
-8.851685487266224,-96.43965946475313,81.86832166427388
64.98856632802045,19.46646766171152,-90.8744882481132
-11.766944897096966,-45.044593029497904,-4.718261982166489
114.96460712919963,-24.426556784722706,-97.63684621886196
53.474660943070084,52.659690294743925,-11.84386034335499
61.237427589920415,-69.06070958738704,71.96546804910024
-18.40533166415491,-10.508893715722856,-85.18949197774646
-32.66665226443808,-3.2209535852794957,-55.425738592778096
68.72841758869095,-14.797793048888497,-103.22547466569281
25.555767829814975,28.90531828355267,17.420135442491002
90.06301711251163,-14.57226659669411,23.22412842331771
6.836939052046123,-56.18495464559048,-83.67935020338012
86.85133496581648,54.59611241941769,33.9981636523002
88.59345569644864,-76.23516490115362,-3.6894479989441886
88.59345569644864,-76.23516490115362,-3.6894479989441886
84.97429454492432,119.15253927276666,46.863848736050656
44.08702612543991,71.55949309512356,55.092089666938534
37.69326888793928,-114.2191543188975,7.439414597415535
15.512269431690918,18.583946505228596,-199.3896886166931
74.20766785288833,-14.783475035577545,106.17276972244872
122.48919204450227,-28.04773820661922,-60.211626677040215
-13.018409527382744,-39.19231495419089,34.08717193450174
-13.018409527382744,-39.19231495419089,34.08717193450174
3.178994964302454,-29.43658357316648,66.08590316328247
-11.30296989993379,84.30284856377375,42.673862405319916
123.84102870405559,52.36784674417897,58.240315233823935
54.94825954484222,-27.37240555189119,68.9275132938161
-9.575603182351564,-39.010423788509115,16.42901717944612
24.796845449927275,-12.885794530615755,45.01484500700553
89.44347434209388,-0.6921682897709687,52.647484514464765
42.24997764529175,46.522922839943824,-32.813576974395836
104.84700452281808,-32.45202399335423,17.48923249789506
70.80046389411416,71.3143607053334,-56.01183941142445
58.99601588367223,43.929136708673475,-41.68072303701817
-9.497045902065992,12.884107725596841,-129.0782018438656
145.6424265559429,-12.072061915971709,61.348778885067276
161.20485074396797,4.056732867921955,84.91205241320155
161.20485074396797,4.056732867921955,84.91205241320155
-5.552952006949738,13.539493405692474,-104.42896145218224
116.57401542010689,-67.10865306826139,-53.31193908967836
147.84487465004486,-128.23884274204784,-44.77633927795316
43.00570614200504,48.863175367259615,77.88846560084589
23.233213934313156,-111.11312147194508,-1.2989244661976755
35.02249039266603,-159.68748141398663,-2.587995749936595
68.05848551322926,-156.5512724152701,35.092812652530704
47.891462716300374,-105.76998093878333,-77.71148365436491
9.459978925931978,-73.93810615152348,-163.56887741242983
-15.63250625115106,-113.07998314587763,-165.84458157359114
-1.1093881090452697,58.47062660234436,-119.29878221920438
6.785801851774973,117.68050336259617,-137.3186075901926
-57.48839123492897,29.581101734744664,-20.387871249795552
49.573344665596935,3.6211670859652685,-123.08553322835039
-4.40117895232455,-15.525075692985652,-84.98919803936377
95.73229350420227,18.383432403736585,-25.96390233200762
13.850139308917718,-158.54476412557594,-142.39952943337153
-7.796436659114924,-55.37758925691779,-106.59934307324849
138.11396868384594,51.91512811083175,88.20207134825162
141.21314302208123,0.8969048920894593,48.611222177232165
9.966358744523156,7.912958392223082,-79.38709507930847
174.1687008011575,-118.3888337589978,-7.840685689355098
114.96573718500775,-133.52267145770597,-52.261490177214874
-32.43498232054687,109.55856876216595,-19.172157781533144
134.32316402772028,-133.04399119879486,130.41163455989613
19.834934234937975,43.34474818624298,-53.13133436308246
57.18015721817855,-92.02399435132702,115.5954269388159
22.21108293948886,-10.136672841924721,86.670760437052
158.17730431588032,88.95351432939816,15.937604740586387
143.15459142176505,77.03434656699378,65.63748424548834
49.91675425889387,-30.34498259900503,81.81136444690236
88.42766166670064,-4.377501481759186,-76.93301972118535
121.27812323869327,18.74586216702483,-91.92263189684411
121.27812323869327,18.74586216702483,-91.92263189684411
-28.43685635597437,20.98193485283094,42.84144316358672
148.1571977616135,-24.671039265670945,-60.68252005935828
122.12505582401857,-14.226113415163706,-2.3870655702213313
49.82011125532762,-35.902936446692934,-65.2002359758113
49.82011125532762,-35.902936446692934,-65.2002359758113
49.82011125532762,-35.902936446692934,-65.2002359758113
55.565871896110195,-11.83142253708532,-104.15308790960509
102.36052117552666,67.85302952870454,-146.29959609197837
95.35651804376586,19.758264639563485,27.025374039837146
25.99271587025031,39.00044015247909,16.803792019154542
72.04237884036594,-65.26774618685005,-80.34875574982307
11.513071114165129,67.41527032063992,0.5948879272787622
64.1399182922095,-37.5808753512827,37.60831802507628
35.332946098597105,-102.8484519255704,83.41032565410973
39.517501483971444,-68.80177471839625,-4.422127943167453
28.471286055256627,6.839742478871571,-8.723429430278074
56.154139078120316,-36.8179463263994,19.4440067770877
142.2868555273394,-9.202065938959379,121.69896195248265
30.748665602206017,-43.00847617699635,-85.74231459302608
83.74371520393392,-69.25229751751687,-14.333116533042713
83.74371520393392,-69.25229751751687,-14.333116533042713
2.9949027839283673,-49.57630029544327,-132.4479677645359
24.611826772902862,24.77956102845089,-64.72936813860807
82.20575945351472,-10.396958739903045,47.08246470450952
26.397866881037064,-43.342467116162005,-37.04775689183076
76.50079064126072,4.879763280223891,19.263846713563908
79.53841908980273,20.825026701743965,44.850526558044336
30.380939989476225,124.06712483665419,-32.30692451312406
123.26640612360804,-122.01473681857176,-125.50841721863745
47.75807609673194,153.47589868802766,22.879230042673072
76.48206370734061,-157.62541678210982,57.7507819693803
55.86816217092026,156.14665863173184,-187.23956673200973
102.58355249578901,14.797991978655858,-139.84467739557263
42.178183777344046,-51.417777739094525,28.24337000394263
64.30553883699945,21.471787916281258,-12.122599176321103
-45.737212425663685,-55.04467356022318,-213.37830088603442
-5.226023152541842,-27.898813826772088,-161.43003881773828
130.60297434696054,122.4536792137123,182.08656521628313
19.432393598489384,-72.61060769608785,-46.71988480241987
7.638779167243513,-97.53149998699541,-0.8250229669614342
136.83547787410598,144.95253909038632,39.17225272234379
-56.313826618420734,-56.79939788593123,-34.73657701702702
43.66577751912443,-62.72456092409435,-35.64690098731082
105.1853092452458,5.778367064755642,0.3575907133831322
-1.3991558042956935,-37.945693029074086,-55.18152494054246
70.84965037630465,-46.053434930156335,-93.21249453429755
-10.683201802790126,-15.85516567104191,-0.9045631105944025
10.4950868000987,-7.2336769072930736,-11.391721285219718
81.33489121118669,-23.154651096814135,81.79866453524428
82.48323880589652,76.63105220456352,128.41881588999394
34.126093922156414,-148.90007517649644,-79.76088168131457
88.76968943782714,62.66696437112034,37.96096487247222
63.699044280090746,92.64082410543472,48.22584133987505
82.78051189546753,-119.19525266444954,-5.849709710216686
68.6183116308163,-19.622083559843702,32.8630134482179
51.15502822133554,8.919282605520067,-15.364134454455915
21.393671624651358,-47.65807445722466,-103.96972507174101
62.592509669770564,40.785557904720804,116.21670564262553
62.592509669770564,40.785557904720804,116.21670564262553
106.82011160364405,-92.10316471890357,-25.60232833244561
17.224569897961302,-145.83688201346206,18.402950814150195
53.406519749531256,130.62239952813445,-49.218760555499955
49.54198567837419,-160.30880209625082,-4.8023169282878655
28.06620915773434,50.214950420901005,-22.345637941836216
83.19940499809759,60.78538186729246,31.711002883125456
39.282274435612294,-21.095109976414378,-27.818281948957242
38.21039881163638,-34.401225866581655,-20.33978554429899
73.53703695480502,53.60259240511513,85.90845312127178
73.53703695480502,53.60259240511513,85.90845312127178
17.28745428080903,-100.325331970574,-89.0845413032758
-13.669970808459333,-67.51756528910235,-127.14531229590843
-23.306654680865726,-65.4011533371105,-95.29707269032778
-12.497381365809332,205.38052401843547,-35.01084926627372
96.97831085200724,-68.07628113132165,49.15101799174597
31.910052681868045,72.4353661198733,-39.25978272120314
93.38680870756346,-25.477158225322626,50.10273966528685
77.10798157011313,131.3194275897127,-60.18436077279823
110.36677499983361,54.75147609335495,-12.801727465634457
122.09641465514557,128.48017758333725,-63.955228951919906
80.78461506110682,-13.750615722870236,-126.014272375897
10.137436879576853,-44.312633336534915,-123.11398868567716
49.846844393055626,-136.27247060992562,-156.2674396024188
101.05248478386457,133.572505531458,-42.116180857692974
33.11139246260662,-29.182490271882585,49.08005302847997
82.33697562345641,-46.478671295929466,-111.16790366054107
-60.63790406324637,-47.24627961882934,-25.419378983411054
-33.57700879987699,-47.37524755510518,-35.840504356247266
-36.18928190895028,85.8675080944088,-99.74130542681586
13.28261553500608,-81.1901343416916,-107.93849365383326
-4.145062068822629,35.96270315979795,-71.44504490450583
36.17995561154582,-147.11401516657577,-120.10758959457132
36.17995561154582,-147.11401516657577,-120.10758959457132
18.862994092110235,154.9042657878842,-12.078653594299396
10.724323938166181,88.46448309480412,-19.13208564085201
98.41309736717056,-112.34954553621864,72.76655816041644
88.39822924655427,-41.53425189305227,-33.88831243987353
94.08021103779365,74.06258953318483,-118.76067495517032
60.60718086269263,-68.95447735867431,151.5349315953274
14.305838733396897,11.165042070154797,161.11313477921775
29.792784774041372,14.568750074936938,121.65841561861814
71.97245255368485,-32.54488591337949,-68.55694375885884
58.98307974631094,1.9506523752918037,26.708336682614814
102.14700668164738,26.13837709595964,-92.78465753573936
19.602316273359108,-49.20373966672989,-62.25339212072753
79.83633635444605,9.753050032551279,50.076354683084126
19.396040753777996,28.16001033801326,-53.29536115939047
72.03284586482008,33.999056291444305,54.74361428958902
15.277952703347054,-70.66900135848782,108.5931714755578
32.523678688050985,74.29623104219006,43.10269359334974
32.523678688050985,74.29623104219006,43.10269359334974
54.902851119799024,-24.333245619989256,-1.2077153934399902
69.24351379537012,-84.72326242885427,-27.78453855701038
49.69711748871177,157.80047703954364,101.55342433822608
92.85564337287606,214.02496309321825,62.207648767326425
45.42899312745518,106.68325671598224,-30.776347384757038
45.42899312745518,106.68325671598224,-30.776347384757038
74.90933624822556,-1.307625647927864,53.13391276971565
9.138922235435913,63.49594388672023,-8.58063090590224
38.020677513420445,-147.30907281544557,-100.12780917278594
63.10864293130153,118.79483552362288,153.60322959493607
118.37285935217413,-5.811736571472565,-18.18362577089323
29.636178428433624,-107.72393067047157,-46.92640403179255
28.950671673923157,-3.3985891088838116,-107.89180558327882
57.14667431485233,-65.07327481824703,-2.6250785253863
57.14667431485233,-65.07327481824703,-2.6250785253863
137.83382155811728,114.4825699898434,41.47711066942828
160.31569739073345,11.688543518280113,-83.04227543924625
137.28790807958666,63.184243376090365,104.87438233306679
31.071576882047047,-32.32685201482403,-191.46597149114882
47.91926799413004,-47.89412588605961,-166.51168994283375
65.294758223529,25.23328575893931,251.78665936706938
144.42510001597347,58.964084568060066,156.07263018807433
143.40198421809882,118.40160421266705,195.87273724031405
101.76876622688437,-4.465446936131656,80.28960777872089
101.76876622688437,-4.465446936131656,80.28960777872089
17.59803621082139,2.193719365961467,-11.02649503609885
57.691121834531344,-49.20352727879707,-6.486264762451555
16.253637428286652,-12.619672701359818,-20.909261092312477
-16.114233923823903,-56.962485423004985,-5.834991369094849
36.61660506056131,30.749072944992385,-20.06876773979262
36.61660506056131,30.749072944992385,-20.06876773979262
9.816474173686213,-21.993160578869762,-100.19086880953722
9.170067039911507,-108.53233993527667,-154.52112757403728
23.302556653948976,38.15925823703398,-89.18309897219959
-4.708660081558456,-177.82397647845303,-118.37781377617972
-3.519535319254331,70.19733494852292,-126.26598264867849
-48.336949798363584,74.91081851901544,-147.04943947783363
66.1875128946291,-24.875038898484874,2.9234012965246734
44.052909590781354,-46.95163781406855,4.61155917553452
46.690007743651684,15.19514140799506,10.315800309528932
63.79091517142626,-28.16268488962158,-4.766442011075895
99.46818469340857,61.421335812090774,-1.7599009374836925
78.50289520149283,157.23834285299097,151.0693507381896
30.716978218610578,141.7280650232378,197.17512497302292
37.79376897447108,101.83802699292124,193.83165242498063
94.79408969192974,79.5440619506194,134.07990356740072
79.09064937699942,-32.966751390545454,-26.134071818783013
108.24125547437058,67.25961788382348,156.25347431249872
103.82894115663447,-32.414637839056525,-37.38827796524025
172.34555653592193,-97.32057313606376,14.99024729131154
45.586338090844876,-117.47223834582842,-8.131343528014781
105.895395935603,-23.406321582929635,-35.62998900223896
1.9202367821588568,-112.3796874949056,22.445048910792636
-43.94828462591939,44.31672993216904,-17.290728286536684
132.5241979893837,-74.17861630250363,26.149898199045758
150.6975056602705,-5.1652156958289765,-74.89391407858668
4.655108921874344,16.284933032804155,-70.07459343931633
112.94163045637583,-7.8191166160930194,60.2822096186044
81.6748372953505,66.68455920028411,-34.964139706052094
49.95498003632627,-77.15111420387962,22.895337610884344
40.12107411117518,-55.82911599742113,-145.91984527802154
13.320662338876744,72.68166815497949,44.27024914829738
70.36796536002132,-70.67725279109109,36.50550997532528
-2.8793001284813258,-84.5801893181163,-174.6613887315053
-18.075222107642315,-184.6198326693374,-114.98469625339038
15.842161263395084,16.341296950498162,-145.13374992930636
68.7074805570607,-7.638381275761301,40.48719232135008
66.95423164541799,-117.51500795177114,-20.832662361661093
-7.252821522095829,29.466547407224546,-189.6534790623352
12.790694928998711,-31.038201254351033,38.828237417556636
57.70899760162225,-12.795277153296553,-40.84261372141174
57.70899760162225,-12.795277153296553,-40.84261372141174
2.0002100511199714,-86.01710039613721,-132.50225364027244
70.95302908983003,63.666284523099414,58.510184847534674
-2.7048264295364595,-117.52935220359998,-76.31724570617692
121.84118526995346,88.11939199481381,54.773548614533595
-3.243621682337576,110.19438932455132,25.99912646712815
42.509282199090066,-47.70144001863402,-39.63490812976114
89.48032784206067,-144.86568787645166,-12.530035486858488
101.35162615410297,38.10304903350212,18.333303825006112
101.35162615410297,38.10304903350212,18.333303825006112
101.35162615410297,38.10304903350212,18.333303825006112
50.507972196644914,-12.860806582136405,25.635003992551674
50.507972196644914,-12.860806582136405,25.635003992551674
50.507972196644914,-12.860806582136405,25.635003992551674
39.507803725843935,-57.74058913584683,-8.245042638095335
39.507803725843935,-57.74058913584683,-8.245042638095335
62.9960746075177,73.71212399850614,53.331649454473364
86.77942770379705,-83.68312359221586,-15.83969771603141
85.07809631723411,-71.82444365864141,-9.686583042302798
46.969550707005105,39.94639712923933,40.15951289562383
78.62040930083705,-49.752317309343454,-128.50499188882435
56.641144900459494,41.33922520957228,136.70979438964045
102.5932701933064,-6.512871578935005,-85.33385088590862
55.20658020912498,22.02065840389794,17.058367683629356
55.20658020912498,22.02065840389794,17.058367683629356
15.91260651246575,59.071619065645905,-97.37872760656799
16.95216728500843,78.7679270162804,-88.43007121163068
16.95216728500843,78.7679270162804,-88.43007121163068
42.77384232230182,43.48574003761874,-20.240097017890292
71.74619799992664,-60.67463009925018,-17.18164216001864
91.56260933302619,-85.15804370329398,-15.65053888813395
81.38928084564354,-51.82813214216455,-32.84722225214021
56.50603216371138,46.983126457653086,-68.28830317902576
30.46694845848115,-149.6843676696273,-105.30147731877554
89.17041935164843,136.8433248209709,167.7160757425009
86.79210761419668,102.79502941365735,126.36328050217956
40.23030221743711,63.95694873202494,-25.580907033726547
49.153156694686466,-40.39322129194991,48.33504949227758
49.12764739151599,-27.278594492871036,-79.30960675383957
65.23170680535003,9.598729175044912,-14.47776452221163
63.70938790915865,21.164239143638177,-69.6213023110327
57.68057805676678,-125.40892797918804,-10.497788788098376
69.29009003750045,-134.12588270492955,-87.30545617419345
43.74390321214642,108.19588685241636,88.01086393577282
13.754526537959379,-173.8967336672045,-81.89431561555297
80.98197064087385,4.258674205221382,-33.466969582497654
28.559680867617082,-19.08697787264309,11.094004263002766
79.75513581367335,-130.87810077355178,70.25022616326083
-1.0070834171669816,89.74993487986409,24.837704639789834
138.3541834740638,82.11196924734908,59.2070694862907
51.91509914586399,54.505996458364436,79.11425352952222
27.996415336482286,-22.0089723666325,-135.20249818635256
111.32186879544119,35.97885574636881,169.03616911476823
84.3858129810914,14.55386317510401,149.09387597016115
107.94584409882201,-44.1008198428691,205.89769014304517
46.306500826410335,-63.27581184441894,-213.1985188694562
116.50075723540047,-79.83540785132226,-114.75866754708713
27.476544785914705,74.74167101742391,-46.5995577232845
27.476544785914705,74.74167101742391,-46.5995577232845
9.825239688113804,-38.47937224935124,-104.52010922046442
33.3598812951245,8.9289707828043,50.06552002063814
144.56092865360472,19.350415717023523,67.01602100705063
146.8553973898007,-16.459004917056866,154.83217174895327
95.17761179819982,-84.14810194432872,-34.68739555697232
-3.34462719800716,48.80609106635787,-31.29560968777453
16.30423977161216,-42.332809252703946,87.3412538540258
57.32618866860201,-68.0038776972807,87.24671031761466
44.172277418988735,-27.04757896974023,-23.476160403450706
65.9549961119661,0.3004487926890249,3.191349327418745
-22.229838408118926,96.28044063159363,-38.52605361910348
145.8924048639388,42.922961659461464,65.6967546853193
13.713952649675676,-93.48217185530346,-23.855325759686373
-5.092388670081309,-74.82652895780916,-30.531971243416585
20.04052220461419,139.44057773616126,-17.355002952400312
104.15636447108415,-53.2154991424722,134.86876951321938
94.00000398687253,-65.55944831402326,-87.81226846202765
52.745790040013475,-104.17757012379899,-60.6497491128209
103.23412615900656,14.145232276906249,-12.637121963638165
-18.887783939920332,-109.73084523576917,-86.27412183388238
109.84143914013075,61.13049740255231,32.02667637122104
64.47126588885122,8.561891467442962,26.3039780521837
50.13938332491245,-76.41909194757274,-85.26090774877743
33.995356040857864,37.397229576781896,77.42898367415503
74.6487253833179,-57.96157581374146,-47.46522538740035
92.96168362290402,30.39820030247907,124.8778642801786
12.42651774270152,-63.376781724705964,-79.23094167982536
45.14718136497638,38.08160648212371,8.434731241398858
100.53050374535209,48.25665272744772,75.33410477222762
68.57980225068862,-8.910470308732773,28.965453909260916
71.10267877606611,8.481847777603242,-86.38594947634734
31.843762976535984,-41.45237268689297,-18.168500663146183
111.48137527762232,41.587484465521385,49.85486138561719
36.73008770323497,-113.24841042620452,-105.97550298176967
65.27245905721932,83.83797092562715,107.96302955589539
-6.584477608713108,-114.02829627412434,-259.2531546067655
123.96140524301902,-81.97452820044774,-16.65969194549487
104.0900971347713,4.350695876124348,-10.462639082223218
104.0900971347713,4.350695876124348,-10.462639082223218
19.424133175917987,-222.64283140946722,25.999683274599874
82.44130408977682,-201.67726880468916,-85.52752525057645
78.0633614796033,-135.32121342260646,-71.56882182948715
46.31190204042658,-126.0053711981282,-26.207055731070234
79.96897101248229,112.0603418263083,25.184643854133235
80.96251153702308,69.62896710700372,64.98073124448919
109.13155852074607,-78.62158342248651,40.41750183091634
113.58803703929533,14.51412761139234,26.711692111917728
57.73806936928801,-10.252036170059185,71.27069493421772
91.08713984302285,124.65478197778278,14.493557302424769
74.75851789736646,173.36175374697658,-8.08802744826771
101.48997004407617,75.20744948040992,56.99257975744665
56.62520648887377,-58.36542638362222,-83.24274112286278
17.4382241280462,-78.4621814732501,-93.91955240011647
18.362461909414186,-59.336354031501045,-112.09672526022476
105.79711988273772,41.30614640776933,66.48665699046163
46.57726215305342,-146.72060160639091,25.44255118190697
40.34706096928125,-77.69530043769137,-9.809421262395766
95.33590830860132,73.52549062418674,-23.442052478545893
-15.929545935379814,-54.129754357360696,-47.327991032048786
62.03096257789977,28.245828344272354,-20.688565497000504
42.67931045690045,-105.35601238136744,-131.32667600459416
-4.5374132590256036,14.01364078713442,-28.123895467742983
74.15297762601526,-119.60243726885295,-123.60162900479999
-58.706457996780756,57.15912788809446,-120.28416497618336
-58.706457996780756,57.15912788809446,-120.28416497618336
82.53928416012143,37.3867317851209,41.640557260676445
42.552812520849216,-26.69692226705486,-102.44668976003369
102.98354740710857,37.52518750587243,11.998629770522111
57.348377346650345,57.202380328232096,18.845788120840496
26.4359598627914,-104.92491917901854,-21.244857541113724
48.629780801684134,49.493286806727966,88.6243850337099
127.44107620599948,61.48294409564151,116.71584177142157
14.296291442200385,-73.97254896889515,-61.22589134203848
95.72853893247664,45.669548594065795,88.96696877045454
90.51659524045634,-102.67800574347268,-44.295218400452924
29.070102309018843,94.50231572305877,92.4835355541691
77.4408552843163,28.176359694684933,-68.62745321547284
77.4408552843163,28.176359694684933,-68.62745321547284
85.16652641068872,66.46791368424925,164.72362177235993
5.361665969260514,-99.42194175837719,-107.03482745843205
54.45375519444295,153.24915596963763,66.62313770817185
54.45375519444295,153.24915596963763,66.62313770817185
37.23348732737867,-8.159430568755113,-4.453471927313188
69.38041552631522,-202.78232818225393,-97.55101841331715
43.47748415169676,53.987682440490815,-39.41364784211227
53.64938745555596,-51.25086935915376,-30.33523105044018
58.68435920111455,59.31812144336743,-7.279214376498388
69.50018323443084,34.32577978598185,-18.94072310926346
107.3565010550134,6.8889125608241155,151.1732144742912
148.80229746247505,-37.00313805114907,-43.30818968710818
87.30300282280035,-84.99584861254456,-94.94036541909281
-46.512988056674814,25.592171805653827,-57.859100574155946
124.19039584154034,-75.3698430103044,28.935356305360273
103.41187351238364,-80.01603609515186,11.220920712115184
17.823694957575885,62.71785092974274,-51.62729004534952
79.84691609442784,28.153815125355766,143.03387844754712
38.31780786920746,30.995492210783713,-29.40752350935432
85.51384497867679,-39.73604946348623,-53.25312878767873
37.35367533360864,-147.62145847573404,-92.38996631367422
117.46927827885521,-47.288780728793625,3.9961633684129367
11.514851325727065,-16.84612734268672,-45.57803244648349
142.43392936270365,-87.00799413319388,93.08693565310458
-40.44889975782563,54.97549163810187,-81.03971400589263
114.89430650351036,-1.5509957359155209,59.328452935192054
81.4855881686224,-65.03747426919011,52.99017755657373
46.46539267717111,-13.510208850399884,-90.03401897295718
45.085207265156754,-65.21084550118483,25.832495745769343
4.591803450773309,-9.870534935424043,-44.006322136219836
56.049018285829405,-64.5694293503077,-14.960755271576438
63.54545027446401,23.46076715827462,10.929814250954738
57.543671515262005,-29.341218856694425,40.69203066663577
52.72854337318175,-6.6930203768714875,-51.801454670648965
76.96701462855111,-21.53207079275068,72.7610729978352
55.287176033350846,4.705375955874501,-56.016474526008025
72.67613896305902,-3.1653482656122662,135.6352230724004
77.23458614493056,112.83577546202014,96.08631315870466
81.42755775074103,-155.43650666665553,-43.52090472641501
88.48165311788327,-74.75847671784,-45.66391916008844
-24.680569507710274,-33.803862246938266,-152.41955192692865
72.9282235231338,29.995929078662147,-5.497083865211124
81.4928702949885,-2.975818273553287,58.63392842961912
100.73956629021205,115.70574735452628,-1.5702190427686915
173.13466094945835,48.9323856937917,1.9084521753607335
138.3164396913912,79.20224366789448,-44.294320222238554
19.124578877681017,-5.488183930123441,-31.06561585798882
173.72743051575378,-52.08321898822548,-66.4542714832338
-7.981598601690976,74.13732479654517,-101.74606193532136
44.28571140660174,-28.084938400807175,13.897962709327544
42.29020120023286,70.07739350164108,-49.67074441321532
54.208650669490495,19.09646742972737,-27.82198241748166
21.92715506027297,-77.45514923877828,-85.5753209235295
52.138943289473126,85.5334931485501,21.141358598457295
9.100480941500187,-13.275279808726332,-5.446784951450027
27.794837006542984,-25.09250289140057,-20.98069767309553
111.44952686048978,-106.07377950929032,-48.00747954869901
106.95431477653045,-32.131690259652345,-59.82580809434951
-14.524105240935938,-63.404456969875284,-71.02123593618447
130.10516186284457,35.92892305772597,39.90211936377298
-52.982632349506076,3.94035834855919,-29.962707229469927
53.920169538471555,-69.31291307981314,73.51990341845145
-4.039681675931931,2.611103350223395,49.3215509743454
124.43190797221605,110.0075642106334,10.192153057456402
17.594246475404443,-118.90097389017808,88.28100539014262
75.13538839059905,-121.23494632779914,39.42806298019311
-20.190503335698224,-14.925973330420376,132.76897462064557
26.49263820733111,21.831479156016975,107.78234305817756
-28.142121507757594,157.17243594103752,99.47718542316332
51.05076126727336,-248.35886058778502,61.89933786657713
51.05076126727336,-248.35886058778502,61.89933786657713
77.10097468432537,14.464328342776724,63.86296907507077
80.33226660018303,-65.92822303739752,-47.005088276608674
78.54020705158288,-69.30107145344736,-6.724625555759786
106.04212297496566,-25.486799482391618,-82.16926914291555
125.76787523794818,-37.323080093749205,-67.71585449944871
-17.21231876937658,-28.56759190947373,-35.59095794741587
108.00284020577388,-83.80276318603399,-64.87087407639329
13.374290607367286,10.228134733682815,-40.225374553405985
46.528918202317826,-25.825120045468843,-59.45659427354341
36.18712024002232,11.288135585831412,44.94135425701947
36.18712024002232,11.288135585831412,44.94135425701947
49.08902341654948,11.925163293941019,-62.25999660876791
77.52669468664033,-24.452793900390688,84.35828651988646
48.793457889246554,-43.8336038549488,-78.90119208847753
57.93321634165709,-102.89093456876046,-54.306748115440186
16.39714862262813,65.93679770325977,-186.0388625106234
85.88514183180035,-91.59360355610417,-115.35285706640035
55.86143131490424,-87.8003539482412,-129.89252422969602
71.00952324508745,79.2794923507119,61.58253731224043
28.660858147314464,-59.33038591661618,-79.6449440258994
56.394345949719735,74.10922749638131,-16.052098934147928
101.3879078197937,-52.23273003998101,3.3023714122330006
55.95580193307107,64.94517927421718,-42.60735742802625
-13.620547846946636,-19.523775977098083,-197.24090642114663
-13.620547846946636,-19.523775977098083,-197.24090642114663
-65.7453203695838,16.72599422887641,-139.19374597125633
-53.87290382552667,6.500091084005376,-52.8855269890027
137.41706821877324,-61.27005529118021,-51.75566156302175
37.06225746725284,88.69072637378795,-18.306853207948265
116.06718726879183,19.919613560951646,120.99187187620277
42.96207495827703,11.068151612355663,-60.65375488826372
56.32510531709997,-210.00420788484809,-86.37399975589764
136.34718400936129,116.78702833654575,98.26050060174784
70.02557603127713,-58.61390278989389,-227.70104476041544
6.830418964576232,87.27873594499135,116.73417570569262
88.22103594502825,-119.04204153726238,-13.226884365326537
49.160271020259614,53.55638363882208,5.44229344615764
49.160271020259614,53.55638363882208,5.44229344615764
49.160271020259614,53.55638363882208,5.44229344615764
116.98794263236715,-64.64767878370728,-5.003804506473125
18.13032729036516,116.89434712331976,-18.38654057966678
5.550596742868326,26.616109182867802,-68.69150628484451
89.2515333854032,-81.65940143812435,45.07016044230794
53.886102644971416,71.40193203937537,-9.420649729874711
126.16449160933833,-23.43159470844637,16.40631068580447
65.493268623174,-62.18639448191389,33.52897218607935
67.0494698837299,-91.9795534280193,61.200076233188625
67.0494698837299,-91.9795534280193,61.200076233188625
-2.1008765565322847,24.42741606024012,-38.59764982215671
62.24432598174692,-90.76886057243233,18.297862808921977
60.438285717557434,54.4272489221765,25.769596451102643
104.75334492429955,20.238365988035973,88.18878412042844
71.53358395304225,37.756150569364735,9.463720934740145
-2.0116042843890938,-111.82234972610482,-12.88128326494062
13.441325951312265,74.99651456857691,-72.18192634577265
8.610197480297018,-179.1868314729993,-80.0855560797335
54.54751427735238,-141.0423155618349,-60.750989554200714
8.096841925221764,224.6416544500653,-31.097914343621923
3.1014628591711393,150.67204501736813,-64.04732030674323
47.21149093245023,-40.77532299284712,-14.137822908079187
50.90848460190243,-44.09960553840916,51.55581865217893
74.71334224113954,28.74273658791195,-79.65654137788242
74.71334224113954,28.74273658791195,-79.65654137788242
-48.44231747606832,-11.469897303960455,-40.95353603997944
-27.92769132839612,-31.440838948703735,-21.2033374796251
90.41436232957413,23.81857455015882,5.054958381894167
15.571847251994551,-48.30442788087534,-64.28618804657876
118.36832583763422,10.80369444535063,12.272889422162109
66.56066721886998,33.7938786140176,-84.55205459020944
99.11556747843214,-116.42101040925452,60.99772225030357
121.9038114285164,29.06295464451172,93.09096704423291
16.981590373214246,-8.051109913487092,-64.99251784051914
92.23893624657852,-96.03506888516893,-17.826903955377134
50.60628560124506,73.27911791435477,70.43492101700765
74.871639135065,81.75316617724816,2.948977648854921
74.871639135065,81.75316617724816,2.948977648854921
8.630684766813786,-130.13740105157032,-43.08572227918663
145.73246058021294,35.32013213138157,109.47152806077503
152.79197084044912,41.151845218126134,119.76523463596482
66.59901297471481,-33.51149356137561,116.87257899228932
69.18311484826808,80.46122776526178,-0.0832226413631787
21.047531608606803,-131.95444110858645,-21.38571818390926
-7.755984466085554,-109.54427650679168,2.349763097700883
173.37795267342892,-30.065035343833415,-11.83853167548843
-38.43767728393932,-91.23221601695174,-16.909188068535244
118.73890316431141,49.3758585233158,108.63105787415923
38.50430735187788,27.343683677863538,-32.86400095614691
87.11583195425614,-22.273416409242543,86.48118978570399
69.6487601838598,71.81252977158536,-5.213119681837554
88.53486890525696,-54.60877341705618,10.528164851255383
53.32022415146518,-60.08366997771026,-25.244970855542025
80.71551555898421,-19.54581026690824,-22.376163534589583
-20.0187531644221,-39.844780146956694,33.60477739420814
14.850077190698606,-0.5652839945608505,108.1869326949874
108.09963096509537,-12.730908458881778,-51.084932527706805
110.10453457222971,59.19298494721718,64.75217137315718
56.792361197058824,-33.36377791345532,-78.4676202989803
27.782978083063917,-30.33800490988863,-72.29331523121026
61.744575431496585,-72.27297498444369,17.730925321200417
58.66318299265524,81.71116104695125,14.833839868962201
37.51366951047059,-102.29278238105591,44.75527894418463
85.76480711277134,20.287958165391856,-132.54314485039927
82.89558719768927,-6.517255405991296,73.71893273140523
5.25460696353079,-39.93787088017716,77.31851913013075
