Measured speed_t_0,Gas pressure diff._t_1,Gas pressure diff._t_0
12354.677458060047,-0.47348326231779664,-9.84887894251616
174285.2667715976,2.0594404219051157,-128.34980782126956
151018.90892661325,1.752628080549424,-113.81650577248652
-3827.4147152177725,5.163537660283503,6.046867447737362
-87671.3227608949,1.835026530461109,65.66703116387
-168443.26979356993,0.11335283973326057,129.19197802574772
-169758.0982478583,0.14434655991747217,128.69284673702137
-259877.82607585887,1.1463243098325224,193.0759975053717
-252915.9235293744,3.318393309418074,193.09415395395592
-168299.32554718526,3.892935297446195,126.4780143959691
-167800.05895227529,4.152179146771965,126.92850543402723
276433.8471732902,-0.4639391337327974,-206.68083252007116
214875.91214300887,-0.05305699843980291,-160.7115233608711
222794.14953674696,-0.20260521272673476,-162.68884397353924
-205019.99062055157,0.6122088419627767,155.26840222404465
-122623.58160842818,2.8307023430814877,93.62102319158737
11752.881035260949,2.0045199514017713,-7.031535174505814
-15397.789946172994,4.985888108893937,11.38948523283312
-92667.63048033681,4.741690684345311,69.29311882755293
-92667.63048033681,4.741690684345311,69.29311882755293
-92351.18025274157,4.726803233594031,70.61431128819771
61580.0872590442,5.21830112316995,-38.87866328504569
56303.63807618572,5.2846246561273835,-41.83461243443447
63674.970485962534,4.831534051392828,-41.63941468379324
-95164.00403692297,0.6831201009977184,68.93011403161262
-21837.206991368123,3.816974583718344,14.854966900496049
-19446.92994400978,3.8138904008842816,15.233373515636096
-20351.300472710183,3.827372253612868,14.048896720413891
-23097.08748834507,3.8577975324783265,13.36594196223026
-13738.981018282406,3.846593889812167,16.703935984652546
-87440.2252967609,1.3910786684125362,68.9960909990074
59306.217217283214,1.9042716035845053,-42.8315995745899
560.1560966476709,1.003026019569215,2.160452690134689
-112576.24374894759,0.5451388244035991,85.95344853317357
-155017.08003962392,2.3304820515729707,118.91404299861
21132.68601015491,0.6929733704145324,-13.602618779026667
124230.39285828998,2.8769353509169178,-92.85130938487775
77622.97829560953,3.690797227592406,-56.45373412324454
-104744.09835420779,3.107370140767455,77.64051032226396
34544.762945024995,2.2281255624177367,-25.125148332357206
-215856.5965163611,2.1514824472434606,164.61639130017028
-209447.39358460435,1.3920301722422646,154.97711222744402
223058.7804621817,3.2988083718216155,-165.5133633400828
86689.14515562564,-0.9329593792745225,-64.78504269435726
120831.82091708064,1.5042918829108998,-90.51954541220084
123500.86501345223,-0.04455022262875111,-94.99309453049199
-105858.5472902461,0.3551238478785791,82.10862157415012
-27611.304011936645,-0.3269584037931032,22.76462880976392
-39802.50104538107,2.0557828147101462,31.957981872951052
63496.9462384585,-1.2356728035985924,-45.60256180718394
-41145.202557596014,0.6964048237318277,31.039742642493408
25813.486912139902,0.08972984260838601,-18.030685353454942
24423.434069802228,0.3224368931332027,-17.086588880321624
4105.415414432473,2.0049005496588244,-0.9192387094259407
-27183.770653602158,3.7809841440698535,22.113379662235943
55297.302091310965,2.210574596573533,-39.405451107873986
-108216.18285749051,1.009911345744313,82.64538230326673
10874.438114278042,4.008552516621919,-5.90901268811591
7465.390984260157,3.8798442497347154,-2.771607162055968
13557.106313961533,3.000748932035685,-11.895255084565687
12887.678536668353,2.976673355270443,-12.224142250843638
-165389.8489956315,1.8712844346372837,124.98733919247901
30127.826820728962,3.253919464341122,-21.502407007193213
-120362.15683179314,2.3316411670134336,90.54499822951657
-120362.15683179314,2.3316411670134336,90.54499822951657
-84542.9046444344,0.15530412496665122,64.53023479008665
-83321.51959936645,-0.5655274853271389,64.83846567444198
-86509.26885102344,-1.3383464269679863,67.33743334107795
-145006.7879986435,0.38874390524227975,108.01015221483473
-124088.84272313595,1.1039796627570269,97.09598672778628
-87487.11659581387,2.323134737033913,67.9036893138507
-123050.3537827662,2.4652423215275556,93.0718105831642
-125735.79699604053,2.529041071765691,92.78907661580006
-147119.37107926726,3.426884657212752,110.96811994458425
-130778.14701808243,3.531160532984806,100.66461535318733
-51899.066051221766,3.344783349675459,40.99956483689638
-55406.04576725151,3.3506197619817577,41.86792109360975
88704.26723974584,2.1446862557848148,-63.328477128850906
-79668.81895727922,3.2283177416402453,59.149544535137245
-71283.83713457864,1.9845547674376773,52.15844259674384
117862.34066799538,-1.0953354731645621,-86.06234007060841
7428.230624606987,1.938299000604741,-2.5869645927738176
5927.585681085767,1.9704803074911759,-2.566613670438327
-7726.301753634745,2.633471158007391,9.701864843021465
-7726.301753634745,2.633471158007391,9.701864843021465
-11141.771702414155,1.117157338735276,8.513930245976294
55288.17401612387,1.9583696785613451,-41.835026187172005
16092.066851133717,2.8085700269570735,-8.763727798524192
-164212.15009605198,1.6532567686546729,122.75007625485232
-195662.7592903873,1.027230310549201,151.18180350375047
-208616.34129619194,0.8536397376903297,156.21456821124875
-175401.9288175977,1.2988606574017658,135.0152038074085
-42842.603259175106,-1.059198485728788,33.46159972932761
142961.82164546425,3.3259783127793505,-106.03297402473919
-229848.14462351124,4.094952943431897,175.91330826688048
47092.98653170586,6.269427210346807,-35.60936511506431
43162.5009744471,6.5899378097957655,-32.51999710931387
94059.0680336207,5.912711819390433,-71.21243552719318
230985.11624848458,3.687075513999631,-173.36874112716654
79750.26143495186,2.803753881777258,-56.889675956414116
116872.03244057154,1.3592564761828483,-84.40732839932602
93712.28654740997,3.01288698652344,-65.9032672119591
99251.06963902968,3.254413451732451,-69.91711033961789
86519.4667628123,1.1071212458914463,-61.924777526177394
86908.92329863223,1.0974408424354682,-60.867027186606336
67615.40247499497,0.5055129080057557,-52.76477530283203
-98640.70567756679,1.819385516358148,78.4915333724928
88181.96325542289,5.525391441447474,-65.73176874290833
67336.90468608173,6.065588144812177,-47.29396618876561
32761.16896264957,5.606090494477233,-22.8652252784802
115854.82303542348,4.402198840529933,-84.19346781104863
117326.74272793568,5.007012774969814,-83.40157818356636
91235.77055338312,2.8564584174872807,-64.39378912557645
-19239.5950945106,-1.6332356608093994,16.51470652088446
-166863.0743235541,5.302183111026215,125.0525582907598
-165150.9136810958,5.30585477857412,126.02877044265811
-133667.08424011833,5.7074025528402785,104.99506109063192
-133398.33849384173,5.279065257967704,106.56889336661402
-208544.82346307967,4.909254593762867,157.37273139117931
-50869.085786078285,4.3492458863499435,41.84512147577996
171896.67216485715,4.518139167288143,-125.05129730457779
20614.779791614714,4.0186385046565505,-15.976189985242812
52854.55749583874,4.336541416496242,-37.08179362151417
-55927.977088057705,2.4299268281658253,42.485771085106144
34336.122194249365,1.074671553034274,-23.256544397274723
92605.58870607527,2.129456006818085,-65.21274028409445
47831.61939512475,0.5594579456585808,-34.173328656533215
-16265.586496815775,-1.4932556411161155,13.20389415973737
-53140.692819396034,0.9782999403258971,38.88168642651333
115546.79150768279,1.7395691574730747,-85.06207171312724
228839.64601341536,4.272352097651392,-171.51630860107247
174980.0146849305,-0.38415389396800487,-130.25812138458662
147966.13056851889,2.0926365188771183,-109.49727517915461
5259.871769954265,0.8151228698968113,-2.3395531030675722
8246.214361388978,0.8768088478002466,-3.454320020486935
-58141.16323769192,1.7757007201259607,44.860198900881834
144878.1946668814,4.188996100797802,-106.87311867328464
81656.82563118145,6.557186052888462,-59.06039298556883
39816.18292641997,4.80062563605554,-27.567364970063235
40280.69123145602,4.727949783556852,-26.728220242889364
158722.23098009257,1.2202210034455407,-116.0508889327686
154685.58555803684,1.8266123649167003,-115.723203308793
-55385.39311740214,2.17367994848941,44.69371898082411
-54846.435181544235,2.589031437204622,42.801088932779116
-17412.996468709516,0.8397525631690037,14.408917542195097
-20452.460664335027,1.8046711118148449,17.332590136254787
156352.82073872135,1.1826700455536314,-119.37137764294471
112758.1373044242,5.211416699120446,-81.93440163872772
116378.54393397282,5.317080133251393,-84.24663451079476
50784.07958358737,4.452919731031401,-36.42244787873419
-62356.22831427798,2.1506733363429658,48.10695802143758
-122.78561726934595,2.2822216036069936,0.22241510782310403
-28876.434490757656,2.637896215800671,24.57140800925083
156145.4510259526,1.4943274164980194,-117.3889421976714
142317.3944570513,0.11512773732894593,-108.758760418437
2332.1891024215865,0.08788801321812244,-3.6507156323405185
170967.710979214,0.12350708146229296,-126.65218660910243
158148.5447493031,1.1164432949012284,-117.64728142260401
111364.2542181683,0.8149269205264711,-82.30393751582196
50858.712692049034,0.4916588986958747,-35.76784335112556
69160.0374770546,2.4774326981243666,-51.2797626666603
24939.108688036526,2.4692185815433234,-16.249137443703546
-202237.13872933018,0.6204808401136837,152.40103506351923
10681.134357506951,1.3603323800906846,-7.452733257464995
-138423.42596884043,-0.24040783620090825,105.6290987527836
-211986.35359722388,2.504755621834458,158.3435594740131
-113602.95584702754,-1.0636154641927698,87.56731092074625
-184580.61742044572,2.988238545685983,141.4010967754289
-140339.7022615769,4.348932937241549,109.09274134305822
-10832.107782833347,2.4838259840471744,9.341226596492795
73410.63843103687,2.073950365047569,-53.588528631117214
41120.25191614141,4.096678209196803,-27.64202251496973
46155.375359617894,4.5652526061622645,-32.7822350407234
121107.55670667521,3.8707684759769614,-88.82630220254924
92770.28584747371,-1.1359120053262775,-69.48749362635577
156416.65339731233,-0.9138634036159189,-117.12715345614382
-10924.508586667187,-0.5626123736993319,11.669429618151916
135637.845904662,1.2867483757358469,-102.68294293645235
72075.84193756606,2.5128799066225476,-54.20667627140517
35624.00792590073,3.98193071110048,-26.597233754715454
122025.2495844818,-0.3500708662178641,-89.87138523080888
-73798.02881907148,0.3121798549657808,56.096895032822516
-74154.49989648923,1.5194101652231806,58.754529339639156
-104839.7561989413,1.1960860302465979,80.41656194008084
-46227.39764756941,0.5434734626298464,36.28849569289092
-29823.867724829,0.8344334238169789,23.557504409135277
-83756.18733080491,1.9512145033261483,65.02664236315864
26800.127210322637,3.6392899927443727,-17.65302859417926
33322.83623330616,2.232750007346594,-22.820707295488866
-13740.549277173373,1.533419653980181,12.401692336058789
-87941.39663669157,1.4114507467448647,67.24021617990542
-34570.33699936392,1.999551369127593,26.494531598772788
-25906.48355719725,1.9982498111429625,20.176350856129805
-169535.61179437587,2.8044251300051,128.08864428715987
-173876.12803889118,-0.19998205558576,132.53796412495828
76592.81496555543,1.1777943826518642,-55.10574762505283
111903.53970815988,-1.062496027606852,-83.26890772298951
245678.67338118085,0.29654701781579534,-183.73032609759093
112650.61926893404,0.7082242690535031,-85.64964268151611
111813.01739340846,0.7051520040188379,-86.1626386012046
-35736.73883742321,4.270587463335487,28.12297498734679
-98360.29427102288,6.178683921450156,76.4753055319808
28202.7815350999,3.6118985963566157,-18.450412359631795
85177.74083280939,4.473496796308088,-58.515046056251045
84669.66052072424,4.479109427223558,-58.629331482181215
69660.99255136088,3.769165735682057,-49.84527954382409
219.57893589576724,2.268464510638499,1.979679286949609
-154951.8390390886,2.9863291593909724,118.03071498260125
-278034.56253424287,0.1685065710653027,210.81778728242128
-86698.26851941796,4.714073138684889,67.2211593942067
-84793.62498184871,4.538280591194389,65.74909324206133
-86610.78895094167,4.943992937886807,66.40960897294434
-175925.31393568724,-0.3213231743514023,135.17073597251544
-330771.91256183444,1.9597823575510274,249.0968355018078
-298865.9951004755,1.1503625392230123,227.19533300469394
-255269.39172697312,3.0722125066419643,194.37936151787778
176350.5815591321,-0.5106822948500874,-132.2021240481351
200684.57519227747,1.5409567171923528,-149.94558789045644
120063.59637987039,2.96951589491074,-88.7461095166755
55086.19077758501,2.4259092901709747,-36.2265832822552
120930.45309471361,0.5793694871199793,-89.51488606440115
110191.8000033005,0.7722401801768382,-81.30506289979238
-209536.1236808798,4.20542479531331,161.4378261697614
-266134.7278756007,4.4593420885444095,203.88866870289144
-236823.30613380604,2.9720905825560644,176.1463578722309
-66301.62706171072,2.254538507944595,53.1496458258542
-175920.23729419446,3.750846958912135,132.9348322633325
-182167.65674384893,4.2424941882782585,138.93227075077004
-243880.62899353934,-0.6691245295312616,184.62330021700856
-368802.7551816959,4.082760849399189,274.671066552862
-359464.72401036543,1.6636684729900502,270.1300338256186
-203661.64605954362,4.192931485795494,155.22876916876368
-69854.49170924388,0.5980193589370278,52.18711007656708
-81689.39170558847,0.3258118099162081,67.5867464371951
-81823.85648093164,0.42231107056869005,59.78957271705697
-81823.85648093164,0.42231107056869005,59.78957271705697
-54297.511101746844,3.5753693996736926,44.888694016119786
-10689.183844643807,3.1716425375500994,10.606139635308823
-12301.151777139761,2.9715438484202767,13.964964102253425
-87852.96622865721,3.717011479856319,70.9527473646256
-21334.794980141847,-1.696827554804678,16.754712104374644
-18261.726741894137,-2.0658156934349545,14.041716074262894
199261.85438166265,2.381227412397359,-147.15094842126294
149123.01656914808,1.1706083204553508,-110.17211789020287
170375.13782249892,0.5816903397646366,-126.44399595082787
-253746.6869693922,2.0027007149856577,192.47777590428828
-258462.69970524035,2.0025082552133777,197.45560454295995
-255108.01303787302,0.6214984547864792,190.77238254794227
-249491.20236526034,0.614927531026275,193.11923222027582
-252233.48867056821,0.6427281984947298,187.18419928184667
269309.14126753755,1.2079343659572257,-202.97503129279184
72679.53314278464,0.787647178403738,-56.14705498611437
26415.882754212384,0.13139509088329818,-22.25209650412771
-69169.10977828297,1.667615290902649,50.15397446381521
231431.58076442574,3.5496659228613425,-168.77827298687436
227453.12250150912,3.538480101838283,-171.25848220730566
-191037.20534211758,1.4800260863669656,145.8201351249267
-227841.77374086328,1.7579409213686963,173.71087635594387
-139321.88859632527,1.345192126176554,104.6933373923443
27055.85049130014,2.543488737749812,-17.92436534947501
5838.357411358326,2.6764147972692784,-0.2056500661762901
-175433.93754528815,0.14908807216648812,135.32457176621296
-88658.0505227487,4.604277632297894,72.04071147518039
-89547.46541651167,4.575708541755107,71.80315194026588
-119314.82909864267,3.4100693875792216,94.09542038026271
-115076.5637396534,2.8625184402721096,89.93573581178097
-71901.07388526818,0.579043633208548,56.2430822448153
-57733.74511112837,3.1246716356027204,46.831438239838896
-58259.61369494372,3.1317354904274723,46.43194385288476
-119163.58859599195,3.2726224857789497,91.17068051905761
123522.32126588107,3.0016671887420827,-91.29089487664615
109106.94114231701,2.772347532095354,-78.95425016969013
-128739.2045586804,4.48350345007855,98.50566228601586
-229573.66430971306,-0.08287443711028904,174.34735026501096
57052.23106776322,3.443693316143348,-40.24466067865195
50750.459251349894,1.9388415479852839,-35.7287218201974
-23132.560754416285,3.343533195401003,20.513372309496688
-29148.411839834767,2.4395080303070746,23.345298222793893
43917.93686656545,2.6394737735264986,-31.20908218898138
48036.63236392831,2.8221812954096337,-31.46368332184129
167976.63801636573,1.2459070222862874,-126.083824468742
16954.990788428644,2.423717620049947,-12.040417816720108
33459.89692926219,-1.2344530975346868,-22.87014125506938
36005.59450611713,-1.677736901751357,-27.55038764670929
18105.363920921325,-2.331442416368903,-12.906274142150815
-96423.31299972936,-1.9065324044033083,71.72680525999914
-98963.93547790688,1.9756127458821287,76.83184636687443
172244.1393407863,0.2604106864254823,-127.53558091327011
172244.1393407863,0.2604106864254823,-127.53558091327011
189855.85596911336,0.22663802241776979,-141.59049386737317
110789.81019041607,-1.517353050965201,-81.40200744489894
145920.89732890067,1.1618066862704775,-107.54768625569044
91708.7913932382,0.600353165475829,-65.40622183195677
-92068.45572558977,2.5664881714103016,69.9561600989975
-102693.76014986224,-0.20850156423847524,79.26654294167585
27216.366553404638,2.649168774032832,-18.121653779766653
-28201.02707359344,2.977888339513185,22.24826487836026
-61831.8347158016,2.2140500055594687,47.01456464567695
-57946.477731449326,0.8852895725075255,43.15155511220114
-15507.141291925132,1.0363250218198943,10.667843377826141
64991.707846412,3.745717572064855,-48.97403781610387
66344.21177900067,3.1481385811371383,-51.337999815334456
18411.096212499637,3.505257633875618,-13.084748376840636
-94451.04248679504,2.860685354008224,74.87575365894081
-272519.8697608746,4.537871922854297,207.79028969048358
-112842.80270566163,-1.4406159011173605,85.12345650226167
-112842.80270566163,-1.4406159011173605,85.12345650226167
-95625.39018287187,4.166949227516452,72.57917488179031
130896.6347260127,1.6335965164455672,-96.60805601346367
-51803.207965670525,-0.5062018553713185,40.45540145528818
-45683.91696603987,-0.7998716077573478,34.43246403342591
-55605.320800608715,0.17138295867269832,42.5837387246572
63583.38354134754,2.801161045545438,-45.291136190057784
63583.38354134754,2.801161045545438,-45.291136190057784
-59513.37842342348,1.0197858218698177,45.30883806000491
-109928.22892131752,2.8054154155276803,82.39949456410669
23288.794124959946,1.8670800105821366,-17.768782176907262
-110879.23663954137,-1.1019704836011377,84.9958584297903
268011.6345235131,0.7139544852953411,-200.68349270339866
324053.0328541149,1.752947010345064,-242.42269994093448
179785.02785527034,3.000068639757663,-130.82598319314837
-14562.571397629505,3.648306738654649,13.706101826523073
-24572.761490359444,2.9421526292503826,19.131750544587653
-46042.18416972901,2.913896853953056,38.38923808432621
-103576.4330274675,0.014357719103314764,81.15639660359706
-67678.82750502923,1.2786278919289438,53.50333128213849
-24107.5894644388,-0.1549679061863177,17.448320281888286
-122946.34487935237,1.4184663307889287,94.47928521072167
-976.1680089421852,-1.9925216298195316,2.32186930259814
8384.414129596706,-1.5063220741869459,-2.7609058010254404
-39546.63837273287,-0.056548851050801006,30.26494293628666
-135521.6481660645,0.09849840317181718,101.72727022986217
-183628.3335438949,0.10020765569576406,139.8365834890129
-193717.43332620838,-0.011903777999391569,146.5232527289636
-123246.34328093617,0.0948094308025957,94.74977466353195
-159264.8148128419,0.39452278020516174,121.28064737302091
-135295.0190835426,0.8567852747270517,102.90807025755205
-116036.61452414001,1.071994174529237,90.0854168676765
-64683.506773117064,0.5427825498639817,46.81488221389429
-194025.83577977438,2.00827095744335,151.00240096685678
-127765.44634253983,4.559009893834859,101.01878423801023
-80570.25343461314,4.655852027984819,64.70976076546437
-183099.28243726146,4.221519012705419,138.78199418286178
-193658.47042036173,4.7749985880900345,146.64004320028462
8633.123466955876,3.815506849405742,-2.9366164631492557
-14358.670039842882,3.3789039180316642,11.349147962511589
-81768.01199749835,2.2192781405370345,64.96159804255771
138117.02958560913,2.4792214098379826,-103.81837596911154
153131.661608031,3.408995028193135,-112.68012895325995
-179686.30718197644,3.371481966868639,137.7416525694875
-21399.273043077916,3.641308878069203,15.839581872633424
4957.498679817689,2.011754894602068,-3.1898977894266287
-20096.63724840729,1.2082170337157123,19.077632910684375
-55667.297966611106,1.618857897727943,43.52012280411444
-17569.912437165174,1.3367956644197991,15.0691747926118
-13815.149185241211,1.3000146353027515,14.25141447267466
136305.95183603244,1.2891761126639374,-103.1913218715451
69344.36835569816,1.6056234976573047,-51.97760269058981
17980.602560512205,1.0003213292527748,-14.342532853136682
-58425.91072201464,1.2996462689202095,43.57059874319411
-66688.85947157544,0.9521403490475764,49.80176695389017
308067.92891168984,1.401086938750311,-231.46258155428234
293709.0180911503,-0.07330990705416435,-218.8417267130126
203060.51062938708,2.4209715695051615,-149.8187407114769
-85145.37144319805,0.8989075312305932,65.6216970714138
-50627.811911464545,3.9805646315960495,37.97959347980259
-62732.38355587488,1.826943973059032,49.66135349779071
-46648.90688276857,1.4305948972900218,37.0167253792411
-8077.284496740384,1.7942304898160006,8.064562668575645
77376.49623212918,2.679627104207125,-57.97017450192596
118576.3728840455,1.6889278519403947,-87.8872203196199
50872.13975711213,1.505060910944271,-35.024121624876145
30738.00681121464,2.407730366137001,-20.1900775716557
-48974.53074570367,0.021030814010496685,36.08073353930358
-59296.399364812656,-0.7516121746810078,41.549357790369
216816.86939077618,2.7025616111752067,-161.69094554512543
147226.03777272135,4.180828464068002,-110.46702979800945
339872.7655646038,2.807789343703547,-255.48923793088403
330477.67565837066,2.715934303105391,-246.2618627932765
-116977.81668907573,1.2411710781917786,93.41344251780046
-152453.95797680502,1.434958373417008,115.80005547072834
-187541.9517538679,0.8438602693404289,142.26672447666914
-292788.1239765756,2.703859153114049,224.3727915072819
-109562.69097607513,3.1652615945785847,86.3465162328761
-91748.80658739188,3.9415932183957127,73.45792856617271
109357.23841672526,3.199722158469341,-78.81133806734637
-114326.85546285594,1.0195690807225433,87.21942644155871
1956.150987759453,1.2087915087418948,0.4925773708512533
148326.65226514143,2.328353053761562,-111.1938771355891
1057.2998835361577,-2.5097690765157856,1.704946661805249
117066.2511717306,2.3520242996563487,-88.18650566222183
117066.2511717306,2.3520242996563487,-88.18650566222183
-177484.06397594302,0.7788336429872933,131.94205024535896
-40916.46678211907,-0.08581238463914198,32.293457405195454
-2147.097324639934,2.264574780245027,4.209893108404748
-89254.93334405156,3.3131118827450834,68.1078203118684
-116416.96218131953,1.555713629963639,88.53347565607791
-69041.1251501205,3.1775750529849907,55.48170680294985
-61530.97540869366,-0.8190034426657627,47.96401895772706
-37383.83750842218,-1.0717327834588282,27.76443947940353
-67051.611016429,-0.3254342451175756,48.32894362082219
-111376.77926875003,3.006030296309999,82.29435054330459
-153672.34218452117,1.0994807214054685,121.73301104252951
281086.8080079112,-0.36691389770727745,-208.60070273408883
274536.7194968639,-1.4870476397677472,-203.4958272926384
121831.35799862992,4.077321948671703,-88.8387034127354
77756.32979699389,-1.0703546471747858,-60.14949423373249
72622.78523198585,-1.038624514444619,-56.41277195509837
73394.77672469459,-1.1728047290515224,-55.87342636548895
-42850.80888963562,2.055297946897033,37.38175340189466
-137155.74212556626,1.8800917364071108,104.02609439519581
101138.60180498117,0.3127588083016688,-72.47373244513967
-38013.01174174097,0.9337640571450934,27.801086633379636
-173902.30927999728,1.5656583495052472,133.21435714231836
-200199.71490543845,0.9885405099858231,153.81295590607277
-210214.64297500672,-0.472094289164603,161.81578254649168
243529.51941661103,5.718584225301434,-180.21967898425564
247785.82359596202,5.6448377475701,-180.3821939414757
241652.9808154404,5.63725787203728,-182.1889119134439
244637.61982714754,5.716470105033189,-182.6280053481764
256541.95911797186,5.602062379908553,-191.2511361927003
259949.00273835252,5.6036960735897114,-189.29646003479337
213473.2170924213,0.19524553628884644,-159.3062743931165
227372.42697057765,-0.015072820448474515,-170.48190299008093
213554.78055947408,0.48975713142274857,-159.7867630968848
129524.3193342694,4.376529733613852,-93.83160313709232
121843.9088225862,0.8810556307700697,-89.10871340654892
-37328.93180543695,-1.4087928556731195,26.70815998183559
-323739.41875697,1.910066069822296,245.19289000153964
-355151.9777383879,1.6059906523217058,268.20119335947265
-169892.59048520387,-1.1361401593072498,128.954104486918
-71226.39992935913,-0.6278469191012205,51.818065263234516
-73006.76337223707,-0.7403532110220876,57.891428934742535
-107574.0908891736,-0.8483603011182463,81.72576942443264
-109810.63458993226,-0.868632799642708,82.3459324614238
-76609.46307960794,-2.436583645813137,60.50655499010729
-212477.4934423204,4.501410443774158,163.6497414339068
-32374.910116814284,1.8728019469255721,25.016776761395672
76972.50121423222,3.391964421237943,-56.130375499823344
87059.82945968404,3.072679751547349,-62.75205403654922
-78391.33745152495,1.5482038208636426,61.10739468705589
8744.304544078983,1.453527678260026,-3.8585691064010046
37149.62315019113,2.945846907593342,-26.090411474329258
-93236.965964289,2.6034777051982756,73.88704689581894
-184720.89053480298,1.8990949235676509,141.97744604275428
156131.43061730594,2.5481882985415294,-113.40058715025344
165626.4033452304,2.9569223303751087,-120.61110002700458
94130.295050366,0.9268425941356226,-67.23024374939642
97479.0888456063,3.5830334495439913,-70.23148036873495
88449.07910334044,3.699252112519555,-64.70549557234881
105566.41179337917,4.060472560562471,-78.16380188544254
-60911.384808992974,3.7727167292911226,46.54518779616585
17985.495814362206,3.191070440603675,-11.638856044753737
17985.495814362206,3.191070440603675,-11.638856044753737
25724.78718559716,1.9651581345026647,-20.041716541474333
-78096.01723840096,0.7392285244079236,57.48577693947775
-112437.45944017675,1.2645720462215047,88.78658205205932
233945.31782046074,2.0139539416522796,-174.0443769186202
235376.90362874788,2.026689922629151,-171.28087234746116
265033.69762330165,-0.5629845269956854,-197.62052951245732
235018.6204943743,1.703268419321871,-174.5384452088825
-85725.99227589171,2.3010320696623525,67.18337757777466
-85725.99227589171,2.3010320696623525,67.18337757777466
-97782.89278999782,2.193546196260001,74.8976039712102
-122675.60438042067,2.98237619789255,93.46192027643298
-114726.25782951296,2.4329597103901377,88.77521352778798
-118286.50402729136,2.7482652768182354,89.41710665926577
-52387.61061167226,3.4896076752234704,40.34051148911391
-51090.60086195566,4.401780082437273,39.281989839241724
-29130.695176640904,4.184563721550499,23.13838978226651
-46072.943335781994,2.286384736574714,37.08472472568914
-49380.35807222269,3.0603588828118444,39.25197563514995
79792.57098686349,3.915627964443732,-56.984715720364335
99857.00440111429,3.7201889687669865,-71.96395456304306
54413.95006375147,3.1813607315994963,-38.47099176705391
31684.599880679576,-0.5257311906681221,-23.32978969510694
151348.53858487686,3.5093998183137396,-112.51440762282755
284896.8544939706,1.491675674384819,-211.59818873258112
96244.23389768066,3.662583794588574,-70.88811985405697
107511.25944666019,4.200551932343551,-77.78664915564367
59606.66014473533,1.6012226882734064,-42.23051808955604
10955.214937443647,3.0162351697877106,-5.722034579723924
89169.23576942307,4.088857738572604,-65.25811655070397
-72456.29998082673,4.890473737514614,55.95019115168195
-42513.28721127377,4.75716540140457,33.45263044029211
24878.177585254023,3.913935093131975,-16.40782543614042
-161077.20278984233,3.115864773864018,125.03728897228241
-169948.16939543365,3.4155406698802473,129.00299518705398
-124974.17435997656,0.6669770505089576,95.62434635103496
-173010.9311627905,-0.9808765880058394,129.2352910466739
-167246.11328842552,-0.7589315806296694,128.7578641588545
-159629.9621907865,0.6087156682958723,120.49487700381349
-210804.40065440527,2.725691661816757,159.79425168753545
35034.81498644638,2.0287654140931366,-24.334850749962637
86547.96283409739,0.44219574662198696,-67.62230184757827
13405.548997732012,0.7067532009497143,-8.90822664646453
28655.54479918097,0.17187143329088245,-20.40730702078171
16175.053576383043,2.6717462359739916,-12.04762027471764
-107043.53798874523,4.4871128214790765,84.05883397682696
-104066.84994572382,4.4221620916769195,83.75850236173954
-106719.51778076024,4.45611308032077,83.43616718139687
134065.8567799839,0.7799110480223409,-100.47025733909558
31291.353144612265,-0.20089919070909537,-23.06171222775235
253325.57796696265,2.456628671376436,-186.87012646577523
177772.86541181995,4.7584894174271835,-133.05768132602853
179807.13261899736,4.7704500679272,-133.67737858926688
184530.29266395513,3.4161605597285454,-136.49237534164604
332370.1766611115,2.8581975777950435,-246.05616920613198
6487.036994400059,1.2224997901998178,-1.9891247133969587
-60149.154267955055,0.6903093083451668,47.68323233399813
-33387.194764928456,0.7979394221254998,27.21770128205876
-186087.0024324689,2.7139315146067347,141.15390262628284
-164564.75046213702,4.205722741987933,125.31465126191237
-132939.91532830126,-0.31841909037984195,100.12263255789388
-183293.99943930356,-1.1634840013701881,137.40214465826546
-119151.79611427909,-0.4609262480030449,92.77496175239195
-105576.62554516274,-0.1247600867859649,81.82280044081479
124104.107494968,2.808876119739535,-92.84606362495859
50734.10961472306,2.7929737785270645,-37.725404236992425
59206.82674226924,1.0375116890404348,-40.76097121932397
120721.18092046463,0.3514856847881221,-86.76685581492244
76531.25777871351,0.7844999058520938,-56.85186751195396
74221.61933077159,4.340491444034465,-55.59366517049837
74221.61933077159,4.340491444034465,-55.59366517049837
57165.38728083278,2.513164374732492,-42.03980507585173
-6845.176613208275,2.673115435177004,6.286053638471247
-6845.176613208275,2.673115435177004,6.286053638471247
-51916.93746095205,3.904984518930776,40.83862989408478
-869.8970622199297,6.1601889515284975,0.399497171859049
1548.1687825107977,6.160145380160806,1.667601329820723
-236857.94654524006,-1.3549716534209082,178.00668673360872
247172.58767068392,1.4431757633373394,-185.33916458156273
242431.64839820526,1.5122118866613796,-181.88274210922359
145468.9732696241,2.217121435253678,-108.10242285675649
-67671.67213896317,2.2447931741155265,55.34744584955146
13447.314669153364,-0.5772478569758468,-13.720598551257078
96025.90747119421,2.2189468688367877,-66.35445334945807
-20119.366252667547,4.822427376096389,15.941140688076793
-22445.944681820576,4.64486434761846,18.155690611249305
-310068.1847204011,4.441881981421028,234.0742322270409
-88737.45674706173,0.6599869073816396,68.52348638085651
175317.68055229576,4.555230907849281,-128.18073039579707
185731.32670368248,5.531043307159769,-137.36857604464643
184355.75473698156,5.528422026919426,-139.24392531973874
182532.0540728916,6.825809438623876,-134.50506302685602
184760.7326512531,6.84144797314849,-133.17616280719983
183423.21636392656,6.836028563681472,-134.5169062054253
185651.10056652443,6.960761827288304,-133.57170449663252
181700.7674691689,6.135701429662284,-136.05203886504677
157831.5700732083,2.994614811145319,-114.72660102536676
162050.60812702132,3.7962886391405073,-122.60143485420579
249162.3540354274,1.0998856733584204,-183.52233169119515
-84482.8585305729,0.16766394111462737,65.96064771697431
-88591.16429992534,-0.14948700013742588,65.18266737024238
-91010.93332794348,-0.21901314299640054,69.6592387401188
-137628.75094695517,0.42963766898208405,104.72450650790137
-320795.38863805385,-1.3408937834382606,241.97673333522883
-339395.1198808989,-1.7373556870587028,253.11419882725323
-37521.76380618341,1.5867013683194875,27.32662581985056
-36078.10838612062,1.5891636847489214,27.95402245689365
-85014.52160239677,3.067979546077654,68.91248293779785
-198437.72092298078,0.8771945310409948,151.82155662413916
-47830.214845407325,-1.1411986198429303,36.717694113008086
-325468.7489033112,1.8962374359487526,247.79755386167855
-143095.95560705056,2.8636885703020303,110.04355296892624
-143095.95560705056,2.8636885703020303,110.04355296892624
5257.460151334259,4.105097117772759,0.2805467857066921
-35408.69370651563,1.0610530181141802,28.15214566018826
-37533.427892153035,1.1944005953599617,28.846204833618994
-8621.663164972037,0.7575627547325396,8.015221527403039
60661.013477741406,1.6337335453984847,-44.5055912234896
80838.87180443775,0.9541305987547974,-55.89458928449713
-11997.932931182486,0.8902535743201744,13.872619213876085
-116361.33867280895,1.4471197913449343,91.19710492877466
-185821.69757174872,2.9620874760433864,142.77953809506025
-133926.29810212032,2.1492088730495604,99.95312069579312
2388.9125794398406,2.9479850170452724,-0.13892731589814405
-278871.8539678718,1.5861324089774316,211.31775599684434
-109580.4509431008,3.228067506822066,84.50121807990485
112470.8787730086,0.8472292111974975,-83.69742461654361
191412.43978567768,2.4183616013932414,-143.28110254382113
230666.80798247847,2.4425503611955826,-170.63500168031877
-32772.85277941097,2.780352099933322,26.90015783845233
63790.26641983821,5.04721688398161,-43.7842739914717
-51730.31710320612,3.7424363485196372,40.40229739887433
8713.766437059736,2.5205723086570546,-3.9038491323428097
5428.426491225087,2.526839789021811,-4.776365057389286
39155.975446818804,1.9856159296758837,-25.65226302499125
-19109.91524571162,4.827435596842367,15.827334246817882
-79519.71342400865,1.393723783951347,61.00692206208145
-4806.503204122315,0.39461826764109476,5.863855514455426
131925.8440088672,1.2642735369327165,-97.70181758270148
148970.53406979633,0.03522707479419261,-107.25489083724136
100703.57992009322,-1.7131481698292805,-73.97973868900625
126249.5543741289,3.2431383851003863,-93.60526204337228
103989.58502393258,3.366056763431137,-76.59898456124152
-143966.59418074574,3.1175692267389232,112.72026449126227
-91531.3650307824,2.8247391288253834,68.5173613520298
103198.98679212922,2.81761450689737,-71.62199849050668
68087.01644110415,2.51020944253202,-50.22760239896403
68087.01644110415,2.51020944253202,-50.22760239896403
-194521.6358300779,3.230462801421795,150.09381080465351
-194768.09866242317,3.23126873126318,150.76477909095507
-117091.37433924555,4.301963168102747,88.14229231000529
-160648.95261787038,6.374100414878695,125.57311464390679
-161649.38356129196,6.363674866682131,125.79147125946481
-162630.51603058455,6.360695661873844,125.28166423582597
133620.8482774852,-0.9730427411133118,-97.94299860830026
-23690.647101891656,-1.9935451364481824,14.915014171798392
119727.46096058156,4.994590101522808,-86.17735537776366
69687.62481185442,6.837015827914378,-51.33108685958738
81944.50233476063,6.381172494635143,-56.946398340815804
75267.26644020872,6.114355031220978,-52.597122553024654
35969.102477877146,2.066566594788905,-25.72925465400644
222403.28031622485,0.2102256776053813,-167.08806145563574
109424.44739763493,1.4475042460112588,-82.00796472887139
164225.79231048736,2.911478782716491,-122.10749907967211
93239.46219481845,3.916085402173234,-69.29231371555592
223790.6761912747,1.9025543046678892,-168.00627147169942
85793.24694245285,2.658193817868565,-64.63009720944842
-136624.4647238664,3.0699752832542244,103.76650843280933
325693.39478265826,1.1604944278761382,-241.3106138855064
171720.1300477812,3.7720994595261526,-127.4023423051097
171720.1300477812,3.7720994595261526,-127.4023423051097
239920.01459948308,4.574167584159279,-177.94787939584313
231999.82045123077,4.294722511537161,-170.94973619891147
-30006.432689208887,1.7681860199904256,23.777678981767387
43598.08273547923,1.3464078373341943,-30.940302360849344
-141790.9524863933,-0.583554054948506,107.83155542279047
62302.17081252664,-0.5757471651296175,-48.02429775897549
106412.25521877909,0.7373820992402361,-82.14217655199215
49653.87222304062,1.8485600199955388,-33.650853557912505
34193.94274244625,2.545858779649322,-27.167791078092833
34637.60173744149,2.543274178557484,-28.301262717027573
40692.48232975305,1.925060539848243,-24.751909978923997
9902.593431465555,3.435936314780656,-4.326353813522326
-31619.170781856807,2.1997744132464345,26.5853155368796
18346.958892876228,2.4717148210270934,-12.360229019815177
-223499.18587809862,4.003724765242408,169.54237205148715
-274537.61405895685,2.92937651385651,204.70060891490212
-93139.45999573971,-0.16013984836871276,67.56982941807297
-124633.49249100241,2.8389034046714676,94.49532954641003
-132191.1072225493,2.9877761780368695,99.5216834645472
-3189.477174819096,3.529386228249432,6.672570465767695
-4613.0772525614775,3.5563844149268697,4.851816585474644
-77402.52679938314,3.6638499959615167,61.765868197721744
-84885.80694213402,3.84592002281477,67.14036347300849
100079.51131776246,-0.37944269986439444,-75.06391064881282
6269.688453933144,2.5093689003112254,-2.7916167511165604
-23281.72372039989,3.164164448759649,20.039368541671603
-25123.470157293337,3.1956061302533514,21.147495169892828
-45875.98587540516,2.4789045717019413,33.938332806149475
122793.94220174917,4.138867544111854,-87.15950807488409
-3724.7438000718275,1.9923841856451796,5.240331170839972
-1967.6630444216573,1.9843806623650337,5.895061027627188
132.52818054889917,1.992465572996908,5.789494556946925
27472.224501077722,1.2834799015191254,-18.35291703040778
-181513.36662832598,0.4636198179224577,140.71211821930692
-183024.20962259365,0.4584438259378874,140.58384516967405
-46449.04115850149,2.6879898907551434,35.954357400660236
-37353.59942388268,2.298564703518566,29.042337548018054
-84267.05338604144,1.2598714463803333,64.88712501227928
-64309.93449783603,0.4660479631880667,51.91440105873163
127633.88633871377,2.68993591215108,-92.23262784965748
131770.41533298988,2.8058462978543677,-95.73268413617497
87311.68945294307,4.305429368630221,-62.78647942651571
2383.4289198787674,4.161388245541094,-0.017147899912143272
123954.42686373641,4.4355715514725595,-90.39494390489521
130390.98571202054,1.2261865468889042,-101.60201593442083
129161.68564594368,1.3726693130889893,-90.55714481811223
35189.41830595618,0.6242449829002364,-25.259481908946718
-263503.39256376127,2.1883079795253626,199.522853000001
-34641.451168454194,0.3173712172366248,27.701440048959284
-35297.2486460965,0.2970319866894907,27.590012665521293
-55193.90234021128,-0.9901182138910272,41.5540413411364
-195185.25276141206,2.8958460899489293,144.76155700842116
20253.278598071345,2.0053607187318656,-10.218901192307678
-16791.14485859628,0.7753625159164779,17.11199284399305
-43424.314449434925,0.9238655984298898,31.276567347721464
-59999.7948716849,-0.9294560318751499,42.231868899806535
136840.29304689902,0.37515573358277005,-104.79311905680268
-414864.6189142025,1.2102662719316184,316.36250846409683
-415854.6373986074,1.2067536825990162,317.4032632387593
-337752.7771792804,3.6732605490115637,259.63278382797466
-230619.2060802822,-0.7212090096441011,173.36197265030503
-473583.3704525608,2.7729058882224638,358.1216516154731
-481073.4132081351,2.900377822045795,365.57115690250504
-385992.2832399711,3.29574791383224,293.2955372394707
-328117.4065989595,3.320743064909129,247.15168489358373
-250541.48041170038,1.630547782688017,191.40085960701214
-54021.14452570833,0.531668438361041,38.29636947058461
-197839.4887786712,1.42055349361308,147.30896066029015
-95045.26696733318,0.5659341827262259,73.21332108121499
-87730.97716900804,0.8441763827538267,66.2100765723594
153429.6689041705,4.305211590731501,-108.77505891832459
103233.05825459106,5.522151942786479,-75.97623290576627
84867.97977028815,5.7189875199399385,-63.22352589858148
213002.90582758383,0.9579161127974449,-158.0958890562024
181666.94198419162,0.9914820314499029,-136.5244746792317
124108.76050416326,2.604054781723144,-91.38714625652985
-56601.86116600552,4.411613000095378,43.00974623601967
-169901.614275557,0.5340831991631989,130.97337158511806
11229.754721788806,2.125192206700949,-5.233426565541368
-2568.761260378442,3.8356923486937413,4.363952010118789
773.3498544405684,3.8489958327836633,6.551550556576611
-2320.6490170974325,3.8392987581473497,5.686084026473354
107252.00861068709,2.582823213165292,-80.23804761115613
210377.8829205467,2.6727259574759326,-154.1357983764967
568.5816040285963,-1.1719087580929388,2.2977365370716414
-112774.97191354481,1.2243839958434362,83.53548901964906
-110461.61299313145,1.2276006673199324,85.17272018436371
-147954.9887380832,0.5316726030730192,111.8757845392362
-94893.26077467018,2.047873275712141,73.74362258448856
1428.092010881862,0.4591411749188816,1.1080940948314326
-10105.560545570583,2.0043501031100215,8.272809609653045
-32801.4175568437,0.34850754378444515,25.229766626183576
-76699.93176325316,0.5300095098109979,57.86456815714811
-95243.95913878818,3.858326171617383,74.59594439554014
-73252.67982860775,4.03693780369524,59.97753880397014
-265997.7997930312,0.7424209665394408,203.7366826808763
-227772.14871461256,0.08189211529968958,176.56780691189047
-43953.86880008308,2.8813973977081364,38.34633281610507
-47458.65953512181,2.7607658632514376,35.149162969593995
-34586.11610740408,0.3244658763896532,28.82437637550664
28903.596668348204,0.9121918058680303,-22.595181574734074
-120511.57995320448,5.363830605378453,96.02838234153027
-176386.59758070143,3.324991584863438,131.51985447778213
45701.94321333601,3.1910551652991477,-34.05674567458346
176674.87473786806,0.5462271909753023,-131.79803665007725
176111.37245374217,0.08957042619948954,-131.12147065137938
216531.566056473,-0.0357025064080925,-160.85309061935212
190349.93522353406,3.484909267880313,-138.54422199603187
218523.85973452934,-2.480952774098922,-161.32145955188426
-93208.27189417054,-0.08317690672286578,72.1548423016622
-168409.67794174617,2.4342787615621284,128.87256635407385
109010.73591602292,0.9793027378296677,-79.64867284197827
154529.8516237347,2.647572918692207,-116.4665712107366
186510.67126145356,2.434748386733439,-140.29256212413205
104964.101537597,0.8084108646933766,-75.93473064495753
-97991.56782867738,0.04456581364050237,75.66985792411143
217075.476379779,2.7081808306206248,-162.85836074565663
216540.02991840857,4.6647098436445,-162.25139015966562
148981.46303126757,5.4118745612167665,-109.95617449164537
-84724.43557885407,1.2561274557942546,66.0724540478679
-62365.113604498176,1.301134885462058,51.13632427012625
-62956.71970847716,1.295706455536677,52.1595216328554
-47081.83675577823,2.674107002618081,40.41857698640887
28417.429046309815,3.35111985618905,-20.858640107907444
-63870.298361403,2.7385358459718376,50.400720173911886
20220.515390567132,2.2239868846571804,-12.994252165783111
-45229.95543340728,1.598907071346252,32.490037763337966
90186.82065490051,0.5556147575922791,-65.30293121225453
86042.66316270779,0.9422951659287366,-63.424056510892136
6546.914387589346,2.665287850112107,-3.8756397453368763
44612.29380852303,0.2613719015548349,-34.4234538154568
167536.30748199893,1.9350337723266673,-124.19288589926386
82807.10193668425,0.2371438561730201,-62.46220829527708
157328.55325869474,0.1680278916642891,-116.19574255677624
157328.55325869474,0.1680278916642891,-116.19574255677624
154764.99799227013,0.1770501110262469,-114.77178571339911
142246.89208531298,3.7030119221451794,-104.81999199756252
124092.15314472011,3.906128560705441,-90.78456842653011
9999.828191120529,0.6687835256644022,-5.77699150520279
7490.238369815654,0.24121209629650026,-5.547512099951741
11914.070832334672,0.09373513517802433,-3.8764314071799415
22585.475370149557,3.1715294034599153,-11.457081156321326
31934.974181455753,1.3800306596227543,-22.335398947432715
-204962.09396647196,0.5017318921395435,154.38569772360455
-127914.76181201302,2.5899851552177195,101.02787005384006
213002.33538361365,2.325668378271099,-156.4851509969565
-24137.74632303629,1.1674162806567887,17.285514835214038
-33473.133411327326,0.7898636283762901,25.270475060649833
-80057.06340413117,-0.4577136588883568,62.09254773676598
16889.09096649697,-0.1564257552972579,-10.643556850940346
-6331.100656654201,0.0018567565022227749,6.248476037642363
74661.75712936264,1.391687233492892,-55.152907106487596
36305.12290699458,1.1549050283829558,-26.585898943580244
93100.94003577152,3.3049186756768902,-67.61429601037527
62198.18869218542,1.1644268882354858,-44.96672839682369
-40966.81105044765,2.4057290950003565,32.988164254548934
-256568.5766415082,-0.2775131511977997,192.07481817767257
-220276.2312412551,0.19381635846145234,166.06457756618997
-267269.00280659104,-0.9068157004954744,199.8623434649098
-246182.8805946446,-0.33438823869310363,185.40471133333816
-123733.25508575878,-0.6969683522199306,94.87161654180373
-123733.25508575878,-0.6969683522199306,94.87161654180373
-91563.18502244589,0.4947884545186287,66.1033124617693
-89011.53182837354,0.35550713274217594,69.13988611039743
-144057.1478043759,2.3423525891656807,110.25545490661054
-154498.16414915503,3.7775176605441856,119.20883124792144
-154498.16414915503,3.7775176605441856,119.20883124792144
-185345.10075302166,3.3890487122618196,141.6901864206597
-175286.53560621152,3.628427876176162,132.0030830312276
138038.4510968273,3.759762644691616,-101.53125145758942
108295.21581893638,3.5924854911597257,-80.74092496526045
92990.28860729604,3.784181369235665,-66.25330092807178
91505.89338013226,3.6766473897177328,-66.80987436809868
76434.16869902059,1.6006197153783506,-55.885618965033366
8083.503296170722,1.2043422295185906,-4.601121175694249
-16750.19111612166,1.138712546217431,11.65799124783081
-17947.42887993939,2.628934229676102,15.986264015490367
-10669.208464090781,-0.08568197571753187,6.580212344791956
22686.26816927095,1.0105185233669725,-15.284309629115135
-23631.100632229187,3.6384709368088983,20.44206753509913
28240.342302443052,2.1429369162715743,-21.139906887758006
32777.25181894639,1.901967211817779,-22.725425090695843
-54814.055165252736,1.2690384086432815,43.86572330315839
50116.31242948498,2.436920553192088,-39.33250053164202
51126.42409657015,2.449071131341155,-38.64513737594553
-27857.78796099696,-0.9092941118078943,20.65345460147714
894.5981987844171,1.3972625416237374,1.0551356277604582
52596.543559476566,0.19697098407011776,-36.1224163167366
51649.47099894924,0.027074276957277328,-40.391661415412656
-43332.240646451755,1.1484002694761986,33.56104792129341
-26828.42472186958,1.7192278579615619,21.463410177052427
169153.89235021628,4.045131830257776,-123.27955495331486
84100.79442465269,1.0658944313765892,-63.25324574176516
62808.81384665276,1.0416262223752146,-47.46009716989398
61352.1502986537,0.9312872229761369,-44.11771266285504
-108822.06485873896,-1.4597709171963884,81.83155325015679
-107928.05366430403,-1.366533631276138,82.09387263140515
-178108.13549202314,2.6732309959066662,134.96826272466595
10744.665955896784,3.551778295228033,-5.968630389527026
-24069.836529467062,4.619789108455636,19.36115957396168
-133587.30772930486,2.5396032956616694,103.37220099741643
-197970.4910278919,0.8632900857604615,149.56477198879296
-184067.61599465754,1.0673580092362642,138.92715846499144
89234.42769806102,3.6034870673366024,-62.51767331898383
89435.45359185475,3.594049430339703,-61.16857820928411
84443.62205316684,3.595833089059796,-63.19824353357886
-154020.65357297106,0.8817044185533836,121.23025571851736
-126831.870785957,1.5524716957828495,101.07028339250797
-126477.61736745454,1.5381929768261233,99.93988825524971
-110791.59641739838,2.6081811397569794,81.45567239108074
-51307.653079086755,2.4393289706631873,40.250657406309095
105217.15935711427,1.5440060124554207,-77.86814718432532
105217.15935711427,1.5440060124554207,-77.86814718432532
129787.18028665383,2.0537590592094697,-95.9175246349715
-85762.94387082156,3.8426014928895635,62.71107869661121
-260730.92611222868,2.812104845510463,194.74200136848805
-83422.52091309102,-3.573245461085791,64.17680928829036
-57083.66583283979,-3.5141866363446055,44.59029635185995
-57827.9824397403,-3.5809156026345295,45.03921079555633
-68652.55913488149,-3.387899303183089,51.1379272107975
-63014.807509486884,-3.3119921172193805,50.17698345755563
72541.41647255946,2.621634171223521,-52.217672908585996
78064.35912125024,2.9033008524443944,-55.77099594632888
30982.486900910455,2.8889998127348355,-25.10014769310863
212774.13080464533,1.3415577620590233,-156.5428560119667
212774.13080464533,1.3415577620590233,-156.5428560119667
14875.136117327385,2.2851215132824394,-8.443870641698783
41053.61342110964,2.482912045905946,-29.371673460998853
53723.41879257565,2.19102625804538,-35.069707314338785
-55459.56336863831,3.5610376546540534,41.62193535723332
-53004.79432220191,3.737076257123737,43.384549853127176
-56396.85707522696,3.7492123548299228,41.71527117268909
28689.656541699376,4.405964972712802,-20.702328325141647
58607.30357344635,2.3874882226492695,-43.62859931110863
-162192.07658384577,-0.5008649824325822,121.65773630486146
87090.76367902533,-0.7775205573791864,-62.794277239517676
87090.76367902533,-0.7775205573791864,-62.794277239517676
-13869.36141781316,0.9573432497388614,14.076556748054163
-30377.745436666442,1.8722433681067012,22.060465891750678
105975.80088712774,0.8619792814735447,-77.85696135290969
72906.45920572315,2.1675893212259716,-54.657359651964
24028.864869639932,3.8384675097662573,-14.696180051811941
24648.794355473015,3.8428483182555615,-14.464020303951639
-114608.14993919866,-0.39443715846916216,88.83804489611919
222797.4650699702,3.142616671026847,-165.88794703556718
99979.05125723268,0.031513693451263355,-73.26167422541765
254202.6882261222,2.532355111211168,-188.93623935760726
254162.71382593884,2.5116226532218047,-188.60797055947754
263683.77527347446,2.7284020217166733,-196.32135418717434
-105655.00091408314,2.41445383832831,79.40479154030112
-1199.6309167825896,4.040920221433407,4.31718253486946
-6171.735818730842,3.6579095665308117,6.2714162494151955
51478.88995007448,3.959287046927756,-36.02605606114949
56407.48010264971,2.662750930301579,-38.61212518705829
119787.32438618007,0.4985431782368309,-87.63419622201835
25038.326924561436,3.3999955385288376,-17.87119839331613
-311911.67509036855,1.4688902824359475,237.09763180041372
-311911.67509036855,1.4688902824359475,237.09763180041372
-137986.02961333247,-1.259365892812715,107.39030919294241
-213200.64763237597,-1.0968340222217081,163.61984039165367
207784.05203039738,1.6467118737722273,-155.31803471468035
174372.499407874,2.9523383216156582,-129.66475038866068
78776.81425126773,0.5262397859743458,-55.727594815238376
139308.06043781716,3.606281195645314,-100.40550128607605
174039.39049593246,2.67233445992764,-129.56363791496446
244838.0963119563,4.039271856301192,-181.34427271174312
302644.8097329851,3.8577205400518904,-225.2219325812983
276326.5228891451,3.703855507480186,-206.74806788672723
276326.5228891451,3.703855507480186,-206.74806788672723
294824.290211335,3.225046805305723,-220.22066063136413
321114.17063706374,0.5462416866061105,-238.684389345681
321114.17063706374,0.5462416866061105,-238.684389345681
95324.65508180311,1.252118027161104,-71.11912945070125
47614.45853697218,-0.3165906810524933,-33.703180933158514
12245.8452194932,0.42707329253608683,-4.6604892973197325
15635.88135675299,-0.2002870494366658,-14.106916327866514
14869.727035396152,-0.19920042876784497,-13.807338059135311
15164.473866823782,-0.18323662132365395,-13.637471740529334
-137625.660635977,0.3159991055507153,101.86799112087522
-170043.6403682891,1.6616706079780668,133.82145059374102
-236179.85610483712,0.002882207852362449,173.9614395194105
-229236.83585306184,0.009510755126325028,176.99047419746688
-226585.31391898156,0.07696583484288191,169.94908858646585
-171147.22738309327,-0.8078381910671056,128.10480059167114
11349.397028357442,-0.9483651110841139,-6.045410981904587
108524.27170162377,-0.18335010278046743,-80.30674605783092
81204.0228950768,4.062059143586267,-60.171454190879544
-83732.32112343163,4.816673245930391,66.49978246358533
-87152.26688352924,5.684639561929533,69.13898991366337
-89771.13924674787,5.670258209299924,67.7534753415073
78055.95701095108,3.7076706128211367,-54.12423886158402
74789.18406450913,3.8166440763950007,-55.425185095079804
39726.85682508702,-0.04984801454147387,-30.991747842083953
74842.06495573539,-1.3904134376855326,-57.63266187886158
77611.97470707155,-0.34553115164070186,-54.90187543265903
-94817.8817996934,1.9915850722170025,73.19744930516391
-93399.04459566655,1.988394921758609,74.69843681155174
-87974.75995679546,3.4913952620890973,70.64172101725853
-88834.79176551578,3.5036679723261934,70.14664153569494
171962.5605301237,0.3732368563738201,-127.16908386245787
-88624.7755012387,2.474666368467397,69.86397160610002
155515.3336942306,1.7113491552024753,-114.30882248201604
40441.327453574,-0.194208932075829,-28.99595058154081
162357.70986528022,1.7584831986589593,-120.25498131423305
110162.48200812151,0.6802223272109206,-83.46215359809887
30500.273137434328,0.6324284319632713,-21.176778462410677
8358.123870397583,0.7702949943077798,-5.598307957814988
-58436.23973965523,0.5902045436487383,45.173374726790264
-64769.057157542724,0.7094155950829534,46.198865045357415
11488.024246981746,0.42076389150099686,-9.973135576087955
45382.01504694646,2.7094848807164307,-34.215788438224905
79164.1476079848,3.628693573448879,-58.45228336194175
94579.17445379747,4.0904104378735795,-70.87958574319694
94999.3247112504,4.100217796324357,-70.32639844131909
101294.10339512138,4.433639382344258,-73.30410039600825
118559.27658764168,4.72623636277825,-87.37039802333243
96748.92671419746,5.054074238730784,-70.47282112988034
131012.1299045518,1.4255922602001951,-96.46720071899671
-246378.85916165545,2.3171077779427036,186.98251103019106
-78634.81997787656,2.585099844835949,60.95653244516818
-72869.27277984361,2.0501909575452792,57.38481398919432
-94544.30252155986,2.1900214256632533,73.76899312877421
-44653.94334767178,-0.24392826563859593,34.47655175131344
-43698.63855605621,-0.5325823637694677,35.52684229261929
-267730.7558481313,1.515813427304117,202.60596753033417
69776.60612972143,1.4746708694931494,-52.425518739280946
24162.118789105338,0.15295494369939655,-18.07255435959087
88653.11992930977,-1.5312810233546956,-65.36066514007786
147104.38984854796,2.33044655319379,-111.70235086327075
-41991.53401787811,2.9818860641527523,30.78645502124466
-29650.07426815179,1.8983747659607868,25.350468289458878
-86805.81820590247,0.567583153581295,69.38093390101292
-65307.26831805841,4.006847195841603,48.610040900724115
17237.674213114347,0.7235743308353766,-9.985324045175776
-160423.69788652722,-0.5461420604441031,123.82627308528704
-127260.0401560593,-1.578374537898758,94.4908353257475
-137650.00123625805,-1.6075937993663543,104.97742503751462
-142568.28860011997,-0.7687852840811485,107.33582207026325
-101833.64671122623,1.176585145551999,76.75292184880271
144482.1664201896,0.6931992618977789,-108.30508487386005
-51883.13260977388,2.6041144137330083,42.010671951391146
-84158.85888071693,1.663688415798864,66.14228377405254
43367.63506879058,1.0223898066410517,-32.72754928650274
5384.631454525483,1.6313664461774298,0.010420486018496766
-26779.68035995614,0.15790527772135907,21.911890504238485
-36624.961801410616,0.6225469668898558,25.83249314715215
-243362.95577328137,0.640505595537262,182.75617488153796
116263.35986253012,3.3671843920637827,-84.23429490837756
-102347.7487790429,3.542934550459078,78.61093390419015
-93924.10853399796,3.745752289217682,72.9351188113417
-92416.4527326764,3.644072235463472,67.82636729784562
27504.185994170002,2.4676829780230736,-16.704491732333985
20136.7576697828,1.7757325630973222,-15.610201386510711
3700.930937332303,2.6912872414338334,0.2987669806193254
-145452.20820144107,2.759320902786691,112.23068555240286
609.3269840396247,3.390373286541048,6.10639267714949
10005.090503150579,3.05384232539553,-6.499916847832322
40338.252476911635,1.7751706600264063,-27.56863134931202
38133.688577333276,1.670956043031901,-24.976668483680605
89165.44193506484,1.639182711146636,-65.11530058210793
46042.22253426606,2.4850243844728195,-32.86790756862325
270268.6424731995,3.4193032254827176,-201.32718303952444
56276.85906437389,1.6851141394615956,-39.16930897130109
-54779.45819400352,1.283347940542481,41.00092910842369
-54851.16821304493,1.293587021965903,40.850974432388035
201600.37170801946,-0.4681377830873843,-152.15625419862204
140926.8233955389,0.7140193628941928,-106.13909046254243
131745.1766183829,0.9659691475976595,-98.53431819606121
-39754.87289637134,0.3064099060981581,29.938727552864876
-22006.69912689555,1.9461785322239677,21.283134376466244
43330.11656042207,3.375630768510845,-30.473688116384974
-23172.106391409136,2.7709155338179365,19.03717295349556
-94287.62577686376,0.5636914758153064,74.21397989363909
-14505.620512289874,-0.28000121544959977,15.894000305839533
-14385.403546090463,-0.300505980089837,11.336682256944504
-282420.6574855431,4.185183498487122,213.17670017193683
