Measured speed_t_0,Displac. %_t_0,Gas pressure entry_t_1,Gas pressure entry_t_0
76926.30769829176,2.8656614676199723,-757314.4629166228,-1404127.9729943958
249939.37629746084,-7.06567895323302,374447.88218023593,-134169.33461483405
127431.92055160133,119.18311143078246,812386.2654496353,975236.0714846692
-92746.63857024242,-56.01344359298815,-486378.6247663575,-580598.7558796612
-97382.74613116928,-39.83555747222303,-530747.6123746668,-610994.2896800422
119046.79110597027,23.73907828929541,-64108.546060567256,-274175.71920151496
80314.17787809363,58.39213491843823,892245.9507112628,878517.19508852
-210854.50662136765,-45.687210377397655,-123672.5208853014,-70910.28354756592
231370.8192670142,-5.2979970923815785,175144.15982110536,-317897.8721636429
231370.8192670142,-5.2979970923815785,175144.15982110536,-317897.8721636429
289689.89461408893,16.694922003018604,132390.9142220068,-504971.17675301875
-235428.7848049193,10.208699420307319,-890993.392977826,-197818.8528883987
132949.93976640172,-68.94168950552142,172438.1830528418,-544057.4705445389
22201.956855997072,-3.5087262928148775,-467631.84492339334,-143775.4116396251
210180.48639644083,30.375656807184452,948014.9459401369,500787.84877789434
253756.31479055845,-7.3303788778799195,1083787.6591726076,75698.09785484191
-259954.60716695734,4.060790213841585,106018.29665445053,-634243.2072639442
125790.57610668984,38.99756779578726,-318684.8093927996,-789423.1976155348
147501.5877565254,91.77218128095109,543804.8729933542,628592.8362459316
78225.05392619268,29.60550524816098,-991268.9072534112,-1614874.1174545626
-63816.98926461284,-177.36237919386687,151473.35137653153,633325.053834828
142099.13970186,22.83792053597591,5557.048997860402,-647064.3133286323
-2636.1131592809106,-1.3684773778082437,-1291086.0188911892,-21070.149335111608
-91214.0520665255,109.30220505410296,19056.043036430143,-1295825.295121047
-112740.74518930129,-37.952821273409285,-163523.70285274708,-1241241.936887255
239586.469206751,45.972295757663396,-1078019.0794168294,-361807.2084239557
210940.5528500453,0.09162135562230134,-680057.4043032031,-202043.23721657656
-121478.3638715811,9.960443807487149,943967.9259831235,112746.55246690672
178916.69603967492,-79.79504476012279,-272641.331117125,414800.1280314805
-61867.87096954184,96.30147366727104,687875.0572319825,829213.5325486492
-1642.6866222219978,-28.43059393624346,113942.66071332614,274198.7636389915
-144959.47792981617,86.91663782926338,-101272.46169724455,-164963.0201367784
-176464.87174088362,-43.03537775596436,-671710.0394027032,-220240.4929123591
-176464.87174088362,-43.03537775596436,-671710.0394027032,-220240.4929123591
-136443.33207590203,-44.520489890421835,-487618.3905854581,-888205.2580903138
77243.15666139517,45.865001361280555,377390.8854120472,446377.77878553816
112751.02236571242,-11.680740006519958,566581.3393630732,356407.3535404594
-8336.933615200353,-34.091785870322255,-294699.74730356794,-96272.12588559749
41511.46961071255,80.93969336497543,101766.20541976416,-281056.8673124914
-197405.37353453427,24.069323059729726,-333213.4502364766,69373.68565355672
297041.96960046317,-76.39104958726067,-714347.8518381596,232988.26259954285
-7331.665407201945,95.07968934933676,135880.8150653022,-1426562.630590618
-66157.45792289519,-76.43640998718642,-772817.6984295357,-1416684.0182142244
-99624.13799382623,-120.35293796527382,-37220.86352087185,-684603.7437016423
-99060.88529105934,113.92988700005317,-535360.6161890649,290943.6326451341
62084.72394761783,-39.155053719401536,108616.40119590564,559579.5552161313
139291.14431194955,64.97122617803328,964689.5931862778,372804.35509211716
111843.15331487126,1.7892023611906467,-292875.6337908874,7994.285680822184
111843.15331487126,1.7892023611906467,-292875.6337908874,7994.285680822184
111843.15331487126,1.7892023611906467,-292875.6337908874,7994.285680822184
-49861.16038102107,-12.317188038841564,-311194.02517794166,-408375.79276056774
8252.26402683252,13.355032522638341,315879.4808146556,124184.0250655051
-5113.043819887367,-27.87441404350541,-84192.84051601632,141087.81892132523
73014.23093662794,102.97660600757612,614866.863124114,477169.59033210506
-30691.96750456198,-83.99901327906305,504704.1715524363,949600.3035182963
-16399.31030097964,-93.21279997156554,83134.47249851999,763230.7346669796
-16399.31030097964,-93.21279997156554,83134.47249851999,763230.7346669796
5367.876125898154,107.98993118577727,36543.827319230535,-479589.48828595737
-117336.01339461173,-42.47018477146881,929989.8037516888,324102.9863268066
-94641.64205230639,60.05078786362657,250271.17060609662,685267.8688892578
-32892.05666573893,-73.38126849110084,-257506.37365684344,-307447.4126464622
-78002.04663725448,-67.5812004144411,-984796.2393680757,-1048460.1651656537
82081.68407059692,52.3446432290534,925865.7197681002,817872.6552374004
-255729.95888545332,-43.59216589078246,-971709.6511475167,-1113196.9985597862
-197122.09951835324,-27.67473690726939,-825842.9492259523,-1241523.7909428491
-108895.80411052718,-15.94724348911684,-640949.1734957194,8616.484502818552
-165039.52197859687,40.26658503712582,-719703.298763879,-1047341.412215107
-41277.99658574516,63.840913185859506,-1036213.9776563875,-1716359.124775555
-425.82710380012577,-88.78712650875954,-752565.2448394704,-283040.38452933426
-104280.40166730888,27.181800158694074,532320.0991177169,-827751.3529279026
33059.43951992306,-44.88962994724111,1125065.678919685,945992.6854718819
7971.4508559592505,1.1069288050834558,-1828086.8690865245,-1000383.5439422302
-13041.491690512765,-1.0488142124804387,950394.2571266613,2043422.7305206927
13465.249314298722,13.077330628700203,1294634.6908644894,946494.1268549907
-207905.4492204829,47.674317720000396,33430.6702292494,968281.4154013912
40463.48734586887,-47.83954413606246,643660.6412016512,577314.3465178085
-62506.084278951595,35.95436815359388,-656803.5353162511,-655093.6701369546
-241456.27890226647,-56.918706651890844,-566679.6095572703,-237976.6808438502
69553.97968124901,42.96413170969693,128002.20351328491,-210837.32673417145
-77590.66522237434,-74.18232508541308,-1069534.1225745059,412170.69950749027
168764.91466934295,-23.223246034926206,182439.81145173975,-133330.35983143537
-286106.23950278165,27.006483451292507,-367402.3261758718,304953.0484540581
135564.1689521835,-50.90031419725145,-308389.1209254521,-878637.2153550873
278115.2131591788,12.491018042725234,59131.155013415875,-96598.18850635865
-399689.2839730207,26.332104075502315,20445.701520641203,609992.1375120186
-34970.04780689109,-14.988226168494409,503139.23485213117,679261.095718205
-9461.04448798584,-2.1487093229539127,-500513.6796915589,-607333.2990061626
110365.88071772605,151.35882169788368,510874.5912349591,318755.88640373794
-260251.27591157082,-104.26446152207195,233616.7748627051,840756.1786463467
-74970.35791363684,63.33030413995732,264697.99188145483,331576.27720259316
-210547.81245707057,87.3223379951715,382639.4153547994,349992.1777155785
199784.60540096494,-69.63889304937317,-113703.34208254708,-834084.1496070775
94120.353289842,52.74873155776858,205225.85210954613,198983.78365158965
67322.35909837544,-46.992322041432786,8390.739899101027,-606502.1105599799
-123968.83216162893,58.80390206632918,482701.10610632267,1291513.4660658194
155853.90844809343,-42.32428879099737,280993.7899624477,-529672.7711948917
-67475.8511295848,-15.697140950799191,214913.63430409218,276532.0024126021
61087.68885623009,-85.72953013760277,411185.87442492414,580442.4172619386
101751.9234429379,7.87224641933166,813021.5543538157,358034.8176928605
-54973.358931714225,132.61221800619035,218430.123523996,827849.0097923877
-222577.61631461163,6.286974764246779,26370.162984023045,-4117.318623324274
134039.6997773295,-33.27771220671769,-446446.4102862378,-676349.1893046836
7387.488273320851,64.22371573331857,-297727.9977277682,-447266.66634181316
38307.34236018864,-45.43030667970826,-592946.2919533772,-362590.8323586191
-23587.301634699626,-70.1486434264406,-973699.6824616252,-1456216.7089236483
14985.38934330716,42.34964341871656,452663.69729023497,848170.6902265036
-60462.25038860558,-42.183548015366625,-27396.12504277719,-680574.4810523839
-124922.55278691734,12.49556080977571,29831.148660363047,99682.83956540779
62519.451148790344,-110.83073303470792,160824.5835871989,283528.0671176128
49006.61730424396,154.99589022051953,653413.0983667623,713248.7103874278
12600.139666505806,-64.33105234731977,-858478.5300995583,-968560.4540906177
122479.32458226779,82.39789415215353,-972409.9197689854,-67602.5497667304
320763.9843866998,-115.08967550127426,489363.3609933355,-1070228.549554911
275265.4612896021,-62.725000493964274,138475.2436701252,1009940.3455756298
-374185.3487841899,41.562542353817214,-228966.4485881147,552873.1032352729
-141851.2672517382,30.227412263756328,-445906.86520319874,-555499.1826448821
-141618.62336177024,-21.510929995184217,-929047.1971042374,-570577.4498465013
-108262.2641545123,50.45586279515909,326298.1391445895,162645.69914086792
-113117.28797614036,-21.8126918704995,-408040.6360271014,-588015.5227924279
-244527.5172477806,-47.14505759542122,-699062.233733552,-223718.0249144974
62418.42679844081,-135.58649798044843,527260.7672580838,340823.15488466725
95114.55360772031,-137.27053401706792,69872.77510592097,-690170.9765728542
-52474.362079615705,63.808603500663,112876.71257131847,556027.5075087552
98085.62119071111,-17.655052229999946,215434.89719667393,-135171.57749273896
98085.62119071111,-17.655052229999946,215434.89719667393,-135171.57749273896
262432.3057906061,80.52850076247195,-151122.4142188948,-702934.1897491489
-117301.76486588517,94.58985403286323,-1330762.477549068,-1084588.9693368243
-203933.36369382034,-36.775938909584156,1063017.0691270963,133717.49141607527
-186643.79334096337,-52.321387734003984,458557.2508138148,241343.54609247384
-101999.19515382369,11.154956852694525,418255.287422424,1527051.7529859215
-165048.67173726403,-210.97353354448347,195265.74281574547,1280407.7083695643
-73924.6319235552,146.93224529364326,519116.31627657276,-106474.6120283166
-304439.75855188235,65.44566266429499,418172.12888793426,813132.4463567485
38350.06627694302,-26.303752041516027,1294623.6950397566,1507558.4090735647
-147184.48592702489,-67.86449841935607,1391817.8630694482,1352744.6749892205
77641.66380051052,64.55521867348835,216192.01346400706,552028.7569368333
10679.295472046535,-1.554281656597169,-325865.67618182243,747924.2590626675
-20850.658528352786,-20.678696384904715,53058.72841396922,372103.30919098004
50046.84397361352,-91.18371416412664,-336806.3050612076,-673525.4541666703
-80772.64923382147,59.458916251105435,823994.9952886745,953243.8329162082
-65485.15164548397,96.3750948605063,135387.78936554876,1343465.129130873
-58602.257774700156,7.128729904274621,287447.49497359066,1285134.886788915
-86268.72904028637,12.568386230987333,259447.17593570473,1552827.2029084375
90396.71323903231,122.98163822565178,-302157.18922116957,-544811.541974298
104400.69911152197,86.06549982207297,-327811.93267567386,-840285.6688344193
49167.061651670054,57.944773250484374,-237656.28167378888,-739109.082080526
-12750.556894086341,-34.51983903698274,-563213.0910327799,-239688.23714641982
-116093.42390026242,-72.71875369012795,202203.08154439513,528036.2438995389
37869.979922811355,-67.25439419837976,304833.22761368804,362738.03858291195
8894.32097209814,-39.895395112762664,-50290.678612418844,-80606.5621834278
-298705.4527054555,-77.81602169889423,-349161.80705679883,-83982.62961929105
251107.37984649834,-58.18231746939704,602979.4402196549,195379.75063690718
-54357.4041050362,-9.803869731148481,679298.2637298206,530148.7207609927
11502.543813853175,53.957361213150065,-265796.2389104765,154937.95871812408
-1233.1892965950974,-177.2306848419371,-307594.1091478816,-704794.2032365194
68374.56088535044,14.231879335912453,-781091.8061733592,-696884.1571305378
4285.569592315202,-86.59959854821301,49652.746282640495,-250910.75978952897
183431.55591487384,-94.466923101422,-579005.2735612348,-668142.7333615487
90298.09597932987,-82.07311816319078,-38411.60592338536,-341195.71413357306
80048.49506598526,-50.7353943847925,108504.40305138548,-314879.4966538563
-48306.47993946164,-47.17426894046399,674214.9401366715,1080802.9862856055
-54193.114810369705,-27.695108604352402,1520879.4421958844,754229.2514808855
-81563.83007051102,39.616858004770364,208344.20283099718,1495920.134541324
-109049.57010648507,-64.52693096098962,74255.98699532356,1067748.2219384778
84032.3176775448,59.76710695749718,-256285.10447006847,82403.35396242395
197579.91639906683,10.762026594042979,333304.1123051911,-429041.6036031568
-100069.09418096513,66.55108064612787,-101494.42153465396,644869.9944203878
168467.22186012086,-31.351481974977553,-586826.0680154484,-215643.9432567088
-64070.83621085732,51.20133541969969,199281.7306448478,-667955.0877973496
-88602.96068462741,-75.97485499280607,116142.35652090632,1114299.2512733478
73512.86010173432,-136.83801418232258,1149316.1415398228,250477.38162948564
149214.4030110984,12.930315715548971,1281049.281741721,879707.586844727
95270.96955177753,-7.783300077959337,-909877.4552114903,-362510.0820351889
-119717.51087174978,-67.02378470772292,-416221.2070975876,22516.054011811502
-35495.63509871153,6.666151593483747,327246.58297648246,238876.4091019075
135916.54186050408,19.144049595632282,-57407.09909722078,-404794.13869366265
61027.440826945385,-77.44349338645249,37895.955748879685,50603.50894925109
-2202.7943603891035,24.372316846421732,633637.3007956254,721195.7493259263
62901.92842536965,-58.94846165622003,169922.25926110081,-648180.423948985
-90904.4080674482,-68.74193091314984,-601214.314615494,-21135.746436758665
-63133.60722286513,44.04437334589616,-401626.47171277774,36180.296767381165
327.49495483481587,104.21289198031349,338223.9037111383,158355.41709422876
78591.54198068885,-94.73181149924476,-115322.78227750782,-142098.76879120548
-100658.53244809838,104.50886414322268,-198708.9636697174,-129126.84412680869
35298.99918838695,21.60352238628529,153281.97231373496,-592179.6641879478
201132.7115343981,84.29712693272515,802462.5188154402,666018.1738344543
-204543.95135715295,-54.673273505274224,-355474.78434020834,-849164.7058803157
101213.71460425416,17.104712075519846,-361101.94997347926,147096.17368916492
-61702.690800865894,-47.929300142428616,507113.2489121951,-91396.68717415349
-78219.41217664453,-6.463823798229619,-1075862.3189233881,-119973.5117144899
144013.23550662515,-21.692836736694634,-123928.88384409598,-1424268.0790015813
116148.54813788136,-120.87517374864814,-1235022.2372583922,-650518.5054925131
117759.09702889339,7.131617820172892,565337.3519681864,-500302.10957814974
53636.755685569544,-147.33666455055933,-1376585.5120972707,-665097.1297266871
60257.05462231018,18.413199627134446,-779432.3791569762,-2049523.3208172445
67561.25212300644,15.88500708493258,-282288.1585694036,-1655966.7561749893
81640.48793452227,-71.28107422033635,-181041.21151373733,1038465.6862286141
-64925.279154798875,-149.40937834231448,462341.65633913706,-815630.4200821694
-266435.2246299457,-30.112094002871174,93379.71207257453,650404.4641295418
-97400.90883549742,86.61813730277115,-82853.72975347203,-322388.20229618327
-183727.10561700896,131.67214299314327,205178.0348778944,-253498.05068414065
162110.2456699482,-111.32089331079695,663242.5418878376,-206616.361896144
52339.29074919058,-44.394955934031316,-630098.7743426443,-121554.71596581678
-67844.75759548137,52.50355279168717,263569.24136964465,-568278.5393599445
-140927.81962936383,-19.64638557512218,-1319773.4688804387,-480252.80572020006
-186854.54153760232,12.490093764633222,-259256.17911110725,407082.176261956
-85078.73855357198,38.33018649347088,-478782.15466220706,221926.6582219731
168161.58259172313,101.11817467043913,-989117.1032261087,-743983.6522904312
29767.882835496916,-29.282408553644743,-894131.21425439,-633503.0747668613
-30385.593666856832,-96.28108382968324,-290609.1278344928,-692050.5753664522
-160837.1772845966,-100.74600021333404,-967118.7831385491,-856966.0795872565
173965.6246093163,41.38737006324895,-203649.26287394046,-583021.6246429455
-79631.1179779973,-32.616573370902124,-712856.179383928,-126005.79219207715
203537.4987974136,27.648844588097116,-221637.72854061236,-26305.427894333145
71000.58055696345,45.94680317625608,-223549.06093887106,-925122.3723500064
-87155.92885593211,-142.8079690353179,-898599.5977424687,-122916.19018959894
-93413.18261596633,-110.64005059867912,-957476.0190874045,18854.689867207722
-159326.17893881683,6.8189075718362915,-431202.1765973978,-488924.79385547404
47961.753035677495,58.158192444358335,-550017.8756741479,-376362.5878766271
-64675.916301699195,-26.881639806718212,273998.80759336444,745499.0481640358
123141.88908428326,95.53157194518967,-768286.0268489851,-600138.4550194544
39822.88270711129,-26.426991381135217,-178743.45306581468,-658935.5225785531
-51369.967643470394,-14.18264622425788,276561.28103230614,161119.5474956007
-254962.80529935847,51.276161946782025,294818.42085426545,-597941.1148577989
69564.80899622824,0.37068563903163465,334237.63106286566,1596482.302448636
81532.47541775115,55.145905123274844,-635351.7469549224,-728324.785016393
-13444.739234622764,-60.547657284944734,231564.07006375486,355215.25797996874
33245.7452112153,-26.206926045825718,1249864.3774111022,1356422.548138336
-46548.93382432574,74.58639864753488,896198.6854939368,672271.2738128757
-113772.76492153251,-73.30967845375895,-337622.60433748114,175569.99923255105
-34606.05958608397,38.582660994482005,510687.0296422413,214619.06019750016
-41420.965702645175,-62.06188516508918,77728.1764288112,-93329.81489673973
35300.223456610554,52.16417048536493,207671.73529901583,458896.18168597005
-164837.56648300332,60.066870256566844,-271521.5672989948,-289560.4288188979
-86241.53397284598,4.761667748215913,260324.26542579167,344192.89757111995
238984.8332677001,-19.691419862430724,-287646.2479283417,-288904.5171080333
128360.66173121883,18.235016397250217,751501.8979107742,-368172.9075350017
79388.36016907569,-96.07680113094605,1225039.2053824128,724027.3496245083
44642.800355775034,-140.8759424131572,-9953.292914830381,711914.4861342023
-6328.175504696315,66.04722178259604,567269.599242734,-101492.34917027305
-42680.39967022922,82.59278216836113,927541.8861478923,-24906.759839396385
75517.02399623011,-92.69143301693357,58561.63461145239,156570.50721072324
73153.2191224128,-74.05535442822864,266004.08090706,-290195.975253033
-148918.69469899323,58.04419440199155,-284220.2324618237,-382231.2545475134
-16223.488767148257,87.71951141044305,-239501.01913616306,-84271.63838924107
106916.90648994784,-68.8802091900206,-357775.64802075014,73038.41362153809
202656.3272890002,-85.24989942081879,346629.1223532354,-559012.298510306
165197.46084761294,54.31998937656306,-814184.4645772367,-548589.8009982214
-15647.31284500625,-48.409988820103855,-392313.51878692815,-972210.3817438752
64832.74579026265,-36.51837376606339,8634.797634417773,-882454.4701953859
-90904.22418283275,67.36765318064158,249895.7333536816,1025470.8074428919
64553.96504853328,-111.36935947770661,-743030.6946025428,-313780.24203351303
118731.47865013694,25.723752426506152,286797.8013856286,-533744.367734818
118731.47865013694,25.723752426506152,286797.8013856286,-533744.367734818
-79310.95989319726,104.88400986813323,-940705.8942882635,-290488.5021110733
142724.81518443456,-16.28319800853602,-740188.8335959403,-1835058.2806626973
46648.097291367856,79.08979705867898,-450489.75133489945,-645197.3562196081
309281.71372910717,-44.07691327737318,514849.5142016456,342022.7028203233
-63393.54847787763,9.291449055535246,24313.322840954963,45836.85988314985
55804.279723735286,-98.37075349303664,247510.29578687868,416341.078350734
98756.82261189946,-127.23516894864979,673445.2731735774,-181161.7247046199
169972.32864005363,-80.85891088834335,180248.88458056079,21012.82460024627
124795.81161461165,60.18962585979182,531447.5873787447,295478.7352018956
-57401.4914026832,67.00866583961236,124813.76222353792,440878.2757685572
-81384.20879196018,56.343663977071046,747714.6697146086,747105.9421027047
17853.673876258224,-55.66555682529188,-640922.083482291,-937448.9128620396
15166.186579685063,24.098592750281902,-457030.20179370773,-340741.9214609507
-56867.61141194687,70.02933124591725,-1067342.3743560207,-1397398.7269333098
21836.117355065726,-34.257578085050284,-484608.689156689,-1310303.3779768196
-38891.335018762744,-10.192099349297607,1102709.095492755,559590.6836683163
108403.46580686641,-6.925516691890551,-816784.1972043085,-290324.0766697268
6734.6404139895785,82.11917052799953,931767.0036982086,606518.7556875879
37715.87755726544,48.51898880073346,-1125388.5086443792,-776202.7264587642
55106.907031391966,86.94738029808606,-390794.4844556405,-1912703.8635580111
-57963.84247920864,-54.90935134405282,838602.7206653336,227635.13709881646
102999.3968119719,26.47130526457154,-224779.4781890078,-1125734.1590011679
-71633.74285787056,-205.3369382219435,-89110.72128599085,735044.034772311
125317.41449149678,161.69792773834573,219306.15428069868,-388140.06880472455
-23221.749627613608,-93.06837241524447,-343246.8292653552,177485.7218252581
-134713.35003214065,7.548322294215254,460830.32720550854,130701.55872743684
-68961.44297875038,16.833672659508622,268218.4881359611,791048.10710475
106202.09786993376,-25.506511951389022,448444.1671820338,147056.14338408073
389.9939503326168,-160.89707535178502,-847354.8566971216,-816882.5807025558
-224056.22366055317,79.88060457678519,298941.6466497101,444495.64323781454
126878.37181224328,-136.20180702140837,-966847.5439401526,-914397.2275864069
211717.8099271669,-23.963201440097592,-849919.2637307225,-26654.981423088117
-76089.52076843471,-22.075978495235944,-255300.88719917776,-1410686.1267826313
-20304.773745271756,-81.66053336502381,-1200094.0027582208,-969126.296405721
-58254.175819721204,28.284808039748626,-564060.908704814,-263955.7310208945
111497.42714879973,-39.90072854686244,-558499.1214219757,-488488.9324837014
48588.38284796482,5.597986506575268,-977418.7569853676,-773314.900708541
11454.918952115557,-37.88501859461957,296699.67277814436,30948.323066902463
11454.918952115557,-37.88501859461957,296699.67277814436,30948.323066902463
149743.30080523476,-3.713029316924292,-535243.1640523954,-557388.4936558938
256088.778034318,-93.92265219659349,882191.9400434378,314759.05302137864
151285.33689062443,22.452425491224723,158407.4990851069,345546.2479341391
218031.09023477364,-67.63683316122953,929681.4970561939,-418186.50490368507
109016.82577267721,3.618718829776938,350714.25939167244,-26116.113057915412
16446.171598796383,37.70494308153492,-162310.99784001228,-167844.78630074495
-258605.40645328228,-42.84931036150657,-372545.4441050166,421350.1049259725
227430.5859891309,-5.837822175213802,891673.6550085972,139077.0182340808
-11299.775853998523,-19.669175546965494,-852857.0335550477,-463281.81022530433
181856.1423735298,26.562190439557995,270216.24192877393,-199875.537237625
-134889.1593419019,-122.28691046337981,66289.08385650607,600646.6879474928
161082.4473203203,10.22843812080562,377523.90321794443,-50374.609115223866
-85249.23178596453,-31.410430726072548,-197366.45156965908,205063.64273009924
-129005.70927157297,-70.43014925347356,75975.74441130762,112829.73886311144
-35678.24632481241,-4.544526908157252,84881.84925476628,341691.64516672236
8624.054607058628,-26.992736176083454,-270890.928382325,189703.89437924384
87788.71126283011,69.33190426471388,-1139648.1636304103,-500604.1731125993
-59714.167020663954,22.242379356071147,-1229859.6214224831,-540738.1775488534
175385.37267921682,-32.39228857101445,913852.1223988589,814798.7713865922
31525.652192198497,46.21883294370217,-442792.58266664995,-207791.55284158816
31525.652192198497,46.21883294370217,-442792.58266664995,-207791.55284158816
31525.652192198497,46.21883294370217,-442792.58266664995,-207791.55284158816
315047.23313010007,-62.36509661615027,859868.1569384176,191048.5811270329
60458.51431287141,-71.53805101692545,122923.70482378546,346872.2827204459
-199246.07585927844,-45.552257136645245,1531.7453853057232,-65760.91489474147
157373.8364828919,59.10277428394543,-777598.6234049133,-334375.10320260853
-119013.50009977684,66.38217492023185,594986.7932845331,999554.823785467
162869.12406737218,-3.1333438980874746,-1188446.7405891437,-1315907.7692809016
205611.18508544032,115.8347245908382,430773.11793577066,-141601.00238599768
-83589.56827726238,-15.41334412531188,-274919.64199274266,289899.97830708063
10658.123374356182,120.9397226072669,287407.8079707428,-147219.43359436688
245270.79768666267,31.915767401091614,311347.2999730912,510261.83185628767
-170854.6764914151,-7.767683966079147,-182739.90837423934,320168.9467310249
82894.40616856403,20.42314330981919,871742.5531152139,858664.0335357971
99201.07626163818,-18.132036579774255,-211351.6253411899,-317676.00673718564
95978.07443165188,-0.8021158422847687,-326251.8050565203,-547102.3465524573
60144.316823132154,-153.35978333351173,-535186.5115992391,-877017.1483821097
119576.22555160752,-151.15238458579645,-440246.0665726417,-903050.1117542024
-55782.61586465401,-157.91142133332337,-767048.0925794451,-474372.35159309336
54891.909099587836,-42.31143654724309,477548.9909390656,-448329.600573908
54891.909099587836,-42.31143654724309,477548.9909390656,-448329.600573908
94209.49748582311,30.122398309026735,-616821.6328457233,114531.46997892478
103146.04357876886,-17.590337355893183,574575.6667527677,-293173.66007595987
-213047.0007262078,25.477962686805654,1253983.0142107753,1667027.4729388186
-223463.90457399527,62.00300444551619,1259041.7768901284,1004441.2136786258
-247137.35086911527,-60.08703588465257,-671410.2498567593,514719.3832554155
-187567.92309089276,53.82732147271576,-331076.5570735501,1112196.9834643444
149553.94788093786,-6.719582607028954,-162018.3023684567,-1339172.5649572283
149553.94788093786,-6.719582607028954,-162018.3023684567,-1339172.5649572283
215433.56517699076,80.53412421303352,-669128.036580668,-98999.73475850932
-56868.016278256255,-108.45315723988813,263602.1309957288,-65678.37195063767
-38585.001403471935,-21.072096746944695,-306998.84859675786,-318485.37188590394
230268.94796619593,-96.53102350118891,334709.1354549487,151088.99424562496
70569.46356475406,-12.393900340201327,-479864.87460531964,-742922.6179400124
-67316.75413649117,-75.29488844027773,141333.81981764315,347247.3188128598
-78662.55893184395,62.083913803772475,694948.7186798666,-19824.47272352397
236781.91708901076,-42.61350300146063,-463171.279178987,-757714.1218886722
220940.57342910056,-12.734145842246214,-29842.46309467114,-376901.63305520936
143186.23641104277,-71.41852468241133,-416759.8003248619,-545119.9046898383
54836.96016430066,79.41348031101568,-389887.2345147992,-634561.2540643353
-75391.38400937073,-28.49939996949,-724821.1623691854,-240125.44577015511
-75391.38400937073,-28.49939996949,-724821.1623691854,-240125.44577015511
-101350.15104483993,-117.03753082784264,82845.92792859278,-177315.9592582587
144355.51783572073,73.59274655168184,-409762.88272953004,-320791.3412962905
-32106.958921488782,-165.98351883707772,-411958.6832656015,-862101.152022025
-59603.204799356914,179.55380204987392,316815.4795377655,-110670.66906391404
-53211.9264027519,88.8622814626626,-298028.81710868236,-852952.1887171273
-14040.261147124755,-132.79913866764824,1099703.2537836768,776200.0576172711
-81827.40339884153,92.26260507086056,-657883.164905275,-1180527.8968091686
34638.939284485255,-123.91024182220589,629616.1461008865,-78694.89458417389
54034.0195953474,118.53610171572019,-1045639.4551848952,-1054714.2770032291
9799.134878804376,95.11894460592927,-90058.05496754695,-57162.794302841416
301229.12126733776,-27.832307185821307,-284518.7918403222,-1141389.0198733534
-204642.4139122092,24.959381731815718,-103832.67577220907,-469912.81074597884
130888.92603611524,-35.03931237473729,882392.3619749479,231695.61470081017
33042.308738837804,48.26284100051291,619047.4440050278,1223648.0407516414
36850.94219817593,-107.36984241048447,917971.0555752356,433812.48944452545
87042.56489182478,-90.26448121916522,-883953.1589457929,-135558.02782450558
-33420.2667516551,88.72078753882056,-251698.75917943032,194575.7538893366
190719.08108185168,-69.9883801706802,169691.26001117073,-511235.8655497059
-23618.762117875303,10.412617048963043,-414507.44248161826,-862609.4700386443
269454.58170102915,-51.97569345044751,-437940.59134638304,-434390.10004081286
55332.33313779399,157.9619716611005,-461022.8027405295,-1123562.4967159028
-45300.83927805157,72.68107935471305,-912938.9992612336,45676.585133155575
96058.67116977114,-44.70196444093283,485694.88582112157,-282756.7734345642
125400.4710466219,-39.89210888197945,451966.1265655126,3475.0215749830822
-146182.04684605545,4.948283040948553,-371446.6532029591,-561355.2238825541
53701.19231080118,-38.69870709777781,505099.81923922885,574710.2343985285
-29533.834060886744,-124.52310921261217,441060.74139320594,480914.4790350229
197826.69497910357,124.87014671749824,-859718.7056931764,-1071137.7195302416
160028.14178543526,-42.49382611650199,6320.550998653634,-632579.6851504911
-11609.58039827281,-124.33252250773691,-402674.6316330463,-460056.67039108265
15945.935706978227,61.394223852289784,-401628.49292094354,-648248.7284333194
149797.17605428945,-74.24379881085979,-238372.26221916408,-192227.50647151738
-10834.493879928807,-8.983381541591967,-313711.80346375506,-615579.0303894165
-156335.28688484954,-109.87752529526095,-350892.087765552,91756.98591937945
-57265.11935316434,-168.5642560470444,337243.33667334536,270039.65230253886
-20373.685021872243,152.03612496532614,165469.5549965653,454003.5352213399
-125798.88205009293,-49.96150490918126,301623.2852242099,-532849.2644018622
20009.405192737293,78.6626170567352,-458404.42482880544,218153.60182766477
-126265.76087470136,-56.636618901995924,1560987.085914914,689762.3534606793
94039.98651673533,-15.546493581045283,-642219.99513165,286889.09992103744
-129113.88737727307,-122.88574865884353,-124399.10695699719,253880.29857423314
-46737.255892699235,117.41929316552338,388623.19807059516,-367052.64969639207
-19546.85349495728,-86.79454016648246,-508622.223452764,261054.3924031254
6044.6050484641455,7.276462063001148,961284.6804835586,457811.39839049045
-110796.50665895795,100.21141238491685,-670571.010859744,90806.17736039043
131895.61300570733,-65.04777337207493,-230387.83842207328,-1386714.27355017
-83291.46419394598,32.65569316268824,103105.15012460877,774329.158073244
101101.78411425384,-5.197887341241277,-14635.925147516245,-704958.7489276635
101101.78411425384,-5.197887341241277,-14635.925147516245,-704958.7489276635
162588.51424164814,92.76030120437628,-1029951.6519923459,-1164817.2025166997
139225.33926199813,85.55292610665221,-470975.0494923879,-506989.3686495682
425.5184552229621,-1.5000951294445883,205235.88717308827,-26335.40512890264
425.5184552229621,-1.5000951294445883,205235.88717308827,-26335.40512890264
191586.16346086276,-121.46826881177121,852654.1340127767,969411.2484421036
-239002.6405803772,90.72202821188418,711578.6739930898,922930.4180265139
-270503.59754244256,1.3310839872175393,19426.776171454112,81876.52465985261
-269978.82439533,-20.196060600367503,-158177.94283877916,735387.1437804287
232766.13176776274,87.69747466803801,985230.3920529347,281182.8391472118
-45582.92821624168,73.0989892390808,154054.234839809,721025.4256376182
-45582.92821624168,73.0989892390808,154054.234839809,721025.4256376182
-155406.3856186604,63.28924486096484,-89348.26718736149,-22773.26859272686
95208.5995758131,-44.044911864233384,-393954.354471495,-350516.02263865236
-48210.66809813684,-77.45552374897318,-554611.0171913748,-95377.23108255569
-202028.49420325656,170.9745047870825,643710.2557444938,645582.6424552186
-126118.5051645945,-47.17270115360603,-406696.45701692393,61564.60075232771
220923.02228586783,59.61441380295095,-500997.7080694145,-696700.939096984
-220080.58903226658,-119.0508064554333,542665.9106691525,725661.2113895025
463224.640570061,-16.21249645245196,236660.46944360575,-49617.20282082958
376517.96800558927,-34.46804332281992,1009444.2681920481,709389.2184520399
249379.1968919437,-23.20364134754762,462094.78670864936,147663.93762628315
319842.69518051005,167.37953779061962,391052.25029089424,-43699.434994619456
-205825.999263466,-24.25269159574708,162309.57720410626,378776.70357633743
150474.76437361108,15.19362082204697,16482.34737212502,-285578.5193063256
-98291.33038574632,-20.313379480004354,154673.6958725818,178382.1131201776
-98291.33038574632,-20.313379480004354,154673.6958725818,178382.1131201776
-3885.4528770038596,104.33421349161891,-61407.60989757127,17398.930436194816
247927.0315359289,-2.833496392877379,514902.49161761836,199179.57283053137
-269426.2015062232,18.679667377043227,617658.4819038513,205275.87414853915
-146483.6075660375,-96.56860160173278,395796.17403091805,69949.81907541139
107795.08687274918,180.709702343744,-86258.50252694194,275213.8663009547
117514.27070991692,-65.22462182543667,-191528.31513960345,-892223.9516396669
169671.15926545157,-39.97325139033046,6930.608132198104,64936.373808747856
189325.51479515486,68.0480840116268,363661.0942175352,19717.21844152351
301004.9191347369,-45.0444326761301,-197094.60447092855,-158302.20906369097
-143908.72241635702,124.31875845282175,-88535.13200433861,-147342.2722047458
195069.35969652855,-103.40248842422142,578070.6942759613,-77784.15196951648
159634.79546530737,-79.94106001830144,590559.5293009952,-528668.9902326223
136988.1050012443,4.154629543938967,-414376.8636109609,389801.28526027745
136988.1050012443,4.154629543938967,-414376.8636109609,389801.28526027745
-137920.6717975455,11.844236387934593,-689337.5186042048,192801.70894697242
20759.861987069104,-15.385582713000604,-307196.3711477525,-1004138.371536377
49744.22508686608,24.8084405262371,-1441975.2322859524,-1027115.3595499235
52556.64105217662,-17.547983734316738,457269.6686292569,814386.0966908667
-217245.4235994153,-46.51866619496779,1220331.3094576793,222655.06195214065
-69945.43441787205,76.8557876885508,515563.3562319912,444702.44887939154
-183465.25633811895,7.360363673056483,-250591.3505556385,230990.34379294066
-86191.15360490608,-71.83922835088006,36341.65498216782,227883.77649634058
127337.87260740701,7.706197133054019,263292.71442331036,-126557.29538440186
127337.87260740701,7.706197133054019,263292.71442331036,-126557.29538440186
176914.01804816662,1.9056328339813051,-185112.17709051346,268167.5649527506
267070.39671576535,6.145114797455212,-375250.04306480975,-579248.6140407489
-30516.024661792326,108.74355451704561,-272183.3039810279,-587301.3005996759
-27072.129188322826,-22.656079978327824,-616846.7901213483,-395469.1150669577
-69201.12683437506,-30.95981440999317,-809246.437467534,-421727.8464975142
51081.89536292481,-101.28784176048443,-1262688.902089936,-312414.8010905072
48237.164295272734,-109.34222980602821,-996427.0987689134,-928708.6335809982
103409.90241227506,-81.1481922814626,-208103.07564968115,-1244463.731099043
-76174.85977501085,85.11553661414882,-1068255.3461355763,-754778.3321277078
102134.45804714925,-92.30054210813648,568516.5969256823,138561.74447060877
102134.45804714925,-92.30054210813648,568516.5969256823,138561.74447060877
77019.14212175837,50.71276587136228,1005333.9298389261,3400.0456084144826
-88707.1075993657,-34.72771249698486,105962.12030489958,1416420.4478139621
182238.59902300395,-5.742546848402952,-860394.102025024,-1085246.1442735402
140916.0878741432,5.9956981277537915,643260.7273214712,236503.74484861433
180202.5407998339,10.360612368514039,642073.9980115498,-401040.214260033
71526.58587575838,97.28901843148404,-34819.32510430296,827454.3471773813
47720.565056917665,-90.96671753848955,509040.77029907005,-549780.9362418769
26431.723099756608,-77.06900792284414,-99070.4946096125,-663699.6029134755
-207754.3269091856,-2.5597661286260944,-191357.19711464428,106070.90253661748
-70067.06453924127,84.50052540734092,-695536.9465579174,-699414.5155520351
-843.3576219345196,34.98887091362666,-485774.9009380419,-360916.707952937
62593.738050872256,87.51211399977782,231303.2139323607,-786665.3972749097
-21284.887244469137,19.211846909888322,-259285.15694238397,-271719.42290300055
72454.18817740736,-68.0447239228486,-22667.856532131555,20955.770283037855
-109466.66525014146,56.3798053478339,48866.87088244257,562327.9917080926
-73195.63948880491,49.35420936665519,431886.49611585314,123235.8497377481
-69440.64767619447,108.44990410182307,-542210.2168148432,98846.14708562254
39109.53603467082,20.931845822051244,-772535.0950053867,441889.7306348584
153239.49104263698,55.94720157081285,-535330.3875850588,803949.5619306704
69824.88044219522,26.197643461034104,-108420.80715429783,-1364468.1864530994
265547.3633406998,-60.08068103198906,-606925.2064210098,-711067.2924602373
-173779.62276007095,24.552732266428976,-289001.2454872846,-32754.623967608088
316690.3209337546,-58.78962919668805,-351341.60413199407,-1142853.6276087072
170077.1784831314,2.557667761807167,-1014711.1781069626,-844121.7525680733
196732.8865029541,-26.415143314755202,-194443.62334545376,-407467.4762550653
-160967.2222866,64.18078434041787,90198.50214221753,658953.3181144831
-41005.97449898372,18.36712458482821,257891.9476247754,125730.68014311884
-99335.53545306544,0.7389753933522236,-946078.6548819456,392728.0624077849
282687.2468349426,-52.91059809200692,504836.50702683633,1385716.5850835403
344354.137880978,-37.79660730102079,208351.6011419146,397647.51712388964
-29717.735170431668,1.7662839926651728,1147302.1536983731,619429.9255611068
-1580.2535584716898,65.57665027724443,534743.3400989551,850053.7442118998
41152.956655173264,-117.92452627258956,-809768.2648385536,-139413.4620282172
13001.177532324338,38.414614428749076,-386898.51076427667,585759.5564144652
-22507.986273935676,-58.44177421526926,-759107.4784022049,-335853.08210045274
137813.47607745556,2.488000476085084,156944.634159473,-430923.2030040276
98490.07549398366,-40.166817580248065,504334.1385430406,-150235.0254884757
-161.68271452139015,40.654182814252664,-836673.6453072197,-1384587.932085322
-28255.408100664346,-86.62027248364278,-692834.7058431972,-371676.3575627828
66892.33130020424,5.648266527088879,-431016.72069241013,-1096712.8314017274
-77024.35663964802,-86.36913731372147,-1533207.1405687109,-1076526.9559690196
-321277.3652860057,-37.13668769575122,-1590641.1226939694,-1222188.0973126136
-203204.4400456539,-71.61943933012623,81649.10185249383,-381699.91524069
7607.942371621088,139.90195277636582,-295014.9357123142,245061.97951735242
-22766.863173053014,35.8538050455105,-509749.9072202877,-1252465.4277122682
140717.57386792384,37.20598640712389,55024.32681718725,-1241405.5645702262
-201850.2973564925,-98.11729742302322,-632120.3507324132,698099.852490377
188524.40729463418,62.04649648699157,706042.6211043111,-212895.5366930297
-100777.28412835274,3.0926770382326936,-292673.7430887432,559228.2361123827
97219.50842372523,55.31603851025254,-315376.23170196114,218748.68802640605
26973.186849087317,42.25920593135549,-15396.816955346265,-900934.1075133233
111014.57876747428,-111.18656655146023,14150.907830808894,569787.1991362395
70324.80707170273,-54.088537053181426,-812892.5807349328,-1668831.8499184377
95074.78126173216,97.23514673704453,-583165.0574479293,-38242.31980845635
7850.998557948584,-36.331417439172164,-2234.0828957758495,-937958.235727024
23120.8742236885,17.782921928406022,240975.55873649323,357497.38559807447
23120.8742236885,17.782921928406022,240975.55873649323,357497.38559807447
73477.18648402777,1.4303906537024957,-346665.6153883844,-821448.9223059893
-52180.917844364,-71.56062189125181,624687.5646781926,801715.8342665308
23541.35572509109,14.188855186017236,-419162.74822547846,-687346.1179134268
-188041.6671154008,-9.056630073574294,466372.3365912705,-395812.55665320146
161129.50192132365,-26.314330838875485,-115271.86279373238,389604.3556446368
-68478.59359054381,13.093287513716103,638208.8013371713,119313.21289705148
-101168.14365680597,0.7839318389397789,-648702.3208153016,130571.43159008949
-142101.29430390283,-86.95191925854586,-499761.3314499493,386776.07882331894
-40584.30267939382,124.43091050650713,294498.228681757,-297527.40309679986
104666.53432141905,-114.68022145779774,-700123.45116923,-879138.9389733401
105466.47380550679,106.2805490258337,-143599.4628714929,-548182.1593368871
169863.18191889895,103.06079775916777,186434.40440266242,-424331.2345285127
-21396.32399623969,24.431363793518912,411291.90220815013,-77582.5718247997
177176.71660274113,15.551794051844269,-429256.898384531,-234180.07304785794
35219.0648386611,-75.47747686188137,-1185859.1554506915,-2018700.923541425
-20047.28134957094,-8.106954565892906,-143371.5623575166,-1085921.0865302284
-70497.57005833645,66.16409122784599,1350992.4053937378,952898.3126362361
-139150.90962583886,82.86676443547427,110197.39208370255,1137507.1029121105
-155790.985698601,-47.27609601570355,750782.4048090958,481719.6056649012
-87493.21024292221,68.59472489892113,97011.73862676776,887895.3703344924
142093.69203760626,-73.29584043962683,901570.277506523,275200.6259588661
-151901.23319699592,-28.804542814100174,-543657.4253078066,238833.37047415768
18157.22296161618,-10.871471577620753,4858.156628027093,342094.1545644363
-109281.58668140895,-51.93302710974591,-318857.4749628946,-648555.0449490492
28689.539255076175,-85.91297913816842,39152.889691338176,-102985.95579264034
-102156.32599329829,12.379006107632854,-97061.42372269934,45543.551850742544
66072.38950107395,101.29905591641183,-155745.9152959121,-236921.37250859826
-98549.14172074132,-79.69478086017665,-42066.47406973965,46792.822813587496
105405.10184759629,-171.44090953173674,631201.7743914573,423488.241027601
246234.74638313247,-0.6894324923628972,654234.1085945779,474295.1088769956
-304760.83055653644,-4.618800950357308,-386280.26283798134,88070.78674474335
30088.191373137844,-162.88136272993532,-458617.7738129034,-621201.6287975091
136327.31774980464,66.59667403943882,194776.87329983688,119777.23134445047
-123947.50925158264,-55.66669783384299,327227.28918597964,466899.14449722983
-69267.14231560702,-104.84563199562727,-183585.9405287868,656126.9204522206
68759.55922332399,54.312714161006184,-234476.13498332875,-174109.46050751262
-16165.65492970105,-52.64099159599052,274306.74950900354,81585.5904199902
24467.199176343478,-38.55128709392859,97399.77980579015,193540.4829108909
-18089.881738877557,-17.56453424321123,-650360.0636792395,-826145.4716657285
107681.93185181354,-25.198595646510803,254711.24650626315,298984.3621682877
39468.13574010665,-114.31752338246673,53239.757243298605,-125039.61381879757
237344.78485853007,-12.619576475495492,-392917.5839871443,-694230.4340397711
-166197.25189822796,-17.993797548131383,323375.13704007823,964192.8490169253
-22811.707675018333,53.85109776989481,33166.98303444166,-230013.57243877184
-142094.02992113572,-1.5872418520333724,543446.4796837409,991107.8866408622
-25997.302324259726,-34.97135447832909,-85685.27331087156,170201.589417917
-178937.71713181032,-59.33241072129262,223617.76075926825,324879.8800728349
-65389.7959560703,17.29610722589198,1512714.7359349632,2154026.9489840423
-21742.98955968555,-9.209704269201673,1532002.6823050654,1086848.9614754
111296.73946946958,-30.712271925031036,766032.6366759263,1538861.4883134228
-110770.0307448852,0.8876511388552188,-476385.779322437,-826995.5406513626
10640.759934229267,-40.777157032095985,-747110.4787061464,-482288.22687637975
99121.61012383827,75.40045045167166,-300326.19596551184,-754550.6991931739
-239866.28202327847,-92.10091522513298,658308.8841900952,387205.5032277521
53602.17515549663,100.24022974602657,-172086.7579532517,326858.601604339
-209688.68084589683,52.544858305744285,-229332.98144343228,-365942.93854049663
-108318.14635715153,105.3509349666733,-410943.458503147,294941.7995969906
-96983.79359079449,26.207158635235487,549795.1391331765,76563.58254399052
126556.71432929792,-7.09764699453882,-512782.49251857237,-688600.9538775226
150584.49473543587,-15.644774881788909,-641860.2701340979,-12306.056910767737
-37424.94943627469,-22.625465677960023,755175.1931999995,116942.2990459759
32102.484984574083,-122.15742653627319,450536.44186804636,861351.6896684421
-171851.44587810215,89.15137075391856,-103638.24484698454,-361674.47007634246
52071.30640417441,67.19039695581395,356248.63561203796,968461.0618189833
-4671.518131888777,19.976472996015957,-96919.31438888208,406052.1807050302
-255792.394797871,62.582742291203374,337858.5147414899,349975.1690335424
-60319.363135459105,14.106483942978109,299108.1007333492,963854.9723964096
-236445.96229101432,16.18342941414337,-204408.60783336766,-460825.2954000096
250221.98155969323,97.06384803601048,-434153.91519268916,-144555.3021626225
-92584.86547216238,-0.3713613602756709,-326200.7384112577,-1422972.4203270967
159167.76905051875,78.63137042303609,83133.30146361771,1047702.4521856755
-43598.380195101025,-39.353320028686795,200921.30857664743,-851898.3099299839
77035.84117230633,1.9970617656355572,848837.5658330508,-286781.1977344879
206089.96487707348,-86.97235197265874,691822.960804753,277725.9076952793
37378.80754747533,16.72683921245332,277412.79056499107,301343.5099704847
37378.80754747533,16.72683921245332,277412.79056499107,301343.5099704847
39716.225098271636,-61.04325958864286,362039.3022322691,-80376.09205916268
-80698.73757090382,-101.78373673924307,736331.1867445941,1442892.5298247095
-4270.583067965781,31.80754032673545,-220340.54007004842,-514928.2551698595
-12775.896899795005,-57.26720676632743,308416.78395539976,18685.927414409467
184361.77182362578,10.129249967534378,500361.04997917573,-183048.6111310214
214818.61784466036,68.26219196672149,-1245553.2732000565,-1179499.6302204658
467344.37081140035,76.58548519565007,975565.9977422354,-244111.1801609667
37462.67933178198,82.84894776392947,-946890.6273574636,-535470.3568062453
-44175.208894104886,-40.74775489731823,540043.3062694179,758514.6191991316
145583.0816444155,42.791728261887116,-180092.34296113462,1068961.3313090883
195820.03705673333,-39.647658443271666,873514.5746544395,-226483.50742618274
-131916.87561113213,-35.951851084118715,-1362221.299321833,-533542.4690521751
70394.24547711309,-125.64298955160177,-1094865.9105114676,-691480.4554027545
-75584.04777095799,-41.932641050326,-584871.1753594866,-1309179.54092603
-115377.20499174081,-36.86592917285499,-593599.761387149,-1215744.7492416
139821.94693109218,8.173443805673891,-255213.7228475822,-80737.57284171763
139983.5605780963,-9.386421990695137,-132322.67613631353,-247151.4857378456
50381.30156267485,40.320539894551494,809041.2995242714,633628.1747292511
50381.30156267485,40.320539894551494,809041.2995242714,633628.1747292511
108306.78218007376,-16.980152600184873,310362.0308903313,303596.4947167721
108306.78218007376,-16.980152600184873,310362.0308903313,303596.4947167721
-25291.820801508387,68.89057633827062,1181127.7539528445,1066306.4720934748
3035.639979834683,-34.906044275864296,-771216.0439724962,-1472159.6254988732
-6388.3580393591965,-1.605125837038102,-1552071.3492397764,-1113547.7720403182
117250.81252395904,-17.57004682614868,311549.4179377687,1137698.0755506735
-56309.20398057574,-92.79007477029556,1180854.7225866145,1347956.0638806932
45096.798020947856,97.6787162901916,-669085.7542805151,-858025.4968764092
33105.037714055405,59.77042408011917,145264.22925174324,-73930.56501665968
78357.57582285599,52.79437264699403,-160189.17650482524,175614.63996931817
-203721.0625050497,45.15010607795775,-238118.43074083634,-449713.326013123
-28154.52237438978,54.96024424619702,358958.79424347205,125697.28634162544
7738.33720970693,-33.35467557036389,738805.4392506167,1025420.1629694887
-134907.75682474673,170.80002777556513,712165.5113081622,860846.5985000252
-346184.8687173131,-21.939924884645933,1208939.6482195617,2012570.0053183166
278226.2356158419,31.652724506278425,-773767.0224489389,-804262.0234447364
96182.82635800011,41.30487872902957,304591.95080902416,-1047312.0379134782
157308.04119487345,12.957184925175504,100745.68523396854,1027714.8018381847
-46122.23237926628,-89.52895682524743,518045.0536834884,-372484.5101404204
-55247.83645538951,113.1332648317745,254530.89750885696,-720081.0194213997
96403.54052727672,-25.54208986314987,307798.3961333447,1423174.854727218
-60315.76934928089,-43.96761963258555,734226.7982244035,60424.237451623194
2842.001242821101,66.67604283198702,-135926.85388618254,-16047.62752268929
-63026.08864963819,-127.47004381171458,-1034822.0332237998,-1087188.4973782946
-111131.71513158381,-185.73856774161055,-535265.4169751743,-1342634.9862111984
214142.3216876376,24.230857863883415,-592321.507430937,-24922.474511667853
160691.17158211538,-12.733466178105026,-273120.3622852753,-556093.5306531856
265894.1676439371,-32.13890336145694,153881.09344483435,-178720.37698328993
10410.421487035492,12.169660146622672,-159000.96949534523,-152214.48882838097
101641.03870235075,13.100822094933218,-1868.3269289218588,-414515.4661016974
-53956.93357110099,-19.958551180313346,-432755.747450511,-1063332.1872063403
-135548.69200078287,11.131967509516462,464902.7713405144,556249.9034191426
-131623.63509458263,52.507684673431804,599651.8115749162,929437.5655255624
-88214.07710793453,-53.714385681614495,257342.43540617812,458100.699790568
115321.04303886632,-61.445166398942455,358660.48022772523,168124.756843297
92335.99004035663,19.292921513837832,337399.65363002254,390895.2152525186
-18100.403447064993,-117.3817064728845,272903.2454681888,951658.4451989534
167183.45403166302,-16.95825497024812,1145427.3975270544,536105.510684819
-66876.5590106277,27.08602904670596,-23645.802431959426,621063.6863122673
-118249.96338570854,-37.44631928683276,72419.40687554237,-150742.19594425696
88183.4094450456,64.39373158076043,-59415.49103378388,-407448.51865583163
-23628.08882873926,17.00123792745093,802080.7279038006,452107.87590154447
-48062.12941981845,-15.690287289346124,1298226.4994576238,-129887.39286402462
205335.27582441337,55.3619734540702,424070.4291959224,1957547.6098642554
3995.5782186589204,46.46381879376948,696997.3073199114,680946.3992965866
220739.1869429118,-26.18379413168074,-624387.3501031203,-591407.0464394544
181873.86230565712,-26.92460123885516,-98700.7511364558,-393387.7480389921
-80593.58518508748,-60.35389198768842,-532048.9752805578,-495325.93859196024
-103761.4737709391,-16.22803495918538,254765.14525590185,458548.6004762406
110584.0000939088,-8.59905206698425,228542.70281889764,-842662.3000079601
-40015.16755199424,-6.433076274515411,-19217.259816122532,1363833.7754698887
-55115.092728518735,-9.758409951773835,-203953.0710855903,-203303.07577673957
205845.23871914216,65.4443467630301,184990.58545221592,338619.6712746613
98286.41158247823,-44.44576168898677,772444.6794273471,458119.18195243017
-184805.13417551375,98.9919752206602,174308.6150206396,720008.6159342463
89747.45451386613,-121.7601462508145,-776290.4714822554,582283.0491121411
35348.829285040214,14.710377795969606,852181.0393036768,-78874.08110697148
-74099.10639860234,101.78264428983206,-439617.69459285366,-755341.1816083003
38152.630071441235,-127.05691948851073,473145.64436376013,-321426.8121507013
89786.77570726491,82.41868883224639,634669.935616122,1426596.3442037718
-96565.60182369374,-188.75531480017298,342486.26475887897,-246489.42727633356
172188.99761214253,178.0782079986728,-374197.1241651095,-948348.6770028247
172188.99761214253,178.0782079986728,-374197.1241651095,-948348.6770028247
284448.368276619,-81.20720447985889,351057.2700505716,199891.92670183536
-166366.46439873506,-43.26707110766807,41721.83834231207,130901.42413083208
118000.35046057047,66.9490370217539,231670.84423457313,-152222.4113785157
8594.87927349101,60.9577131617277,-396712.5565383091,-309373.2052041891
8594.87927349101,60.9577131617277,-396712.5565383091,-309373.2052041891
-17561.636985753652,61.33606837430521,300650.98957042495,246492.73770068042
38130.92134018461,-13.795874368124238,-132620.2341175481,-185009.18666068366
38130.92134018461,-13.795874368124238,-132620.2341175481,-185009.18666068366
148718.41880989308,17.871121614586666,306474.46938517544,-819613.5101268946
163490.0300114391,-33.46092332668957,524164.8416557654,-710935.5237079079
-83644.15868186732,5.532486641881789,-213006.00183066388,811734.7154879863
-137411.27903711685,10.902250045383386,449662.61162931076,592020.8988853768
-154961.63085127564,14.8921514228008,80227.81033038453,293726.79827369226
-219243.29091109548,60.16888804427824,-472347.77637124015,472938.70552144374
-237532.28640949342,-29.366991559838077,-380398.6263195815,-789173.3296101091
270177.18882687204,5.789244215831758,-204390.6117740617,-351948.5094835777
3834.784467087913,14.176939554767772,-437246.6961584338,-886246.8666554699
56010.356591155636,-52.759809881672936,-764980.9287813359,-198314.13694378955
110653.9594112131,-20.36778641230279,-735528.9046641228,-466455.0877181522
110653.9594112131,-20.36778641230279,-735528.9046641228,-466455.0877181522
110653.9594112131,-20.36778641230279,-735528.9046641228,-466455.0877181522
-258122.78570535211,33.318353640395515,-412561.9616828859,-813682.0398972041
-9203.554390283301,-87.43486846014659,-1016871.6883037055,-524618.5308507765
-178085.14202284237,-44.039306153707464,-190157.403198253,-1260299.788636953
-153974.2082622094,-21.623149288171387,-977224.9510002371,-134795.89846729557
-90782.10156776139,-23.708798246749858,-1274868.8308231551,-949887.2437953278
-279662.1999921853,-35.7616043549606,328406.95885905053,449473.30192346545
-31178.37089154424,49.536621359213065,-390277.88274751697,-170042.29282404087
14434.121580795283,-31.59707740462388,-175817.74771531613,347500.3504689975
-6969.410690842276,52.21963142101522,793850.9195460955,-142288.87254665367
-89117.77949567988,-44.33710673581005,-155156.16121891193,95574.29564662208
23388.07389548106,67.13107078187616,269013.41285447107,145205.2506303849
259268.73696886736,-114.97366434610083,1062997.4044976076,885619.041939765
-93599.65848515043,-98.10872575944731,275607.29199893447,414965.82051184156
-58309.22571599201,69.60060916306037,267847.03409084835,692164.0796618368
129903.85754346283,-53.44426803684474,509756.2798322811,-344914.9698905072
-3157.888367424952,-5.211941590828133,-552571.4339096474,-88109.34597617145
95381.78218808364,-16.740834876074075,1106767.3307703226,-844537.5489690789
58705.36180154632,-149.06737217259646,869680.0400827455,-924028.1519990469
-149272.79368401552,136.1679111366297,631917.4328415333,483525.5949902822
-8883.702942876684,-24.743427022112144,1245066.4193065322,1927073.558084651
-325793.5954939346,2.660899082133515,489560.3085231184,754095.6390895643
-17163.70745214558,-68.09101398118449,-427166.54266909254,-46425.962256702594
-87772.50638854849,-8.855740228573652,100297.44671042578,-367483.9644696574
37619.83768616982,-1.324948189455819,501467.2382141426,124000.15243013983
37736.18422687315,26.498584732748583,700947.7342022208,-81658.12336864654
39170.2031031301,-114.5313547682202,-73251.87362641911,919825.6387438877
109266.39053471942,-48.15616087836979,394207.7907941772,802606.1393617492
43864.30750566024,113.8448228888172,355479.70035223535,-333097.9858530298
-113885.93532983538,-122.15091351004828,54349.1359097946,1686620.7554142356
-231879.0085956013,1.5380394665557304,-869936.3508714845,-1765249.6989950973
223466.6668115046,-8.616413214025723,480623.6756650406,494333.5354535313
-251023.20861986946,92.12601198391431,-783120.6895146319,-556504.3540207779
78956.34028514505,64.90897237775654,126079.64633223182,89965.16623251041
-48737.86091370569,-5.061323264677398,125679.72197299266,-169246.4964238166
-242689.72471035225,49.15516708967948,-93544.80743674899,399848.0587393816
-366328.10138386063,74.30899440734308,-52263.286373040944,429141.4551591862
171485.06528905247,105.17087356055814,960543.0956787252,830498.6489573295
117956.38177228172,115.08163730914171,1168904.6885511263,649891.3471267475
-143166.18968046136,-69.12224092666929,-482345.90325839556,-826044.2660756013
261888.610955132,-25.67378839052129,-75773.46069219452,88720.22551991866
-270995.03175648395,12.891057237497122,395928.7528773622,-235037.45604908263
-247526.1184619107,4.203707962573922,-287732.7325629458,1043197.5358055343
-205483.17423614164,10.71702409870461,-42617.62256675743,1407148.998178499
-364838.1743529333,-10.85815633352831,-241674.92571881344,482922.7888615865
-41839.31155131647,84.19881891932036,1052282.1932224545,1023329.2786338966
3821.7135695614415,40.14184895804933,-63797.05570435827,574932.8330486419
-124807.22666708237,-23.229077908696915,990697.8154668851,637840.5901257561
-15488.514848567895,-104.58027910753844,91178.34399549669,864741.7024061279
-79834.22850871709,48.54170679495273,-376487.09135360713,-967888.5594629854
-79834.22850871709,48.54170679495273,-376487.09135360713,-967888.5594629854
28268.51949981469,-55.16367670326015,953174.7410325836,733605.9789553921
-61560.06284176321,61.52302145506952,222376.46548356736,761202.0351069887
41358.38658990631,68.10818987191703,596885.2291469994,-161504.63028045953
105261.21247105952,-10.650976282440155,293123.5932083888,458719.5079549531
-70692.46505022362,-9.314864018615452,-79644.00555332383,-376688.2662790601
59859.67158949829,-26.574646354577514,502407.9941952106,285622.8516989632
-118140.35661141227,-12.425423584011508,54694.11517883261,490608.6071291499
-42036.615174258695,7.071798738563475,-432588.9324166269,-506927.0107080698
-39974.933013501155,19.078167990587428,-854603.879965709,154876.02563766064
292394.6398699293,-28.774902406331442,159904.4063694519,553104.574150237
3591.6088766215544,59.79807813542826,238467.71037799126,-467321.82134525955
-153229.32750316404,-74.52125397959762,944675.9905565409,94719.87240465649
-84535.6364117109,107.65919356857856,-1014049.7203749235,347015.4565014944
94051.92681961932,101.79153062889047,-737043.8876147709,696917.0046023317
52323.83690433862,-77.37306993891157,-777284.8835215421,-181618.21947372286
127389.96122372318,44.17859002857912,-275216.66897411743,-419424.7386539154
-112065.75768944024,-22.3781817713571,341135.7392652912,524301.5834775476
-114660.14344251675,-93.50425347939023,165801.42865081725,-171716.69334137207
119868.56055190258,-46.63629457469648,364288.8557041858,720613.3129330203
34803.95601450448,-30.484171917994956,152331.3927170257,-556392.5793760618
-90128.99992098405,16.30002514773082,-144498.55731144582,-113457.92743200454
-90128.99992098405,16.30002514773082,-144498.55731144582,-113457.92743200454
-222350.26995795916,50.13196047908822,-404449.7137240132,-86416.48322323328
-281187.32210998755,54.358188737511334,-563330.4497024419,451143.46667210304
-131377.07762975126,58.04091396334022,52409.656298746995,-472022.2472486966
169588.26684984248,-3.052133122540198,234669.95592187776,661067.3844409504
-47240.298125448724,-71.45441284994169,-737077.2160516422,-226582.99341932603
35539.61930709215,-9.9469333085828,-186990.86214145005,-808987.252150046
-39545.30420194913,-38.52424546741669,128720.80090782355,-435303.46084084513
-65936.26092218199,-38.094666180769416,-578714.5803500765,-761623.813712735
257502.8377868171,-52.96591417368094,-89981.13010280929,-165083.85967040656
-324743.4745660479,68.1154411987005,486707.0589567583,397764.4019385266
-125115.94726741762,57.86162649705159,445945.8840262364,963902.12415767
79777.34314020429,2.7499597762493053,224317.1106744156,31861.74405455636
39355.88454042954,-58.56796339368239,-881352.464792352,-105307.18007614551
-81249.32816148622,-87.84679891379612,-485219.1277090366,-408241.01048632694
-171734.09345137954,-208.99965401203457,-515823.8992249231,94931.84604448767
-117672.194433862,-178.0308937789221,-447073.15168994496,1137771.2735531824
-168521.22950131397,-178.1619762444392,541735.3367962773,552949.2848713812
-193272.94356379544,120.57552662993132,-262533.0081893908,277007.4219583275
94771.75275120325,42.031358411894516,325887.7598710345,-14537.865640952194
102689.87043397225,10.94663600001395,1286354.8584615327,168217.2371886475
24631.7920465958,-54.29867739540914,-676987.4660200526,237998.53903227166
157534.55905260058,-55.939911641032054,700697.5056284723,-453769.63417962025
50533.02809222517,14.612089705103813,225875.88326941885,122707.9244571394
95913.83043497194,52.262345349976904,148810.06733018134,955920.3868466949
-291474.0833621805,-12.05444359769782,-27128.160328624537,-429668.7199021891
460566.1868591793,46.10086620848782,-144446.62470872374,-1025996.647817342
235552.0039673677,95.43913866428485,-17391.93779574416,-376707.1657076186
288618.0321101812,65.92900577659952,498548.39746773953,485352.75447168096
-180272.5084351463,-83.36545379970968,366313.9748370539,287503.97073101246
130674.4011239718,85.33568369137348,-359220.8759766928,-238440.47378182123
-22982.250761504867,-39.66340489511623,-167657.24280107347,-648644.9433970121
83648.17667952145,-76.2205745438491,301097.8853677838,-177481.16756439814
35101.73659287735,152.54426791341268,215485.45604259984,613913.0974503055
16992.74929588184,-152.16084071223293,1043464.5863167634,844726.0875886462
80918.14682633974,14.814702140594605,386003.6844878555,436246.76145938307
-156381.5175934896,-58.49911399915159,191803.52306379774,52166.721607220126
67574.78442026842,-1.9752692287107152,695494.1578224711,-719040.9222247044
15952.365406262892,20.01142912145206,-1088311.5241597542,-723329.2782547337
-112097.07228264863,33.37214458298904,311509.969361695,53568.05695588267
-273606.7200851091,74.50094095343096,-455211.7543409766,300562.68530976825
-103634.76053961297,79.36086278486543,1044352.7002899533,907586.351475006
-101583.70659372232,45.27538146377638,951845.181905181,758251.2714511822
-131068.41188414379,-101.80951418602643,-254025.1246953928,217074.2550261397
-107054.21535841303,114.96183894829535,-76046.8042215993,-216569.7423801489
165459.96433176985,-43.52073901374169,42209.53352037404,174816.00241208405
-32073.096797014994,82.07915845282238,311895.7682499847,201401.94188702002
-30645.989748731714,-29.720745336532943,290293.3739428097,-399378.54012795805
-23272.22405822517,-28.695428052799272,-566499.0738260006,625227.7590589193
24931.581657516384,27.829129930856453,603612.8556299258,577340.0760764347
-101570.23301386823,-16.336752451039057,176821.16927559662,390124.51633601915
132076.23946300242,-51.30288387430724,322675.89402670035,38019.591260539775
-218574.21610386844,54.29303679727286,790834.8508647382,161698.48452096735
-152421.8831205412,56.10704658442607,-383561.57506188727,639888.156319559
-65806.1587603577,-37.29896862956832,191731.25770581886,287703.7389117337
346567.6933879342,-19.113097055468547,732860.3027668532,325269.91091531137
139461.04206912417,41.87601066581368,-131665.75891758583,438361.93870733975
134905.5758562879,22.059219751698244,185583.89552603336,-520148.01468149753
184933.31137871218,11.84323698695031,-377704.11164638115,-169240.05434491183
26630.78592301559,65.8767039087097,69285.1860192917,-336897.88145230175
-61580.1698221869,-62.08339552240907,-1143731.8638485912,-819851.4821944807
101869.46890291068,-14.500457409200735,-322042.47948044026,-416958.48588073085
213315.02482793742,56.35086942984201,-958408.9981788929,-720257.9417990209
-71856.1032817958,27.973366128081135,-326904.265709664,-460583.4106327874
-271384.56393747684,4.11138965105345,-40420.695068388595,344273.21252772526
361120.85987488664,29.583199969131925,-680299.6574462614,-665126.7580331409
59259.728499914054,59.090970526607194,-554930.3337622933,-1239529.0532732399
-23577.04444389431,-34.51125295846787,552580.9356043936,767215.7797773082
-129521.54987275827,35.00672931243124,152463.99897211324,83938.1402100221
-144837.0990539779,-19.993989162092866,50681.294852499486,999014.3376039019
3572.7747488039313,7.460467890369493,899196.6981881285,565510.4411443905
-199095.89875911974,-49.29006474558227,321652.5799442241,1112917.774894602
-50678.5566292719,119.0454557921698,583401.8098903346,367780.1416569684
-219199.78720840794,15.748862417889384,-26618.993577332236,599070.2920917423
177580.70801714712,7.775451907506586,-76149.41584014797,-338602.8840124387
-46781.30374757528,-17.080006434818088,-77612.09627668819,16603.43291440801
12452.36451144678,-7.097509138513608,298795.4988299722,99488.13787120653
65856.46362317548,78.50240852542595,287628.70394358406,380003.49971044884
-25984.627279079956,-25.108813359319356,101514.30062525353,-110675.88285311044
-25984.627279079956,-25.108813359319356,101514.30062525353,-110675.88285311044
-151948.36212798316,-7.6491150793644245,-640560.4293946964,-94626.43630320815
139084.57757800672,115.21847264922114,429341.02853265894,-200725.10651651944
48845.156899432215,14.937753103944061,-415216.63894312456,-163614.1729706076
41467.10335046719,-82.09418254072385,-540194.517655592,611320.1958109837
126348.99536487574,11.697262548480026,199391.62453394628,1102581.243339179
-57631.74134181246,-6.132919693645782,-43139.97987763316,-731134.1942382728
-25779.823072917894,23.61425636819512,-2913.620312072817,152377.07715685747
166976.3732205317,73.5053033185965,116341.4780403625,-197445.60882429557
-218826.92743151513,-11.234646165387346,866602.5355974645,746979.6170896278
148095.17007992847,-40.03189901795004,-71978.15239431741,-858797.7804380861
-185818.49498126702,50.51430091922994,466552.2787882086,185392.4178016053
177895.16235335462,-28.083583993304686,41199.4992505604,-138516.94685887493
-124970.65175656136,68.21046678799544,-131650.34830523276,669520.1769069758
-123619.23519191355,55.50252049415884,302252.6529450403,478476.17519491207
-45412.087584443565,-61.34558514536512,775689.0636014353,-826805.2919748205
-252383.849165567,6.389292789433441,18039.695790849742,-406956.00246303674
-119084.24349508868,62.68985875906625,-177850.52402718717,796590.5341938753
-119084.24349508868,62.68985875906625,-177850.52402718717,796590.5341938753
22105.618562236108,-32.11846286762596,-117315.45602821696,-735956.4157464246
-28456.57063573609,-12.365810125044934,-545908.7630582228,-669986.6019199095
-55384.80091152366,-76.2666261866149,78914.45322672126,294868.6626590916
23619.279495194773,91.9414942658986,-143154.17224300385,-28667.5450651262
38047.728423033914,-29.210447880245226,-265230.69377611706,-1219865.2291349452
-110188.74129737492,-31.568250618537174,-840540.270450725,190407.80550303683
-12720.252114006216,102.94748592173958,226885.59277727763,-432295.10106960963
97020.06587926505,-42.45774210927114,-261220.06063911645,503847.11175403575
-76045.63381039813,55.33871823799224,-49986.63096624566,276440.9947172599
124234.8421372736,-40.087558179823226,-287271.3557943485,-22744.88487570145
46897.659595834266,102.27428917098612,1193803.1855601468,855274.8340009435
126236.07166903911,-23.52036340141582,-193826.25508301926,113382.43795092474
-43169.452756983315,-50.42882716812024,-215797.7332900689,-697104.6080670424
-38510.260816864735,-55.27562315172915,-586880.1257486333,-228662.34325725283
49273.64893764571,18.515566763864882,398289.44862830464,612140.7175340388
-180499.89091534686,117.30024304853023,-84516.61628225233,-51605.799108516134
36889.10658544136,-139.575338883793,-199131.16364506277,1089822.0502612358
75084.73231338935,-36.24426137303162,559517.4682723244,626714.4083108555
-183015.58496520497,-32.726785045648064,896578.224490262,1038630.1878135856
-38162.563370351156,-16.21176460069934,1120767.5521036226,1732107.5478679463
9335.45824945443,-55.68686508297201,555833.3202987632,536814.873123147
333164.9978883588,54.95990726870892,464344.47834863624,98103.67168010052
185445.50680859096,95.33675002364025,261372.89612695278,97210.71271166403
264917.8819909979,93.72718324245237,-80721.66030394397,617831.2697827439
-1918.4169485435705,-36.05600465326545,850875.8769335351,448910.7311978439
-101592.77893659394,60.85963334550116,180690.6142886889,-409971.0758392402
180237.1730257986,-42.906021610181114,-15917.179812951712,-556871.0734986272
98694.58744301216,7.585634404157638,-905428.428997311,-716652.7031718319
-78501.95737394149,-11.152448300391512,-47936.77730615018,-301110.3306276802
-126747.06253275386,1.0810705379355028,72645.7075148329,684894.2358032134
-48714.582631598445,55.581223938869215,598869.6538723132,-55564.75535397197
-48714.582631598445,55.581223938869215,598869.6538723132,-55564.75535397197
-24678.443166829486,-122.75485616732938,-448566.1245853176,-210009.38033395418
89738.28974024557,-22.539332110985228,229074.434537402,-148272.5050417849
89738.28974024557,-22.539332110985228,229074.434537402,-148272.5050417849
132979.65665147355,70.06654938464266,-221569.28009568295,248027.82971895626
72603.16737259942,-106.23667222342104,1286725.240767452,1149407.4609832212
-107941.71216020116,114.59797165785122,170379.9824723507,539234.035609849
-41059.19231252858,-110.21205783429642,494300.70086996874,338270.5753355163
41355.62820135131,79.85879131027907,-75485.82398880113,-370733.4618601743
-138284.0411921633,27.108060900405185,-191128.5590604596,88121.98961321796
198648.64093171817,-31.176049762333907,-93474.53527895745,-245144.59611224325
38967.94260576661,-26.746122398243834,-370887.61304914724,-567803.5515268774
82436.2855873953,-16.776829491878495,-626000.2405480335,-581433.0885276223
-96851.84123118914,-6.2651237674774976,1146521.787474617,436499.864977443
197125.86331681843,41.40781226680134,-70315.17823388887,-1670478.7983731604
246825.82499474622,97.21401615547681,-426308.5291793001,203634.3051660068
-72464.66718586985,-22.802575573546804,-495758.3563606809,455221.5766870837
-72464.66718586985,-22.802575573546804,-495758.3563606809,455221.5766870837
-63789.32947027193,29.398311199481405,-351683.1910145399,987289.7079784536
-4229.652977372694,-5.548000889778606,278798.1077043271,55471.26635117096
75540.72187147323,46.719811520455764,-230340.82987664366,57702.448178026636
77509.33092275643,-28.00426399095825,-647976.0863457617,-456192.31688216736
-182956.4851929464,-24.94326973422108,-715960.6664434841,-597660.0456732087
57023.54780030664,65.57648347358878,-322775.1542963214,-567328.7793716415
-67563.56093710096,-52.871178075106975,-26841.993521104392,198579.72655475372
108557.10619735795,28.747475347053744,-631029.2068439624,-919189.1662458591
31063.798016630564,-110.39465710458882,-490111.91331885464,-1522389.375681498
34139.90399699657,-182.43528329022496,477774.02272598504,-1164909.0202065904
94412.27900921868,-2.0903313626411943,-183198.0795811219,-440162.20899435936
-74049.6725370129,-64.04734843749685,386506.90941288124,-163829.88021483034
56080.31464851345,65.96401050508464,365235.3943359362,-506590.5984354155
29489.161483356875,6.547586950252416,-22607.1645360018,756493.1304455376
-209362.254507223,54.886119582152666,1107852.3441461446,905676.9148299072
69458.40691220126,30.220339549803917,114321.08012138077,833204.5578425925
-4544.557767162623,60.95327730577158,274170.50739434554,230104.84012277576
80864.39833269572,-71.26908445871152,-150370.28167294338,-271127.50125341996
-188563.68534244545,7.513400184910672,593548.5251036768,951801.9797929747
153076.1257081931,-15.250924524584669,-267544.62622687547,-816228.9723848242
-22812.471440390582,-94.59943148034067,241536.6534360685,645681.4687835817
-22812.471440390582,-94.59943148034067,241536.6534360685,645681.4687835817
-55371.16473526684,-88.82172786208763,515383.889522229,367116.63400944264
118382.11864053857,-56.94439393782063,-8879.628116382984,182426.56339705235
-141546.49630614457,101.80923602374867,477337.4752062213,481371.32685141003
-331529.7622875146,1.2908059267899006,237992.35773103777,1207796.8332370676
44639.619908837514,18.69160136840085,1363628.4097004873,935969.0614753994
129887.98613640323,-3.8179978616429935,-639147.3547093589,-159981.82476673485
37707.48527768809,-19.10748303161699,-562431.0572372937,751639.458855609
-247524.88204355346,-29.71976101908127,524103.91631441424,-346715.1642899477
63818.82856191974,-9.270634879370292,844338.0427492231,508849.98111346643
-188544.19484204665,-55.254439641560694,-169269.24992812454,139132.73027728044
108421.70527737272,30.848534384333647,771423.9605634015,595686.2755061788
-112314.15041364713,-17.00734206704501,-1595596.1140147098,-806444.0841356058
164564.12104644225,4.29009657328611,328434.1434010888,291663.8673551404
49763.0978191427,49.0976490219346,734640.0178722183,558981.0398294844
-243255.17505129526,60.01452292135436,-1006924.647380597,-1393504.9079451717
-12247.903903634491,68.21822016662807,-396217.57297149266,170148.32957232196
226446.18572831628,-39.727472918317936,658989.1783795422,-252612.176168749
-24062.2511916917,0.7418881945223816,-991341.8961645581,-456703.741368371
84927.8181221476,-82.3366785188044,172080.12632192497,-468938.68786540814
756.9969760776294,68.4263526902045,-109364.29233080806,573730.9671881975
38675.234277753276,65.73877127054044,317167.8282196443,-395645.369383119
-18515.578206716513,-47.29846677349212,247585.66735019477,-561550.0040558417
26629.600720412494,-81.14032093558393,50268.382577357115,891800.7593248412
-143817.08560697077,-51.62357603042912,-387409.78828214254,-983971.40780539
38941.715734973375,48.53452117388251,-42943.34011902724,1138835.1633090645
-138322.51080618435,-25.547182316590742,-706845.6555303233,-843465.135074081
-222620.03497927744,39.0855739917964,-1349362.5375394286,72514.7302456958
-109937.34119735906,-29.880635565162923,-302223.4323002449,-1474919.2627525802
7569.012556639558,42.81206157579656,78714.58895110339,-497833.9967223569
280888.59687209665,42.792906295516325,-950650.3644793867,-1033602.560470478
102860.36948956663,-63.576596883306124,-553670.6814435896,-1189675.3457539112
140777.19954673667,199.90563736997942,601815.064569358,709251.0231134067
202523.702828293,-91.2242016552618,-126240.96338764828,-593109.2246895677
-164445.63234667634,75.92149073269616,179800.73386925145,757800.5042574137
-164445.63234667634,75.92149073269616,179800.73386925145,757800.5042574137
255346.07230945563,-131.14410302099066,-433703.29006202664,-940325.045025045
255346.07230945563,-131.14410302099066,-433703.29006202664,-940325.045025045
417056.82070826826,-39.10678749883358,-22635.74692127423,-210786.8672228118
417056.82070826826,-39.10678749883358,-22635.74692127423,-210786.8672228118
-308183.71032135515,43.28260413839334,92206.14757934655,611096.1544662166
117416.97727433778,82.79940629167398,-136070.63070031803,-386005.13207770983
-75477.2821313191,-60.408311870295265,368179.6549265491,-164676.6815834592
-257185.93720562957,-21.655572409688844,297351.2522085034,1512141.9167716736
-186863.10590555027,-68.06197512149738,462431.46492166724,253916.09994144668
-41572.810330252454,78.95540354826639,-249142.98253175695,467227.9754317779
-209781.519580007,63.48031103689672,185348.49299545612,-377081.64192198927
-36041.91068530621,8.294602769283912,-944104.3288317674,-160405.04881216126
-165718.83942566632,-47.81044688554216,-1033710.7899933058,-509654.32256714377
-62665.31230681429,-10.792415197607546,-300683.0301910526,533371.4425241235
42657.38617542849,-0.3316889537747336,-720713.9287309896,-700137.3524304873
91980.1807743351,-12.030657178391552,674333.5510103859,338896.9737895577
335819.3466768531,-0.9945858189970416,-216332.43770290696,-439616.1806777415
287880.4617322255,32.25284078497988,-60209.5039737866,-335292.26394446316
128138.81692210023,-1.9221746922612724,312795.7651947632,-700104.8840992464
107216.4378986305,-63.19886427964835,770460.6395167352,-574270.8175481537
86299.86296526212,19.14893126931596,-1406053.1175051283,-587201.973568115
210183.46166578992,0.9878991013237943,970757.4353242163,-354689.4908214025
129492.88931637586,-37.22818967844981,396837.7266432663,305477.2158224082
-51375.73593507652,-47.02905977678476,-128160.85424797045,-19254.20606064552
