O2 sampling_t_3,TÂº gas entry_t_4,H2 sampling_t_4,H2 sampling_t_3
73.59714233845207,8.390747469482264,1.0825999264475286,2.211135108535614
99.96060435783313,62.04612312056688,3.6091982150146116,0.587274724402163
99.96060435783313,62.04612312056688,3.6091982150146116,0.587274724402163
108.03495391942297,73.10033163960148,3.7683503974235775,0.27853971704568514
99.24266192660347,-20.99501648983534,-0.12663443300487048,3.6596160778441384
61.73354546503194,-43.92291699294225,4.049738625196078,5.890853817943279
76.45972786609074,-55.29694277359451,2.1879233959111275,6.934248020242019
-16.29601091019441,5.290773736857635,2.534114129881587,-1.2055448561979893
8.039105461087843,-162.39736490227412,1.5515145361886271,8.033173943432347
18.925212492897362,-58.756120253849176,0.08573219770250168,4.154201084570109
74.63820794328339,42.61066024916681,2.991710556355594,-0.49591887613080465
74.63820794328339,42.61066024916681,2.991710556355594,-0.49591887613080465
60.549829677044364,-40.09778515255609,3.6698143545602115,3.5836595607845103
73.42201400923554,107.18379237172874,1.7772563574875873,-0.6170465161100616
78.44818490688064,110.38250309699332,2.026445785362147,-3.1750189339651778
62.75767628769637,103.46413209223037,2.250768118762337,-3.5938845841260982
44.664590901612826,-44.756197175230994,1.7387032745454558,3.2497706422957506
44.664590901612826,-44.756197175230994,1.7387032745454558,3.2497706422957506
44.664590901612826,-44.756197175230994,1.7387032745454558,3.2497706422957506
56.47562783212484,-30.688165018190517,2.4288031835633004,3.576390317598564
62.31395329216739,-62.48389375115515,4.15435235001909,5.791423309154526
56.917667250185815,-78.05301341195894,3.831752311948437,6.030735052297205
42.42737051142405,-67.83137477044775,1.8084047652644522,6.395867927724862
111.68766984188011,-95.80856392429529,2.3313855497715084,12.463518121950745
136.44951889851703,-129.750564273823,1.8041519688371959,14.667103891633724
47.18074623076468,66.755047431147,2.369241349730159,-4.038640783180654
121.55620369807579,-128.8745464519692,1.496490760779367,10.019247235397593
72.29477648286522,-7.553740757202505,1.9073001713928943,4.084572845695026
94.60140919116614,-11.50170392134454,2.8034726281341418,3.08349478497185
20.337659872518458,97.13150813841482,2.7896383040524055,-3.630122968525245
33.1681120258883,68.83299051704466,2.7497624893674586,-3.0717989428369856
116.01406043062238,119.05195212958257,2.8612217516917506,-3.013374452637687
111.49976389013626,106.59845401085332,3.7016470421427616,-0.6556072549135563
109.41770684251509,137.77069276776012,3.6057292713908824,-3.359723864044429
32.44295337520278,-122.19660352881404,2.8278868656540075,6.925722739973019
34.87922145102665,109.32350004109858,0.9696828103533873,-5.791708737403262
78.16741161421781,42.96695982096979,2.439472585563209,1.1297865124045767
42.773880265934324,-76.40203536391772,4.202922972979465,6.105933245701957
49.97730808032343,-91.4056229096015,3.91543501202647,6.443267865411987
73.9951598977744,-0.7119330478459673,2.12337660583138,1.9067814454210925
25.883211693887716,77.05489957595577,0.38433176344524805,-4.117829840711325
100.84669918819675,49.599147658550045,3.418205221118741,0.4844811467385337
47.70737434750394,23.935352531970437,3.757131857602867,1.3363939074768636
46.21088188967095,-32.9074446418968,3.2971528692760708,3.767474968307936
106.95210002957191,60.739055675238724,2.4141543065134417,0.4800883135705919
46.33407014144615,1.25895050902421,2.848868148963097,1.4428419245611646
101.78052676324172,43.46402435103517,0.7028689628616082,1.334370992776205
64.68973012639306,-23.78989892586213,2.306049298061727,2.7670501993297463
36.47945583844114,52.815727445176336,1.9539006047991725,-2.3153320920939615
18.70926720903177,49.48032608344003,3.319198077213458,-1.71751255202682
65.40611097507836,-4.5538268127407395,2.635609520218714,3.0956279545103884
77.28785120502071,-33.937902053544846,2.197060778724379,4.158899088021792
39.91593062402714,-28.54452605774089,2.5689218531721245,1.3240053865031285
84.59561264594707,-36.76245355326567,1.322329417152564,4.9264841887089466
79.95578401827045,-76.44546308359169,1.7929266128187469,7.058343961998982
57.60325786126389,-36.142290806940565,0.3731972108980145,3.323821358066665
68.09735147734149,96.38821558980179,2.674435393961623,-4.171734631624389
40.81138180051409,-117.91425406612262,2.547432663342706,9.496600687228478
82.61823792121876,-84.94003330613268,2.8266918311116798,8.69877581792641
63.58316756345367,62.2095865130088,1.2528623067197497,-2.3435858094164015
81.86636486616241,11.779341387677633,2.712397744162375,1.9294758520381792
60.31498507594431,-38.51299283654741,1.227970331959178,4.318516022112944
45.22572529227262,-30.689124510782538,1.0492567243355233,2.3479211858095104
60.96529426387409,-29.39945818666699,2.911284162400637,5.154916327395274
62.822691301804646,-31.76221176727095,2.7836048410458263,4.581910635823532
38.82281655007484,-8.52794840853952,1.5526826347912055,0.9369447702847058
38.82281655007484,-8.52794840853952,1.5526826347912055,0.9369447702847058
70.04063838905832,42.540230107617504,1.671197746447829,-1.0603379687932808
29.736430377544025,70.48260112033644,3.612455086177698,-1.650680157412857
92.09923905307629,-113.07558324270494,0.5904984908532845,8.57445440942122
88.55823987623214,-98.55096017618365,0.619170236316867,9.706571831604801
90.69249515519878,-114.02118239336107,0.33578419428140704,9.318608154945956
92.34663620806576,-146.03521850998928,-0.6789735992774661,12.143040142779798
87.52726146258776,-56.73140766700932,0.19967553390462522,6.467784256003185
121.28709513227571,-79.08665736608938,1.6454488244359657,8.606847800069481
-13.638396913827092,63.058599911134074,0.42680598717713364,-3.2119679357851214
-16.105661304706558,80.47168741301473,-0.38694336266615925,-5.4142965230853966
-27.528702015103168,101.7761001235977,2.0169488511207367,-7.067580646167711
67.35949052962488,-35.853162986796825,3.2304096034882757,5.349768151243724
40.73358125970853,-56.65210676041048,1.0578242996254343,2.693700204655725
84.28808667117626,-48.57320282677414,1.380704818872658,5.019360027914189
5.094586903942089,142.31130639450956,2.2396940125967726,-10.201647045242305
56.55221521525533,131.37446845435903,2.149872681902812,-6.222482111436861
69.83399313131005,111.75123776806603,1.6977696383409673,-5.526954098948498
36.75719182978436,58.06080435763366,0.5203228334299113,-2.724240462655756
55.79196660588028,16.982369789898094,2.3658646082809893,1.3185770875528253
84.65521380028582,67.97748807368184,2.1788905548628876,-1.4914913138784995
62.19447608073863,-67.33474342903042,2.5467290436706174,8.565770321103688
18.50214280412308,5.584746295764255,1.2835959215312114,1.3189930115912443
60.170123839217396,6.194973114677371,0.35311876353459754,-1.387232261191794
29.804247751203665,-106.74195895919605,2.965746955621336,6.10785225921748
24.69168350276196,-150.58136737962073,2.8209318989207333,9.327423062011617
134.59387413531707,17.41763413848845,3.0508958904954007,2.7019980691515304
111.22062966091065,13.056065490356016,3.9065385672194823,2.9731421770897475
162.26255214072276,-3.190421995358596,3.094128655370648,5.26768347303465
120.93367506000699,-39.40338169524837,2.355730555387528,6.846313516944863
125.88818798988265,-88.73013638968904,1.13904916594132,10.858614053250005
22.991923406438488,26.887417863544954,3.221513208174541,-1.217841529587299
26.50149765410369,-0.5430213710165326,3.3472723483109297,-0.6395915229439278
44.42927863097731,59.17165364775987,1.1346651892723725,-2.80059263745653
88.31699249755212,-50.675394376250225,1.6513487729170837,5.588364894585164
110.7612921330336,-29.344904808558184,1.8381227657585024,6.03105286695191
103.34334601258743,-57.96553777967644,1.516504894592842,4.37588491147314
100.21310091482732,-31.954544861498245,1.300100401724265,5.578534092582792
43.02045751037895,-117.76279604710251,2.6106323623941954,8.279102058496608
97.15776358899905,78.8737517109272,1.5704797224706826,-1.1124142368337844
99.95538001808383,21.449878108168615,1.83269909546432,2.582196719711664
39.9690406737174,24.03127185922728,3.3112147659263407,-0.7088885378401197
77.33960454417554,52.145168136537976,0.8068179884135411,-0.08997575019523985
67.81020340031827,8.071902687604535,1.223157678323642,0.6059509411993671
56.41142587614122,40.913882758866436,0.5864708881716832,-1.0647676281735836
48.101650002300794,17.695086622797763,1.090192415808611,0.3123177169608431
73.02952164971235,-27.88457363978018,2.9895289541378927,2.5562225896697766
75.3269407564849,49.779927360716684,1.6148177443212224,0.9312789600692983
55.93858885916993,20.276522713570643,3.671019640023131,-0.6942316048895059
100.25622727372448,12.718706424991115,1.8074198954331742,4.055370416281251
79.43821629247397,17.484584605471774,1.8418100463166927,0.6634949968692906
66.96561122725824,-22.02115950535857,2.2576537330758932,3.0628430229401515
62.66154865548821,-69.69062112225842,1.6307529350778662,4.884688188643642
50.02343856640463,50.70801833969158,2.588956317685767,-0.474369369660157
-5.533389165885513,46.482114855358574,2.8433040261793443,-0.7674468906329786
66.20104520890024,-32.087080944639666,2.3242323662625584,4.5020507208790645
31.828141173270847,144.1912192030024,1.5168065919018117,-7.521649365680794
30.867486881568936,121.34199941481755,1.908906515278818,-6.481447964440571
85.74815570384048,-84.55469027435873,2.6066724858180264,7.888576829180792
92.10390487443753,-32.94391313978943,2.974387458817622,6.648050288047452
163.01652551531885,-72.53160158978184,2.8075976068975117,10.718089620054162
99.22327726593386,-10.566298174360321,1.9744190796731018,3.1280033374652216
103.57838859823543,42.2686858446876,0.9480516794811258,0.3812755232514875
99.01293113376992,4.153160087837293,1.3900101805370535,2.559950575472839
99.01293113376992,4.153160087837293,1.3900101805370535,2.559950575472839
61.25126039807491,-60.316941928338565,1.2910912937575438,6.6776208804486075
72.19769284249891,10.323999971454004,2.5235638998266223,2.349181508349968
72.19769284249891,10.323999971454004,2.5235638998266223,2.349181508349968
40.256328510699284,60.46270941496398,1.4363703771729153,-2.4680635199703698
85.27726084087053,-67.40794375033096,1.0703125288250084,6.376642405109192
75.31469309529595,20.483794184012115,1.6120645342573203,0.8699524410382113
72.38974609949082,11.328011303192348,-0.16782736578358043,2.7043962210964083
106.78851502184577,-20.014216194549775,0.17346759680495277,4.068460011029334
100.90282681146455,-92.5917899245238,-0.44566823142324985,7.519856420852606
65.58396366549647,-3.94760252299956,0.9613229320165891,3.1634596985472676
77.59431734592324,45.30637746577028,1.556749703827671,-0.23989071152840102
52.372173634680436,-49.03530830906587,1.9628316750555945,3.8091535486395456
72.69183583550263,5.384755159135853,2.3509486922392897,3.5591316663743098
6.78971441521274,28.44472187773571,1.6159520374417402,-3.8473253886750567
97.46663993185636,-93.71628859942527,2.326586025197062,7.806617273152524
13.29802838155381,43.18287862804133,3.2624621128181768,-2.16909550721866
80.44507693529707,-35.0517566395604,2.32227517190644,6.0013243710717665
80.44507693529707,-35.0517566395604,2.32227517190644,6.0013243710717665
88.8220247854489,-67.57681457019363,2.2223066127889117,6.812735673171388
78.038311029896,-33.1650289751361,1.589935348189225,4.614157012374862
73.0303146622355,-61.855219635015516,1.9143679497288724,4.424913537187525
64.33381177204618,10.473451546750145,1.4082061668721537,0.16495102999809763
106.48711277010428,-92.46757246725961,1.5401534598352922,9.111798769924045
134.2320017070296,-104.3915731903677,2.114129189570183,10.521312356991066
106.819780220052,-64.98437173358255,2.988815200389557,8.998951683157298
56.93669598841065,-24.701017616321064,2.320661800502031,2.3718272181009876
31.676605171770472,-44.89412322850672,1.2558720543256343,4.314662309850734
99.84366608093818,77.77306870239303,2.4266729411530057,1.744762260016646
43.63157121084926,98.49672817820098,1.093040629764629,-3.094811122445961
98.50611291925038,-66.52061042761984,1.9584401092914752,7.552836079642354
55.57835283874741,105.52066906009284,1.8555432228425142,-3.165245650309106
66.51691941717759,-22.568414850507146,2.0763987818955356,2.034273819232312
96.32487733991222,42.88708454689587,1.0355225361422646,1.3551657709027876
21.87330696256832,15.567666588744654,2.0881152655078026,-0.4730388499379441
6.283630183791373,-68.99108593474664,3.072827925988261,0.20342638907957133
159.05294355747904,-74.82150236740713,0.7729826918149139,9.131903796099829
144.79921411268754,-1.583746423610318,0.43757370327484574,5.928958668008496
79.1044963916454,20.18177360314358,1.4149286699483838,1.9107620103286886
20.401412555686463,12.489748966662926,0.7996203616622237,-0.2352742148728507
159.61196998674725,24.16220802165771,2.091102300200189,4.584689059122102
92.10826089937892,-3.8521404313723906,2.2378440554543593,2.424301140676737
137.59594985383143,28.81965040324558,2.504818310951071,2.3981939019156964
138.21733310900683,42.31223361353679,2.4086024660218137,2.0266407937815174
72.56261435316375,20.805295979560505,1.1046131464359266,1.13542980757746
75.20529830027881,-76.52189629195043,2.6333361273174254,6.5594889505052665
126.96538111532462,-3.9097868957237765,1.716425798951333,5.310726537498236
122.57058135750175,-19.394971670116174,1.5740622948834606,4.586069507492743
80.28771857984084,9.620995611158822,2.299925789345657,2.8219401347074635
109.82028930825895,-27.53333248305888,0.8570966354152929,3.2854222489439127
80.35433574590417,56.22329243350899,3.276627997318078,-0.6622577392314657
88.21410219744754,103.82539781142827,1.343153993920632,-1.3060322183515092
123.09443529819866,74.42942371980334,0.5349981230949133,-0.46928200787344637
109.48913455410337,-0.6687546353274569,1.4168250016400954,4.630994314785076
25.318057334624203,-5.042386017993159,2.282134372409221,0.6965839122260309
21.846469938079956,40.29530595365238,2.2866781357249812,-1.1110294339651938
34.42485616782556,-26.732599817881777,2.8767021144185136,3.2055142587190097
34.42485616782556,-26.732599817881777,2.8767021144185136,3.2055142587190097
57.31011942721476,0.6303545637361943,3.238747700330948,1.33386373812908
39.835414761023635,115.11353359487799,2.0132300496785116,-5.708082779162368
35.239037769980435,43.51945970177672,2.1213407274544744,0.6266596194813951
77.49518646427313,12.595138370470139,2.38142866752356,1.8002735999783968
82.8000064456374,14.487637070983297,2.987751688250137,2.5438117151545896
85.50816487599496,2.9663133714884813,2.445595624834591,2.203242894819687
102.52963634649224,41.336462893172964,1.2144081035428673,2.272760919556491
87.10035366676298,48.74754428104403,0.7368959112577731,1.8435823995780276
91.77841835015174,-57.43497120663092,3.132962533300699,5.3300184784610645
66.42770621578114,-66.9292171123449,1.0623557890052018,7.59818713175722
91.29996992941075,-23.129894537255858,3.7213135268434003,4.187943076812229
104.38870025043045,-43.64421436850723,3.495938420393347,7.023163389040552
118.30111695784159,-31.6730172527621,3.399236465654438,5.897138092551442
63.86663079341604,33.516619045694924,2.9768234920387124,1.2851970161081405
77.97785814416079,7.627163899689798,3.6481340752711233,2.1240341590575436
81.23198698268223,132.94013743953101,2.479382673435219,-3.775428714737454
102.26135693043237,-80.47451948192496,3.4917412328261297,8.64642214267163
62.144598556432015,41.875401484468924,2.0731528149885228,-0.4952179354116253
86.29997049004731,1.7899612111052718,2.7430508566172755,4.185097893236764
87.55719800861573,-60.48044397669274,1.6802428159998883,7.0207198968348505
85.5303969846404,-117.32219138877473,2.476072980328327,9.826484931543918
136.8740900141074,-117.49426487863047,2.210602844739169,10.864316202079783
13.680276780960117,45.58363502448991,2.1961548579588284,-2.9971777306882244
24.00928992744461,67.10921303901308,1.0082343328206387,-1.9302410636340666
23.969055090435205,0.5045598244274707,2.7187953100175926,2.154327955506072
16.401574772994763,19.694603754659603,3.3375487930236467,-0.11683459062959234
65.01454931267969,25.483472974536742,-0.44267719540723305,1.4157596749385217
100.4416980904471,-29.951903562596442,2.684795156217997,5.41524471152496
103.20174426481977,-39.13731545714769,2.5316650893001507,5.328386121488497
116.17781168629543,-25.658187399213652,2.6067701684955,4.681593457529703
-4.584083466861458,137.4123978100257,1.1866768482536982,-8.215395841969814
12.405655600068009,-41.71153456167461,2.6436966527720545,2.6179838037477356
22.233135417782456,-87.2299661253156,3.2339209667466853,3.43728343894715
118.00735927704638,32.19915487506513,0.8912077826310212,2.5855907166801253
22.98959447739373,-45.72872341772455,2.2519215757961333,3.2783559644909044
94.1419261604394,-6.936732437209088,2.5683164182556397,5.313247800062468
74.16811708689912,33.24367331467579,2.4212278745749845,0.8770651828302807
116.96000311712919,44.91632007071518,2.138209098051225,0.8666474816449059
96.16856060947762,-48.267311538922826,1.814984553219246,6.271033911419128
104.23293155459218,55.75162572793889,1.4777082939686632,1.7999207824967258
80.5374447760276,-23.89103751394358,2.018624451906774,6.407447467879976
68.96858795516984,-1.73513353054053,3.9912254761076116,1.680369101146415
147.74578189275638,-29.275563543245564,0.005790772009311301,5.649691397456422
30.997641298973907,38.060700826375,4.051317680505665,-1.626060061540185
74.65868320417884,-22.066993288642394,-0.2063065231667287,2.9937038008119097
48.71007919511564,-45.82259955874931,0.19564796188223557,4.00433248742912
46.35752842834067,5.994960976912961,-0.3694002179869897,0.07963404380172578
134.257478956968,33.39090994340498,3.4489412363513186,6.765535851162033
150.21896150779662,-0.8818657179784362,2.721167044129184,4.753455655615659
150.21896150779662,-0.8818657179784362,2.721167044129184,4.753455655615659
-11.206389617642092,-32.92855675284175,0.6511501031099683,-0.6207801334515264
31.84841963658011,-27.343778674516813,-0.7335018388807476,3.7175686203597933
36.825601154840925,-37.029301566642545,-0.4945283020917782,3.4138801371024
9.372380163463196,-93.46148046258665,0.6239744442529711,4.494183009199093
86.67741837813725,-14.740711719852015,2.512533915658028,3.8012901798740986
51.215754140576735,-44.73890249681047,3.1238617054308153,3.957396773802107
-13.048340229432071,117.19620649974306,0.6874438429913099,-8.277396737285072
80.4215700190289,-4.701339358347845,3.4840396232078916,3.304887365167766
80.4215700190289,-4.701339358347845,3.4840396232078916,3.304887365167766
51.001428045369444,11.199403683991761,2.367616999712743,1.1263350172842903
21.935947645292963,82.4918933557779,2.1186272152147043,-2.591711830454416
73.6275064750176,-98.42865303658851,1.7230997466531437,7.82518484054623
66.56199194163104,-124.24639015894813,0.8813608973164161,9.640007483865801
108.71455441047023,138.9883133334934,2.3766457064560718,-4.7909575030741784
41.54090520815693,112.7627970073078,1.295470612674016,-4.159625611331011
84.7678872233348,-102.67118774505734,1.3340838724412978,9.11739369291865
89.35195953237464,-49.227605184122,1.8378162566381329,7.631615690258099
89.35195953237464,-49.227605184122,1.8378162566381329,7.631615690258099
45.16739006751375,27.27554556440005,1.2802632336129471,0.7159116158699106
100.86570763894275,17.559498174779375,0.7429228678141294,2.213733417198765
128.73749035547664,-12.974521383049737,0.2542206758571483,6.224464900490175
81.9762376796013,5.2597689563114365,1.2156721486905868,2.3708424071651093
74.61947397699227,-80.35766212196992,1.328255325599169,6.448388264298417
74.61947397699227,-80.35766212196992,1.328255325599169,6.448388264298417
87.46772957186425,-71.67381257694497,3.295259925887864,6.179649646914732
61.78245534167074,-53.02973607231829,0.29654314030290785,5.051433225568934
44.53558967620767,-59.70196347873134,1.2061662444527774,4.689025545778951
106.23600386958495,-35.868911452982914,2.9390492312844088,7.037509873297061
114.50524779731411,-28.012221519288442,3.73551613282915,7.203617516841806
24.152971025705156,-0.8928626653017862,0.3670667858330556,-0.7095462173497709
34.28259231745258,-14.906248760105102,0.4295970988268121,0.6766485984019881
19.444244561481558,-58.37647058001286,-0.20307985573738754,3.0049560476235477
46.10814152389505,-21.576098926365432,1.9108330044609811,3.063547826028616
48.47449678607032,-93.20803793751352,1.5446056700086404,6.787260661766485
90.24173871419954,83.07041377869632,2.408172892736161,-0.8365258776943482
87.05764314759674,124.27161970360198,2.74526900281701,-2.982541471049114
109.61911744841416,71.0441463206281,2.4241446802489452,2.069721520820919
70.7069121922702,59.15904720055484,1.9194302638283258,-2.3494714649770545
84.14973559061112,34.39822982619474,1.2967544051422726,1.139403586179885
80.55629560362975,27.826090481612574,1.9297570973302391,1.6408519367710843
48.14777513958161,-63.50986751845792,3.985938890816132,5.068879507874082
53.70440691315455,-60.23903873073485,4.156716337123317,4.042966415111022
41.19151007581559,-71.76120633334692,2.802447328016929,3.5249348821163267
81.23123668685092,57.842064446910705,0.28197278256522307,-0.9432333478852236
5.388292641665789,45.62498449595955,3.792581532023352,-3.034493712030914
119.69302306076224,-30.645357066202813,0.7421681165373469,6.423337733299765
23.02401814135302,-31.93261385797373,3.3926210035349627,1.5697163467686464
128.50916505286008,-42.888956713846774,0.8555142858785156,6.962167030339131
17.131851586133735,-9.191107283534897,2.8588158794146477,1.376537636101594
78.18728225089765,-50.95492846208362,2.479659233864766,3.608383253268366
88.60366621291239,5.908888137313809,2.708341483511965,2.3665643627856667
78.08966208129135,-10.363796568821282,2.1561299303204082,1.4181244307631231
73.83474532542982,-189.07052555176867,1.1723102975105189,13.971462222975621
64.25664465565217,-143.8887459643123,2.5439736068300216,11.431957750830849
85.56154972283373,79.6656103570776,0.23121114551703836,0.25238584917118034
75.98811267321541,14.9451106799838,1.2831820474885682,2.7263114284455954
94.08567216099237,69.5191529894148,1.748811082865442,0.11173247455150892
33.488442774501905,53.94359657331479,2.576849522083684,-1.549246892084402
88.1007768133397,23.62602960377743,-0.36252055861687016,1.3691436145201274
72.67591556664732,47.67872212394241,1.3252364331288857,0.6913607183472196
97.33985886629031,17.881102129082453,0.696140416685452,2.3621269620586585
97.33985886629031,17.881102129082453,0.696140416685452,2.3621269620586585
94.36225831069072,6.1234977501634305,2.5664404512475176,4.140542805544348
98.64350688050479,-3.163662462004183,0.8958101759751632,3.3562074815234704
103.33472724493828,-45.079862107302105,2.2458497032138474,7.484226824767381
37.37386649899678,52.953609366940874,1.40302797206559,-3.844602109306029
54.44525810591209,145.0377234320313,2.0288940631234262,-4.453120991628899
103.922974858607,10.4494248591432,3.7839869552895173,1.497083552056382
116.92013264274918,-2.508889920314928,4.661176016306906,3.73452269155191
73.27998185212141,-35.27474500092059,-0.44805921889735467,4.742306894600149
73.27998185212141,-35.27474500092059,-0.44805921889735467,4.742306894600149
78.53678844566201,-9.675998442059079,0.6147513807858861,4.108875049865533
27.969543629285173,-7.197047232988062,2.0123660842685736,0.5655341992820349
41.9512877524133,104.51810810644632,1.8534979597740329,-3.361473358053745
16.34893349628952,84.10066382339721,1.2077670665415978,-3.250245205640063
-0.26283618959214294,-163.8369348420864,4.398945760988809,9.593863543112036
3.1357328733366527,-106.79471418922355,2.700141690057131,6.271132964601614
-1.002722055346327,6.3458576086663925,2.660736935517068,-0.8380008513728896
12.203534229818457,4.530166471484206,2.459378846620649,0.65619081036978
25.140189856241285,-181.00904196627206,1.3674244027155802,8.293875015684447
28.65448605114947,-110.65362923261716,2.671526022529312,6.2523354624224075
5.185633242550145,-115.75390109901087,2.398040185630899,5.4430066786470315
6.644966009284037,-119.52168064782535,1.119988749845266,4.019079924356275
56.682576959911316,-73.98409822614758,3.442074152004919,4.677207626329789
61.67385121084643,-47.443735059703705,3.833032681969199,4.668488628394137
59.270963815953586,-107.76372587231168,4.004386516459078,8.21348752545777
30.259336952134223,-106.63427248768822,4.013355851287026,8.066610274626457
93.24314908614849,30.58396031344642,0.21984060436809233,0.11631731515918275
35.35394588947092,-33.993600392035425,2.1924823997173055,3.321309621767914
17.07727899983049,-19.302832031604588,2.2108374986322272,1.9896912916205096
20.971133251910054,22.331457718774775,2.4720069541862446,-1.1270401912113803
20.971133251910054,22.331457718774775,2.4720069541862446,-1.1270401912113803
41.797320474055084,88.89515087621687,1.4597032427109928,-4.184707090070841
81.96804096363192,2.723895878504319,2.4391359985869157,3.421752390974616
99.1048221577703,26.8818252257758,1.0293307033185375,3.0839916658822015
124.90528202624822,53.10492396655789,1.3350288686091698,1.9126066471028578
84.5554888022445,-68.01919188765783,1.7348645274285628,6.001826881449476
62.674667426687215,26.55521072100695,2.09167684734504,1.6352115409391397
38.921312096171135,14.309194214130919,1.5852612494476501,0.002734240503937224
86.29938495896667,38.18730284667935,1.603785891669934,1.481185818609831
87.56454010237852,36.386773801694275,1.5751273708277636,1.448729428224365
102.42926523176666,112.17259108075723,0.6177892995218883,-1.4426422552359313
118.40317028558209,99.72088942461838,1.0115030283546749,1.4894064456845397
129.58063993815674,103.90236740222171,1.1446886394018962,0.6666037629742531
51.13513868117333,-56.579121051114676,1.3883767493822758,5.135623625478212
71.32943428716186,11.466957774408861,1.908134351904971,4.123665145182309
76.75535946051133,3.1340631023201935,3.11212193632596,1.4038540970215476
37.14344327030531,70.23531119200952,3.2078036010896045,-0.33768087267235536
49.3162686526126,-65.28357538102966,2.1814268643531833,4.749313951112099
40.29449835054615,89.47348056911049,1.2697432716187345,-4.127239932653371
75.2604242672574,-46.23814964822547,1.8432592670296581,5.0780161066227105
39.131699274064744,-47.018848186829075,2.3461318349050653,4.066438024115663
18.588778775721188,-82.7706089559656,1.9163437793436011,6.080587852804311
6.002225150077205,113.7607234631397,2.8862308593538732,-9.067983080978845
62.23826489007486,82.8895764475494,2.6066961815479335,-3.003361613398507
86.35945646534522,103.18137930490894,2.5203088522761816,-3.1545547241591114
86.35945646534522,103.18137930490894,2.5203088522761816,-3.1545547241591114
55.19764229725553,26.7364703574674,1.8702394717304338,-1.2965816112108217
23.290703915653353,30.515727725504895,1.2196011966388587,-1.0885548827972271
23.290703915653353,30.515727725504895,1.2196011966388587,-1.0885548827972271
56.434771007790445,-85.78792404364356,3.4183995707102866,7.257755153561976
109.68500476151142,72.50879068108802,1.2038851716133103,0.7182800597758834
98.01042008475918,63.70061706934369,0.8408143558565153,0.6554268496100589
45.68971360508191,-22.27514704369143,3.25395244240624,2.222425167126248
45.68971360508191,-22.27514704369143,3.25395244240624,2.222425167126248
69.28088463131742,21.16273966957049,0.6521096718367619,-0.9128746653208321
38.78345893793178,-11.246208778930635,3.1910263997815678,1.5478604448524036
37.66780526051255,-64.48867189101713,3.6971013017560983,4.0279524204189014
57.201921393522085,23.607221431606007,4.956517295770415,1.250142725928857
57.201921393522085,23.607221431606007,4.956517295770415,1.250142725928857
103.1120792711603,51.44135051805419,1.534828628679778,1.2874803481375625
103.66940892193311,4.207974159936391,1.7207950346872394,3.1982198119160583
27.095411765474186,37.09863380556167,3.578172130643086,-0.6845085252950063
25.35911737178535,19.777100549950124,4.4315839611274015,0.8175346357569977
9.83441211106953,77.44447072446971,3.721730760381578,-5.037085427559518
7.498881265761359,76.28312113993552,3.7824258033089624,-3.188017184091845
7.498881265761359,76.28312113993552,3.7824258033089624,-3.188017184091845
82.98940109086793,75.75808619023323,0.37742934594760413,-0.588720422894184
55.35946665717237,-57.44531021077542,3.6128086266590755,4.378822660519268
96.54799827724077,-102.45136342775157,3.3776440889725654,8.982081493552803
102.53496930652787,67.01119581799438,2.358520527122004,0.2798785727910428
102.53496930652787,67.01119581799438,2.358520527122004,0.2798785727910428
118.51312699534913,13.61894387830586,1.1380830773424688,4.057870567359354
22.049468038864543,-105.92023360522117,0.007407219240828444,5.763919774783854
138.27674156584078,-32.61838413471294,4.042455349109079,6.65773785519095
116.14206746538564,73.10913147231332,2.6026044462327804,-0.2439756400000046
122.75097552607532,53.630439593558876,0.6908808227594437,1.300900516067971
130.5386131222365,58.66953672764111,0.7538748619876607,3.456416844254822
130.45849923150217,47.40903868030255,0.9402708881956628,2.4237951716313866
0.08942847892674521,66.44675146620537,3.059018166991417,-1.1867987703669156
135.17415101090728,44.25063926189448,1.0823361884525893,2.8820045679469404
136.6472853978754,35.305261814254656,1.9654567088098382,2.8396317028374414
-58.669095996366714,63.03348868391859,1.6395103677001155,-5.350802454001118
-15.582275849649232,16.678122035649874,0.4398504033686625,-4.8916524111819815
-10.464436510282475,42.96990170355748,0.39657229798823224,-4.447873076161786
100.22736599051339,81.27438745950562,3.56305582100236,-1.0659732975012628
49.73226585273637,145.20442906855217,4.012303252665882,-5.73320373084991
69.45877262846768,140.21800978365857,2.6195291399059055,-5.690028027471556
75.2561655968876,43.96309240041623,1.2587034644270627,-0.21280296688099742
75.72734300735944,42.39398036488765,1.3000415180404126,-0.10095629912642483
36.93049298081194,144.95129774714766,2.5805172694743517,-8.03987245478826
17.142226460482423,80.69309198082456,3.4217283367485205,-4.600522015352555
123.23078526209578,-63.05050864043385,1.4513209652517396,8.272023321565642
101.50693068113083,-49.291976447117065,1.2447799426091533,7.10284719802844
76.96609330111889,-143.17329006332204,1.0917774399568538,9.641634530611528
93.84175991853063,-122.67564792689026,0.24283069190543938,9.859311686070228
74.55305315268139,-11.035583539771968,4.0800037913961145,1.774397238106181
69.82687900167801,13.034292766304858,0.0440574593566086,3.881146671767676
38.015931880161055,52.94293410857513,3.61534994139604,-1.9495741365126191
100.3399179997364,19.271825576196175,3.332428586595136,2.62472925606562
83.3309576494246,41.6699717265752,2.128154307009057,0.036931959648277335
100.23138483015148,-3.046562685846741,1.6753354123649196,2.467934719224703
79.87210797408012,21.894957995175574,2.1795209785025333,2.8978076067011838
51.37212928265574,5.482530979440316,1.001504759126224,0.49192239580721653
47.51125071299387,57.11784418673207,2.4199563453835378,-1.2345171223800318
64.0316847304171,56.48682144566515,1.0929109040760763,-2.537712994797695
-3.5746874967514746,52.76113904121716,1.5115995695077509,-3.08556103405838
-7.37044954004809,68.83717168593805,1.0815605514843363,-4.472213505879224
139.2228376026046,-28.576615558334282,0.7751902096948161,7.115350585164683
110.1871491914799,-44.31465416995587,1.1179945337801884,7.936406735418263
108.61241639356349,-57.828219408905014,1.5324332320346494,5.476470947977452
67.1874337881641,-26.838610967722182,3.173760744950135,2.973695630643954
88.53702100191578,51.66903959665827,2.770589664359816,0.2807868356962764
11.548824452440014,-72.67380195904137,3.309019990574826,5.391335733400073
94.06620926494139,175.31412002244284,0.5565571054907624,-5.996676380465069
43.54283420545525,-156.8151720093902,1.8038622903699286,8.611513256859611
91.21510030177771,-56.86764562831363,0.6983121176283298,5.969226988335388
70.42206799280942,-16.975050387843098,2.363170699579793,3.474033986261831
65.18222559021015,63.51823304280835,1.8404775546597527,-1.466126142809018
75.31586168842821,-143.32681792462304,2.3750400453687575,10.047400598157793
58.59700027870691,-107.56273942178309,2.2400253700462955,6.358545514785678
78.3210223944704,59.75077696212916,3.9565324964321382,0.36133020322637244
56.23097747409499,14.318597552671264,3.0008348006884393,0.9491886663246322
118.43793814269549,-134.43417435952998,1.470000171507,11.2881208047792
93.9674805996271,-29.916040810515124,2.6049769929258675,4.747136097498229
82.99874613707134,14.176248371752623,2.2731119603160646,2.309686140653726
21.15516345864162,-24.955742977200106,2.2663842745435803,1.8340796213134007
46.82512368345388,9.333086944978373,1.8956341169455673,1.6760058855777857
43.143569324278566,11.714775004391836,0.5137734474754743,1.21133921765524
43.143569324278566,11.714775004391836,0.5137734474754743,1.21133921765524
38.15937780606155,-44.0297020127512,1.988941944629288,2.6380191905730292
66.64408770571715,-19.17747911920234,1.6308329100666101,3.0123097546629922
66.64408770571715,-19.17747911920234,1.6308329100666101,3.0123097546629922
19.461655021950076,104.89294007397999,2.2300626697505246,-3.5969061342957094
44.38145355642333,85.40536917419337,1.8864766020585033,-2.9712275843153284
20.905492584441586,61.12356914628423,1.3871543007562268,-4.415452988423098
34.404871404010926,63.33120152163724,1.1608760624514272,-2.035697587467939
110.11619761088089,14.028855363951628,1.6530187885485774,3.231658058701647
24.724172186506742,25.444613097571647,2.959492198982198,-0.5388227563102912
7.988236512807237,38.05047046022556,3.296829099632882,-0.9173518424113776
84.85372873383714,7.635445945484884,0.48568182476601623,2.338433992161021
84.85372873383714,7.635445945484884,0.48568182476601623,2.338433992161021
110.40745450329415,-34.70359576374677,1.0427809826009757,4.831561524118102
116.95101317770632,-37.04357397688138,0.5098035701552022,8.092256241523469
59.37633230800405,7.3311105160404715,4.79834775540525,0.6024098963149371
72.77612670997298,36.909837294655624,1.9705546971323773,-1.4618861053126555
30.58533832539934,14.93617425127017,3.1868945381433966,0.08665392015531603
7.881584346174983,48.46401867373611,4.2748541854126545,-1.8678389470038994
-2.620596194121579,15.770522995585146,4.687251427864244,-0.7819933347334294
-2.620596194121579,15.770522995585146,4.687251427864244,-0.7819933347334294
59.45847731737061,86.89021129703625,3.5108665071156646,-2.6276148790039935
58.28345198226903,-46.855376067029496,3.681906873441025,5.821346560271422
56.794008286985544,-63.816557057638455,1.828550683813123,4.703115806932368
33.83796983143132,37.67019221046674,1.28714193913756,-0.9418537419505917
85.7222283893036,3.4488705532882236,0.6667323069321835,3.83892492665647
57.83919354702036,65.48688214718015,-0.4652892198262438,-0.9974532905136879
48.312275699039304,63.133724277254046,-0.738561858806989,-3.2308362308260925
85.42988818856115,-13.421782690044477,3.2315362804376337,4.837248802171846
85.42988818856115,-13.421782690044477,3.2315362804376337,4.837248802171846
31.2618089853351,-22.289116851958795,2.861626310288057,1.6539786003670267
60.16080424733002,52.2863805547844,2.5027830430945324,-0.9241292079902004
60.16080424733002,52.2863805547844,2.5027830430945324,-0.9241292079902004
18.25628709318252,64.7282364288426,1.5305835044201204,-3.281195320553193
43.47120591791373,60.795651538577516,2.1768197224304324,-2.4244857264983213
7.7139770247775665,26.776289016698627,3.6236711536298993,-3.0439073742461327
26.091941971498116,118.73770325159536,0.7673683577298063,-4.837555288184413
48.80180417629834,130.1696506537626,1.1362066476279216,-6.22190440751644
16.405752409008517,77.60730175535865,4.387103808153537,-3.6230251855988698
61.07652213523321,105.5164105240009,0.57585204830738,-4.9635696219535905
3.63204573833848,-31.16583210723027,2.39718963753751,2.0422238922002576
62.68195007853477,151.06613148028137,3.7092131182396644,-5.468702075505189
27.11085663166518,118.67218826955053,2.8753364940099235,-5.347855186812608
29.48071337710934,34.232723855729176,3.190733026313285,-2.063958000144728
76.00523827946043,33.15029076252332,0.8656541213137583,0.9867495103740225
92.9588483256458,39.22612945577226,0.856092902051471,2.9402246373948966
87.98591843602959,3.184152197307,0.45748386046960376,3.6973510429787586
47.407901205955454,61.71394912845775,2.841911860899169,-2.778337198494371
18.70811362042238,-3.3399614478251287,1.42124405656553,0.32607874627825617
87.15570157378328,86.50788271095456,2.5140952341704237,-2.2140929110510177
68.49623178041935,30.109951955228496,2.3437981982335017,1.6902783256719125
64.121192258129,-35.88560979540457,1.2464380512833957,4.779394905977919
69.80738818369848,-117.22288181435025,1.7905404464080785,8.717069203271542
30.040521759129327,133.48576014566947,1.6029645711976699,-5.090018806538016
0.8812366601385648,116.94831533786962,3.2588311491303537,-7.780718873386597
61.39001374248829,89.93723594746186,2.430109854376167,-1.615095671455593
102.66124976775878,101.18428873107457,1.036147896212422,-2.651733397301843
49.536125436893144,12.032848606762876,2.5729869143588244,-0.3158884913997788
59.16510306290858,24.64402038245864,1.9973845434810023,-0.09456312277135798
83.19861102930317,-6.61277570469638,0.43397002219227787,3.1936537285107303
57.64005689905683,-32.098949898293654,1.4974794657295822,4.1907560385474465
84.79418506799526,-34.08634585798874,2.5805139424309536,3.838286065686972
21.653672846999044,-42.00017590157131,2.228287184602489,2.624317731468274
72.54962867344084,-22.225237499162336,2.2213627173209844,2.4052220652054284
16.70736323620575,75.91706006057781,1.3605067660773364,-3.0426795287914974
91.89424876550382,17.968799316175236,2.395097714874333,1.8728130603663848
121.28630050266383,32.61676934082699,2.608465697612913,0.9879709262434084
50.0628547074338,-5.351650656031376,2.627555341931489,2.962985804902741
52.42137792431337,3.6931367598632114,2.079709846795241,2.5026268608226894
52.42137792431337,3.6931367598632114,2.079709846795241,2.5026268608226894
36.460087996807864,26.906243966013303,1.6409915937538624,1.2755249983358417
31.48910160620303,20.148928611208973,1.784928594867746,0.7928862973369064
43.28007331438123,2.1625428145549783,1.2902816627003917,0.9683459378884495
35.80286745859928,105.89449247002827,2.6672229841240713,-3.3721315239350917
35.80286745859928,105.89449247002827,2.6672229841240713,-3.3721315239350917
63.24530335049436,41.91358302379665,0.8825176014872422,-0.8127923909668047
43.65199582288705,85.48705589815935,2.662422389174908,-3.511033670176059
75.61581289594167,-80.86993534691868,2.100766693254299,8.64951435403873
65.5149374439494,-29.00531249099596,2.115333839408624,3.4435091805189106
77.17933255808074,38.34711755204431,0.4398091746914007,1.0141087196140226
81.1330824286361,106.4220132309331,1.43685246732516,-2.2171933609594303
73.74374037430022,-96.40347432994896,1.0106134749777367,6.716219031299502
66.31650129025161,108.15676981957822,1.577429374511816,-4.009038597021849
19.649460882112763,29.397407431938962,4.098678667718683,-1.5086006363035152
38.14873159061249,-57.17631536328922,0.2131104105208324,5.085411809353351
57.56390669770954,0.9741887974955583,0.4479800546283933,0.6705167697285879
88.14912968438965,-31.03263582841886,3.672136696449886,6.545102652580449
62.19372226752568,-14.27564863022797,1.0810136269514654,1.959324088133532
57.35456031391968,-61.91251162028279,3.328019809140426,5.5441151979794006
80.56865335489849,-25.947107450711634,3.286320724930695,5.008406475078163
-40.30959704202554,61.58371911025728,1.775215924611845,-6.033814507670812
11.965048780284437,-4.57193336803822,1.5931385170842927,-0.1482699729830219
28.368722796305256,8.605456418622035,1.7534187387351714,-0.8182194066923152
-15.133596682769804,55.38348086807457,1.2528591239083013,-4.7678318887695745
144.50070183075692,-1.064520692315881,2.4378478980294847,5.244072378092797
87.99439456557948,-54.96364461696069,2.3107383605838,8.895809067133769
95.43439408821594,-130.21475682530777,2.7436019491280597,10.033111887300947
102.80759369504607,-41.65454208396528,2.7047471313730798,6.45081016501633
102.80759369504607,-41.65454208396528,2.7047471313730798,6.45081016501633
59.45060566910271,83.71762092921726,1.4863074999221195,-2.980431478877298
63.21815495504531,36.82385226820787,1.2059736135132082,0.07278657839958491
67.83577655851121,-36.3066713699786,2.2497365389714004,4.677505760065684
28.041921264329797,-46.99779571173841,1.6654878741609975,3.3081411743514915
28.041921264329797,-46.99779571173841,1.6654878741609975,3.3081411743514915
104.95613349850399,40.537096233429494,1.9692537570778015,3.787256379488584
123.76481583758881,44.647032573204235,1.875471270671561,3.4298109694870154
12.928366704814025,-69.41766214786074,1.2755923166642569,2.176575768889916
70.20457706620695,104.93612443825464,2.6615775803566626,-1.7749447042399442
99.53425209552276,-46.333326813252356,1.977157183699869,5.180699719372244
99.53425209552276,-46.333326813252356,1.977157183699869,5.180699719372244
40.63585802599677,-0.9212658476014344,1.5815429267252186,-0.645410047002551
23.134749414284006,-7.080320144481316,2.13699339938084,0.9942173388091031
104.73536583812657,-108.37538994238994,3.2117998644150396,10.86256262428373
104.73536583812657,-108.37538994238994,3.2117998644150396,10.86256262428373
38.24029073010982,61.77265749440656,1.3339468681322577,-2.348498826331515
38.24029073010982,61.77265749440656,1.3339468681322577,-2.348498826331515
60.29315334171855,136.7168318560585,0.9021588733794411,-6.389492871364556
2.104346568641134,12.471938506635745,2.9688756721926826,-2.6851072291455336
89.94138716904635,152.52484242139388,3.450129286557196,-2.311072706267657
107.36716413191834,166.56590131516572,3.2379190171405208,-3.6085872682129967
100.9893406070384,147.17243301895033,3.3274652850912387,-4.901671953159224
111.7513209894175,127.59698220151498,4.240150191534749,-3.315708942432924
78.08445510756977,-143.6610477557924,0.016065682572063866,11.23277350356099
137.0401417072505,24.910196297716702,2.3976484650386345,5.697938470818024
155.7203213167844,-4.121608951801548,0.6888657690789303,6.640448755073213
155.7203213167844,-4.121608951801548,0.6888657690789303,6.640448755073213
25.08735734750017,-70.73329334357959,4.063395441428106,6.108048272941279
35.00673385884551,13.095990127359519,3.874286977764913,1.2891387113048283
78.09190393000628,-15.165394524797584,1.3248480362320558,1.4592734892772696
76.12380745918165,-42.75446256124618,2.6628337903734955,5.355860563499052
138.4020524034659,-28.630596646062898,3.095502489954337,6.814647266263552
-23.823529973811226,-24.626816420081425,0.7158942360878742,-0.11843128116065094
-34.210313663933135,-23.083779320257257,0.600118375159156,-0.1959941028190291
40.0938046609109,-4.5725981737828,3.2665348720008214,1.6622768773943464
96.51475058795094,-29.38746453046917,1.0446774662290403,3.9760174882783446
-4.896828829709891,-39.216389215204615,2.5082988377411635,1.201094690207243
33.87997556062191,-89.6099856611275,2.4750916247445875,5.811403718421958
22.84279825799106,-122.7482566565287,3.298392408053062,7.568661248401177
75.00410180341427,140.87109163667256,1.3380787168663613,-6.251166568843482
36.55510833083649,-106.03880140208398,2.069621459122649,6.216226352814612
119.88767721217937,17.271300226237372,2.080914038119668,3.699933163020231
32.18766153771779,-44.126347413017356,2.515765188521377,6.068339279159278
1.0950350748619258,-153.0065921941191,1.8336432479017313,6.3168618023283
33.00476360911219,-120.39535827935958,1.732666138152381,7.622942283865412
34.339568222162825,168.9754380977685,2.702818952865382,-7.937567645544058
71.14582004544614,130.6048571336272,2.395998985830134,-6.5905321725968005
61.48187762543506,25.06246921741682,3.111128771079176,0.34174850817917024
78.7784843383177,42.10806717475491,3.882561973131523,1.0629823962023701
78.7784843383177,42.10806717475491,3.882561973131523,1.0629823962023701
57.762245532444005,-11.126063731408104,3.285181048159494,3.5011779550130955
37.587386896240425,56.29498764595609,1.914049959124934,-2.9996635237045544
97.33956157230894,-32.15398543504716,2.136429355413378,6.8144224754503995
103.42999633791841,-52.247447840684615,2.3044261427595734,7.46171974945204
103.42999633791841,-52.247447840684615,2.3044261427595734,7.46171974945204
85.2717113242194,-0.4207087627235788,2.305824129302863,3.047151090647406
77.57872753592014,-14.475027354400874,3.166871981466339,3.5253991482779923
89.9026438491728,57.60081114872203,1.444561316485903,0.11762496593673422
57.150491501710064,-123.70500623409937,2.848572849659379,9.173627489482985
85.21088423694994,-20.389150480466448,2.7087737085287014,3.4622858555200984
76.09285608466465,14.795029673183944,-0.5215999927287204,0.8980524305440364
34.25320554655646,93.52460417949953,4.547062051087666,-2.8030675569369166
28.314397482517965,39.55661295035493,3.7352142102008767,-0.20637382212127586
50.568308658936715,72.05104722964181,2.691116227847953,-1.4299542812982524
84.04101473555461,-50.9678222312244,1.5213333157835824,5.898515760565422
35.54402992322282,86.27145848585387,2.5663013060346698,-3.277372798635331
86.67021411160769,-66.22583609074799,1.8967982071555696,7.83287763296628
68.28923778785858,-43.29197421102891,2.7736215449903696,4.168530204874204
60.84505942297361,-54.43969992420463,1.8586632381950792,5.320055381842617
43.080450536403276,-35.25737035146876,1.586117815458794,2.383709293420305
62.47626932602999,23.31941101173875,2.471365520663414,1.300109932719726
62.47626932602999,23.31941101173875,2.471365520663414,1.300109932719726
70.8307454159161,-63.04028971374366,2.1176958331125637,4.692996271003337
47.13026566907672,22.991747653337324,2.172108680214155,-0.3426949187277999
33.29387109652046,7.803901298178278,1.6595388167029907,1.8576231991434955
31.094409998906567,13.620867849002721,4.662354494414425,2.361108298522952
37.691755336159005,-16.912850841303406,4.568380434148356,1.289311673243369
-20.445455192406506,-84.22196827216969,0.8780699100903148,2.754708461958189
41.08025765906807,-93.07091311312104,2.062623623721644,6.735073590551889
69.78195577739301,-33.27398797621076,1.3479401470484689,4.758122664166303
60.26474022837037,34.456805963182546,2.6049656488521555,-1.5934064324077988
56.40285879429939,-6.05852316882949,1.4853258777856158,3.2008252488708986
111.39656722245101,-76.20408597589041,1.2480987080822716,7.7775540900616615
85.29446069814895,-7.538539016298387,0.9501612008072761,3.317961382750507
37.086380103394525,8.974917118184802,2.483410030097288,1.669901732185653
-9.61633296378806,-67.62475655730452,2.070555978941404,4.0131958163256085
33.108818827653955,-107.49267105030006,2.932595016233787,6.2930738354035975
35.04754327655918,-36.83545088078075,3.9377727696566143,3.9768071799301596
76.19929017340041,11.728113885322857,2.995320952960051,1.8671602923206954
25.06494910378389,-53.57012628666046,2.3046161766252875,4.280230302506245
105.99157482463457,54.77305603860637,3.306617014247034,2.1629063545402385
24.324793573490734,4.096558755487601,1.5968490395941697,1.7484974076217352
82.1098991947501,86.62328938579071,2.567423964323202,-0.7382119659070498
78.01443027263944,20.78331834916755,1.9577927800050325,0.30065819999490934
87.86824751233162,70.5026208211485,2.4262785319513167,0.13293896250740664
86.72421328685635,-137.84090662075127,2.3210396639640156,10.808482947219007
118.36309817162778,5.578881395791875,3.7566694730797945,6.008156023496306
41.27840593142188,-96.11561144458526,-0.36645113333537127,4.834873805052038
53.609050551132036,-180.08117982511178,1.463543411003986,10.966571276043133
71.69258314169888,201.80488284791716,2.486583084805899,-7.719374301666194
63.72730972875591,-218.06104038573392,0.8768335557985468,11.735230831525904
84.12124084804593,152.25774011731318,2.1029049657273475,-3.4834706769157293
29.516765990126398,-46.55969913757382,1.4041726499255764,2.5055103461139536
10.390134668649164,-37.04059612531226,0.9345993078348007,2.222163039934878
8.077277285208675,-9.321747568362671,0.5548955978404292,0.4622356490963003
66.3274308659767,-19.27224224279742,0.9841678526567103,1.1339352359638126
78.47775261332566,-50.581335459684766,3.171159572646837,5.9124313904723405
99.27126266114895,-48.41656818573847,2.502638485524673,7.127125495159053
74.78612035590552,3.405686130276087,2.054044404533899,1.8870992670558215
66.16929726139989,1.1455861390288007,2.5963488798113628,2.495489318187435
35.5647235905651,128.556048844822,1.163943562374299,-6.555190986077319
63.51965124126539,-122.44753010964558,2.7389963715612287,7.200197224459025
58.065787090147715,-123.04640164734485,2.6134857134304066,7.962383310192148
9.036726977802541,105.10461716899172,2.1187192119229756,-6.267389804484824
16.624520191877586,-8.95062231462791,1.9581112361283932,-0.014393024106649
127.73551917636746,3.7113158053312247,1.4676133162395155,4.827169343880804
-14.29596616031648,22.195597408207036,2.2247479048096306,-2.7862020414506357
-21.86876437697019,46.53347847141221,1.5613941937570261,-4.022457472481728
42.01468659530927,-1.6890733177836665,1.7856183465875335,-0.1710349619877216
31.47604519788017,-68.421603244437,1.899264012938137,6.3901773385033955
62.4532079727533,-21.628120335100803,3.338876796950369,4.380454348516678
36.84754093571931,-84.79557961321943,2.6893977638193842,7.26633355567389
106.82464530893452,-73.64580395321715,1.3848523917236155,7.271785296774528
102.69587727122018,-68.72112848564194,1.02231701015006,8.320888523992393
107.76159890097787,22.23196652157609,3.482251820257896,2.809147306635106
112.56891222154219,15.625047475846555,3.604606425732432,2.5361513540728606
125.22975499391188,-33.16366155735536,2.6052555446238777,5.591788059726799
89.9206668118484,33.09819787086473,3.00323461087434,2.3900713847980866
125.07424438680161,16.91411728407491,2.4476174030732682,3.050083676357121
85.5610620345777,36.03716903649932,2.758154380391033,0.7820545697823821
29.832883902546996,-57.29482456584205,2.698230884020426,4.105344143950789
59.57206160134751,-30.84090910026075,1.3510154050129548,3.8738059539035197
107.91936490425758,31.377231109124615,0.4594808046959711,2.1459316725572415
0.07495440070712256,35.18568385329612,1.853271589074661,-2.6048376916270666
-6.715243664616717,70.74065134168626,2.2453545170578626,-5.507823273276545
25.111953298668432,92.93529171402623,3.770558071115162,-3.428465211145462
33.26490714852941,78.2108567306445,3.214910656033638,-2.250126067946376
78.15485521999085,64.65385616348708,1.2014643014951203,-0.3066907320941916
24.548334891023075,43.790693266670075,1.6283610393627024,-1.0036717919331366
146.62774695787255,-10.597945643843545,3.2467688137925355,7.454100053687362
79.99893423212697,5.051060328604597,1.343091505015225,2.2578419704243995
41.07683726074246,-88.31719883534673,1.436209642875929,5.355146164300267
68.01301627409572,40.3846369198545,2.8414459027517154,0.39781003947632226
88.56534654805023,-73.94907744959833,1.8400855518094323,6.65216080050541
113.29035695365546,35.73768349785986,1.7244347082470628,3.311024334771772
65.18608110527808,54.63003692786785,1.9849925317025456,-0.9177776312197136
-9.061313773459482,-114.30087367592411,1.3147517770562844,5.001263208505322
38.84553617697871,38.68628111195899,2.187270066788555,-0.46710569745708636
35.210811998188966,23.119219007397376,1.2826241802331957,-1.2140977733067448
114.63031221563256,36.46767754115783,3.5733353825557193,3.731420366419072
-4.729068259329811,-2.636585924844649,-0.9252800096511592,-1.0356288378860554
26.237350621596995,-50.86449071933285,-0.8210510053269235,2.2713644682866256
86.44076596535261,-114.6153636831584,3.521377338761791,9.481322422360277
86.44076596535261,-114.6153636831584,3.521377338761791,9.481322422360277
85.81712539105193,8.899856202693641,2.5121031428909384,1.4357360934498549
67.05798204030377,71.19941966668314,3.0486064695185413,-2.143671905771745
64.25885791064053,-114.46832899820959,1.2132175727341314,8.630673432835135
71.50505874855321,-153.19733681739743,2.833415885906744,11.991815089902742
93.65287267029424,60.48300474288639,1.1847625938839876,-0.12656099933462794
48.91329688796465,-112.77785675116452,2.8278218669294315,7.505376530724826
61.69635231788632,117.90772487447632,2.5739679955872092,-5.14995136286151
61.69635231788632,117.90772487447632,2.5739679955872092,-5.14995136286151
33.43990018757263,39.08544873273032,1.381373308336398,-1.11030460947313
39.63136567606715,84.75045341054894,2.6918169855674625,-3.787053868074787
93.77772292786582,-61.57679236649001,1.5793182691871674,7.075952976818862
132.26859349142796,-111.58320847944002,2.6012997107243403,12.295168844308165
26.98038757045466,-74.68502887398084,1.5406940152751252,6.209586000140755
115.30667631878603,123.90889415811469,1.8353064417257472,-3.6240559948098214
111.29830921408337,109.93067254038631,2.1624148427663856,-2.4972303971367698
-35.416106858872496,59.236411448847775,2.0072672378210497,-7.781808009100993
-32.01924720384118,170.0896950006739,1.9629888067569654,-11.480133762231862
57.89800575403927,84.23408529229279,0.2588045943844305,-4.115338283003225
138.44133396830725,-45.18771331484503,4.154512624322712,7.583259552449146
46.86207989747284,60.82910862046595,2.531514453945136,-1.1734084338136932
65.35762495274463,-29.853417138937722,3.420487985139993,3.9091927201552514
63.74802102453541,2.327527573610027,3.0053551690183586,4.320538470580843
81.14491007001212,-53.572050156574136,1.4148177850893335,6.41972530727102
51.25472254908272,66.39079765170302,2.5447369257353825,-0.8108848882957546
85.10201033492115,72.9107276142201,3.463248637021894,-0.6436801963671653
50.093166236273106,35.509232158907565,2.060631312792878,0.5114144924263546
95.48257857600548,8.280384591572744,2.803505187456747,3.068446660314738
70.45462154302668,-56.930984929805895,-0.1915039161246984,4.9860258972790685
62.461453318626084,-63.065413008981636,3.9762541892558794,5.438029281426675
95.93357851676208,-10.04118897027275,3.0712164908052633,5.213054508813717
-3.8422866921152323,19.05612889106257,1.8110735374225249,-3.8238094186178317
98.86746545445924,149.45212217760303,4.476735354878363,-2.1938677198402923
50.177594406854965,6.482855218700767,2.591258707342888,1.109387606541492
63.17411134562537,-15.02565188079923,3.2151143869520293,3.381668703291166
36.260743190458406,-35.60369085298389,3.6892946297183626,2.8799550817140047
29.909857641559935,-18.434599384770024,2.649923123583035,1.0023132814595854
17.9813263269613,18.979163927612294,2.151553604798809,-1.2166496035976122
155.0224802915259,39.037937526300276,2.187422678182593,3.2382183311150574
46.928026465015606,8.523941060909781,3.302120124737308,1.2730966112289401
89.5162747704276,77.81821296754093,4.151700469732655,-1.611289813429664
101.74563548976701,35.71231351537289,4.419864987561127,0.9801817008336973
123.41992274516551,-7.112949789892714,3.4387702497658212,5.999165111529666
0.32068579696067234,38.98200138543428,2.3424279621973474,-2.4199669338908225
90.9973198320352,-31.954047250312676,2.9260098168680218,5.178706886980975
52.89020629549262,-85.46658305075951,1.0692210955233805,6.739788060507381
74.70308281059347,-13.871106689430977,1.8568694117028335,3.992556841203649
64.31457656809118,-94.5844567997706,1.9620528006052569,7.030855572268113
64.31457656809118,-94.5844567997706,1.9620528006052569,7.030855572268113
65.57507195617615,94.32645619067002,1.3085748928702823,-4.945747115532728
63.73495251839723,21.699408369053785,-0.46817932547551316,0.49658974835556835
2.559979374356694,131.32418593946664,3.939752475295504,-7.8910033756416995
8.40580022881455,98.45593443036866,1.3473614054320584,-8.539374887104183
118.0546864645629,-85.0002497643638,3.210417762468318,9.459042528500003
-13.600199984426158,50.05695090983552,2.6038868650207667,-5.347475989782859
89.75411039514984,-74.66449215969698,2.0866933209053684,6.664806943387813
2.374284735964192,-166.44056211487242,0.8061315724064736,8.620980156007686
19.44859346974713,-74.54988173985424,1.6656329509496064,2.26012410574468
63.8987251289299,-1.6778344510355012,2.4062776887325468,1.727592126945489
51.796256185400736,60.47045352861885,3.4362196059062398,-3.0551855584588887
141.58481839899747,-13.509698209809448,0.6401184823625484,4.982897748839239
110.56548338006466,13.336397924812733,-0.03671195301530869,1.7892048735481185
41.55731338769656,53.34994020950944,1.4103314155886253,-1.158300747407429
64.89205335225114,-3.6404838039165597,1.0523323166155683,0.9305611269848792
48.32525191981812,-19.570366732697,-0.01129015959414914,1.384385036058089
51.030511851177096,14.005011943593036,4.153557502673453,1.5665259781556238
75.15158247192532,-2.8339992962111857,4.414537131960878,4.688801347394975
57.48472318425152,6.007279555109296,4.535613344453316,1.9611396664742193
87.09430212189751,52.992729270871806,2.2970368141584663,0.6744582235916508
51.74214396911733,23.59619705906516,1.0265982247497765,-0.33407602086167165
70.12306835670086,-30.703986821758626,-0.4315586042422784,3.2616008705896933
70.12306835670086,-30.703986821758626,-0.4315586042422784,3.2616008705896933
95.12206776687249,-20.426094180680803,2.6339044463113264,4.533395904977634
118.3326282513707,37.90144428752537,1.2419202228211628,2.4191488389290514
112.52185385993323,8.963606864666794,1.3658186921525455,1.7044347963665543
85.26425100664957,-54.88629217985001,2.5423606032642327,5.39838491035282
81.92480970562067,-14.08521749873617,3.060206419936807,3.520086613924277
87.08364402345464,-8.03768697089464,2.7126318139237253,2.3578416729423104
67.49875508796815,-18.04397924172158,3.1247336449081256,2.4593675543287663
70.93115595431027,-22.869935355647655,2.840681724940434,2.5236760517357832
85.42629176077699,-50.139196739476795,1.4739526930681892,6.576462467845602
97.31900601314624,-27.957653657158183,0.9327730149554789,7.793339067240817
97.56600280566967,-1.9987786940437076,3.4558712399995906,4.584109501614711
101.75926525287852,-58.90846675361612,1.9533185476425459,8.680256296168013
76.88362257511812,-71.10380554585757,1.8345934557129104,6.175834837452054
78.01741320477262,6.883518616668638,3.952972526446841,3.598489040400498
62.76954562653684,-62.160432687809255,0.3346482035585965,2.1966769634326333
92.48449087398878,60.997903853304145,3.4969802383647384,1.072980287836614
94.71034904704094,71.96229320513177,3.5583944947215294,0.7210583700437061
113.33533954628409,43.02985208918121,3.2209178162654526,1.79532066307711
88.71774773588905,24.695480831382692,3.9641118996697,1.2847019594554132
100.24589276700868,-94.00402120146263,1.988553619624525,8.482323574321951
97.45039091053282,-97.35939693727359,2.6697193419459917,9.981526640433337
84.0616665576942,-105.19314765475367,2.1780045590496906,8.70576266523646
46.14259894395107,-68.22706108364952,2.553013812968533,4.780630440361901
53.94459042122975,-4.224704241562994,3.1082258068689566,0.8033648346837428
69.45772783419262,-28.61562042506383,1.0768675523465594,3.5987111873430253
92.11536696851556,93.83028142325564,2.5269071871973767,-2.8429643786867356
78.20179927884863,7.70800984823385,1.764843024051272,3.055101295156571
14.840133679537074,-40.5044424038221,0.6705300743027588,3.8146808621638613
94.01345651366702,156.02832027007517,3.412981466919724,-6.624849712102927
78.83106725313542,10.331639721922308,1.0904815381626807,3.60237294110107
6.806002689469871,-18.282615635049698,2.3013385242690982,0.907262642468861
-12.102035605129572,35.09855697850804,3.1000086024007247,-3.1458481028893006
-6.892144746442754,21.42895594441477,3.400472425880138,-2.6730989790570003
116.88403921088769,-95.2680987360554,1.9460930627540391,8.27886323975849
69.75509832181629,-82.98535200344318,1.8957366956629707,6.893331279204618
69.75509832181629,-82.98535200344318,1.8957366956629707,6.893331279204618
77.55653502726753,24.925697404331224,0.8605015717777735,0.7134146487747764
86.74642353678384,-155.8626803991164,1.9646350990355317,12.72682704698776
86.74642353678384,-155.8626803991164,1.9646350990355317,12.72682704698776
54.139571817880714,-153.67717581509746,1.2809372777700783,11.846020708694716
90.95193077344257,-6.309743476748931,3.046671309357149,3.3651916362909344
81.46769829724008,23.264925709832596,2.9455889498402006,1.8639750079273556
44.74738058642063,-43.479849864300455,1.258839031539102,4.062185489466287
64.09331701069843,6.883606659052809,2.4150450483255033,2.9960488630612065
59.908582685306655,-66.2367143115692,2.3246083165417595,4.449841620283543
44.82391246258748,-12.71941406615666,3.7400758835041694,1.7465232892923759
50.56516814515017,-15.331296300085963,2.8984892263153137,1.5906951819744268
60.63133395193425,56.65189774348568,1.0635300784914243,-2.4482628219619205
6.932513192553465,181.20930668671008,2.339541689832285,-10.997039944525927
37.62846827779251,123.30214598241044,3.3016667310930883,-6.975726451998598
138.49669768549893,-71.11744462861284,1.8721540025622063,10.178374194990482
11.46227760879929,129.08908427718802,2.603815137819078,-5.539327183472279
37.281792258356894,140.58817292229958,2.412392206700737,-5.154609260035667
13.656539881793101,126.93934896042437,1.5325446679562598,-8.301675947207798
100.03549116539126,-21.96869413820896,2.506875860242164,6.504835806380185
94.98138463502133,-53.123226941646216,3.208416314581245,7.27282287575748
71.87517953016629,-73.04034259492832,1.9760297179877275,6.506048824724516
78.5936039109252,-83.03860590180739,1.8224458675499389,6.2895941785912335
99.63921183048407,-186.0680893784685,3.0231733144340054,13.729841100850402
44.2666049775957,-22.74902037124516,2.5223356365286516,0.9787957405400594
74.66538048009961,16.19874115861323,3.2788325764638535,0.32973655189166573
68.98247082737473,12.523951471847958,2.335063313146298,1.506360147790312
22.34490130295496,-76.51894195200124,2.270626092391714,3.4156133294739295
120.88691627546568,65.61351252630992,1.9762311826549117,0.07159618062139628
52.76597617848353,3.415210568445831,2.922800453486149,1.4756498789937358
50.229635161875734,1.878424431788452,1.9587832399867922,0.9159130762342206
12.120095137464025,-0.019861966640611683,0.8770588785401173,0.19290181690170005
7.611651715284375,8.31105929515412,0.7217106562186331,-0.1090715958161772
111.24399728149601,27.702688663971713,1.3270152911523356,2.240727804872646
108.82151365601817,42.70440943785179,1.2785571597771217,3.687235429233124
83.1244966511228,-6.641893792420036,-1.4219192888552676,4.644967889682513
73.74339646343812,-77.25276732555666,0.6067571887734132,7.381340593863732
66.53847802430485,9.560615286062806,2.51588340866403,0.7213088331141693
37.39715975249751,-10.848108361316005,1.6646198849883374,0.8273223858468569
4.600349036360246,56.15839801527027,0.9906490667162902,-3.1991733970572667
72.90598926306552,-26.020056540685477,2.568437739218477,3.9913995627631973
130.35113462056594,78.60714943677783,2.2674538695592226,-1.3955291526324156
158.06942429407562,105.1428208197635,1.4548962636823253,0.7126947924668124
144.98123238030647,117.75683993952455,1.2022065123429435,-0.25494114177878446
138.49963222146883,111.73273891764644,1.366794619518377,-1.2146548013220828
79.17167640793078,79.15068942329466,1.8017156020928136,0.36019558395223417
81.03321625165404,130.756476415875,1.8080040865548288,-3.289266946089135
70.94782084591644,63.88526058813148,0.4613990391197802,-1.9144589130792662
70.86062745370603,59.07410103287168,0.38382329076075994,-1.8002890636725268
53.1477913013586,33.68164069118424,0.10755158366505416,-1.2303525849566226
71.82833226576709,-10.1118385837194,3.553724110160116,3.5647830166543306
68.85954400542784,-67.86654410549136,2.279428048526495,5.852126282168831
-8.49073005407576,-48.221233313415965,2.65366821375417,1.247241084710984
126.18655829537593,23.967207484278653,2.9218289445857986,3.2046496981013903
125.80779110751467,69.12697721493299,1.853207609644918,1.1234747620011842
7.968107794121892,-35.60596702529159,2.2164491680954854,1.746604094751229
13.547885371653951,-39.14197978249662,3.573674226875129,3.174182572559675
77.63854668053284,33.22756260974034,3.977390618813358,0.8232235533073209
32.018865976474764,55.36179747912872,2.767772531067491,-2.664052887514984
23.11531844427369,43.53179411624828,2.531969188216203,-1.8125240722644405
99.80179004219453,-14.273619841709294,2.3723907569711824,4.671731316234052
10.538289200107132,32.65028835834854,2.854587513960094,-1.2133636624709423
59.86450991550413,-12.837593929824195,0.19212570116285688,1.4405593179816465
30.42290007582864,-2.1832178896888763,0.5076472236715954,2.6258662739747063
-2.4141790242459504,36.62560742722814,2.145987687511894,-4.126384005267752
69.13977841368511,53.255325624625456,1.450403854993554,-0.5362377776948779
74.05709869874842,-62.688222286192875,2.6375092415571895,6.413682555597449
83.89950697722003,-38.62464027857851,1.8825426058803851,4.811548473454901
37.77142979500317,-69.83658039278455,3.0354236994967434,5.497916448132505
85.55610514938232,82.9142610178322,0.5523201998875222,-1.2447947228612337
86.68616704202039,50.399584215688094,0.9408781658792669,1.0873685161789453
103.87326242589961,67.05959482053925,0.7589905493899123,-2.3195963778766004
24.15999062085617,-38.00104561912259,3.0474401329454603,4.7752360053367795
86.95186973553821,49.6726658373255,0.8261267233840331,0.929480207835445
83.37052589089883,36.37081718931596,1.6962839158399163,1.4481690700324017
84.60900282701937,-88.77345970033602,-0.6362595084417086,6.482269895013869
84.23186973913249,-25.080274109776802,-1.224294024869824,3.888598652589859
122.27173293429381,9.257558889926338,1.3135087101201153,4.561351248599195
112.3879441229771,-150.8485403588795,3.003003942028265,11.945609620837367
109.54211877481477,-105.97179482103829,2.534363118379563,10.336050724314212
26.70839173590069,85.93211294511839,0.9692962156444525,-4.157278480478645
30.36720643476749,41.87038256994404,1.1678204926661406,-2.0290804949763888
101.33867153833711,-60.712320036720776,2.2425119304667596,5.91810377590333
65.60144494434259,9.361973356818297,-0.04091521634569574,2.105834727594692
72.04002565763544,46.206506650713756,2.046830568102097,-1.4047626339590746
43.902491496660716,165.4442274396577,0.9267660399330673,-8.312383676290787
46.28449097023912,-71.52474368032883,2.8978945785944905,5.455055944968505
61.88897645038204,-42.99446951577587,1.8646969260750932,4.9331110447114375
50.53045117066985,94.53349699760344,2.4704274262506716,-3.777208339463445
82.16936689277401,-65.7057912751022,1.604109267904133,6.436212917087817
59.181461934597834,-25.043069767042233,1.4516968334339435,3.5228723395288775
56.76579653764304,-42.08898588928068,1.6998179341062565,4.686253676784059
62.04573750574885,-39.478756788483864,2.4591810365325153,2.5276675180074974
93.35419377424266,-83.4165379302566,1.4938139656747398,6.539698721460319
37.68152655088589,-90.99086352626034,2.679563740293563,5.989424594894235
37.829672686568664,-78.33103339989736,2.6249786469155265,6.947773172556607
111.10200586008091,-8.58771671369512,1.5080468855086024,4.477066225575585
111.10200586008091,-8.58771671369512,1.5080468855086024,4.477066225575585
84.02178315531353,-31.13737458807352,0.9603297292421715,5.36182262172792
82.0092484377856,-48.44648030642258,2.1909359290165895,3.8005132560881036
67.10756980906885,-31.643864577028626,2.042647312736746,2.5786550699681534
50.581521472478435,75.7978013423508,2.5247823963282414,-2.8556722882322676
84.85329034926266,77.04235860303288,2.663820543532142,-2.287558508364957
51.92791276289121,-93.88210655907498,1.1004950864915488,5.835272467937213
127.07318520950544,31.780707879694138,2.2765273299898277,3.637787898571706
54.7817165926086,-70.69439960538116,4.04556930285171,4.715657368474802
71.87647410767943,-86.55066041006279,3.9116625085721615,5.944009172019619
62.12959497674035,60.89568076747769,0.5738091280002559,-1.7980036839784315
108.00611975224032,13.841109574557215,3.5154792620754707,1.1891555683807962
94.31546216817085,6.597041797739809,3.125116590142607,3.918120158846274
63.42696308366296,-59.68287957455591,0.7362094749584785,3.049045898017641
11.328862732948103,-38.13607537646463,0.5176354745794137,3.3452288271596404
45.112445225992246,-14.432680168624268,0.16577213795669876,0.9233485481128763
47.07819049220074,66.01027802706312,2.799606508839133,-3.1108413346117416
77.06121745809625,144.2088514825361,3.0240280153900896,-5.0175221997770985
93.36658101937651,134.38238462564598,5.528798621904209,-3.3854543683547895
82.56241448254191,-3.3800615918796915,1.8045960842545938,2.254201574494723
40.78104586702855,-55.484295154121654,3.2993682447967054,5.811641486873194
13.05904564101733,-87.76242444489378,3.590361474005924,5.747747122023809
64.95939084225384,70.90627121531429,-0.265444721224693,-1.893134057036296
41.86621675514371,91.26227707036159,0.4443986388777625,-4.161451813512123
57.06072737126524,-111.83340102004331,3.7383609936268063,10.676537838646261
28.329677112993313,-132.80597963741582,2.3578191418860373,7.635628772631476
26.94558046326017,59.61893222175082,2.851301006200109,-3.352680224067189
15.346518275441532,47.169488891245486,1.8994298027307206,-3.208180376716886
102.6737242816386,-65.73229616037037,2.1930413979776544,9.019525994756584
99.4979252602413,-133.67057655409667,4.8922204712531805,12.403547144156844
24.98480526318255,92.0245903295949,-0.603726626808426,-5.974334674343648
94.17007237904589,6.648640454247101,4.584067185013128,2.836818970779062
73.22287380521979,-52.81109481934444,2.8360413525107355,7.070744472741957
39.94488541811338,80.19208923221657,-0.3835594491590658,-3.295926618824887
39.13539960083448,44.101808161290506,-0.9114883956695572,-1.6429465715309368
76.56211559418834,57.70319692289396,-0.0049800883441432076,-2.226652693609178
68.45418259985097,51.08239486647506,2.0717554237391753,-2.160712377050695
57.47646596017339,105.48756349309092,3.0387005379060446,-3.6374053337184913
62.71950621652629,-56.035659669108114,0.5262158615004875,4.865659689633127
59.11864489144396,13.188876157763513,0.7434169008098225,4.000564575265772
73.98096291180116,-8.647510882466555,3.24908878370987,4.86300623677337
40.84990018480245,-84.51298768505191,1.412944255856972,5.242668540269101
76.68913366470248,48.2045751876209,3.5910455780708643,-0.6898124175519642
60.63717097781981,-18.532646146967416,2.19645678407386,3.1585545518354863
83.79342078191283,-43.22576432293923,1.9667199696454272,5.972243678078256
70.04586334650062,23.575719729016143,1.9637682948848025,1.5242951148901158
45.83377457011492,-24.408482677540636,3.25661193429707,1.3908326598781438
37.471532224034554,-37.624626626357546,2.086552450156904,2.9770139528923028
112.73590520047225,-97.12646780042604,3.2786413957724694,7.945411440740811
77.63466523128007,-48.357056195613524,2.4240018796567835,4.478815790782679
75.71530262714792,-59.187093746014064,2.2961555812599186,4.4777042549280734
70.41902867084029,-18.985918373068944,1.5223530786660693,2.5380767100276165
28.839285630775144,73.07838794636484,1.5811493062751591,-4.738893030222995
57.984153533178414,75.99846600168206,0.5565785646966164,-1.3963655131691481
27.299454596734734,92.55024750351261,1.2487015345343586,-3.8430471842746714
79.53312962749195,75.96729991931855,0.6166217930685617,-2.4743890547013727
38.464624809348905,-13.693366009742004,4.009541335965177,1.7474171443018307
145.43755143105867,-37.73638686065524,0.2544802877572292,8.366533643726928
158.13860645164405,-47.558468499926164,0.035772095714354635,9.920510073217299
103.1942343767265,-19.749478307899068,2.387582711574204,4.3722670483978305
113.81899704087367,-55.22975788867929,1.618064855426561,6.8261170453585835
104.81782196806836,-18.706754949279976,1.5592147751660623,2.9883515259868583
74.62597131323875,52.372635035591685,3.3338167024323955,1.0118151382159795
26.99184623417077,87.1078918672747,3.188098560800329,-2.9277967829993137
56.49882653266463,2.839503442205533,3.887380539466402,1.2459481106330537
27.398764097146,6.86217954341111,2.3164336446332143,1.2831753197180884
32.26631176092411,-58.69011804101045,1.179154287175577,3.359363594797657
101.13283497409968,-15.112052924575817,2.5983837196792505,5.543672327939577
68.43497787434843,-14.003204479353617,0.6093247985209287,2.8549142169003545
43.56665549398576,83.70593236317883,0.03936238845005707,-2.7562266251471033
17.51045881540731,43.90347091462066,-0.5277796906571566,-2.8778687936467073
22.76636040320009,51.0482612675567,-0.45906584147087137,-2.840434604585968
130.45773892102352,-88.55224102652292,4.595285046456016,9.86663425838312
74.13614208599606,-100.94447918464346,4.302580276684689,7.83956166664431
107.33162842727732,-67.81873206795684,1.7850649535562875,7.839298882492566
53.2026616792815,120.90041894502214,2.51707140484406,-4.9648555188585615
80.52503701452252,79.82948458796997,2.700243060312736,-2.338239608232195
5.1338292501421,113.71642521374973,1.3540251693540286,-7.848632046149288
63.44974036027848,-24.671702585953945,1.4400765378593317,4.46561271321762
75.30981273699744,66.13928484271722,2.0662929132633407,-0.915128976886554
75.30981273699744,66.13928484271722,2.0662929132633407,-0.915128976886554
51.192770244662384,29.09031048155291,1.664083953326034,0.14899468408625843
61.75628618385809,89.51469591403873,2.2176751240422625,-2.33645787342632
27.415763815974056,-44.16441542985485,0.7149674433539492,2.4671632571324116
101.64505321475671,4.80355641664315,2.677686778119742,2.568988675084717
-8.627891177823459,83.20907207016597,2.2940884586194508,-5.427024419547523
68.45431884203238,-2.1944753764929725,4.025752764844901,4.4677117102116695
67.75565180862979,20.27094060334626,4.01602016686009,2.3248110678318645
19.08092232452854,42.45764349518949,2.695888195097771,-1.0211161790343228
94.67847294842309,19.04336858277221,1.2125772435501174,4.529085622250005
91.79835701759885,23.65834536431443,1.0778578457396746,2.6014047062290313
33.9621101034292,58.695040406015515,1.4125559061939021,-0.6205487101280971
38.202463178750946,119.3304279631893,3.318122919387352,-5.072500111750815
74.23229722058196,-55.92669986000027,-0.4942343947809183,6.165871683308952
82.25915458831406,-101.90875392897973,3.5834555564969923,7.907718731107416
92.83105816705765,143.2057362160692,3.6720709458002703,-5.847854641965833
94.98439488418322,149.8932514892177,2.7167095247043314,-4.822859080006676
91.0385815346945,131.32388919159666,1.4494262749453877,-2.8109549269472325
85.88956734825544,126.12525057409596,1.4889377604892817,-2.386704710393654
94.0636844866111,2.3766421625156937,2.443596381622522,3.0606108538668573
46.05646820584621,-21.062412424783425,-0.41087510696891716,2.827717402996347
83.29430784696824,-111.19268272549948,1.5687903857674363,9.262131124724696
116.58395179533659,-102.83126115438652,-0.07882539004194838,9.627531057385244
118.54861890757243,-21.442141920642463,0.6205717391961477,5.911908326652879
109.30880558611966,-4.756381117219707,0.7956440405417907,5.474089180491449
112.63512296758657,-7.6904346949040985,1.2842932957669202,5.245867733059296
45.6763426987115,41.80437424901061,3.0720215376787916,0.8686067710825859
