Power_t_0,Ref. speed_t_1,Measured speed_t_0
-1530975.2562924854,-9138.143843731832,-448921.8640380526
-543621.5205096463,-18444.874027690057,-444215.2982906109
489368.5968509229,78508.16628743199,421320.83182200725
-549946.469311004,-133635.3833735447,-118362.41628020554
2048838.6567781055,114537.84963337914,1109471.5879524786
1600183.2589010727,136218.1928731043,470260.4196204968
742210.7994295668,-130789.7295633468,298380.4685284422
742210.7994295668,-130789.7295633468,298380.4685284422
1969723.7517108165,-68950.86455354422,681158.3987484144
1108740.9931538021,208685.00630423496,258253.8190891141
-1099067.7023331118,-348651.7422754172,-277921.2932342291
-369979.1467625315,-226783.53300308355,-334092.7629843482
-1456361.909265324,-144119.50733401865,-334589.5074816653
-1358081.8321731077,-141264.1893529509,-336170.7047561863
-343282.74333711073,191491.38544987125,-2033.3487012752448
1036500.9383475169,98611.97499925373,565275.5943590647
590122.8185483092,122480.52640217479,252248.686044593
-1568171.9984715353,52638.325460279695,-820114.1342130059
-2223719.0686806655,-160256.16406713735,-536820.5892285313
-2014575.351478926,-140165.8305181233,-734923.1095166922
643421.5462120946,115518.4534409676,180882.57059450922
-320341.52106347296,-45838.654400739615,-301315.54296515934
30614.681160842418,-125012.38527659135,-19580.37752966996
30614.681160842418,-125012.38527659135,-19580.37752966996
-896314.9804006508,95477.45939058394,-238493.69152804272
585518.0351452172,-59652.346003099046,265300.7692653117
348799.01270786644,10482.621390501456,-39403.59953142487
-442906.573501435,1411.8077525578763,-339436.54547220597
1471153.1322076255,-84272.30966810617,693362.2404565704
1353213.4867721268,-82838.01234140478,355088.11280079884
2040849.2292862588,70299.43875874623,460608.49128773634
-1335732.0739260977,-13607.692021257659,-499517.38142936514
-1335732.0739260977,-13607.692021257659,-499517.38142936514
-493950.10297093535,-136498.94206792954,-287904.2644965681
-1182278.502437116,109133.2746214627,-426761.82777711225
-1647375.1653090492,195338.09214055046,-511253.463199546
1416327.7823011135,-225128.68006976403,484229.8925336229
1007274.7831510339,-179757.81237709548,222355.1261293288
715330.6054503189,-130278.57102603429,396433.34048248135
-91866.29973740329,115657.87813122857,-87629.00843815401
603440.8744822664,-115121.28836177645,288124.5403052157
754574.4424521604,11371.848632257963,313214.6723974831
2019059.552291135,-31304.754598475498,715227.3394464771
468958.40139133146,82350.99786195472,266223.8357685805
1159795.7224608327,-15753.504051909491,281545.81772901653
-760727.765715928,-58929.29730261134,-172732.44855005015
904506.5026965586,-3319.9694845476406,44168.104073876966
-167906.85052296775,-99162.98958748404,-358578.208203793
-484982.5699053387,-57905.23446189004,-218631.96682789671
-671287.7417768674,-201042.03524417066,137037.8084979261
693860.619314512,-168023.27497501805,-143526.6576055582
380249.6918935114,-123897.43286456863,-28770.60725691507
208798.71717198243,-87743.16840245778,54985.31826065206
300553.0500811053,93039.04914737168,247132.45589554202
191667.0024742685,67164.6544730404,169426.87719260599
-390495.7537064949,18460.669683145094,-125809.6233657602
-504224.0180065635,8114.372950142259,-177312.89908097676
-735044.4205186191,-177359.92466847936,-230782.24517782632
-484867.46495867224,145312.29499327255,-66144.45744904527
-1760330.2175001833,-79261.68752321984,-512608.92709457944
-2206090.336127527,-3624.6667957078826,-791763.3957137153
261446.74600225675,20132.734694340445,4841.011801577493
261446.74600225675,20132.734694340445,4841.011801577493
261446.74600225675,20132.734694340445,4841.011801577493
911031.5556829587,101068.56726923908,243147.4351398686
574501.4015763294,138498.94862252063,190312.0055194209
-794723.5382168316,59919.66563677452,-269265.1578984974
-264343.03937602695,137896.69655070305,-24720.3154587625
302073.8799046691,149981.28827782234,-165687.9943982893
-1365047.7836784727,-187711.04198806934,-425888.3683173995
1277168.5497395121,141997.72056654148,281515.49864155997
-383816.8746146314,84753.67244480294,-388415.34666426305
-648732.988057915,63157.401317929645,-228609.85997619177
-713800.6149698362,91269.43069533943,-294756.23179251864
804964.3352202913,72595.73064839556,99046.26539338104
804964.3352202913,72595.73064839556,99046.26539338104
-1058846.8772764176,-31574.992277589838,-694190.375074262
459284.9762739211,127697.78692751555,-81527.02712225962
1035881.3263030577,20640.307593839098,90715.4764436031
326601.834369657,147616.29324343,-15234.450307308522
-1990232.8816825058,-107328.31980134186,-614993.9131661302
-2763452.4845726197,-67356.3927218868,-881334.8511996544
-3776159.74959773,89333.83130860073,-1216444.1609304957
-2078219.4259050277,135875.1368137335,-752570.7789372582
1001194.1057950867,-137151.7052755435,285138.45007305604
-89082.24408574041,16712.925461769162,-58705.89808209901
344175.89703049307,36142.324276989835,356684.504784092
-567735.2376479333,-59238.33987235975,126120.50205899896
357731.15693462885,41242.3921646264,256361.10749561735
328164.25567720865,-17714.42908248939,-27589.045296885044
-1374964.3282310918,-54196.92279499351,-351423.40140363143
-1374964.3282310918,-54196.92279499351,-351423.40140363143
-449016.1489564768,96337.9757824174,25763.937606770807
799934.5072696148,90381.2053874724,116491.50093384009
508683.64650930895,-72292.67143760831,190285.62459470407
436060.2495428186,-9325.221096074009,201019.10864491004
1002827.4731135755,-7449.322206853412,244667.6077923705
-1062917.2308148819,-112154.99174381843,-515469.0554156164
-2007055.9201659816,-138773.1242029868,-551688.8723572985
-2460153.6436614357,-212275.31270287093,-740147.3912743577
-425073.3109695967,-102269.84553787015,-401185.3008665447
-891455.1261212819,223074.37337645423,-77650.75287680632
-1787008.6406563702,196203.19081956227,-450119.76822425536
-316429.04778492637,111563.40420373998,-292276.08108617953
-1459308.43573495,-75859.90464680016,-335051.86009493395
-1440552.2717067762,-25805.971031199006,-281661.05881627696
1440409.222275847,-252481.47766258116,14860.944087410608
292767.01894447976,-161805.58219183132,169462.7566683715
1490139.230259704,176999.15904074494,440149.0327090529
-2356159.9576199306,137921.4411621344,-545780.796386714
-964799.6291848499,4455.749074563733,-468593.9998945126
-468486.6222816651,85660.30898694789,-69845.77667727225
-295052.8867374754,41014.96606610499,-100981.61604841321
-759983.1924288563,33094.214673823306,-307632.6663780268
1944972.3932823627,-113112.96135229648,599869.466542401
451685.4633862198,-140147.30381903873,5418.1214948649285
-626030.0172437606,-577.073091765269,-241557.67009519236
1788517.6130288318,-223041.2916157026,371863.14742878574
1539444.72104011,-269044.8904886544,452326.091954245
1539444.72104011,-269044.8904886544,452326.091954245
-1787517.7173928302,264979.1434520326,-500852.6760379702
-1498857.0332584367,246597.88052364896,-376540.9996475647
-1978339.6819399132,266037.07201290067,-313338.78320952895
-2273958.379576742,141928.54711102674,-374356.7339917722
-1877269.9139325572,150407.8551433396,-471975.9617700205
-1574580.694937678,-8650.796338739456,-557881.5762829204
-973281.055398828,51592.17709475962,-140833.8574533433
-973281.055398828,51592.17709475962,-140833.8574533433
420540.71142103424,-57685.60794852738,-62247.3136124016
1345930.45012476,56863.55818127231,316460.1693008512
1273097.0675094763,-15989.354964119433,542888.9339147047
-492396.61362104653,-82373.88184635052,-115134.02205260111
-686665.1980278045,31362.99446302982,-57749.267724025456
-595167.4398097191,50608.02405907735,-79063.74814387958
-1008440.583839637,13835.252855246712,-384824.8543882455
190069.9684136794,-177002.6937993311,25388.413241639646
153095.56114485185,-168654.9537364397,70063.98961388759
126511.66610243634,-139594.0630907206,88459.43187924247
101439.37594675469,-126624.41451163018,157169.04620480855
169074.92814112507,-84234.64456361494,189079.88721551123
-1804108.401247154,20237.993700807532,-538263.2249592813
-1804108.401247154,20237.993700807532,-538263.2249592813
993476.5249465491,-131841.82271795865,278146.75431419886
523104.03650816996,71959.09188887366,196762.84542183692
1190449.1582669697,104102.91023440413,337285.2551565883
1120571.2525641965,101599.68732784603,189104.3653554969
-218514.02245774068,-73105.83252857345,-103165.9016544388
-207531.38378808356,-134102.9011650786,-44397.7099920232
-596766.5049351465,99184.04256018501,-166381.6796010528
207116.25029250805,160673.2204318152,-62066.785426530594
-257572.61211713683,300879.1999712969,245825.142353457
443988.6683264754,416432.5124293114,171534.8966264234
-2745.0941098915064,191296.16536138995,-118168.56860432633
-639283.9580031278,-195886.8648415777,-177792.82230305354
971245.418641829,-188589.59898118232,183631.74043280355
-115439.81388861572,110389.305068491,-109960.04839718624
-207992.66279650741,13133.053116390802,118996.59884325476
-163898.41135853407,12637.398843794133,150634.9035608043
-586886.2980494832,47867.55601895252,116568.91339665529
-255560.68937124236,72694.01003045315,-108598.03692807924
524592.8675990433,-23266.684544118092,300357.3457721704
353298.7310118179,-29009.010847589074,307426.29239828466
-811809.8318587753,-41915.26567236798,-195296.90382977278
-238638.02430651546,-114198.37519251951,82580.39958514915
291190.25555064314,24140.41426203245,299148.9516666166
-135895.37626186304,-64126.037295884475,27634.093577075866
-37976.4079457958,-159216.87865861398,-6468.705570565056
698205.479912289,-157296.6380473755,206736.9209084523
698205.479912289,-157296.6380473755,206736.9209084523
914771.8449803686,107282.41993290524,119897.19912507891
-388213.4243191021,12135.960556634374,-208845.98898052782
627966.1710116973,24119.65643773155,100529.55308815638
-642067.7119684916,-60603.54189636812,-105134.77681046969
-1438389.9536863244,-106590.97785545808,-271841.98281203414
-1791351.4035647104,-156579.82996893686,-731214.5122824584
-1827337.1737375294,-218072.17354528717,-817345.1629103499
-1473355.5406639925,192507.344806895,-303639.1985118076
-1540447.588351953,-40283.383619017375,-645903.6772435681
-1052091.3151097572,-128739.79709592246,-506369.97167456924
1247643.685678279,-26479.476322888084,511343.69249638007
-128911.97789223772,28867.855669344153,-59225.84245197209
-851292.8264015187,-65261.7723464577,-347369.26463051565
879944.6286577092,178050.07323692885,530840.2849507091
2097129.3240059873,-24263.121360815785,581539.5830467712
-1728437.924199886,-54753.537883195546,-745662.3152328164
-1636362.5883923722,15037.716724337746,-546018.5599769006
-1278011.7906562567,81477.02496727939,-349205.7306134023
23665.34149364382,222829.0424453161,-267526.25133011217
-1284365.9810018477,-50138.18197322145,-324592.2660458609
-1284365.9810018477,-50138.18197322145,-324592.2660458609
1237613.9484756205,-81612.11500045628,511327.36588235403
1237613.9484756205,-81612.11500045628,511327.36588235403
1361808.6715783004,-109012.06830189812,628669.166098158
1107349.1694647465,-63212.44306802311,427839.30618674785
776562.3720065658,-8250.824394082967,342736.2865866772
-189534.40808063676,34617.45816778603,-42902.99363838021
-564879.0941777854,-29020.192462621308,-40986.25999666185
-1135134.383675232,-109339.58889209986,-586169.4222554775
-1647432.3458833543,38067.635898898356,-491514.6762910767
-1847505.0279013573,-89194.8160338261,-620597.1520310413
-1208287.5122605406,-95732.45673366138,-472800.83944021194
49247.909166432335,-209350.3899926956,-212359.70113245706
538243.5724342964,-51131.296904460716,420802.8454503283
-244079.7718909228,-151828.30497883022,106004.86156158405
-183072.98515080416,-109830.29996472936,-71554.76891501519
-317589.7527317076,7730.027273944637,-100886.40038509617
52945.85446277872,-42926.771603943256,-177665.9800398087
-974941.1112608955,-25485.282393324866,-379941.2952051216
-418715.15447010845,22080.987426417698,-109215.63419230375
-1963453.872559257,30666.82569749155,-563028.6115365388
-1415781.6788036432,26285.418574888456,-533272.1304023305
-1186843.3753012225,-42522.51420404756,-299002.0716332983
-391048.8464466145,-60888.920985899604,-301533.9009332195
959123.7809644087,-20727.127314328172,245179.05967565434
-329091.4749449922,-88580.80725816457,-102825.49354285181
-1029126.8710170402,253132.14402432248,37396.11287521626
-1766356.469722245,-162019.31773686316,-502108.2098797906
-190293.0893325472,-54967.7984177953,13187.855923874275
-476943.96493983024,-110862.11993422682,-155314.3050089957
-79582.91888119873,-41843.891216918964,-55719.80111755671
-220240.36653691594,-49749.64808582878,155102.89592666973
277549.2733822777,97159.8264199753,50978.93707849675
-466123.55457758,2213.133057920095,-201331.62427206643
516394.7640971789,36630.65264109871,207615.08181033144
917335.8715700904,-60329.0475410997,288902.68835380033
639130.7998417626,-90321.80437069775,-8254.248293096782
2153703.6461507035,97520.83697052562,448962.10628122004
1594468.754617876,110677.77110957539,524402.6494759038
307997.50131746253,-134526.6452465786,-19027.630881406512
-777687.8451005173,255151.3776633661,-114728.51318297966
-49881.692661140114,267890.93612453435,-316427.3511282489
-143345.37987878505,240605.91743924288,-92031.03338316007
-246881.49229226302,214970.43005168776,63089.92847562852
49728.110547788965,78293.76990531728,-66607.2956982998
1200526.2176924064,69587.70739195944,438388.83566227497
2097261.890570732,77995.72915960597,523112.5518773583
2097261.890570732,77995.72915960597,523112.5518773583
736375.0046794385,-106553.94617332784,382868.52462169435
388648.97938792186,96148.79619870168,419647.4719602831
1185755.1321127187,124783.74296156503,374412.00214733183
296853.9637231268,152143.4654780204,401031.03258940205
369089.39172584156,-127099.39153616576,-83915.67273825724
-887020.2755882827,-143449.9768790536,-335791.08540066436
-887020.2755882827,-143449.9768790536,-335791.08540066436
-458684.68522804684,151948.5380397591,-83088.6804423652
-456330.65546234767,-155814.8404713516,-384823.43756790634
-1042752.466197596,-41090.51170230248,-591603.9702870043
103381.5534709983,5667.527077271181,251385.6464104427
-958855.2457132374,-53211.29058778295,-444299.0554786304
-1065320.6089064914,-42564.20441042996,-380803.91792864015
-236485.5998338345,65709.29966715894,-162376.2662235649
73133.60235607484,-21806.959691947683,102739.2911871892
-1991753.1416181403,-126077.38657613152,-762230.9253709315
-1811095.9618918342,-152596.4565298532,-610574.1740392951
193413.79098594945,-90047.4789666656,209326.75034032005
193413.79098594945,-90047.4789666656,209326.75034032005
1251974.4783929668,-113448.79556248843,606536.9747809995
580298.286494703,-174930.8168192968,86231.1031307891
620487.9995136437,-241587.83404504892,83966.82736772136
264502.46615558234,-214762.6678812733,2545.2390402096935
-1326663.0480873804,-50789.2865021106,-398196.9721013351
432173.4441350898,8339.29851821166,195680.51843907335
234915.39278177466,138517.31967066874,124552.53421060611
234915.39278177466,138517.31967066874,124552.53421060611
-137232.8219478066,122014.39771155143,170563.40558909313
-2117954.6604678426,-35143.1192966616,-611965.3992961159
-554619.6107910099,9864.905787649408,-159242.38734590367
-1234650.8122629486,-124677.15653038622,-243521.51277936128
-1543828.0831110687,-59550.506222944896,-449997.4355343974
-1215062.0495309676,-26348.855911074403,-373532.4754650062
-1608731.9559727754,115446.86524505296,-356342.60786585073
459046.8823264048,94209.48726030986,211767.56729466328
961722.3348865609,80290.7431510136,220223.4328627129
-839029.0442313561,208884.20279790903,-272410.98041816254
899153.8467751559,46558.779882835806,52235.24969143748
-1136732.4875283705,3739.7913857946696,-322653.0199940781
-1016332.1800602251,-105230.00830972003,-519872.0139993486
-1324560.9204501694,-100930.29149681365,-405850.32382147596
-833064.766129572,-216774.3823865677,-344223.73328048084
215690.8303644288,-96474.66229719072,-101004.06651764346
1045406.6851863487,-90713.45194223235,303158.183273594
2716289.734263531,79550.6958640598,764360.4137272296
2371760.0150864227,200046.63614766524,797518.6894364078
1402140.5531298444,-57298.598745835756,588025.7077047542
732804.1259353858,-82929.91576736006,234282.62957489147
948761.0080329352,-205452.75726664974,485915.721122344
1727421.1026860967,196687.8037711709,639038.4907067431
-2323529.5737744034,-262330.8561059169,-959896.0028972455
-2697605.1671954216,-258221.70121797593,-891425.085051339
160048.548062225,243031.39530949996,105205.85148589921
55361.5606059893,219235.16983767605,268662.2207995937
45559.38766578917,124844.08347248139,259549.01753506012
-871722.9902108058,21355.393216308345,-308336.4093740188
-526754.3938596813,108896.79334212952,-305443.1725871947
-141833.28793409467,26917.292928563256,-36608.69914020562
2212880.7615808104,39890.49083383362,378324.46669865935
-1599324.473586394,88565.02763134793,-379612.0434437649
-643312.1962092413,-247189.09585648612,-363646.1785681214
-1621889.0839069863,265618.1933784071,-507466.8413598609
-1757082.7827691683,118021.53022890651,-597751.167493173
-1448037.9266237384,-47924.62072818622,-533246.302646068
-260871.12152510555,-112732.96089963269,-45201.29908865999
-776685.3839981082,-16859.82196109491,-584712.7244577949
-776685.3839981082,-16859.82196109491,-584712.7244577949
-904813.2706244789,-13462.241471370044,-364711.34377080563
-1838156.2564274215,60666.09594543038,-320123.13134653977
-833776.1283029736,85548.63053303934,-371218.7314816856
-2480531.9960828167,45899.51393279857,-887970.5703953144
640439.5043131332,112500.5124220718,146612.84962911427
406482.8651424855,87715.15771804826,212567.76061233165
877429.4419728274,129767.0959924831,20039.3523622425
23645.979347495362,165573.29092884777,63953.981056947865
975590.7097565908,-52503.86140609441,508516.8428242816
791122.6270126697,-22397.648978883248,450247.4204469237
349984.30774028576,126969.36986025884,6413.483399705801
517758.7069199879,163630.345841288,-57506.77450860813
104173.78469758097,149095.5274013978,-52318.526411154395
-2618904.9144224958,-163858.00338656548,-608455.5495499838
2347580.018226255,88558.26288226622,925747.0876450446
1300104.3103826258,-170594.89394966728,105791.56256459339
1308350.0125116922,-180010.88285075885,192371.67410288213
2225844.438646369,108217.80053577051,536312.3840341424
1230694.7249908366,25831.02244943993,641423.3793897569
1092937.3359053393,-54479.37597462141,269876.1850757275
1716283.827701863,97558.22333955858,534158.9145762866
-599547.0886937097,54511.564268970906,-123151.77607640292
-599547.0886937097,54511.564268970906,-123151.77607640292
-230084.71136798582,100722.94534660035,-72182.69645390334
-2671272.511198173,34613.38024859149,-863517.9475930996
1317578.731140758,-23973.989486885388,479281.9574555787
133787.4055179216,176856.22401295387,199575.90361767515
-389631.21201937896,-161218.35387335194,38502.72448467594
1716948.743802691,-55339.78988869864,562125.0028412818
1032459.2688588748,-86751.08139590493,404290.3561023008
1266257.9533403444,-157573.03210142246,444969.56842330564
36549.47602240741,17178.76305660137,2732.318494269988
666124.8184569103,1019.5623124284402,124168.1607144918
23487.62725502561,30883.75168798554,-11023.037200929248
1311251.3523411031,99384.45029530243,243276.953534362
-703478.659597971,-92744.62463998234,5230.655412161723
-2354934.0519157336,63216.744153425636,-831078.2477266839
-2161143.0105355973,175756.28323627508,-529519.7719528455
2175277.739711537,-188153.08294650016,622186.5403083602
834459.3487397914,251733.13720822238,435336.8734303168
695415.7928381402,74994.42385690167,385627.0680321298
-465501.75666758267,-76362.0015710622,-39083.02997441917
1272504.8407581775,-175083.11245716974,417437.54426912783
1272504.8407581775,-175083.11245716974,417437.54426912783
880194.8375241586,228989.89727587474,400363.8533041757
2128765.1782384715,259131.54298396368,746503.589241667
1532983.5600952178,55195.78428392793,349953.3606740551
25944.305624437402,231797.67356888662,-111222.67387176189
-314752.6122131069,-78413.0703970881,-231038.20591881388
2184321.6205512816,-38964.14039556777,555520.5765901563
1126420.6382395509,-71890.34642952797,142569.61459878465
774014.7340699593,-167208.6477927285,183358.8708791483
-941722.2135050212,-118923.91823332527,-379009.76253569627
-1288003.5901902511,-119725.44149756053,-298409.13380891935
403089.48214986833,267116.8801816903,181995.29352131547
-589878.4000127865,28615.348567282548,-42940.244409421925
-1154567.0182283027,60430.22358275002,-215286.4896049754
34950.3332393897,121392.7490778231,233931.02641490617
-325769.4509100355,158528.96505009496,-305697.6109711749
1845491.5000543932,43165.41530084998,595938.9816345841
510659.5245043046,-42100.85830892377,124756.48428182048
-861076.3012202556,-3170.0719124293646,-509677.4234614229
-1876779.4460957567,8652.301149380211,-425203.03492823045
1258493.1129611651,-165594.2546203623,471178.7325447742
1119179.456158625,-168298.48668568203,614174.2858802028
518278.7489889723,-193679.96560939317,353771.79740620754
-341294.34445097804,-45935.42766036632,119884.11456922066
792162.7845752793,-133205.25443833956,214608.24140766068
792162.7845752793,-133205.25443833956,214608.24140766068
-1297079.30350413,118922.76383808989,-411500.1914103795
1212817.0740422963,124231.46167476533,396731.8487761511
2727396.1628567874,-173921.12889086505,1019895.4446698517
1529614.030406089,-74048.09020738419,448121.02620499744
1415366.0990375166,-67747.48211008747,440311.77937462326
-1336984.6839680593,-37771.4499019358,-463358.6113701477
1574156.3447675756,-27114.040947593603,406563.518151288
-1396598.1866595265,101620.77025534588,-242885.10448392257
-1964790.9113990478,-129707.76174518875,-602916.4751799693
-1806446.0220806594,-148349.70415450347,-510717.8256866318
-266484.68057175895,228946.2802557634,28337.625063200772
318560.37945448013,141058.01667727943,266414.29797108984
-572966.285407717,264729.56539520656,22630.025415966924
564351.1693888208,69082.41472033679,91126.45322538595
-508620.7941068022,140727.08220308318,-14862.684892473902
-1529051.2903585965,-52807.90420665401,-325777.93991118623
-1036317.5228024196,98386.61781094587,-463721.8285149824
580074.6472039422,114774.59954290112,-1203.0033464169246
-893489.5537345571,-58463.81015452136,-356351.03050549334
-95745.05627309438,13476.498654972638,-230690.4866807772
-476829.6233575145,89845.38432606588,283788.4678428158
-476829.6233575145,89845.38432606588,283788.4678428158
-99242.56786201074,79862.99286086603,-15231.141393447237
3877.7975336792006,76944.51399957245,248.52596413891297
-1421016.9127850614,99989.96426116729,-449168.868830862
-756185.310938339,13020.36971633618,-255858.07216061652
-756185.310938339,13020.36971633618,-255858.07216061652
-1619104.2935624518,-78052.95964051825,-215985.54679557297
-983432.6464972949,35748.94228386642,-212792.3262387995
-1671945.044116466,33977.88903758119,-376512.3818602348
-1148676.1160438587,66499.17777553515,-595562.8131799806
1104282.3416165432,-85655.51631117557,369934.7176094816
626219.2924545084,-16097.452743554622,197786.34525952928
1015703.8533923888,80349.45833899365,451546.2978375156
1015703.8533923888,80349.45833899365,451546.2978375156
462501.2220640207,33756.579486915405,241252.89121705323
-278210.246226107,-112776.0081167295,-175060.44626934564
655103.3650387302,132817.84026924818,83982.04413294443
861479.8302947435,131476.0307940933,74936.9821399772
1925896.4626813352,44080.65248456768,371745.5675849815
1388314.1172724478,39940.786456429196,399807.0054058943
1623870.983921512,-82799.68451319085,330083.15512121486
944714.7690045859,-2003.593267325632,153183.12757352958
555700.453782351,13480.36872620581,94940.71164768381
-542512.2085101483,-143735.5424544565,-234748.1676586627
-688134.811436534,134417.27721800585,-225646.0579493489
205857.31511054066,49035.10104802273,117612.47101077873
-545744.5034392229,4908.7372410657445,-146249.07323538337
117997.96381955082,48307.609940431765,-230268.20993121606
337403.7542106608,146534.84101017631,190360.9798279317
1000109.578048597,114664.18698321181,462491.561858083
941309.7117254917,24183.774930228938,506202.3200003556
488645.29434458277,-92208.05687564638,-41419.44672297177
-675408.5329568279,73812.93570310887,-365006.8512133926
-718819.3103605504,21033.48341891544,-423460.8354085146
-1252569.8338303776,27907.876662973213,-368392.2430073692
-132506.39768469502,-95440.18898236376,35284.308587551874
509276.8919719812,9431.661855771148,188192.55121263917
-1114169.7702456128,-20219.976707972954,-567690.3257268213
-1567909.3223903612,-118369.36734497652,-427495.9740767276
-513505.6764065509,100137.44686457652,-410788.0672261256
1160358.4384228173,-64489.019484051234,189525.33685197527
1160358.4384228173,-64489.019484051234,189525.33685197527
376177.63026400347,84382.61060107686,73883.07883820793
376177.63026400347,84382.61060107686,73883.07883820793
1470428.5108282685,53547.87170145706,360108.41701033956
-40078.300597636146,-60286.18659869912,-96493.86997877933
51671.33196771692,-72133.98206158204,210608.82181338844
-483980.74159190315,-109794.19398028267,-92091.0851710405
-483980.74159190315,-109794.19398028267,-92091.0851710405
-1812907.8009556402,78234.53358113597,-678208.1366959455
-1863823.2712543737,-108596.47862513873,-585243.9811111232
-1858752.6455619573,-12773.345902047142,-546082.9729648568
-1612098.8685547924,61382.135699590945,-311180.0259179547
-1751951.611358271,86152.65458989929,-425183.36401754327
2675501.0604608855,-206978.3670788615,1117608.5761662906
2141324.564542104,85899.94817697242,966587.2739206001
2100119.6608932186,81604.18331240912,709353.4671334564
-9925.224301644834,-124096.11462313942,19099.064559127204
-9925.224301644834,-124096.11462313942,19099.064559127204
16462.450243420575,-81909.65359457841,-171463.8744413262
-99386.41167714132,-78244.54272214387,-189207.13550005984
642219.5570836003,38253.14352770816,297136.9939067452
3220161.5945173083,-27606.606211598257,902403.1973689364
2847150.6377855386,14545.212561542983,934150.4920555758
-2571501.751923781,-23411.87949019717,-925759.872478415
-2729628.2063709963,18644.679204282038,-828366.977106318
-2729628.2063709963,18644.679204282038,-828366.977106318
-437764.4748608124,-59689.304122420785,-76784.13601718209
-437764.4748608124,-59689.304122420785,-76784.13601718209
-2206408.3374697696,175068.4615791966,-260924.37592581328
-2300851.147520101,-231390.2800928505,-782683.6590743763
-2182242.5024544992,-251879.12162876563,-859805.6138084242
-1882556.684459968,-207804.48113028015,-744251.7730373113
-2256714.8289938094,-168568.41514104843,-1073153.6916075433
-2944058.969700881,-124477.50358879537,-768947.608395163
-1493495.7255170834,-122519.03641297514,-461047.99860928394
-1862734.3735902666,-227501.1676255797,-568017.0000987636
-1629549.1301355446,-3826.8213809008157,-674834.0053437063
-1751375.7549622718,-13294.167135031365,-533692.2298734986
-27393.483280548273,-101019.00243952018,236005.86889879726
991795.3326575845,4822.509175902989,613674.2298572448
-901995.2854574188,-86118.03634217984,-307433.3638420472
283206.69325187744,-25346.678544943374,12859.847052392222
950787.7310805235,-8840.456705203442,314716.6957460474
770081.471074587,-43641.5511025713,57247.277640895714
-752016.1000095595,-65066.98322228607,-448981.40891245985
-912729.774149255,-56267.370690480355,-517294.9153347085
-1133917.1316083658,-192957.86213629204,-165671.74208179652
-2584604.1406929404,-159953.9730049952,-785892.2439499848
-2584604.1406929404,-159953.9730049952,-785892.2439499848
-481143.5245346522,-20532.456854482007,-75688.06344135042
606433.9137343678,4378.854257695695,104618.07032539188
-642250.0754754156,-69043.61877629832,-142279.3009277021
-496049.5904251932,-39895.010935398284,-303248.8664813856
1414164.5542124212,-103775.41742437163,323686.62436653546
-784888.0487273182,162777.3445455231,-317683.75927639793
-614612.961834067,10136.0270451744,-19426.73749412023
906971.8450720729,-35777.54372880344,387664.233380234
-677513.5692362082,38895.87693012253,-165909.99656530478
133681.71044901753,58801.57189620117,286231.2177569413
-577521.8492391295,-141638.25934601354,-271600.8308678563
-426305.5094467158,-278320.58917863446,-199965.41583367783
-1532587.096382632,149193.66243475262,-274383.1520954473
120383.03531970287,167770.2448151348,163555.26361637603
-810986.7459138158,-93535.47597912795,-82149.34808235848
-1972768.3031832608,24641.37965788623,-442411.82118586526
-1202696.8760815312,20129.87769360415,-619482.4091963898
-1202696.8760815312,20129.87769360415,-619482.4091963898
-2459996.181409204,-182006.86905341974,-1130105.2461712146
2925471.093343923,-122733.4772575199,879908.965550826
1709274.1016070237,156538.28443959006,585008.5877692427
2321616.468119928,161005.98861638847,723805.3630972679
1659151.2658777924,187370.83867380116,447021.5145164842
330756.4858277141,100410.9432691327,59913.59275718982
-176978.41137531726,23080.853348513803,139853.69415142358
-22975.234072335676,-20437.277952591667,-93888.02575366794
-764168.5191196599,86336.5123711346,-384119.7998205417
-1280279.056113458,3802.4504990911373,-300227.9537269676
-2240266.5639363974,35040.53030532983,-726571.2635809185
-526835.9024165279,173957.17285484212,-303976.1842103186
-881410.3118404332,-62612.76928503414,-312250.795448391
-398533.3295377708,-81525.78651736387,120019.40568220994
55156.045836683945,-45703.54965108194,148999.28504963015
-365930.9267976168,-67534.98282588989,-276886.9684300372
-359204.4417416459,62776.39313176238,8596.659145794314
-876369.3761557204,-40134.947483808006,-98838.10202234173
-59756.74962452287,38185.13843070295,-204747.2877008741
380988.0745338999,-148959.45914388122,155432.6894659139
116685.96367300733,-127822.98361608067,-15980.889926795706
911001.3489472792,-74890.21970130876,201413.39774971138
1846326.645563542,-190396.7967503695,492339.98143477726
1429306.8387947993,115457.36027854774,542222.1175966207
-194641.69942070002,9528.7324587865,43667.53732865256
-152812.5661513288,-25428.554877198843,73298.62238207398
870738.0061879439,216385.36565366064,423905.5822405929
-95898.34681846772,-92867.28882892503,-22476.698268154687
-381972.0711031087,51855.24979914432,-4659.807172291461
977395.0954063131,-18846.969271917464,197840.67234963347
977395.0954063131,-18846.969271917464,197840.67234963347
921053.5697383954,-30602.343700709556,235196.2824187856
203658.09392574464,-114749.69184258337,-180227.49571208633
208617.2397861744,-143996.09675615485,-214653.15233111597
819033.8817307719,148454.5147978751,246688.21950736435
2756131.404228729,114003.5332739459,766209.2337464958
2597405.0098840776,133688.6556949868,925538.8296948769
-624899.3522574756,-312322.2682692638,-279039.30682726746
-962986.2622041347,-253699.495080048,-379341.10078031203
834877.4421214862,31858.07112390711,146265.02844638814
287980.3602879492,46627.70056694871,161896.7743595923
1428425.5980083584,-20931.440389586194,431180.7064938516
205989.27521677455,-140091.12923191808,104998.49072031165
559053.8736964939,-223037.7440720356,21264.34914263271
-34648.885200951016,-224899.78494901455,178396.70697548467
1138120.201216247,-165974.3262214804,448644.45897744806
1316755.9248930747,-184468.85058876924,392357.0273062062
236555.84522360307,-89151.13733014432,-28761.02741276536
236555.84522360307,-89151.13733014432,-28761.02741276536
160452.88379104531,-66442.1003528347,-99657.57133730502
-542298.1687511958,-20702.120384901944,-276051.3307846793
-92336.91941053129,1305.3698700053774,3156.847915599981
-240655.66039923875,-5502.422281943573,-57198.91105739841
-254030.76413645165,-70352.69650734574,-157778.04204222903
-254030.76413645165,-70352.69650734574,-157778.04204222903
909804.8110839128,5707.239768077034,343562.20258733217
-1035714.3619182251,46729.477034176605,-376098.32440562185
2017782.8909382345,82909.07834246487,715251.2940194026
2125007.5474805865,125281.0755238489,734621.8922881229
1949514.4721253787,260092.58313905125,687028.1187661501
2176167.2939845556,300506.4082303373,516875.33553040226
1611535.0730625768,185676.65982709412,501467.68533135595
1285081.0835299955,-197439.06570718106,398490.4442757684
1083349.048276004,-207548.62086141334,450611.7070124054
1499229.3489228226,-294922.6094981312,402195.5351457865
1221631.0673206742,-221544.05733482746,104027.98339507065
582679.9358859671,-242079.5503502735,222458.42654575937
-2808672.196812069,114082.08007965877,-1060651.980205643
-1754118.2968775108,112288.45396576176,-740987.7905976519
1597396.5553395902,122916.63404138629,697778.2127759507
1525075.3336206786,-114045.93560905119,208931.6860835664
1392527.6960784036,-118662.82896968213,202854.58388502995
589472.2012651379,39458.16696370527,-43622.96077015874
390324.2705616172,-50908.44295333198,77924.92734677679
1069276.0195627944,29290.151119964878,448936.1923158896
-1614749.2232231558,-46191.46017773523,-444707.51738126524
-2030585.126026059,39156.071540437886,-635345.3445426997
-1411233.647124134,49181.44540141319,-787933.5604065878
-1005707.4757680992,37964.97929829563,-127202.37727099602
786319.6387726883,-17052.741545517347,352535.9167301777
-1011798.1594377864,86141.02891608648,-374366.6087929765
-905510.5366276354,106462.66046895599,-343829.15057313524
-732524.0192481203,-149088.22499297973,-437754.89848489023
-868377.4937406749,-114342.51059342499,-420427.0675808411
20729.72541214511,-79866.00873020722,56541.967736867475
-119027.70879663044,-110227.28207698092,-15969.605842568271
-296840.0588504903,104082.69073976754,-66341.32753498592
-834728.7254386314,155352.44122425045,-287738.47380371235
-998926.5136733644,35505.630703823,-317116.9142544065
-671969.289666882,-56513.4613494352,-405243.3203142554
-482092.0268920708,-61909.19898197709,-367484.7124969318
-782466.1814583844,-49256.5005386304,-246950.38343528577
1335583.7392599825,-26858.486602488338,480235.06991474447
-2498745.769044596,-45923.622995073456,-741554.0659492956
-3091066.439801708,39766.350799891625,-1280917.204094862
-1878575.4642917374,-42344.886178297595,-510237.6893553211
-1416364.4781368407,-168165.8020575015,-390833.8532459636
507289.1650364654,46536.56058845983,149159.46132630715
507289.1650364654,46536.56058845983,149159.46132630715
1709143.0634000353,-2917.1173564439596,543406.807434429
-1123864.4167927036,72757.33240008868,-376811.63735412277
-1047671.208604291,-2418.644116383508,-359664.93766524154
591548.348920336,117398.35449852521,107751.84561246599
-1647221.2727103066,-118980.44941978296,-641152.3546896031
-1108712.707177159,-82590.7235389883,-291095.7682051844
559494.2639549924,-102448.5378283348,282012.5550303053
374179.63160485524,-10225.177929345635,109260.83656316057
-322814.3022846571,-49022.632814328215,25462.662905531637
-322814.3022846571,-49022.632814328215,25462.662905531637
265544.63671114953,-26936.160653445946,61532.80187141963
265544.63671114953,-26936.160653445946,61532.80187141963
-186274.86780302844,54547.980850832086,-125686.82485946079
-78422.98154669938,124847.91447965511,-121212.13265197519
-217140.7353501112,93280.10747421284,-107196.97116263212
-407343.32785854046,19121.062176341497,-36115.99888015445
-407343.32785854046,19121.062176341497,-36115.99888015445
1973718.6307498175,-3516.9010176802494,374374.78532876354
-2666829.41736292,19163.69511079426,-674876.4016931759
-2392067.4457198856,38600.2880788534,-649978.8579739572
-1794431.4875745995,-26561.631091428913,-715588.4033307686
-1019005.4924710467,-11293.889200960828,-386468.0819250726
1760893.7380410081,-30733.470545324286,319160.44902370207
1760893.7380410081,-30733.470545324286,319160.44902370207
1417698.8345555102,-129913.8309427121,296727.6926495853
849889.1368351082,-75625.37604724176,85471.18442946317
2522217.326275416,107437.0579440384,912550.0332643064
2067101.5455042955,-61076.97014517659,785417.683113773
-703980.6205477078,82087.04779808669,-217628.82115632552
-1046709.7613675683,107572.8232254704,-189570.35687735368
-1306033.24363091,207893.67259933043,-480684.8674484769
1126084.276685669,-66265.31161333673,395893.60726343
1184994.992414837,-9642.856519139044,268307.26778372045
1522028.9147442542,12246.057472504057,397453.9170680056
-261214.53315631708,43459.94306551734,109065.68868106432
-261214.53315631708,43459.94306551734,109065.68868106432
877592.2611222015,158097.92461002042,52875.71643635936
-1858814.6639762765,-120290.18219948458,-620579.3070642347
1117033.8553630663,111064.55933613084,276293.15196349006
542685.3278886876,-30325.188513461464,318527.54995244695
396098.36816786707,117593.78937659244,15270.323153990641
-1362036.857190866,-69139.63342583479,-379059.6028098021
450666.67194023455,-77100.02468131443,64528.05107993269
-244404.46295180987,100065.10956648523,-313788.32283614797
386334.53985116514,-18012.40813321001,78549.55327631357
835871.8186615319,-22914.67359859014,264255.099114441
825371.6720605628,15375.210585439316,347336.12554211984
-629501.6763520006,69324.14903506557,-204326.5445949226
1484133.6711186422,62930.59882140857,527376.52622888
1854571.677754032,44135.09963946852,466782.16768564004
1686921.6296159008,30013.408704074252,456887.65054118313
992621.6789999481,75793.60838696692,441127.0259419619
503276.09419786825,209858.28724832856,-4768.117816051585
791971.9977884371,169168.85169560323,63583.819930472935
547398.6947065989,169243.09842191814,187789.05729878825
910128.7332669625,229815.92198779178,436971.0198518802
641529.2091470564,281054.38014745974,361805.03044010664
1302376.3240517252,-246030.3060911685,490672.14011259703
2492698.796616604,-38053.18297126876,957483.0686949642
2766093.5671120593,-23624.724093154146,1054996.2041465025
2865222.6637311867,118149.16523427647,1146878.2669811524
741396.9058591358,-134801.36486845015,423364.34966305085
-125133.94847845053,-8648.68493977013,11335.696368008881
-125133.94847845053,-8648.68493977013,11335.696368008881
-1637536.3156364588,4719.220548861573,-494997.0599351481
-1637536.3156364588,4719.220548861573,-494997.0599351481
-2091896.0920663918,-63472.60634921766,-560228.2116399909
-593986.683781698,-26769.750700911143,-121722.55182723387
102701.25527242571,-85009.17578087683,-99835.66103487
102701.25527242571,-85009.17578087683,-99835.66103487
2233156.815246798,-60885.49641477355,658336.6494967199
214205.3906665408,71512.21276766346,-159896.7870720723
538.6441108447034,108874.23168953409,-165969.43685808076
672169.1901744301,-128402.62777321681,-4060.485112156035
794912.4786592047,40025.36206726905,119582.90723624881
1991705.8896362958,-122115.64766208405,551868.0839157827
314008.3777051142,34802.40899149372,-75808.22830353689
314008.3777051142,34802.40899149372,-75808.22830353689
1184351.9830943574,-90933.65039862903,416866.0036826774
2248763.294245122,85687.28907794593,832202.171038373
2670607.2695560884,-92164.90252224787,507791.7709565414
833755.7384178198,-77411.99232237914,246651.37965418166
1545616.623367338,-127366.61481314474,412013.68541121413
1545616.623367338,-127366.61481314474,412013.68541121413
600644.6124115605,233862.7405434188,174147.95932787328
-398573.8322051465,74542.56021705754,-261813.2607684307
-130101.74712562398,137390.46471166174,-73693.94176430328
-130101.74712562398,137390.46471166174,-73693.94176430328
610172.9682161475,129781.59563131319,391917.06264386524
1741981.3405009755,90644.18414224348,446064.46857777424
-654362.7758844383,-21869.123491874634,-128155.1626576379
290424.9750550913,163333.1239255692,136276.95279802763
-498194.82144512644,-116882.23164509283,-101960.91475007072
-940951.5075327132,-197038.03623241838,-136603.18755195767
-317823.9411312293,194637.32097036194,-259353.8031101885
227679.6487380605,57524.95909826984,64602.66628505298
103367.72277914951,-43211.705124939195,86123.90867956239
-2492732.2353344737,-71847.84693634548,-837232.041255822
-511187.59543908294,-102181.02754652654,-132892.5519154978
-381521.88651604386,-172052.9502027116,-196033.6654448253
-596672.6086508706,170060.78702586668,-83796.9058976721
176548.06901129452,134833.85189073262,-240017.1333850409
-411022.71709270985,130521.14864807716,-26089.100724547083
-411022.71709270985,130521.14864807716,-26089.100724547083
-1917749.3624068205,-41664.41064945733,-766262.0321035341
170760.9098441992,93997.19712523773,190902.581233578
-1645752.7925210015,266600.1796948335,-309946.50661961443
180158.6770274405,-233859.8285206568,-53925.1222531033
-1113453.1751623678,156741.19671458466,-205740.61898352587
-1944656.2360460686,-13539.54524141457,-788697.0760276449
-1191098.4726207987,-99707.84078232267,-302918.72343583964
-948192.6304701513,-128954.85080510353,-454361.80619774107
-948192.6304701513,-128954.85080510353,-454361.80619774107
557617.6646006826,163064.9387776313,271915.9869339769
266700.33393911563,54659.75262422243,-103693.70117238621
-300331.8792829799,30660.961039336267,68124.36286355188
-1062286.0683583007,-27472.281434349963,-269159.3727156667
-1365256.7637135582,-28597.034333673542,-315078.56309960224
-1995845.5842840667,41791.89842914294,-555089.9412611359
-1963474.9236633885,41455.89429789901,-539545.2986420337
-1562523.714066742,51965.18576778169,-615519.880924073
55343.726221132965,-85924.05074872,-10341.119863157714
-42794.227306131375,-191193.17954992648,87714.33305766791
-64488.4337669292,-2248.2081777572603,-172650.17581023215
-619163.300151623,101942.84146492396,-270188.9168121378
19747.126911847387,-100872.67193435073,-57873.07298368713
-613246.1312750635,62765.28603115986,-182429.43056311866
1709198.1030816217,-245649.89489120772,579773.1441259063
-430378.102099041,336481.46084639546,26468.11018041728
-430378.102099041,336481.46084639546,26468.11018041728
831657.3699355761,23322.39554104072,268058.8674082237
998477.5145271523,-101792.1937116424,202977.63053639408
-347736.4669074862,-215968.06432525424,-542.8769610102172
-1172611.064742328,7079.077671852123,-503325.11625773093
1240536.5878318935,76128.33506215172,489977.3762438368
3094831.119126042,125734.19521716263,1047801.7163436274
-1770982.1425286764,-124340.35709191859,-592077.2732548456
-1838936.862629495,-100135.0848007948,-660159.0651234696
-2224579.3229323463,53201.20226824017,-469935.6610894433
802848.3351621378,-24340.197324849098,43274.25205377347
379931.7023668826,-47738.736722295645,-35319.488744507675
-416860.4841994867,-48021.77620643724,83620.32358225709
321117.116213302,-44669.097101632855,-132330.3743980364
-948372.8159010326,-1770.329796656857,-267513.3084239705
-62837.231351555034,-87824.83378918831,-140610.37798039336
-747811.0031214922,-24793.342677311433,-250009.3664368366
180018.44102532405,2577.8303503524985,46026.97645416384
-2122667.906815607,17184.065065910112,-468185.7269862122
-2035869.8143802525,15317.724214279802,-378474.82424401457
-1079596.5373812853,-21312.29964604262,-369352.810898796
-1079596.5373812853,-21312.29964604262,-369352.810898796
27235.927017021517,50637.01075884374,165074.48929120426
2961387.8428140664,29199.35120956813,671269.1622175267
2414755.2658514073,-9195.691990397227,833896.4993658207
477028.14678741584,89695.93788352842,200854.36478888438
1381747.6715733816,58296.935659494295,275636.38582007244
1545743.0726970658,-46799.312384156656,366680.75638046954
-390197.00943437254,-179595.32665473004,-178868.2273602703
676699.1699834906,166525.14518850128,177194.64308372597
763565.9212397891,170534.2527895995,212660.78360896526
33519.09126810456,25529.400635776597,517.0883465508523
178454.430883062,-46104.45503945649,38083.722938366845
-1213983.9080660068,55052.75731098808,-466394.721627043
-586409.4151135492,-74939.12696102145,-218245.261697685
458082.41858851095,-106508.84732929728,205938.45543161774
499892.45036147477,-105554.85624022347,265244.7098179392
-313965.42819877365,-106601.02998979765,-116572.1791558233
865961.9657579033,17894.511104347643,405989.7406659683
1998443.5614643102,-20653.764053710824,754615.4526528072
925189.6109526679,-101730.35685290085,348868.16242196644
1002183.7493303812,68606.9266549445,310105.9476759926
2085652.368505239,-99854.1382020975,527312.495214132
-305131.4254624697,80106.69674439139,-9270.326894162281
150406.38285180205,-12502.753050176201,-4768.31863679731
548778.4511596228,49070.37674100288,60817.67632776163
681943.7806262971,-5608.4111617295275,165072.88883357664
-1699075.9551757956,-60325.14515805621,-471439.89146295324
-2194729.808293763,36683.4604775596,-485751.89650315203
-1114849.7171538235,-32402.36328654321,-357199.498025496
-894571.0571778562,35881.11520021667,-163160.44789558105
1088228.9746537004,34058.06545942155,318558.95746022713
1437887.8507209816,91113.33456021533,449185.56990260875
158044.1511842194,-170241.64751829015,205083.16461773013
-1243335.1607045587,-15348.095955492448,-221448.47237800807
-307975.6273316839,132804.78200021942,17721.07706721133
-546757.6450046547,139862.65629039422,-35160.135860593604
-546757.6450046547,139862.65629039422,-35160.135860593604
196402.15804546175,79687.95780539502,-56775.55580843998
332049.58087371883,147362.47561903537,49124.70969174376
984533.1579196062,-63737.67061517384,160455.197754936
984533.1579196062,-63737.67061517384,160455.197754936
817823.0679423059,67425.67392773886,35582.88984122144
861711.1631410732,76169.59771464216,78041.05853469924
861711.1631410732,76169.59771464216,78041.05853469924
-599194.2656350153,70142.87997909036,107218.0252833214
-551422.1486166809,143284.24878251442,-453501.52749778883
-830762.2190042253,178266.5881797159,-351186.6082722571
-119148.71860404464,207687.09326197064,-88776.5412371215
-557294.0026744067,60587.21758628776,100660.774155756
178931.76755677702,53194.65569799706,-81624.86777668973
695185.3459072657,30144.578118655532,414983.3480952666
111158.81862430135,-15471.185199866944,103123.33712753226
-585082.1814671376,-234689.62099772668,-363313.88480614044
878605.4241789378,-131460.2143641002,117745.6068475318
164224.37559867988,176592.66024413204,131650.68701723783
1424565.815707909,141107.91653583702,413606.39526688494
1567460.8485217125,111271.97020601475,457660.52412354405
1567460.8485217125,111271.97020601475,457660.52412354405
1934678.3778631315,-93632.20975448072,330685.3720970126
1694439.986018716,-83477.25925029266,478199.3198662858
826450.619324802,72078.6926069966,458980.71885729977
892238.43039388,74234.2967900035,341425.02354924614
2009093.0905156918,62905.130164935545,784390.0617182524
1884116.6918470422,41233.24555054463,799886.9325156285
1450189.155875808,-126472.19909095512,294908.53352664417
752806.6392277644,98165.35018667966,234502.61823550682
2118839.1410336574,30499.24907087571,645063.8829744982
1079166.4191180025,145322.19103242602,388140.3232426928
2360312.0196474935,-248641.91261117213,638722.6050263742
2718638.597392655,-90475.48345629219,886420.6644355876
3028814.193728816,-85341.22128514496,765486.5233600005
2826439.6306679156,-86233.60401136706,767947.1356820081
2423755.49174878,-76450.94161200763,838576.5642535081
2406675.873818877,-84490.939843677,815681.6867853109
-2379809.7919573393,71071.72549348783,-663461.1450918162
-2379809.7919573393,71071.72549348783,-663461.1450918162
-2280718.9346207753,48130.477375202834,-791137.0577910868
2978372.294624328,50460.610599234424,1027153.1269854724
-998656.3737935706,-3123.5116887447875,-175392.90175345837
291648.1281464442,-149690.74648407358,176329.88039680466
-1061466.1049606767,-12967.968869226912,-297171.14343554224
-1695767.335527021,-43635.2994610998,-415232.8114308317
-537936.0669168215,58392.93110778209,-217443.93515398237
2273429.428268503,14010.85163225506,619153.4310036231
167071.39059342514,39426.670135483415,265302.01399344555
109683.48155318282,-94825.69200724227,70105.4995838633
-809696.6838167841,38109.73875845366,-232100.1092246352
-1839555.4718980773,-14175.08618312217,-675354.1000543962
-959771.953174968,120426.5413732136,-388961.71101526165
-959771.953174968,120426.5413732136,-388961.71101526165
-496879.9901607863,131307.68489392064,-307304.2630622401
154900.2424705337,-79247.73387943942,318723.0318419817
425632.4136126836,-95298.87674552648,219180.14692673186
381751.3729083296,22796.61539615318,237784.76779473323
716868.2816399977,-20226.78794222031,334805.98605685483
-45497.23337251012,110227.21500359837,119567.64396448265
-98599.42764170453,110585.40383561076,132251.6217745962
900419.3524855108,-89361.52565071495,274246.17954561237
-696667.4901148509,-40751.45060190631,-90157.6342152364
-1320595.5949513947,40220.489179481374,-121281.41292127536
-680873.9276147204,6924.984355467881,-274744.93619304063
-728468.9307214344,155929.31441930658,-259450.10454978407
1054455.9309433238,-135701.53392584802,366033.83569756267
1021114.6362985338,-80671.8279307443,237776.3471900329
1021114.6362985338,-80671.8279307443,237776.3471900329
912546.6647494049,47525.33437588248,298650.6586399807
398824.19933624467,81940.23715902257,5728.559169986285
225421.86480580462,-80316.70251465523,220923.1620644634
225421.86480580462,-80316.70251465523,220923.1620644634
-529492.6790152176,-3256.8020206810397,-1897.6820713699462
-445481.70412237465,25716.747471675924,89687.49083047514
-801641.8727765768,12481.58127631804,-74021.45859855262
-529287.7560561332,-55941.826080105166,-250565.2512076098
600686.0913314326,-74194.85241658734,183991.9538035821
-338668.4616519108,239221.37420613007,-128807.81251751338
547020.5007640731,42571.42018679062,93663.99905084072
2226324.75128353,23575.557781348085,661146.3931069267
-1216283.9268234298,-195510.8432923463,-470285.54169055365
1397609.6913142637,-38964.91018688562,515564.66794986837
1397609.6913142637,-38964.91018688562,515564.66794986837
778270.1012930963,-117049.24012824993,309630.1988323424
227650.9451325368,-134337.2375886828,171506.4304253884
546617.0379228789,-3042.402824158824,217075.67936927563
67074.53330940742,67195.96608431147,142672.72114486835
-158776.02945670518,50143.83900948812,162550.4868487406
-1145384.1146825023,74874.75769055287,-173164.8078263171
-1145384.1146825023,74874.75769055287,-173164.8078263171
-1067862.9777460787,8880.86460869707,-146583.29957317797
1218502.6909002068,-22644.022600234755,382668.6844311188
-95688.98451573879,-13663.602694655481,25515.382478529653
-590005.9506601777,115350.19916578093,-238461.94319910283
-890019.2593843407,136308.68819740295,-49682.45686191096
-652262.8125526672,130862.9508755513,-104206.02900161213
-222222.18012999243,94586.91096508144,-60309.44206615603
-558537.0470990242,-142107.34703008257,-136377.09505434503
-931850.3813825409,-31992.716968823646,-502492.57789226697
439066.6440292136,-15806.416478196472,69466.15269018043
2097723.1407448524,-50108.7099288456,525163.2311359132
2259015.383066232,13439.949488931314,801598.4577574783
1923224.9635034753,-152486.67733067798,595419.4216525296
1868145.7214728089,-129489.98277404385,493569.53098702757
1314366.2273942356,-131619.35751805108,580172.4840535421
-1059247.3320906146,-164254.93742880365,-393435.57730091753
-334984.2754090808,-71691.7031828758,-159842.61490802735
714930.1552020437,-102246.03858075831,165663.57935618833
693749.1451704217,-295847.4275794839,40474.940566690166
693749.1451704217,-295847.4275794839,40474.940566690166
-2774203.5654489766,302638.7303979816,-796486.0812115326
2315467.569135649,-293913.5431384206,689494.014362365
2210042.414320681,-199796.63509583994,711546.9623810005
104595.8304701373,190719.67491610956,329986.0931298821
749975.2066257093,172794.52151498917,293509.5522838377
707343.0134364058,-35952.623266449926,381375.04100500606
262818.93182299915,4287.0538868562,-69013.13991546957
144521.20932181485,-112930.53344740947,-168529.67953704583
288314.00603876077,28259.213901116134,180587.60818628815
23791.713831086934,85944.76299076107,23169.85983112272
2165207.12827273,141623.42994953832,499822.34181728546
1917651.5132438014,69303.92675500599,402499.68859971344
1530578.8668975416,81268.78584716731,560500.2040629291
-1735957.995160482,-69876.69751362193,-722133.1942812295
-1994080.9793566454,182704.1708668587,-445233.0641821016
452824.25353220396,-173226.3559670993,151531.46123135654
802525.584072568,-106548.63083483255,49383.97173588403
167010.51086434,-37024.361196765676,138364.01085503673
598866.787465235,71807.85225604285,270498.9996095158
-91796.32578535174,118509.53355391986,83204.1138760536
-146960.83091855628,116099.05288937897,144098.98892514702
473513.0635624077,72239.37585266547,157318.63224606682
750871.9548873487,97469.01768717908,61593.69362274819
-1108270.2358283473,-76483.43116948013,-324676.8260065015
-2440891.731722248,-7900.375684802548,-731491.5405842026
-2740716.113034011,13568.810106575427,-879833.9459493144
-2287898.7759949183,-1968.6025209645877,-722132.1223283892
3866218.213528821,-35609.50980653681,1143244.0452532314
2702282.7494916646,-231794.44176945146,882974.6075822132
2694650.4764277292,-250508.57235186925,508601.27637247083
1273269.7040204587,-46190.479182208874,214325.42008278694
-698724.4100846914,52859.888287052876,-245662.51693331127
-104063.41504837762,-107745.13941432419,-130699.93611061228
-837540.5284113525,-103612.31015655234,-290071.5514397644
-659412.4553404495,-112617.90683430439,-268573.0906847062
65823.70370829885,-42628.06886503101,-402.42738041579287
-92348.50666072185,199750.25357271006,-6988.529779841894
-698294.623532124,12905.119628711429,-439319.82813175255
404559.0772660542,-22104.497990862506,-105502.64905773672
560174.7504873723,46958.29357715565,276911.0731414015
560174.7504873723,46958.29357715565,276911.0731414015
-29829.56535553257,-168007.47025898873,-387543.19634418044
-86770.0903227464,-171348.30169556057,-238914.2811350209
719389.3053615778,201762.3518808518,38015.835518409884
810918.227173093,200511.4264289715,117254.92552169546
-390856.3792122023,-39494.802394752216,-104492.64054209727
-174924.6450825217,-37827.53961135063,-102733.35999007915
-96809.11816432014,-46967.58093541661,-171748.3414884791
1284313.7688056603,247325.31203022395,421957.6798714826
2292028.2543974,269282.1525012723,846591.3049478364
1365029.909675248,-154027.23784287547,401950.4059996684
1365029.909675248,-154027.23784287547,401950.4059996684
-630849.9479308601,-152533.59106475973,-168284.37284620068
925381.4928643245,130243.38652614123,450378.2506039789
-1053416.1269686213,10144.154581499788,-214788.61438324698
41662.223681141535,-57753.88616009349,62257.22659597524
-580653.5348953811,-12619.742923947288,-268194.74093720363
-439796.196242061,-168799.7095001004,-227494.27385309915
-439796.196242061,-168799.7095001004,-227494.27385309915
853711.060084071,171913.3711728488,204736.8162823301
1488592.2873067139,286145.3393083062,551490.6580747685
1000734.8429027088,272032.6522006325,514798.3832284283
341007.4469277456,-216753.47080469213,9275.356697036768
243241.01530580982,58253.41779037015,23763.262679324373
173187.29238589076,90421.10112084915,162737.64919407986
94718.40969094804,100174.24144560104,-17225.72381730433
-205707.42757437375,1348.292377311598,80406.41876783609
1487894.5587203405,58619.49228337682,520404.41900604265
235662.29314102826,-20997.67024099155,-74133.5254539409
-228772.0979527632,86175.2142517431,1470.6406931360616
-228772.0979527632,86175.2142517431,1470.6406931360616
-228772.0979527632,86175.2142517431,1470.6406931360616
-879204.9774365788,69942.90177600182,-225775.3981026212
324407.6985116219,-75926.03365443656,39700.49691955949
-41863.89324927126,238039.92199089553,-134854.91071306576
-199383.89869087975,-208651.95881156885,-98313.66704608088
1162786.6964598848,192591.02120113833,592487.148121399
2385826.075311723,-16204.003528487432,812737.9742085792
2815463.6505272295,-75440.48955048312,779427.5235374183
-2029381.8324272176,94656.14207303333,-604313.9615992315
-524665.8981330846,128361.99131514491,-89168.25610705372
894864.3711839502,-60183.55122862775,174634.3517186949
-852680.248658079,59814.778521564614,-393853.3009570623
-1051510.851313093,-72331.90857440067,-240918.50699593392
-1524032.0183790429,95941.69439380743,-546759.7796981944
-487454.57625177084,-85950.59138689555,-160620.90512797222
648576.8393503991,176609.07671665767,59537.25758493916
750978.8786212183,5246.009627999199,275533.26872740575
-92290.29670958489,193217.75292007375,60790.07767565176
1046256.5444220486,-157553.1316324548,308353.3958461919
424492.30287745624,-96286.40139888754,58776.41831217481
-1309209.6924140987,-12288.521004911665,-502677.66335815156
380621.23186512396,-144068.46077309575,87895.94182718599
-889822.8923826581,-62278.868019073176,-245118.1044117258
-1608886.5218539664,-41326.503780566214,-560615.4101024595
454082.1953294354,31220.088244189516,413275.7703511766
-562906.7003273326,61028.255401713366,-208955.65811305286
-1560095.9309693575,95025.92616586399,-399136.13079957396
442167.3743964413,-46513.51984881493,125478.51647242816
442167.3743964413,-46513.51984881493,125478.51647242816
513934.15103948995,-170466.737539548,213127.47359691001
1491539.3577664015,78608.5611041088,604442.8237412723
