Tº gas entry_t_0,Tº gas exit_t_1,Displac. rel._t_1,O2 sampling_t_0
5.628295833359729,83.41794114115497,-2910.893858493824,57.95671841291198
-98.8573571328779,57.68902301471238,-1463.9856298460782,192.46513224746408
-118.72113491535414,9.552695952274558,-10682.5578017258,273.4922220321065
100.71872918770559,128.67022958985487,-9454.14567160446,141.6739503692936
81.68046073043428,103.79202003311926,1036.356779669048,7.852476018252744
151.56363432425644,16.625024058133643,13838.781570174646,-219.8251695919564
11.369403048028683,-1.8274597429091308,16021.681675632923,-143.73781202578752
13.12206890925781,58.82871309884635,-6617.433863555893,127.39064875927076
0.3524586482830929,63.60610870839488,4868.116986566978,-16.605004571100245
-75.96385699915291,70.61678431883762,-8964.795220523229,224.36776827574226
-26.129386338618946,73.0994730806087,9811.080083673462,3.404211599147061
-22.667290027121272,69.01563862350065,9478.325780357427,-19.08003689731461
54.232177132170456,65.77953354372275,20995.76076840564,-354.09363584368464
110.82917231098436,100.42412612117633,-8335.494913699822,90.06514096846217
46.168525988239196,104.99101273471611,15465.57989658566,-215.62787572225048
23.416035654225983,148.84284720112726,22146.58219915699,-359.66215309174663
7.519079680635976,118.28860855018532,10902.004712728005,-116.74737864721804
66.9060889350529,46.2695597514341,15885.305661523884,-208.42698129081793
46.17086148606805,-30.166687756517714,-15678.65866414355,320.1894524565015
-19.426659254542958,128.02314441250442,-18022.91783172109,300.82620129970763
-25.673227928372143,64.43160474102817,-20099.16947826798,389.2900833718002
32.74357864295541,17.335757608637397,-3210.5307829406847,60.11134619120895
-91.57628612213907,21.331996596240387,1878.6631200313318,129.229426010774
62.54377866300161,100.52013110929026,45419.48162398312,-604.5798002729678
24.07117101025979,49.37003026692626,40286.72491509082,-604.4133612827753
19.217534549092427,49.53593716693098,5637.930866822079,-20.620299913345477
57.05459008321346,-47.62982513086554,-12642.440791126044,260.8002719068437
42.74341313605151,-37.76037736675782,-6022.997411962261,147.24397181657298
19.392275099808675,17.721724061036383,14913.147866878819,-121.3732329259625
-12.203244287211051,106.15816821014171,-22774.617017779023,292.68045583903205
-71.8675126877819,87.29434173322467,-15569.171017444127,302.16902094348336
-95.40158150638977,97.80601380339468,-6411.884443452686,108.64326671443128
-77.43609251468865,70.51812733957276,183.06618018454083,57.23304646200813
72.21532605399389,39.75617988729526,-11694.13037460306,228.53497590120853
49.70776140655246,111.34117422272942,-3760.9324794286667,13.442023239578873
-43.54201205991336,100.8295868444153,11040.359523055482,-58.685392773548536
-43.54201205991336,100.8295868444153,11040.359523055482,-58.685392773548536
-6.322382766191595,55.999901282203616,12347.339041639947,-95.25054411370262
-7.662671074544904,42.17904175075792,19142.60347298359,-215.01575646833052
-0.9811129908205403,62.55506238930887,-13632.34947184602,219.93973888803077
-41.82558026721245,14.648598661311674,1882.7861559439725,103.94285890312823
17.725266608914296,55.44365128637402,763.9917161993435,30.21365079335626
94.02467754752284,34.156393142699045,-29160.883984140222,404.34853404679313
-7.78813872132762,84.65621371085945,-12827.578783920031,291.01719355882636
-14.665902407129302,76.5581366175357,-11628.991848682583,271.6835769517392
6.327099842028794,52.10444184950038,3111.187856976558,25.37264430800664
8.128052861472298,66.87613370461014,-9596.93096944057,152.2725660961508
-7.829752931582978,131.57327281470515,-2861.293675072599,61.04191294034237
-0.7927981297132027,83.13586053377563,4509.606052140971,-12.440066896981328
28.617151120597462,39.43312512401054,24146.67388581884,-332.1133152462179
29.009875310175733,33.79430959405982,1225.6959816387762,34.23204751006865
-53.95439024921087,53.33396369065862,-2884.2485204817126,122.1678955182865
10.799882091334975,123.6142249332813,2390.0952385707806,42.97362353370805
-4.5584260669966685,104.13851698944929,3854.8638556826804,5.428948695425044
28.68603153342646,86.72404188859525,-9037.501722965691,165.21731060060748
-56.78509867896422,30.292071155010525,-12004.643848683749,276.79726223817073
41.220612613499476,17.23765806307957,-18103.887238556545,353.89407057276594
-48.72795642266978,105.54667602646623,-11364.011773586653,281.86465443274625
-78.34153748605412,135.9670456303276,-11267.828845768114,173.26598797561468
-31.449887944994078,118.0812071733922,-14085.884266106115,335.9936867879477
66.52428845203339,50.86286452111906,29414.718813903557,-335.11934021682475
50.61451261744672,80.28618402224507,13948.448708591117,-171.39689213157783
-18.57927443029878,31.09068087019847,-6468.037359175564,189.80125847117682
-30.434658146119055,34.78169902535908,-7783.853940438012,219.7888395862708
-86.96436193458024,98.44717053364897,13074.33004668364,-124.99324500109957
-84.92761428148444,106.85622656057865,7471.742149501542,-74.00206480354225
28.678834020168537,73.69658174914044,1330.330455582127,-15.28682461296566
65.20105457352864,-1.196203846467693,-11602.449478622537,194.12714842754554
-47.23475935249522,80.57688474634796,-25121.632212305754,431.5372004183125
40.93617231329485,-28.347557419336393,-20513.46195069196,329.98753994373766
40.93617231329485,-28.347557419336393,-20513.46195069196,329.98753994373766
8.562624040601433,151.99732653841428,31963.681513173848,-434.2576450411917
-68.50691605015456,-25.649025074413792,6031.017099639907,45.00773702173833
-16.446672242957405,71.7707095707154,-18389.599881928854,289.63725615451585
-20.31683626018907,14.797775464108948,-15927.724511049726,338.14803501282415
30.927877398133166,111.60516411979896,5213.054865131437,-60.392709323792275
-63.83248803769361,5.707651641559671,18670.71977201725,-179.81799580809215
-59.77963874854384,17.402093248030496,19062.09675265567,-171.79185028897538
-27.505986311641664,42.65976652138476,17112.15097045887,-194.248535064287
1.1461674486987352,116.16680933805564,14481.961159986357,-217.13654072077463
-42.88924906279481,-47.969621783313116,26187.806132029964,-282.52487038306
-26.935538659455155,-7.864902615003839,4391.9150234819335,6.290384945243105
-18.672501528077078,-13.75739127862646,6249.362931212227,-11.514126692083705
56.10239767070211,84.46392721362612,2974.2908048628915,-1.242965547494574
6.1490514496310436,134.58528654516806,-2474.856540874585,70.67894055537323
-49.78092433703175,-14.650057980835246,-11609.676753497919,232.36472001870527
-61.6764724056304,-22.479696807806203,-11476.295086941664,283.3390392694661
-68.4959543099003,117.14197175632958,3013.17914909144,-1.069239735236792
-72.846934562535,121.60378499140474,2048.9343865255314,23.939556353182155
39.393447886643955,49.556250479049496,14722.589830071534,-165.57497163048546
-114.17580094336682,44.959469500723095,2710.6407088639726,113.1679216323295
52.49010438759797,82.39272169900792,8808.961171274244,-106.16628281576556
40.382654559623546,95.11840163951561,9739.926157470874,-130.00447336716547
75.45277423390327,52.58387973425107,2018.3384610495,-6.517479316970789
169.97247006815127,87.37333561978527,23537.03248999229,-392.6819946212561
169.97247006815127,87.37333561978527,23537.03248999229,-392.6819946212561
193.64215133082448,63.95063717290633,23430.605842943605,-355.30978295538904
106.08885907710714,81.42741799531186,21448.843741849294,-402.142327460866
87.72231542531406,57.8293824044644,20642.998604583026,-317.3685964977575
90.35992851143855,34.908547231646345,20451.852240280663,-341.0403729406735
-93.23758781697288,50.24076913677108,31321.387862161555,-308.0546300866337
-59.12258646912691,-34.04345604474699,38400.82285021312,-463.4542816914227
-64.66497480122268,-9.341362438036226,42289.302082867434,-479.9975139089377
-76.08970130020772,2.593142510142269,39860.37242147534,-478.8764764433011
-47.72282523616988,16.09327106289282,44667.64236315558,-545.6562691263043
-32.04057129093813,69.56867152333166,32994.414896093185,-449.17603193533483
-33.17294898503907,77.73490628770003,28251.621827085815,-448.9643070345853
-18.668600210090126,112.99892447901034,28665.800718017017,-390.56781875715745
-79.53609990504869,68.76778490752933,25695.425830030825,-225.18644429397565
-94.5241641416861,56.07593555975311,-23304.30432357116,499.63871970819054
-10.434793124216586,99.80595877524283,-6093.354107246092,148.17740144445574
39.18974393003418,44.01879280274969,12824.128336564429,-147.18164287979258
-3.027670371411749,-26.799422843198705,15251.314740494003,-123.63812528302181
98.60766756835059,10.322250930945282,27197.621814414364,-454.03409455627303
37.99468840737381,50.87797425027569,26505.029292063467,-306.49134778975247
54.76907609728772,66.41765634380779,33590.29550754512,-498.8112786594539
63.796672498752585,41.77378056014015,35830.55346873296,-561.4040899618649
129.46254824533824,14.684018680977587,37928.97814578871,-531.1610690182721
54.24854253038546,101.34000543858086,34268.64079395352,-534.6435358123492
-66.69714212582822,-4.133021026099994,-30242.07818866168,555.6817435210648
-99.85332549015381,-27.637499565306676,-25696.858241363854,525.602540585398
-67.58554287196543,35.482415089593985,-18579.27892001241,326.5549156553416
34.152457470699474,67.01370156389025,-28231.83935300904,443.1985842909683
-15.702479394322822,42.21888516034167,-19441.767689273685,349.7798933502951
-8.281213246187558,38.6814054907312,20079.272829978083,-252.63546241761316
-83.78220031807498,55.89537259536621,-15526.546241170483,383.58999817741136
121.75319637429524,69.77982179773996,22619.423770454643,-385.07108501878
-31.67814439433264,7.238928271956183,27176.737231246447,-366.79718167999727
111.66768770991402,26.01644917182171,32869.16785641351,-553.9901904572059
88.45660827409499,137.75544236130187,17897.616015779364,-239.3804281645656
98.78263477225738,142.79788029843542,14922.248121715851,-283.3010021404601
68.52961690220287,94.72578357035493,-12152.632174800689,172.12490812391997
-69.04919647068873,26.095906714173523,-11954.546614357056,297.2643066740791
32.99396146008215,87.4945651711797,-34718.51338152018,530.291379231755
17.16307935385035,70.54042450176998,-31315.654942638084,526.0556474539871
45.43770855432304,66.89361415128968,-33767.20840890052,583.9814831978363
-35.42224617692344,32.88902825777692,-5296.009276432496,156.60805205893465
-3.15889175587224,67.2877307887727,-6412.40563747759,169.02910926368557
38.35240780682594,150.11543417793746,-3504.0349396805136,78.82503360997316
33.806519369635765,133.01693063572282,-5969.093369852379,113.97567017669749
-2.2450931935302165,74.45607898829185,9062.819226253428,-80.81918619535256
-26.836633462196417,100.06373548268296,1066.3828802177368,68.84923697194492
-47.20445473891597,81.31457303070745,2769.7425342627303,39.6511647629064
57.845684888218415,20.0111685167715,-27056.939831578562,452.23672157512493
-33.258410944378085,106.88288447154999,-23383.730304145996,342.82476118426064
-22.6552758033379,-27.42446188801268,3241.318926334298,6.758951979456668
18.19022576190485,57.5645534283628,-2859.408859940945,69.5538286335958
48.64336072732174,70.70294662136737,-2650.5679048430266,36.92624750169835
57.561377186970056,138.84145855343704,-422.3289033649344,45.52216345663625
85.7284565589535,136.05304909327805,-3815.748403837287,28.831522394276845
-50.83576779333025,146.16663273514465,3419.615434092276,30.73487814818663
67.14385601839383,102.24622053872014,14801.739033641843,-199.95377464414344
12.430597855246118,28.915564410013,2422.8045867257,13.964307327864667
46.48928336665887,118.03585018358588,14114.929421056757,-187.92914797027981
47.6946746266387,101.34130747130993,3952.2929991513406,-5.942997639601927
77.69661587855032,88.33029013204754,-15010.204035693107,216.15955936676676
24.693803414692027,30.342065037756356,-20626.590544382783,386.5321784396523
92.52430877471757,96.42438702931972,-24074.69567141539,334.0851276156607
10.821688034479237,1.919056478822056,13434.624754121192,-180.11765860334742
-43.21888985142766,175.5241038141474,-13668.939838983326,294.1914027287726
4.070414644534148,143.25706603668766,-15965.422457474455,241.95769112524619
12.022907095929805,149.97046200346296,-12473.588413442088,209.49290098364307
21.96834262854889,-24.072984787205908,2130.172241739082,80.40293630004048
15.885038422680049,-62.055168619314436,8976.716933426997,-24.26650578191433
-40.914416366796004,138.23657004249873,23078.095195558977,-249.0372613517236
-29.309040848505038,116.46389117567628,27219.78850136018,-258.0422782602475
6.133939026495181,227.1436020729407,20887.637461095394,-288.02642201603527
38.13833900689627,208.04960020494207,12595.05293582148,-254.17057491783024
38.11567368638081,212.2878328877957,11763.929740708492,-227.70916354330512
44.215187720742975,90.44228365853536,-2354.1721771428156,48.976684240191155
-25.357116021294644,-8.95670844356598,5597.98936678284,9.776132008932748
0.6351349077857611,-29.297587225731633,-2275.901220551601,125.73371563655868
-13.91632189090552,111.11639114388498,6637.073723580697,-31.699602403717137
-27.089910799241697,44.815899969569,15110.276103994753,-132.34170038857388
30.987597577385134,99.89342565546903,1679.5810857039671,75.25723754285548
61.97698654780986,-8.43917316286782,8560.18658178222,-139.97327819327995
-41.46796645148361,135.8099907521537,-7981.287106954455,242.0144493858232
-36.674236390270806,135.9516200014069,-9012.769404214316,223.20989892288998
22.69936445241598,-14.88701274397977,8235.396921362473,-42.14570657223452
63.38855725809634,78.15266255599444,11066.835012327107,-192.68537969607382
-33.06073717983685,93.83698790148495,3874.925049846418,-31.885939775729636
-53.00787948022526,-34.922301338289884,8072.654000526899,54.36232610293604
-45.219421978905835,-37.696062771701946,11806.070076116806,-113.91796755301154
-11.760080359912385,-12.464010870491663,12043.705080316213,-130.2939828706032
17.487898908455968,-3.0313898897352534,32409.627603094334,-397.5747266146484
-72.42598724504126,39.574435587307775,6760.901302699207,57.72675631947496
25.433058852148882,92.74961702083944,13342.04298800507,-167.83669050805184
27.510092896358753,85.37707008564524,12751.875545168223,-209.99416190039884
-13.277307549696543,133.47267428659728,6405.248892367844,-62.50947335790988
8.393094626871454,-15.413598475202209,8347.050962673644,-54.924796441625084
62.52755929620682,-34.22182332716585,11990.153734415399,-169.71687406213215
65.0776849495959,-31.127328272716444,15471.984572016456,-67.43426447675698
66.11129481726107,-51.363912675414554,13881.562125767668,-88.09127784481345
45.810572689100034,-39.08130539284882,5992.244876265409,7.180964383398077
84.33580467532256,60.375950498415996,27119.910650652193,-398.371590796361
13.684642956373224,20.6300445256962,18397.12140751215,-166.36544108254373
-4.407566421748138,92.43146390617083,-16298.087521956819,236.16700039795782
-85.58476777606143,71.2219877148541,15994.851682261673,-136.92640386232193
75.17972784024718,103.12913585332409,8950.439058540924,-95.71752980873877
-30.95279501905797,67.71210935826024,-7456.190235194832,199.51032997992516
-37.80908042248238,59.68991684175356,-8396.57426242412,252.83062933987236
-73.12594123931791,75.67942109634535,-9827.161254771268,227.46214797517152
7.046256229257105,48.64843345698414,-12462.156754036947,246.955161142029
-28.572403026323805,56.62538086147145,6753.125166298214,-37.28382413339038
-65.38344935714994,76.82670129552227,8267.379293696755,-12.554097905058839
74.65655703013297,20.88927142840601,1220.086267819969,5.648387236252349
-98.9146378310131,31.519454082716717,7325.3082178866425,92.73344169597286
-67.81148792133494,67.88320432116953,-6625.488047182983,291.0396689373166
-18.697091963438417,-55.69902830440178,-17351.8258283298,413.6104760902942
-18.697091963438417,-55.69902830440178,-17351.8258283298,413.6104760902942
-19.21427074352626,-59.21965187465176,-21302.272589671877,403.6366242473843
-79.88627547209636,101.28591230709101,4531.554633156913,-20.71362650744703
-76.90898125518255,134.6030401147166,2310.3392631902225,61.01043434642085
-169.62404010232947,-20.21735722009588,-14047.957993646256,412.258155622513
41.626518859935295,10.54303049937678,-22167.647667896184,440.45239384931904
0.25372332023856714,115.40498832145505,-4012.725685346666,75.03262402537203
-67.50765666025819,52.15819030659131,-11300.972526580372,306.5091870642208
7.692805685970024,17.208846826808493,-14506.084978194744,240.9319171194034
-39.53597138732458,41.50044443975811,-23865.439208318614,441.41370407566603
19.12191355797627,73.33988086451936,16938.146465831043,-166.21925879595204
19.12191355797627,73.33988086451936,16938.146465831043,-166.21925879595204
6.340036848693251,20.15134829716279,-20946.780423803993,359.1999447577422
-6.8847343874666755,56.73777467523388,-3669.666973700875,147.58920351491076
0.4927894057765023,-45.245940008232886,11619.744024945418,-29.565522170316378
0.5354870382654683,-11.57085447606731,3748.480809058335,18.137733644619473
6.846708436063546,5.926009078997013,6888.672899350795,18.782126496488292
-27.611634938121647,20.462988121127776,12912.287211183531,-108.56264358544806
70.11723353337614,101.91684917986325,-3671.941885422018,62.20220161104462
0.7103872890455865,5.263401379872981,8101.616767099923,-53.99832473478524
-4.976861398258055,-22.501338098797156,1900.554727872182,61.60701970453483
102.14138590607375,-7.500042154980772,-3250.707146465389,117.24655671502668
65.23843310566706,-48.22484546424256,-13380.018470407615,242.0947742559234
70.5820966573882,120.89588206453456,-31892.369999011687,487.9330975143563
102.8452469785141,24.97024765118473,-18373.237531858365,267.7023147178823
70.09383457937244,161.2105233744508,-4656.29246238337,28.764007330637014
30.529567395621278,-27.992024258515862,12106.506058924235,-99.90716291589796
49.59225350994727,-45.867552790576276,7232.381526233986,-11.735856634466046
88.1710477233096,157.28886052822128,11236.425138572658,-221.99325165963722
88.1710477233096,157.28886052822128,11236.425138572658,-221.99325165963722
82.65439481505197,-19.41983197010466,17908.72983052672,-291.59526459297393
96.85005323469326,100.60384273096463,26267.886749566285,-411.4824481166309
82.64502018217802,142.12222920298805,19336.396153771104,-312.1536545966711
-64.8579443439841,2.7739970781868806,15255.494875048993,-117.65095254933607
-65.21913205579402,45.97474001751493,18065.344970038965,-155.3438546509901
-11.023117421002963,52.515312653429554,27039.19857810416,-314.3359076618945
-81.94802969345577,101.28476902291209,-12394.392567243325,246.98469936141825
-142.49030983968305,105.55508037554061,-24338.260951341952,482.8994310983252
34.708226962248034,64.87049780323986,7065.52955580292,-96.0787504694726
-38.89274940272406,108.32077384327407,4959.8136265550165,-20.47907696128965
-40.14805889496086,107.22413518269192,5233.34007823852,-22.55915656245284
-59.48912107189993,14.284210203931252,-26286.592301944762,520.3343027119989
-69.49214399377644,90.09242586203817,-23567.485553751427,418.49560791036623
-65.64122552514921,5.428400102976965,-27826.68925855768,559.9448151550401
46.59408947078569,100.59835776605632,-15004.857138614523,251.99805559728702
-26.809971026277918,55.16114210613474,18230.542288299395,-240.8466903447694
-45.60694100429052,69.10640821609994,11234.072031517553,-49.44680096620873
-96.75071464055205,68.44597165558166,19910.136893142382,-218.94353114647072
94.22157311831036,38.709531562820004,2658.011973281581,11.70866056110598
63.45835424806857,39.8906299722581,7053.370690674517,-80.71753434008663
20.307695760057733,-51.91142487244985,14913.07346126835,-167.14735518167348
16.567424388476326,-65.02849470973072,16249.24584681276,-139.7284638155656
-4.612676626110899,66.9174656376392,-7340.915644007477,202.57492180462052
55.36148419684844,65.3097220436834,-6777.860122296187,133.14815161846028
119.07868685027935,57.92478263008441,-8991.557444405913,108.44814536513486
-115.81617441512196,70.77666077342226,25225.91953538097,-201.93043233297027
46.500799833006965,-52.7949064409137,-3275.284076135357,151.10328492196066
41.82814913734271,-41.89300370775077,-3121.804810163869,85.40530867100253
-5.532616850246956,155.81867566893038,-6290.984193614856,214.21388732496854
-85.70457060290877,31.561256398702987,14640.917339344986,-140.37443085007237
17.783105115894045,82.05105275710449,-27747.824720056764,441.8648527285826
3.135885920056533,30.891442370304382,-24648.23208882432,449.80695414522853
7.720663836886221,100.56129811890627,-28611.56373162212,424.0674202461827
-4.536172134519216,-27.279712011575953,9714.427430797565,-94.90651788974691
-55.71797972868493,127.34579423507473,652.909681330631,61.747410071151876
16.274181521480152,-15.229467896546295,20215.940711177962,-180.56169844740384
14.211545645957651,-8.977497767068485,21577.958161431656,-280.6376399955076
-42.60922318695578,144.72475391785474,-41503.49343155905,679.220179300813
-15.327036970289988,41.79048666897251,-37428.35209616738,659.201795139932
-15.327036970289988,41.79048666897251,-37428.35209616738,659.201795139932
-44.905494841087204,82.49692035974415,8580.612970247845,-34.54830515530868
26.00890334215685,65.88385739538226,5782.877922983308,-52.356369231806006
26.00890334215685,65.88385739538226,5782.877922983308,-52.356369231806006
5.982049116083971,35.27259838304088,4384.317352108041,50.25148011626365
9.572722889985508,70.0306734067005,-3395.9843150250126,64.52990949022528
14.221230458529021,38.4478886042535,7737.6797854089045,-35.947094348922604
35.46478552150619,108.29932365760564,10787.759890061323,-127.70680282796856
42.725650091176156,67.11033572596878,8109.130186650677,-70.70371615324714
15.415935368245469,111.99962542108452,3122.494238990139,21.459354711090167
-13.29151618138847,163.106749909666,8358.195916195078,-87.18595750519209
56.93518404720409,12.673117534466051,9555.361982494218,-87.40229352055898
-99.12802025263464,83.35152593829362,6532.669114246042,34.322525308634525
6.977486449016631,-3.1557027770099406,10556.158205049098,-104.12246265221498
-8.838439326185402,-18.41483859076371,2108.1847861708866,51.987501177768756
48.46667151894037,4.552804774367129,6178.812528436629,-11.528506935967172
85.585586021103,97.21418607312256,14567.135047170708,-176.11706342414362
81.28335922506865,134.85412815771704,2194.1849630361476,-16.022335632993745
81.10827978922244,132.8245416269753,1049.6906120296608,-28.30406726347471
81.10827978922244,132.8245416269753,1049.6906120296608,-28.30406726347471
21.612181002660808,8.579588404117864,5395.910541687155,4.849675274531926
-26.30305694373351,75.05383538539104,-10024.466666820912,275.08620620391923
-19.51731463685214,26.01482747273171,-11917.790270629524,231.82156295061088
45.83238379044605,172.71296504928102,1278.9280759261253,-44.67280048935809
37.49590497751689,170.84587442373572,3311.142455705351,-8.10452368116485
107.0529658353965,12.217147158847222,17211.33366188601,-226.2441763703284
48.1909681408848,-36.30723517960614,6393.480937426097,5.797655665158132
57.75386946585932,19.99579956846235,15997.387215028868,-225.8352187545995
-131.30645220042604,106.5793938597747,-777.2938064580394,125.93088368031914
106.30468230975809,77.30628609624908,17573.77522196867,-231.23997299915683
26.91537150518466,118.37512877280813,10800.076283635208,-81.85912016789919
-8.06760613819485,125.46961368959117,-9913.871160374303,171.9232331162129
-18.882191513064654,77.1815702492228,-17553.194293791883,324.0789131364594
20.876131543840184,114.4546404753028,1900.9698759154803,3.4143441552919285
22.820487618805128,96.41160267954866,20640.614710744267,-265.004986384376
31.731363199478324,145.2358253158886,21547.806512423474,-322.47426088963135
6.575798925237725,115.11995654039205,20946.416218366034,-270.0378636947837
35.30431722994273,29.396569240818607,-14109.855982308432,290.1873467601157
-15.759305770285378,85.42963043859491,-11267.815954289093,235.52697583550835
87.7498262513233,39.085305287691355,5243.136457496892,-17.330655523413036
88.504166746734,34.907465679249434,4943.217197893822,-13.81717856899588
27.77837608544587,70.84914537106837,2868.82407517718,-7.6577009672806255
-27.77665605119595,61.322967466587926,501.2370300119393,80.40337846414292
-44.93394283391911,51.84251281165343,7622.078553917011,-71.18550970534143
-59.36587857404358,63.05123744173007,5822.824056868238,-7.467808441107498
-79.15225188695257,41.60079445945381,23556.26084364678,-167.3691819156079
54.32655679710416,2.271975407643185,10956.55670355425,-124.1971891617006
20.687790603958565,-13.406573885012405,-10068.765056195676,220.81330696946716
-21.688575816509093,116.24234836430624,7170.503411187548,-66.67912927992259
19.065247702757873,18.226426737248925,11419.129822736893,-126.08296613013906
-13.157068114199925,46.63525635103232,-3859.988745317964,128.14308414242836
-3.1793177842435254,142.59113629845476,-8778.455915047025,173.8865206649524
59.660614787666354,153.08156172641176,-17518.82197861353,285.4696651175361
-28.24231997157466,-36.37971075541304,20884.879739635617,-242.46016238533517
17.23078936132074,98.03802366672019,-9168.03524936918,187.3043388135748
4.059872799620859,180.74696522096104,-12912.984274708348,229.3555444254508
-2.3451254513346003,94.75878382948468,-10654.599338322678,244.44463175490873
11.726598653307411,26.253442421219397,14142.920816685079,-136.56491802271984
8.902503158890912,43.03337419359815,4232.92113265603,-12.113210874965674
12.264182961969588,38.935716564576964,2580.4606562245845,-30.76315090333918
10.908524427080241,84.67522266356637,7442.249553476931,-4.77238011023244
12.782493028195429,20.979086617088715,944.2775037061806,111.33519468955893
20.100815882591682,47.08751594913033,-6599.9906883923295,110.32381124560544
17.63175328211094,44.238545799294926,-5181.562115540277,93.50318324717337
-28.561867944314816,178.37013514304368,-19121.019948315014,302.2462755089656
28.51281370923289,-9.105811312850513,-30583.094001028927,551.2966018607572
24.153631435028217,13.041556981423671,-30081.82828546012,502.6894184251281
-34.4338129272032,73.58838245708796,-888.6460589014359,95.03453125028292
12.094443845195375,35.776254295736734,-9371.741942043343,244.42459341436827
62.3008412228311,70.97669476157623,-16919.661077236793,285.468478143523
103.07527036601067,155.0955148809946,-19255.613778943392,276.09087835501305
-33.445039925986194,10.440186229703063,6430.131272474337,-32.628120776064335
-13.19951468112545,50.076052972011766,28065.75056406607,-320.5586606982939
-52.64095812685444,112.89642093927989,30449.531848135248,-395.7736745489379
-56.19836145315325,30.631191392982167,21544.24672108222,-199.2869095327393
65.63070609198128,82.35710777898474,-1502.977537700006,73.89801327470758
-60.93914555172939,26.252404300848127,-10014.355197582836,212.32249489451922
-46.52423058735289,-53.210876597356425,5241.306789348579,69.77606393336391
-32.860051606863266,77.25627777159124,16204.46943404122,-186.55937892986992
-11.128358732371264,58.09366595684345,16348.862982871682,-134.54739830077025
137.59733199413128,53.568866697270416,1360.1141189717569,-20.24476030320008
177.646741920846,6.3914121858549535,-9228.450074100921,118.28343194459441
115.95952253129485,88.66630864576447,20208.01607094692,-241.4722115916913
66.81988337107363,29.189127567810804,27786.902371638796,-335.154879383878
-38.039491808691466,113.24002512889462,10476.857812673887,-101.17562103414244
-66.64302958990916,18.93343140642294,2358.668697598315,45.00891380685383
78.68851792406905,24.86926277733891,5024.831571380336,-13.673788178441583
13.780760346096915,59.690608004652624,-7741.294993664936,176.4524521568311
33.72737973430516,145.89989689090137,69.50769223241036,24.902961389994456
22.989263434364517,141.6511056628916,-11082.702779802723,159.0680015853995
58.27795922653468,38.260857053160294,16633.249189880138,-205.77378632157507
51.45884557422109,73.65599995225848,8516.619333840548,-68.7217556803402
20.961947230984016,-37.24416572655095,-4541.972309619337,131.11355601482197
72.15420156675548,92.4453236721196,-637.8819672321415,35.46533495957715
22.00296336458195,19.298994994009817,-4215.2942358850105,192.2396219254246
-26.91523518034176,16.278476989507688,-21369.316503314833,373.75595479486066
-26.91523518034176,16.278476989507688,-21369.316503314833,373.75595479486066
4.618572761951015,103.06005725301232,7315.971426999422,-34.86319828560802
37.441265706902215,32.234725854596775,6693.943682846859,-16.624149727812746
-24.952466558360296,42.28108039101619,-4017.8271157070712,152.60246295794514
-29.393441158184828,124.34891303648249,-2109.392090280505,104.49771928717959
8.965167679327697,47.045443522638166,2857.4173500787474,23.879648352957446
-1.1358787937787596,95.35564496304796,5449.815669438357,-32.770175056435406
-15.951248398998146,54.02988937038703,-18542.62085747321,329.46822543121414
-15.951248398998146,54.02988937038703,-18542.62085747321,329.46822543121414
10.97130714133875,-4.944819751807914,-6489.933225770479,154.11174160082416
14.901871705046359,3.7032807770662224,5109.860732480555,-14.35675367945121
-4.234136174707579,84.77079310951584,6871.5135704680215,-40.28601295912498
20.844939144822405,169.3472695153175,11353.312013731176,-165.49700777966962
77.21969684295237,138.86463190598724,23519.812558835467,-338.2456289294094
-86.22570185000144,-30.61726023208853,-6697.160751078619,245.75747801147935
-76.60640017912291,-26.140255017845053,-6523.995328087245,251.3077462076617
-39.882172873374564,25.430858960017794,-7519.858697999573,206.55119431231827
-65.96833526278088,43.09549464888671,-1956.9848241396348,137.7753311838727
-65.96833526278088,43.09549464888671,-1956.9848241396348,137.7753311838727
-46.756207784516015,81.27010379876461,-3032.764479206826,115.97053478817047
-22.957108062713544,133.3300616670582,-36.236944000850826,29.203073900432123
7.424210954303392,173.01416758475523,-3604.755314771589,32.38235248549253
34.767740805291766,-27.450286221183106,-9815.545879016317,166.33442382190466
-45.30196017562626,89.70837256886216,12278.113985929554,-97.38406270898618
-71.83165762454766,168.3635245270777,6540.4468395359545,1.3330610150907063
-74.37324311222892,83.77312526609524,10494.759586830465,-43.53590350932046
117.11717828825883,52.976832197496975,15296.924564203506,-225.56967022183713
83.29174566811591,45.07523143057937,18719.325026303268,-187.23963567329793
80.35083230503541,49.98504201463964,17090.206571641844,-203.3571597979043
-13.791371497065256,30.980785335329887,-502.9285248914596,108.39758296727237
-0.8608471208083328,43.485451530583056,-2931.746284838324,102.95417560820842
40.85472371883727,45.82646329187649,-574.7284463852397,59.47437494508429
-6.337978992197469,35.19743726225728,7978.9431379554935,-38.14990135105061
18.776569329706422,-4.387015791926851,0.20915482673990482,40.59481517799648
-14.906795564732624,-21.581414856144605,-1317.0380363173513,120.64101620603697
80.3437088320525,62.184329198857725,-21848.63447119067,314.11191373817405
35.48194267827373,77.87299415384545,-19529.382062007655,292.22425984781466
-20.721535902401342,22.471261230341575,-10252.392997721538,252.2665656060464
-47.80363991479527,132.48730851387248,-28123.429679855908,481.85581063545226
-30.07048321658052,31.998220565013437,-29829.403672481945,501.34830790246235
-10.938905383629836,98.36362650049051,-32946.69565039273,597.7065771876016
-12.870780286735583,1.1017229586249933,23054.758363716326,-298.264309896814
-28.961544401983133,-10.005167325654279,22178.078596825977,-191.89140591179074
-1.3289270418115358,132.988530227932,-5121.471631179949,118.46705499176097
10.013245700366507,65.68274112671264,1370.4992624829404,32.695453237784996
-11.327002872181618,98.24594638489846,4135.159108156881,33.08757341584096
14.193782504891663,76.21866829418495,-7812.8181052581,107.6718950680866
24.19964284030307,137.940684273127,-12533.21296044213,169.0143174993657
32.5346757033683,38.52385800049308,-19023.34480650897,363.8829557879906
-29.85536418986621,27.027600314415164,-15812.084384740552,341.9436935167026
27.933963335425624,93.72991262782566,4634.6777410585,-18.74957111300879
30.987409355230252,37.765561938252134,-11113.521348767872,233.93697158723893
-22.779622402374454,73.8803119167604,33839.10452284563,-423.92767356810424
-32.885574038590676,55.782446356304064,3735.3038757188915,57.32151142025566
-7.199663625338295,-10.314550544371992,-6147.19050909307,150.6126821792844
-46.38157107546185,-31.760452903551588,-4224.311276892989,184.9580565704691
-44.35230851628537,-21.124748898939707,-3701.378885574601,153.22124270919758
-24.759595419686253,61.0348490972601,4849.961368222458,-35.02152847823078
46.645151828322916,97.2132849698437,-21860.38832798839,362.16123940808814
77.37778447110487,97.22840882995568,12477.277518653002,-183.4112274908369
77.37778447110487,97.22840882995568,12477.277518653002,-183.4112274908369
69.41436050591717,121.90741553100675,20307.68045707538,-262.5453806426413
61.345522204785254,107.80196632763014,18167.315013195166,-261.1106915186713
68.97005858066976,43.77954165072124,29149.229988965733,-420.43635704312436
-84.85383976899156,99.48142401803824,-370.05482816062704,71.51680860804906
-111.36787479839708,120.3946918902974,5690.157033768309,77.45707562444201
-105.33912140189555,114.74675613724659,2592.1564651618046,49.68247997554276
-71.91766788523324,11.930844551722465,18517.45555291533,-140.51052337322864
-31.990327165913058,-9.597879346038251,21815.147367483456,-212.11330061398291
-11.375253215597219,6.99090508178956,26869.29449995458,-277.1783601020981
-49.43364897990739,148.30201017325706,16359.532937922851,-122.41052663175904
-3.0137326608052515,145.48076280045893,5441.3416092344405,-39.70189449828492
9.855011392724613,85.63422737856688,16511.29105844539,-185.81430359286898
-26.290895063146657,48.21502804835216,6309.344267134688,-8.847353320054957
72.92417054785253,51.54070747562755,-1992.239650837071,78.16075123585823
34.24982147919984,55.21343414345832,10142.11829926012,-167.97100750374238
-24.27270898283706,61.15992695094238,10798.0311140222,-99.34950664989677
86.90723208666556,60.483176686278554,-8644.146580268833,103.66366408547617
35.90674823545989,145.95420662506305,-5762.059307784413,51.95459538496282
-33.41108054018584,-19.817738847885565,-14704.676555145583,259.93909305210946
-131.55218570969544,126.01266137893774,-14702.864727978646,363.57839589182464
-131.55218570969544,126.01266137893774,-14702.864727978646,363.57839589182464
-119.4063253490169,107.62250356826704,-13502.257022529608,280.9463170761343
-11.193567208927071,126.6698054564925,-12092.606639444166,238.4708891357783
-18.043970631347353,43.71507065418762,-27151.81866283065,466.2586538383651
22.311417214680823,34.95827603561685,-20227.694855659916,380.2757747025107
38.94978346718349,91.33395572135343,-7028.887762306662,71.44010443569047
-33.874509820655604,55.06020030244849,-21560.658358920227,394.9674617479762
73.12184192209273,62.536538157655585,3856.1303426374416,-21.824222070022504
0.033750938099309735,36.80143406686045,-11751.468268484577,308.83427255690714
-95.9350731907264,73.74088713573506,-9220.44841846048,262.93784218287726
-61.62843356936344,-5.822411536894085,4602.688674107756,69.39909070453446
-31.02697750805934,96.49507954832555,-2860.63975145365,142.63002008147518
5.1213109708643065,123.44350094094585,-21763.878468585586,338.0591954103895
-10.744705672018089,48.52758015109539,-20135.781206809326,375.8881474784182
24.39054934253291,51.32028711489651,-8492.220082906448,219.00495557602304
-74.60538416048556,67.14960838531408,-2742.8685880611683,140.64428297128194
-87.26863781831376,60.692427756050776,-2387.6762005070523,152.9432503670293
70.08833633680995,94.75461306854865,-14132.609183088553,173.88899597075417
-53.24365202835356,24.405253060524892,-4785.789073183058,205.3474172933762
-58.274974589882646,-2.6486153917463,-6017.210095268726,162.83744259168688
-59.65546943440697,-33.690040488305705,-10528.9136210829,321.92246696022727
-101.53441442303972,80.32780525667914,-8065.480075082688,260.81634186496734
-51.300735946469075,12.085862163475788,-152.02593323212614,105.5107522464266
52.657513098375674,104.3271858341217,-4005.0239410641852,41.16217774272859
52.657513098375674,104.3271858341217,-4005.0239410641852,41.16217774272859
-92.60607364266862,56.662520898454794,32755.643652733554,-410.391353444517
-77.67876326783795,63.252597248364715,25060.513758404162,-224.5712915914381
82.47275564396757,60.92957417786385,-27773.8162779102,443.51533471917094
-115.45073768400678,70.15310932252518,-19779.606740575196,464.1689208246205
87.82814835327362,25.49186247944067,17780.38087170382,-258.1675648981075
73.20639746079569,30.61489713401433,-417.8471117466461,27.829215567615954
9.542024450574779,58.676906485150134,69.10914107096005,90.49145030940748
9.542024450574779,58.676906485150134,69.10914107096005,90.49145030940748
-75.67260859892552,109.37554752208776,-2382.4975540917458,119.98464272412781
-15.34622976358423,137.4196090149122,-1965.4170215971753,33.71543196185645
-81.40226116224287,-29.069233376983593,-18896.934307354382,420.33201599651784
46.54419505767056,77.14557510895273,-2059.7353583441954,94.30591979598837
29.302478534990787,157.24497794950966,28327.673235048856,-375.29897026379166
-95.83559609606485,15.457759704741154,30488.404990627565,-305.74766371459503
-73.84320658834909,9.373003958061044,30167.717936417328,-278.78891522108637
-51.685714200847386,-8.555631696808039,23885.540659559207,-256.35621541419175
59.3095705095215,132.64790143803518,8191.865847432884,-120.55196451967714
7.442177176196331,111.40414854327544,15037.543603399132,-190.55570256908575
133.76455195628287,66.56748023128296,3078.99696186883,-9.230828343837459
181.81750676152888,165.99721824251114,3224.2554303731163,-118.99007953911277
-18.57987132066708,41.11965271682125,3055.921241009155,68.51039738047385
87.34602198030151,64.55015184136396,-31049.93404509506,443.93107319313407
89.02859087551734,63.57007172602511,-29463.891920413873,456.7226812575876
101.29086541637513,-17.08187185638177,-9260.846138768893,205.76537561299736
162.7720592421469,-27.074934285962755,-10206.854180213102,111.99397822750986
2.065497510514085,148.84759651344504,-19455.29478513158,288.86835656808717
100.61083607247132,-40.8834415992779,-16875.0421405174,241.90783288409366
26.166720828653432,119.18538407516601,6492.380718065595,-75.06258664297738
-30.353769035037686,-9.872242801244806,-7469.922741951541,226.4428722857229
57.149363605145716,91.26547651794,16319.152460160098,-256.356699437223
50.226047233885296,191.42258880455213,7673.214045274142,-141.61667476491877
53.54919058599801,197.88632123561084,7513.861624005191,-115.82085362385405
20.280786912160103,162.2108293110889,4882.572090357551,-48.8203520343233
-0.8964359899064656,104.27928212448222,15289.11565513577,-146.64110515289903
-13.042557381404293,139.09183344843186,-10964.050222791215,213.53920543754094
-48.595497817441704,58.18293508200495,1894.5303699806695,50.77236366964102
57.75410295191796,46.87972367081597,13944.334132073862,-183.21679977290165
-2.14041775065054,85.85601847193263,-2286.998098305215,105.22998137623946
-6.574919045439335,39.54237961755577,-6077.222693830337,122.95532070544259
-87.53101163251998,27.748254497499204,-831.3611052014992,203.10047499768635
-12.38761844471269,41.04144471494628,-8895.243301130899,211.88385410266864
-12.38761844471269,41.04144471494628,-8895.243301130899,211.88385410266864
23.35406280355717,58.23226649347733,-1196.7748353435672,34.51929351060426
-49.09112776255837,96.87673450477038,14224.714209621972,-91.03553534452362
-10.169100814495275,53.698312076951616,5655.621128086762,34.96506732681563
-64.517132659834,75.28284582250174,-24571.64801664119,498.4895280635552
-19.315415969431484,33.38578920329972,17042.10679679382,-158.34214758059983
-46.82233331713742,37.9534925749913,20366.83329271134,-221.99443455632502
-44.71133353484647,50.82398760486091,19446.061285353837,-186.91944764125412
-60.96150458015733,51.63934189665254,25106.919385886067,-288.06628421647287
-19.803124227158147,91.138688349206,9318.07437555551,-112.15116684897637
22.546240395145922,27.929720939826005,16750.602387479594,-190.76463925097497
-2.3757089290471765,8.714098900710907,10720.145525887754,-59.490210095567974
94.01520234579262,91.33632020957151,-797.2756410313184,48.030211512613846
16.509737838452413,22.97024517372211,-18998.972066440383,342.95202266467214
7.348461225725046,89.04160914816876,-3837.1105868805016,145.31133653613878
19.49377212853297,91.59911830733186,-3260.7153329352177,118.8363816547239
90.78004258942573,32.782541501177555,-4878.426094397479,101.69289295232113
72.96285457408638,53.78213243469536,-903.087745403335,54.88066077235282
80.39407604900512,73.419003812029,-1810.5947565372235,18.21744501316292
15.061442599371127,63.75129242273851,-9291.228725647421,232.67649146290336
7.364222840649207,105.13302530899325,1718.9133780593556,51.18522477787408
29.216494549156987,82.89776699202207,-994.9720196689502,-0.9460820015875377
9.22342844001388,78.49432912643088,837.4405440151932,21.027624327571758
-40.167053262677065,118.2599876682111,-10195.481294539133,196.950920276092
52.36075449254348,8.436877213354034,-1406.6827543869026,116.51319502033566
-2.537355453957595,137.5210372625407,-138.16354191073378,42.41824928329874
-16.10021848392958,178.05951862224993,-12841.34457367176,243.6439044224411
14.537572908321927,30.986701532523046,-19253.922740625334,380.8973046321909
-49.79371794129136,103.19323004338581,13137.350843898957,-90.28578183172785
-61.14214746931521,108.64364834516105,12111.269562447165,-118.32204881974658
5.800491834715416,55.70091038557748,2968.1066834730213,36.54134438119575
55.269736645084976,33.18276646274851,-9821.123291409189,163.17005083364342
71.81959418588904,43.65850936412893,-7252.512296586425,151.7816956071078
98.89723442682278,52.3641886197161,-14393.134052278463,204.17939488148716
-76.22053796524965,76.88773888086237,22481.765174481392,-205.82046443699932
6.95298081776189,32.746741784979385,3058.794218285664,59.22761348166557
31.839664550820096,79.07223721989317,6832.24455001102,-86.20505206500948
-37.246419905012615,28.50803124264801,15000.333683519237,-80.36558807177447
-52.59931832673995,-2.909728236927939,-5828.289602542222,162.72365156875387
10.079956763636705,147.64545234751074,7015.673702163116,-135.82980760025762
31.490547308830084,122.27576321325935,-7925.0147386389835,131.6845714242657
-34.14239319912713,100.39597019392342,7095.929362961932,13.721974898551235
101.20673500245204,31.547679364996014,-17734.023680223232,282.3571147035473
-4.520650300806967,127.38727488088493,-12231.066051133179,254.10173791198508
-44.692885333856935,-11.511078470085348,22260.72518061828,-224.03595683846646
-56.18131759084535,-34.22368165837582,20695.907627895784,-243.43223454743148
-3.8281866185968987,26.920759936689635,13901.408276948649,-137.86011792639076
-30.425342441703272,79.73959012650677,18663.418689655286,-207.43216818371621
-30.425342441703272,79.73959012650677,18663.418689655286,-207.43216818371621
22.48962711891847,91.05899742344029,-2122.4186898789267,32.957072390481684
-47.90672164861119,74.6530857259968,1575.8604767154857,107.71399151409635
10.518886592610865,58.837537416987466,-7190.590283434794,131.13175022955772
-64.76190002928479,-2.740721023411365,-22444.452976678152,492.1817051928147
-64.76190002928479,-2.740721023411365,-22444.452976678152,492.1817051928147
-56.00062899264529,9.455621350996495,-22571.226506968866,522.0272859693733
-10.273534808475285,77.74820843017295,7703.446065617412,-37.396923052403984
-16.246405460291587,93.56333054596941,277.17046034843906,50.17214056869838
1.135389596035545,129.9973742711319,2943.9282945478767,-12.732351357457818
47.295852407666466,51.28744528904301,15215.702575795574,-182.99759084697828
-38.59976148328644,45.013526475818765,-24661.46863178276,438.90063489378554
-37.14178929193304,72.59032351423409,14376.284910256296,-166.98369570506557
-14.150276228063197,14.32513314699146,-1199.2427863239454,51.926048146549235
43.02821420177342,137.85662424957417,13855.998386117015,-177.19333897028258
44.237655805710105,137.28568424162262,11860.16674834759,-226.2390358666571
64.86405804256358,-5.408420854858488,17851.453750897286,-210.39219620086342
30.69559334794761,13.190639401669406,15098.76250302974,-215.2673781202632
136.96262038451988,95.9794046366983,10640.229676494935,-204.78613829748235
146.13565237438934,106.7723269291211,4612.637338310752,-55.93506817317004
145.2444878109798,108.93265204004136,3368.6145512450344,-57.07462310037622
-86.67346171638341,48.30634637432894,-6463.4113975296805,172.79293857322068
-90.26895001906443,61.571230246233306,-12522.908342668252,279.7327951722318
60.43207291231064,28.240473368803674,-6221.24632679056,175.52950426764178
52.78187200147762,13.400996354460794,7542.059061886289,-93.99899147406694
-44.23684527830076,105.583279827038,42388.77466499245,-544.4953859209735
-44.23684527830076,105.583279827038,42388.77466499245,-544.4953859209735
-35.98252369868356,28.11164967336222,17761.79757864969,-174.1134405173776
-62.384967788886115,124.07055093105814,19806.895619267118,-219.6033415252222
-48.914071909648705,111.67524082895478,13804.37739891182,-141.67505239755627
-32.71942240460024,49.16939079002128,18918.137937548363,-234.85902637506558
-9.226487553879352,111.94319068010603,10903.428754874381,-81.98639022022441
20.68638540090265,2.6935382563644623,-26153.876326127902,488.62541399296373
99.50004746498685,101.63848844017866,3119.435718089348,-23.81725084675878
75.59115661039776,20.18826678723684,4880.172070421831,-74.7320020148787
112.37721466664928,63.96128599975449,6906.630695912685,-67.2861402545399
24.57717477520085,49.933276768454235,-6794.333334486206,105.4825789998649
24.57717477520085,49.933276768454235,-6794.333334486206,105.4825789998649
22.09664739314781,39.21003816070793,-29734.67177318821,514.7718793723386
54.924628156290424,32.98698834806509,-38047.17927061371,550.6571652179668
-20.14941243905947,145.8673437717725,-16893.64333604342,285.0665264538801
-34.413511263116135,35.70692623461652,2648.6900970518127,10.264076318594931
20.263181550841416,33.290697135548136,10405.954302776443,-72.44063328463601
-1.1426532485637588,36.616327137456906,-14810.59441386644,252.24800503744825
-1.3147992004060245,21.447266183138524,-16381.259262638674,283.2884597164558
-36.02710816259441,36.83079387355968,-8400.665719378761,211.383315938407
-97.83179589665309,79.40275413541008,9823.674279935505,-0.24382793428826788
56.53072368045555,164.1103350831588,5211.947040735012,-50.4270814805441
2.3366621511384036,-20.25089716520706,-26791.44191421037,485.96146206079106
7.758290486557621,131.86151617719534,-6694.405735864733,155.24690786137666
40.51197177779266,125.77386845941498,-15634.168777694747,170.00665828978802
31.87833987074026,78.42292341644415,-9577.412986812185,177.73565290026755
44.68827856474722,65.76584154458862,37205.734403417926,-489.22006531775406
-62.398872285537315,52.63716883270226,-25508.91311923044,429.93336958147574
-45.21516858886803,26.15462287449813,-6733.358689442861,215.77797888941996
-19.571199597059696,126.51972256756338,-21893.81627072389,393.6212658276353
-33.25103844707298,85.23960309105196,4543.393816986732,1.626280691734543
39.53130512776819,90.77190914812132,-24168.314711355422,347.4434982108902
-78.89738949867706,80.64423775122525,-7837.348524519332,257.9117933446927
77.728116929064,10.947025573608459,-1844.8775185878058,121.43764048161489
45.770360466609915,-2.222369563300994,5432.739902583204,-102.72937892850824
27.25417683474003,125.90753964330402,10700.78364924972,-211.32306954376966
34.176699660527156,198.26268505501653,1595.7373544713528,30.041876901717018
39.263199170102695,191.65413133092636,1813.9324948704857,2.827868758031272
-32.27044173361721,6.833206697177307,-20959.815023131043,427.61617850601453
31.99856821301451,98.42514614815269,-194.11517029159495,3.8706780914902765
17.704648383677668,78.46665796357162,6433.083934613496,-100.35435199863446
63.429355873497315,46.87958491544583,12867.336565589907,-231.50244899012932
61.98758972959898,151.92648007120658,7302.351313191842,-105.46384026254441
-19.86785220084389,-27.272722103600984,-2219.6026628882,138.8824265455764
53.521622686397265,53.38521652355753,-17221.31987331335,238.1432321653749
42.60768578294387,69.1040751987769,-7346.020703304559,111.56012244115206
15.235960269920453,59.23374155725517,-8573.80417100263,179.87319576559904
-1.5395805956901611,42.39453347798779,2075.402459015867,35.74666416248459
-17.605012391089144,96.24594013549222,-11127.695613856597,262.95279769309786
-97.16143443915789,-24.62311784751596,30209.098286533917,-348.666254848598
55.50527597277131,120.37323345198428,11021.864574595416,-159.40870780962396
69.687033064764,130.15572158183045,10086.43869652949,-145.61693925496246
-105.78137325888393,13.373854558151303,-21337.30816421427,460.14014950071254
-65.18026295680531,55.404537059626406,-22090.214909669034,439.9000520189167
46.48888069445688,71.43078324713363,-13739.958406627082,254.84367309330202
27.041341614649593,4.758484237589154,-4073.8632758665967,93.059396559268
21.181824509240204,-20.465091906225013,-6687.669831988094,187.0769913669733
-85.12098004668532,77.1690410090213,-53.41219822660878,61.733048438491
-87.40835974050661,78.31592021069534,5180.301085817832,157.31697898640712
14.61700302359201,-9.113367800612965,-2928.6370743629113,125.78671038141681
1.135220456279316,35.33541591171564,-1883.4113186831687,56.07670728637966
47.899707433174434,49.383400409914955,-10370.517391968979,210.92493113283786
-33.64052508026394,-28.307066112299307,8151.966447851599,-42.23172311061712
-25.183525584212408,42.04827191017171,5.699634057507865,38.17020621332521
-32.03065329206644,54.209229383057476,-2878.5078156178974,152.72199872887916
25.99677118195938,114.00042431881245,9427.37641087948,-87.34529151975235
51.474613435258576,-18.072357446961128,-12851.165502996253,197.28238533202293
42.5956081275927,-13.277494404440993,-10602.326495867406,201.130473279558
55.25799059292975,140.75803505322955,4855.109631755287,-50.07750726108228
-12.037839415049776,-31.786852626033184,31793.27062026794,-306.04073066245735
46.54977710125908,127.91453287309363,17466.507119092938,-268.0186739397503
78.53596422774935,11.256223852689894,12440.724766760855,-160.54169375768586
-41.02567464559488,159.25638163893308,16870.466994042064,-218.5690451805425
-17.434133560929162,139.37214249455084,27049.76934618933,-329.877682061702
113.33140585809554,79.82610209530732,10686.856923362091,-170.42853237841638
87.86653961089756,76.18248480450582,8448.973757645903,-108.88786438036227
108.85119196368294,60.46243490518361,14896.864034198954,-252.26060375313418
129.78016848475858,58.11134842435891,16407.29859086969,-237.98824175637336
-103.84472930456032,-28.89108531126015,21602.7704338536,-138.28808762894582
-44.72845244412303,25.220216071215617,10395.88738611864,-98.83349078686821
85.96741792623297,208.4764324577339,-23230.005568972545,321.42640220248836
54.62261562024097,172.3216261444861,-22938.077084010827,293.25214961967094
1.0016327115338637,-44.743687892237666,-14285.873324580654,346.2246217835734
-1.003192429887073,-35.65354923731367,-16276.834273169761,319.5080445722197
6.430633846566462,55.63504017795782,16299.220611176683,-131.01875803722893
79.13142670524485,49.99291402706063,8948.448605993974,-139.31584263485604
49.846279250328635,4.561328742115307,20372.538092142586,-253.347972817147
52.088825236876545,35.22263062083853,12995.431078647642,-221.58657367425326
23.792920010091507,66.53534112596955,-18558.269863949066,324.5284157730276
36.112402828648534,73.24875628538508,-18821.74370398717,323.28422041537215
57.61959931681253,96.62271489028632,-39489.70821778565,559.3977443460079
35.606447756325664,39.823116487145114,-39552.58649888635,642.9908962061467
42.15327801281813,8.40024055518166,-43414.18040945476,725.4330413081595
-96.76890352882558,89.42884100612537,-31923.576544834028,573.5284012172219
-95.27109419585167,73.70602919586729,-22730.96921633882,457.5549342391814
-3.613319205306272,-30.021512072206303,-7565.95496589809,241.5699565591035
-3.613319205306272,-30.021512072206303,-7565.95496589809,241.5699565591035
-11.16899735603484,147.09870967140748,-14504.142143215595,251.5654441085535
-24.22364278654881,121.43582066948514,1176.391800693134,41.1116388807904
-20.36710989644174,68.63562630618539,-15532.656760517786,321.5723529225946
-5.6585013948149285,54.7481942610789,-12812.65251949801,264.5563307813631
29.978519903609985,86.18956941793496,1383.7694853181513,41.920679232330876
-47.139735535399886,58.65596753315166,5574.978884844955,-28.130748919305066
36.02886814892469,8.433501376111,11185.799899531616,-149.91470250849707
-2.1328462490414344,115.02784471765709,23928.70844286694,-326.5022134296039
-1.1283241405939592,88.56112384855246,19968.825691383772,-221.5798775612734
-13.354326563039617,48.40853392133633,9810.703803702992,-82.52840450728294
4.103533754633682,94.2772756593843,10323.005462162097,-113.83858347514494
4.103533754633682,94.2772756593843,10323.005462162097,-113.83858347514494
-16.987644939127115,43.093956183790084,-9741.22241693005,279.99737750484326
3.58982139539866,129.89780371782433,-13241.566746366938,176.2681102266609
-15.205348784923704,-36.80763610449122,-7546.987013514663,255.46578536742058
-17.294107665209797,90.57192649314044,-21332.51008932569,389.24328986423916
-67.82007510961479,33.486313265520394,-20597.62028784377,427.18822540484183
22.394053541670036,34.259089433289134,-7742.181733065946,209.537468557633
-1.7827763938974037,112.72678627124313,-1550.2723057232856,47.96130182646267
-48.57422692531331,85.37194634637433,5105.2895094320365,41.76233184117584
64.49451371966005,33.57559155463996,-7615.003782353553,215.896276189608
-67.00385333504371,67.08230150305943,3784.194897285471,28.611314419748908
-5.802468155632214,59.34440849610705,18370.36549490294,-200.8208476980107
42.409612975958325,43.58788777325499,18462.317157155718,-243.96672045828234
-71.74791867085048,64.48990914349706,21423.810671315976,-225.90622294554896
9.74864999933867,43.982964219713025,11669.06103225215,-200.91766764656634
-3.018306201344359,27.91184089669861,6778.244467703981,-22.690345574114644
-54.10914454928354,34.70165015439553,18756.795035072428,-150.6939997788889
58.38074727033596,108.9067708670668,1045.6138285277914,-8.918490146386233
-36.86445122395179,0.3619271300679099,13959.477540070358,-98.65636275315018
11.374381831720475,117.74145910154427,-18168.807713768118,361.11114666377296
-0.2053827704834763,122.38253862214675,-15760.540921154374,292.44016125409104
32.923316803346324,49.35130531107547,19824.716226646473,-271.2463924154414
-47.216467152474,54.273379582333504,12253.740945641226,-51.69846708234377
-39.2233956845799,34.93762744130011,19514.02146646246,-211.60256018917258
-64.48561669889278,1.4673631999633163,2278.8688365704584,57.210881441384025
-30.986663832735914,51.87108323432945,-1996.2397075920578,132.55239659084975
8.785126520280372,71.7766589811934,-14712.752455536856,219.5059646486643
-104.72502050479551,25.637379876174116,-2432.548336468968,152.8642149483552
-140.4776908437665,-8.06571857301172,7720.8227055953175,42.657271376825136
163.22233610052672,135.13247782307843,-20733.90457319841,257.111148748114
206.00031495255837,65.96710603379987,-19171.815950428514,180.98913145633122
149.37511210092924,64.38645619989627,49.243985722202524,-12.285798413735343
20.010962865831914,149.27790432111715,-12609.2287592959,188.2043112258889
31.455861674990818,156.06251004000774,-2800.1664637532785,58.58981387859787
64.43227403767398,-27.672016176768473,903.9707637715085,-0.6395622552818452
-113.00381361082479,80.78118507852744,-9042.90443507368,251.1191004775297
-4.131736910272565,32.78467066481819,10047.373107490333,-63.833311388724745
45.965629323328386,92.82075749555517,9431.459975071837,-100.69352864700346
-3.768154465916478,37.61374780177883,-7249.326294893315,163.90776533362248
62.41603033356986,26.642305915843096,1331.2757864305531,12.305449997265182
-73.28198322436783,58.62866412251338,1123.3481475396752,106.39270154207938
-40.89805482628741,60.535274527028484,-14552.815558272363,293.03003403794384
-17.33187236901958,25.975884218459033,-14670.171554702438,285.3913617724999
-67.57299299100842,55.335128094951614,-23466.05320425766,386.6828030056772
70.2875857093416,53.047345617060195,-18873.413569015174,361.55440541211954
-114.74522158133398,40.54736453659898,-7601.417202734883,201.76162831019826
130.47519456043474,111.96785494203615,-7342.940369209034,51.918292844725826
76.53431222704155,61.179044670074944,7903.742533634574,-146.00139037498977
5.204281115310911,134.43438740857974,16640.727571716714,-267.0060230479806
-2.493877605040728,81.60752047017908,-307.34677063668636,90.87155916883403
1.8094317725468034,41.902113062401625,6794.482597173814,-57.917175636435864
-41.60028027830727,45.437003553229445,2761.4526269899516,23.21774546271779
67.76298459206019,51.75662146685066,5303.533652663704,-90.6820894296722
54.09017596551542,57.25324616177371,8804.485006987885,-66.56779055406935
49.74874296165666,54.19069732064345,6939.8936939843015,-50.1599925824318
1.6867788205489074,74.10195525071546,-4187.006462934838,109.24584142809569
1.6867788205489074,74.10195525071546,-4187.006462934838,109.24584142809569
17.308353691770897,74.99595895610278,-9887.837187731282,191.67229862520495
6.9411965747003626,69.99679385384151,5158.182907155469,-3.5311204129323173
7.740739661580058,67.05378722209508,6147.574473770132,-26.983106712732386
22.974269150864234,30.54308389444925,5699.30211187681,-6.228361169346869
-31.31014441733273,108.47190510698402,7469.425120922302,-122.70952970895036
-42.17035421757093,6.139149267904317,-927.4575746048131,59.310276365164704
-15.29389741590422,73.71170773240675,-15948.85131706278,318.72213725338133
-86.82746525933777,44.09246815149618,-15107.523283801322,331.2353914162695
-159.22820908428253,10.601717362098944,-6967.258812336065,339.63686822390076
42.60043186064038,104.3053580597786,-20712.105215542306,335.9460822683051
34.8976953730137,56.824861973513514,-25603.26566826201,451.1706329875257
38.2355829320408,83.14950455571203,-13209.452448781225,198.6248211273783
4.589771227206163,86.52667255256242,-2770.3714987087246,101.51445583476291
47.69875307529954,76.64267405283856,-1696.7817057586265,67.24837281464586
56.1386191919985,94.50105602132889,11271.99273265704,-190.99125831022747
7.2247437648619215,106.67723646424464,14637.628347558233,-221.88976169247036
84.72070792061392,117.09810950443546,9085.521736403445,-73.4010490921647
-37.862265825891285,97.9083747993239,6151.092921275982,-12.18142551483622
6.152354790333419,27.30520559865211,-27430.54182738448,495.6123509458105
-83.31112506987233,70.09396112249004,1986.348114034899,49.43581363305174
-77.54526649280909,58.653342524993334,8116.444596025387,0.07999498296642216
0.3979620814404292,45.89601715976502,-14926.070935430096,252.12493473530674
13.556067532313413,51.20461066032046,-9765.805087371415,157.69632275101625
-52.82454246044761,47.10183166516543,-5202.273124973089,244.00946498854748
1.3181951112610761,94.44752545789574,1240.9030765028838,78.65327129286554
-32.84433977082721,85.53592906880479,-17077.652753190254,345.9886960779669
-39.02459418717877,109.77677195000646,-6268.577284758169,135.31369016160778
5.953391156243754,51.584187854170914,-5945.624364535707,151.11232951750918
-71.99761362979459,68.48782780726992,604.1789255606124,71.81014245899533
-65.92392272251425,56.4294265717362,-1271.9714238492109,95.01258792293501
24.501920553106483,120.73644089046863,6620.236888647883,-108.84561499182657
24.27729588608208,126.68907962308339,6059.791048134941,-123.85561576502701
-131.87627221452672,77.1999871280747,-4326.91932616387,167.12809692056854
-173.0162672726799,-90.26902571544032,-16902.954179518587,451.93901385212877
-85.42067612011765,-48.13744433703239,-11606.543114038874,296.3772163921923
-78.84350662061551,6.19781070622718,-4415.914418313621,211.71860638323489
-50.5169175058201,154.72140387422425,-7444.15886721089,170.67767769148574
-49.9917049514718,90.9119516820864,-7708.560570633881,219.75070496236137
-42.688455216560236,24.83348451210751,-5442.877740266591,215.06119079215745
-109.78772837119037,26.18022182091323,-10415.151578349654,290.874543737612
97.94086685984138,101.08915087274116,20716.795610732348,-323.5917904005414
-132.58458611157573,63.57483176168515,-30399.944510302466,588.2298912221514
125.36620419291742,55.99394866942278,20345.35343979151,-336.22555048335147
108.55315073665673,73.5399580077284,1718.8911189345376,-7.463403146420134
-32.82734416276621,5.908563777491518,1738.1572362709157,69.34947734959367
-40.26835403261573,29.692185973944365,-1053.4081244754138,147.14086176246076
94.75503182628836,24.838530713246406,-23181.05617639982,379.46151099215143
136.10934449279884,-2.0361041389895824,-19431.37199301443,325.65477609749195
13.179523303516781,133.9974079551089,-10727.321993280246,207.98585910797627
-31.321804601025377,1.806602980686252,22271.868493436923,-258.05395477735215
-1.8337799263661125,-7.000252379007017,18131.30858352744,-177.09328187165136
-28.591481845111126,4.353539832610043,18991.64640965479,-203.59693520730937
-0.6287220248436585,59.991171640975494,11552.521001473247,-130.30622673545997
-10.966786263464058,16.07302634118112,-9442.491849295508,237.74517411689163
-44.96162086272302,101.40284488155484,-8028.728023007661,168.3694848714449
38.828412295790926,49.44579988214308,-5367.594474673794,91.73423236794295
-46.254653925932956,-32.00793349237516,-13091.474806820324,305.5477250201041
-11.01287924099047,-7.568469235104482,20756.58418489467,-235.4097181733153
-4.305092280038007,13.898569919704912,22504.159118532287,-258.6831305889615
17.91704446315233,94.73188394623665,-6647.415954883306,155.62671430357733
5.401937693417841,36.45637047031205,-4049.6726182060875,136.03569554682386
5.401937693417841,36.45637047031205,-4049.6726182060875,136.03569554682386
5.401937693417841,36.45637047031205,-4049.6726182060875,136.03569554682386
-56.051492431504315,8.119763669309643,-9465.672421190111,251.3564947130749
-42.66964589684679,1.2639027064670154,-4376.577541179564,187.02180579562136
-58.822934510043446,-16.64528350793713,-12648.05400020706,322.30130977716726
-54.886044586541374,80.73030772601905,38.56093689349109,93.57628693957206
-98.3437272161261,96.06922397160474,-7702.908192890984,204.80182974271827
-99.41550360592153,72.58915648644387,-2963.1450272908464,166.6138164142506
-80.26525458527881,82.8485055077728,-21373.68385940002,435.66764460278887
-63.41182401842195,42.142071077926815,1358.1640907127085,81.62498842416971
59.95243495713014,56.99995155710989,-8545.145756360615,181.35642205848103
60.8342034653667,58.07339290875552,-13373.113438478498,180.51817600625344
-20.257900343679403,50.833095163004266,7563.810007293213,-52.62320206413528
-20.257900343679403,50.833095163004266,7563.810007293213,-52.62320206413528
-38.66346863460806,97.58645359910467,3627.094594030448,15.840636043752639
-100.06100936363526,112.62732722678943,7930.82918874106,2.3310568541529513
-10.822690000740948,111.04656110837142,21069.474332334907,-284.1517659902542
20.002943488416253,79.01681525723339,21407.105352672526,-237.7538869547883
-71.82708370307012,61.16113846034899,-18858.40796458917,362.9911155084493
77.95221603527617,34.518188779070734,-9331.668952323185,195.61423719694062
56.139843104717045,38.36858457315593,-8883.116285122867,191.630529037981
42.26439942451344,8.079028048685633,-4754.8186521952375,87.46214265605533
69.89694648424798,125.63511902703104,-5249.109379187355,79.2147675286748
-13.534836070641465,44.29263813102609,-33433.93102592703,629.7456716642299
-13.534836070641465,44.29263813102609,-33433.93102592703,629.7456716642299
-17.555937567553393,26.728567773133896,-19808.77930115938,388.0940221450841
-78.15002186561881,88.55323413060886,-15985.098760398552,357.1612240683321
-64.00495215876451,62.777086099595145,-7895.466283571365,205.7561157301509
-80.30409946208108,29.129980795039017,4843.919156889893,24.737419428944797
-5.788850524975334,102.8199110089661,-22351.07138332995,367.1512074905834
14.073160112679538,70.53982378154079,-3815.8082444176666,71.70868665823521
-92.25324998696817,19.280997404901235,1446.0628346111198,103.15806019018989
-118.34985349464044,128.22809575029942,4539.366151326105,-7.801604344775246
106.32807172843138,-37.27059969416826,7518.509236407042,-27.433506149899507
104.59209849579445,65.79748147296773,11708.184044635065,-213.80177956095224
131.12090058084763,57.62998228016743,16796.343468228803,-261.9320241687645
59.66294624221641,118.11613426866055,16912.318047532113,-275.1011364861873
89.47731170815493,45.227699664969165,12262.01323296835,-131.84430712621239
23.99949487957216,38.26254627213303,310.2964535671026,0.8856165810231182
36.42021092298452,72.42461768482717,10645.833219705924,-110.64403770960126
97.45552328666325,-3.580096785559806,-8779.777338516411,195.300610766007
-65.49773857583122,88.62894089019589,-7066.4975294971155,228.1753666708504
-75.47794020484653,117.8623388817579,-13638.281416638021,331.3550708933342
-66.98060761187155,95.6959134384221,-18914.622874348395,417.1053326545069
-80.994932172212,57.14862380118093,-9821.133131975062,276.58511418572016
-101.56867188608297,38.10219645075105,-13580.249817638263,322.61998381680866
-4.9527306123945145,-14.619339009008185,-13530.403623970453,339.0718419998606
-22.168297694983096,-40.94896636348683,-14045.676371235102,282.4927062636667
25.186911628999347,130.47272770831012,11390.615693801314,-121.37621874152543
-30.87157138647834,1.2546920043616643,-29404.836849714284,519.9910151453277
21.728176625636458,140.69264377622616,26733.538326470964,-379.27424126522834
15.218920098125176,45.76740103718807,-5488.528922588383,161.34413727233402
1.6168641389366505,98.58093203504993,30754.34013985885,-399.5384678837341
84.89950077464964,67.08258682226841,10403.476807561125,-144.06089369145684
100.45011498056085,54.90426168338921,8912.115094506127,-143.4260129190356
-106.33180830854701,-16.431208135283626,81.04822118724871,195.64517251818054
-108.71633338938281,-14.53198730681352,-2920.976625217806,132.567228378824
35.690309994215,142.20331190885182,-2047.8444149178408,85.04678777475333
25.38971740249353,100.21879064522004,-3294.085132786132,66.75207926581294
-80.3041578039441,78.41051382154423,8222.32854239354,25.84346131659484
15.531655495654952,81.710709938177,16806.586185237484,-189.0052107422834
9.760597689263557,58.43580778974858,-4077.7494526562014,85.08382689639517
-84.10553736567353,-4.669732602666036,15211.842715619412,-90.31670107996143
-12.562013557808623,145.25914229722144,16879.76676744875,-222.41399713737903
-39.74319880528632,116.57029552159318,19294.89454229839,-177.56126405803238
29.82558527214764,-37.207977722076656,24039.407316692705,-278.3140849742655
-21.869608534528247,154.2037118396248,-12118.379060054069,237.72162346116517
-90.40643528218553,51.61897418874579,-13312.28476665354,294.888314918753
-54.3931434712325,114.14809774543266,-1562.4987523468249,149.63599129926854
-133.40151404206534,135.47225303960283,18906.618390890515,-173.3483439851538
-90.56753341104707,125.14894863151231,18769.652336034327,-183.22972927034897
-34.822168471332766,-5.654069433134605,7545.0204623831,-6.973541653103716
83.31150834797275,79.48855031142986,-14393.948409095774,189.44708460934805
41.96709968025819,4.804991193743834,-10975.736335689247,251.9332311193652
8.899771477837207,55.652886458379825,-14389.184576308562,256.20732921364953
46.54054742999917,73.05113145011761,-19655.46599694255,229.79756412430666
-23.403507186644642,31.202874264646855,4818.796032402261,-65.45805686145165
62.90413384739965,68.66499694353551,-1787.6351063314214,-20.129037500499656
108.24660516202103,38.20789139849205,-5487.631275399901,104.91303368837342
125.04376223873182,13.022639772626892,-3547.489347600542,110.62875054263542
34.09125731563221,83.92472287265647,-3588.8232161763212,34.0245057245492
-21.015418175769778,34.76461772127759,12328.304733560924,-77.77581686572012
26.148748561019506,86.06618802786436,-37409.6176381865,630.9700022244817
-20.16187216186535,10.984206189213399,-29322.72937136972,507.1258656257679
84.83568291931994,55.165932119505655,-23800.032298443566,394.0508110032892
-2.680314553465543,104.39074202363798,-26762.22042467613,482.94946120658597
51.9110779879468,137.05512948718922,-26312.305371073875,371.644316406659
-33.62664410401832,53.88991670318839,-13165.065186649428,316.68794575446395
28.768764071676152,-4.0954115653309096,-22144.56284922492,369.28215637728204
-10.604974998947661,121.50850191255984,-19087.301710338626,332.18907121130746
-12.352227888499591,77.02980410035389,-20940.629715692656,399.97730858755455
-2.7679397574609705,35.733028539996404,32838.35848243389,-400.30539986405773
97.23295665688434,108.02701793405735,18618.060914365866,-262.4679391256286
-48.780435930908254,53.75027343495565,34682.698904718054,-490.86371838310237
-81.97968533690339,16.542741531039614,33009.321689108154,-372.88114995717035
23.147541508453095,59.93520394086496,6947.77940642023,-23.53687145926837
16.017169838931185,97.40669247610805,2171.683209711833,-24.715185947611655
-2.585810749682121,52.23254399877587,3796.1499242777522,-37.610676979169185
14.669499523261356,111.98584722727115,-1698.2289120099442,140.92461359769098
-34.881227112175,57.5615906538524,6041.139954070081,-44.60172853310602
-34.881227112175,57.5615906538524,6041.139954070081,-44.60172853310602
-3.061909801546645,62.10698577878464,6641.800724779827,-52.62498178552951
15.646241291921687,5.4153977445944665,-329.44542806360823,59.98615153781769
-3.496112529565031,-24.707565720268704,6314.001871714525,15.619379082000213
68.15581742683825,82.08473515409915,-4547.178900773175,40.16294832287954
-13.060130988020548,127.73537890368301,4392.101781320503,-98.18926927510077
-76.88752322704572,14.579314878459877,7291.237190881415,0.4896171852499265
-112.48052254301014,38.014724538087066,6926.677182705218,4.226746276986777
-111.65284677022414,93.7150531395238,8375.253153573332,-73.13369591339
36.729528168293456,-31.32668874869614,2683.414613372207,19.884009414511716
81.62147458398985,43.29363569868366,-10593.68621849381,195.67788115916105
81.62147458398985,43.29363569868366,-10593.68621849381,195.67788115916105
-2.5661826603304974,46.82844857509835,-12700.57508123839,247.82581710485678
-15.683155199819945,-6.765801919318605,-26846.427546169172,496.2913268071456
-44.20080404650609,118.695590616123,909.0742362681985,91.27164568476925
-23.358487105136586,111.1684945836798,3813.15684970294,-14.99007112634321
103.04997488921344,96.75279629027887,6501.769832728828,-150.26407176651693
98.03319128685358,58.14662563762429,5623.0848007202585,-114.68755186576809
-0.27948837081818567,69.34205816836193,22326.050569029376,-293.2901308146114
31.696235358881516,92.8669795674581,-2139.2166913479737,47.02732894958389
32.93948757698121,120.17856858485806,1164.9649050833168,23.31402547916336
-19.04273236931615,92.93593093268521,4931.492005547865,8.051821555112276
65.04911476118525,62.13496514328033,273.3063319311311,9.530251634347547
-54.53188857934007,39.53940917554928,-75.53117040282996,125.90333184420123
63.21059328580053,113.06667450690712,13173.71945744747,-140.55069266772364
61.741638399786765,102.63757583144576,5624.795028370165,-124.47261216993851
50.27278972798392,124.98269711432485,13315.73301639399,-172.76192181385213
85.36024341078758,148.24899019455586,16714.395892259865,-270.81612283417275
18.705518273836415,122.42292454555835,-11286.538851336521,187.31827618468216
37.461515175872755,136.12079826963233,-9122.06434677589,180.32463937584848
28.943950807623118,72.01737930223395,2963.027472549186,-3.1956070306409146
96.79468475902866,9.560415348257871,-383.27487166992887,45.82597565178723
-19.43981482562696,35.14964333366822,37399.14439741335,-495.06254651772105
-69.43954208717267,88.25257624096696,18661.548212770827,-169.7767007931448
-87.22937529079113,108.48249445880236,18169.185524892884,-205.90585310583532
-79.35665551734442,43.25839221921079,-7180.689067341262,252.3767133282913
-72.20874773847471,110.61367401474926,-8805.88522201047,206.63665165479068
-117.10065067262892,99.34016590611772,2067.8976274938514,91.66372468358426
146.40795134986695,30.957970009161734,-23828.51349823862,242.0071817387173
111.53686725789105,10.476806241172039,-19772.942948898104,267.07587477605404
86.53866852379672,9.41214129684817,-17290.76634088046,281.95748543521194
-58.905140279549315,136.60132087799198,12820.186860467034,-124.19024878710167
-58.905140279549315,136.60132087799198,12820.186860467034,-124.19024878710167
-41.755951231572965,115.75770777982319,17057.0614051703,-175.31512091262005
14.932518555220065,105.80059592399542,2303.718033679324,-9.511151173632431
-5.9777512939876125,-2.718612800407943,16509.266698691023,-165.52130262453568
-35.818196008890226,3.5261923449243397,17415.186507552655,-140.37415529554065
-56.278746839832685,113.24782678272253,-1081.9714430716167,85.78088844668201
-36.55755474862297,83.57861717532296,-1848.7363054452906,96.71644893802657
10.677765118431026,34.58107565750639,-35258.39993203862,593.9850181804807
-33.97422256603828,161.03110787442324,-31146.228838566818,539.7486890469614
3.435277549699485,-81.56924246948992,-2262.930643664954,115.55371586924242
-55.29633150041178,-82.74866912738689,6342.701897171595,60.205729591941314
17.904833493681913,-119.90043936684992,7142.76723705876,77.04388095093431
-15.713470275751627,-63.86148390170483,4578.034167113483,53.100855770445136
-23.468135757752506,-67.47291675445683,5092.746893265636,97.19141658366519
-78.16225067920216,-23.30635246035757,11113.94672789049,-29.433533725681578
11.429876721249446,52.917599342982456,24622.57600039056,-242.9472798707061
3.8517529319988464,51.01639084206322,23174.109271227968,-253.6840863555139
-16.43967169113771,65.74821455818264,39708.550038869915,-465.2249291748253
-35.85925131892182,45.83891608125275,-29461.80565349353,510.58765034564533
-25.479568303334204,49.6817790352996,-8867.654451330895,183.00631854545136
13.43118299738809,56.228071233841625,-2531.954643577927,59.681073493218584
20.954730256799504,28.265961963109316,17721.83972079817,-238.34744731040584
6.645514895886081,103.5661205808481,27089.900119641043,-363.7059367981114
57.49441113734511,140.14231711778706,16503.33859060453,-248.1326535648216
-29.889840415486404,27.298664974557987,-2743.409175394357,132.4359450892092
-57.5838853638488,120.28619308276018,27104.935607618823,-306.6132684212488
-33.4890910848344,67.77338170801887,3525.1958460386127,68.28714761164085
-42.51908777829691,121.54945342704056,1224.6084765489986,2.4296175750651585
-40.85452991862046,71.24788393781633,42422.3835976177,-499.0345654806296
87.19309771912856,77.49547860254381,3891.9959266539545,-55.49336388482927
3.4864158369275504,177.11660872697556,12530.469304679464,-160.92183491593826
-12.125840265333853,227.49350013695243,11870.50929156807,-153.2228620428836
-4.661233140644305,216.66964915249332,11574.647341936716,-143.75639797947917
-85.32490934235241,189.69677214734406,16030.97057488753,-170.31085952251524
-5.9921893998809175,145.52065675894812,16635.711879536753,-183.30320416481592
-32.53481516625103,-20.901802943059344,3743.2045370495475,110.15937742397794
-1.0279334100737572,-105.62003248965975,-6468.823676293945,177.78668645724446
