Oil level_t_4,Oil fan coupled_t_4,TÂº fan free_t_4,Oil pressure_t_5,Oil pressure_t_4
217.68638181158695,0.04293142729455016,-8.612827576225689,1.30552459338391,0.00577052438492015
613.3051115897301,-7.162069888069647e-05,6.720304961646654,1.314634958760212,0.01519876707827637
-370.9558731597152,0.08868004926913228,9.549448583592424,1.2949065088720828,-0.020735846987979388
358.7633057559621,0.044050576985772985,19.08344563163653,1.299249487225106,-0.007937457218385117
225.40551606154474,0.031828653118043,-9.552824785950873,1.299677107614703,-0.0018324624062921648
518.0959692767698,0.05421754880853025,0.30928580228691516,1.2998060972634735,-0.00471930856289954
-99.56389504765332,0.01945597543872952,-22.544435625885843,1.2921102532712403,-0.007945118942471022
791.2000989774693,0.035692438629029696,23.06976445939712,1.3115682206042987,0.005033977456523178
845.7962232088357,0.05649889381975966,8.910824156559404,1.3136028407968667,0.005514105910068541
1246.7099507279547,0.09195230527864748,-20.038305270972145,1.3044926695469128,0.011434637967580579
453.53081956584595,0.13562728619165415,-20.802252062099065,1.3087003411339935,0.0034715439264443775
167.96936013128905,0.09229910535074433,-34.62368137141476,1.3059149003455957,0.012128138145350966
733.8993626071431,-0.01002620925051986,5.339608259722716,1.2963603702845083,-0.012989232144429808
-97.88652045085061,0.06440589295356265,-0.8594507817392634,1.3066187162052372,0.002251866248716858
870.7867717522969,0.010652286060036908,-7.456458789254789,1.3075156862135455,0.008365797406549146
459.6020956972443,0.0565079594143439,20.59228297142803,1.3060108010710108,-0.0012143513031014084
514.7970269809282,0.05515391716454045,-42.01859731151419,1.29818287440438,-0.014415902357487851
185.57651809517307,0.09690530753776938,42.477645525525105,1.2998896353340215,-0.00211667571300173
641.2215190713075,0.07375139165257812,-19.061030347020406,1.3107685965932492,0.0023683470088622614
187.92317208248562,0.09140128141882356,47.901546746038754,1.294371482242595,-0.007861145153824724
152.63815543091405,0.008324898249977376,32.13981706361759,1.300328542293065,-0.023725783119688783
1128.5293538926765,0.06480954832499042,-43.80627795095974,1.3055565030881189,0.01865321852794824
727.6750735665962,-0.025560715163794608,0.6661034395875198,1.3093943278739775,-0.0009579910663184863
458.0076757086679,-0.0217626299190705,-24.107307986764468,1.3027944348019231,0.01021564741270547
548.8239177082071,-0.0024050692390699437,-12.125490764561471,1.3015550086885073,0.005378465799954631
383.38220764582115,-0.01570119542192715,14.376584226546166,1.2987544844283057,-0.018826125365359957
305.6802627910463,0.0019204320494938774,16.481565678681054,1.2994041928167375,-0.01481014632797219
-198.90150222166943,0.01662655854105409,-7.815300092692386,1.2957476052931562,-0.016808854280846965
-254.02712078924856,0.02481736331344096,-7.9785550625736805,1.304457484908628,-0.009089063086574922
339.3628884451907,0.0761344072406801,-17.26445358574948,1.299288649034448,0.007054484043026603
-404.1360446684847,0.04028727765191952,-39.978335847678586,1.2990661856797705,-0.004202595580723423
578.7261888635787,0.045394932164512986,-5.861176750353948,1.3020777785840847,-0.0037856890047240745
465.95642522524884,0.0589508495775253,3.9463053211139396,1.3096687108555631,0.0077356728848918385
-27.005998420909634,0.06467335740018511,5.501122389656073,1.299427739903143,-0.008063330996544712
128.76192843001394,0.08343346905585518,1.4052852460985044,1.29766574908811,-0.012994316816824846
938.5766090256083,-0.0036586707075914604,-37.56128529145799,1.3129045978932732,0.008183713482549707
807.6696871420983,-0.001034360580266738,-41.28469310339046,1.3025974486140701,-0.0027015079000061136
433.51422575693414,0.040288046358488094,19.171636784184244,1.297909597455765,-0.005306087471884419
611.1722594551803,0.06326914972038648,37.26007479272755,1.301048525709078,-0.01530447680696358
156.31366072668396,0.06257684227352506,5.4945041037104225,1.295659366827126,-0.006788843843433961
775.9289666485054,0.0075002321943367645,-2.694289199702649,1.312690594563441,0.007839019982337509
27.14729343402132,0.058741843922819656,-5.7939533292570236,1.3037604810356724,-0.0064273894106475875
863.1926697205753,0.08583355913738044,28.105595203827548,1.302080702301004,0.0005000041341659874
-260.4818125017513,-0.014637641867910667,-19.575082774858576,1.2988005555370494,-0.0010882018601076964
-11.408448944105658,0.10075097429650687,19.121325289933502,1.3103272684352323,-0.001930783692192026
473.96396592289864,0.07725747835345702,-18.747639327202045,1.3015554875794457,0.004932347295213331
142.1245480855315,0.017615516003215384,24.02771015612886,1.3007769802303735,-0.0024858557020606157
119.36278931035491,0.06981936846226881,-23.97328344093224,1.3057630211604725,0.003281784913812489
639.5149163402924,0.01441230952175657,-7.001254394664858,1.3113845647804527,0.013500553896915108
-116.21210717251728,0.04278183407861599,-12.1527133813317,1.306397592891726,-0.000953977073602329
-317.76294809400645,0.037418713140885525,40.71869312482475,1.307428629735127,-0.0008178603198706023
-317.76294809400645,0.037418713140885525,40.71869312482475,1.307428629735127,-0.0008178603198706023
465.8324124302245,0.05124090819058097,-25.09062702010435,1.3053630069430844,-0.007900967534553275
600.6155610312223,0.01790546757672795,6.430212378882942,1.3058705486720406,0.00065705351024083
608.1761279338866,0.09204235403145744,21.153475733748074,1.307186477813091,0.0002976851778307577
1355.5047007031576,0.04616917266653036,52.62753501594817,1.3118473414716312,0.005991472158002423
1186.2458805848364,0.04160132999686328,21.217966196607442,1.3129187089946914,0.00018305361347956562
-366.8610105992924,0.026961250335423157,13.071204515319803,1.3042821860881728,0.0023257326915326424
780.8146056740491,0.0054024731805635915,-30.994869065091443,1.3149760414465599,0.023050105564254325
-56.679256298150335,0.058539626774543774,28.33894261089339,1.2948612403364572,-0.014541328753087245
98.49742097515713,0.05775555862421824,-7.442149178679781,1.2945680525991632,-0.016589635604862856
633.3752983426809,0.00408942497862002,11.257388333188684,1.3120218564287798,0.01521396681985453
445.8913643413361,0.04121029291914818,-10.56007461211885,1.3154548057584183,0.009825177205727969
-489.04018318476705,-0.004459847895027191,36.84230625233252,1.3017148308801998,-0.01664293487893708
1183.1646377316024,0.08924870786768438,-37.50675740247693,1.3057474735057262,0.006231018018555663
226.5497839700456,0.08862494548463669,6.436733976980065,1.3071946461577202,0.004020650842713849
410.8006712912746,-0.010085369166713397,-1.6699339411695426,1.2966282462714867,-0.009188576946088704
273.0002820454737,0.08206395789334103,1.4011691026658717,1.3097919677024252,0.008258290926387857
412.7664570206265,-0.007013446610735769,-1.6148339675889947,1.2968395069564493,-0.009773403132663741
671.5113969920428,-0.007700170766905018,1.203990976574957,1.2949971453999063,-0.005987064489045625
389.6092666560396,0.011659932171829344,-3.966049262532528,1.2975736860178821,-0.00988241224467401
484.747603148552,0.06223019171826838,25.163687943455173,1.3125541637657494,-0.0014759037125833306
395.445577794114,0.026076284418974225,-43.03298660931277,1.3120749789008188,0.006577289752770879
487.13283706233614,0.05527816982380082,2.851964665427765,1.3161871883126024,0.007456837249779339
-447.1134775311609,0.026693993043250763,-18.10232672256795,1.292676516939791,-0.009845127015194669
449.04786151525957,0.074800013251441,24.353478561639488,1.3098774614091029,0.014241311152198472
749.6519542258291,0.07353004881851027,13.611920663031816,1.317660422863438,0.01206278914054082
-112.43229292564547,0.052830007155544687,1.5896062472731511,1.3102104108174546,0.012641981945697964
360.3086129750863,0.011038168996945942,4.826216985047082,1.3008197085860518,0.0016463838313134466
194.16634774931632,0.045085296769527355,1.428793045473037,1.3105286424129812,0.0003361442202940946
746.708641235191,0.024334359076013435,-4.067563985014482,1.3008648114907273,-0.014506485487143797
26.63158314112775,0.06341685367220061,-2.347771495584496,1.313204765366718,-0.0005534914214071832
220.34038743285885,0.007991194660145855,-15.399963541171568,1.304160935841255,0.0009464954920675658
545.2894471369095,0.0698040228199453,-10.921587573369335,1.304241183130492,-0.0038637498852157593
660.7819516007055,0.013472124463579094,2.2074176769181424,1.2951717350399923,0.002427405050681484
15.387548139849628,0.11686866806510827,13.8309628290875,1.2918647595302974,-0.011549575803258386
77.25696997247397,0.06743625423406065,10.622505179520477,1.2981855640353994,-0.019901344460718985
-217.28836189805247,0.027466957626359496,52.37618887510166,1.297180337717423,-0.0116577477216002
-398.6732217897965,-0.0007302622474539468,27.7435684315996,1.3116509245676338,-0.006722715132232703
1055.0476068021358,-0.01539963067196197,-15.808785778425712,1.3045174271429842,0.001588526675059515
238.7966518499852,0.03976709431845777,10.00217575127937,1.3034361475594287,-0.005234191182120858
29.78242274877526,0.0422032242034032,-2.2308842094979813,1.3007457995467746,-0.006013318597434875
29.78242274877526,0.0422032242034032,-2.2308842094979813,1.3007457995467746,-0.006013318597434875
299.25294139981384,0.03438960979729502,-49.148466204165736,1.2987630011708051,-0.001111416315437758
276.38326210014696,0.08773319761447504,-27.29023905000539,1.300235646765421,-0.005367470389507271
865.2316039756503,-0.01536592818068775,18.875973525313853,1.3066334100432113,0.003998942182002929
222.85228889164415,0.06020732187513937,-5.015042058873663,1.3066558974602072,-0.0003120215364517372
478.9283596151545,0.0032757108075804914,5.222780652281536,1.302394132909577,-0.004105145797187444
78.02174558466635,-0.01571075570658142,32.7475985873822,1.3010482235611385,-0.010556373056451537
597.721193812826,0.07586837797589915,-32.40709369441775,1.3052068696846055,0.008947406815151852
222.53209795303658,0.07495857157140486,9.100104536267065,1.2968090649099768,-0.010983102777999906
-104.16351743929295,0.08471383685150218,36.4066579695331,1.3012594500156722,-0.012947347331503068
-510.9415668793264,0.12664643785938595,30.600341664564993,1.3071353693794414,-0.009628305721349656
444.98830249840285,0.09184284007909008,20.733445324688482,1.2967141566094171,-0.006441136449787079
323.0345939500253,0.08685404904797989,19.059180811977306,1.3009479732014673,-0.01915134299635134
445.16705349117996,0.0008315902642183001,-25.608850358909457,1.3124982105758765,0.00534037752480709
338.04430598526517,-0.022474917847352657,-15.782820103981658,1.30401261646388,0.009105911805850898
232.61193291283342,0.09990781458049293,27.08703113331007,1.2931553162323914,-0.01561969240057555
472.82652033527603,-0.017519498924779827,-29.77157906019991,1.315494903315392,0.02413834746314332
659.782926884748,0.02404799481274867,-3.869496399109579,1.313460347684243,0.008611157485402096
540.903630976606,0.0029033673548791526,-36.294113522833655,1.3101163251436696,0.01591989001575929
844.8971763577624,-0.0001516200520200843,-11.765931246146707,1.3062069183227791,0.0006595082672344078
590.1812834420073,0.08125747102043251,30.457887626148462,1.296383182873846,-0.002861308992190818
-49.322554228011654,0.05871932562876683,-12.017558255187792,1.2992433399009355,0.0013820007779001744
565.276638336238,0.126568336784138,-8.059600854333313,1.3015968999517082,-0.010919286837947753
-190.15582463414663,0.017383053767817472,-17.803969922571273,1.3017237508312323,0.002069441931973089
-73.33406968957883,0.02540759239085094,-2.6981753623687865,1.3027167320646134,0.012416315171924878
1364.3338970001691,0.02036374515053068,-13.924475536474088,1.3068851613612313,0.018592992509245933
-241.48212161030108,0.0362253451052162,20.532670282852422,1.3077785094466008,-0.012189290582663742
302.42253237341345,0.03809753425478708,6.86353697282582,1.2887560425011781,-0.013413137759307837
231.02079894347654,0.04552197436959381,-13.664667501709413,1.3145665010016,0.010998947314579493
669.2326116607729,0.03558160053988284,-34.32444194833338,1.3113712648597873,0.016707089219216646
97.97238405015807,0.030882078589672804,27.775083439218058,1.3029256384555687,-0.005965774894802152
37.10555821053306,0.0218322936689204,4.020162710345314,1.30423218732244,-0.00825847205820728
631.0645886322691,0.07055796177198062,-1.2958470651758862,1.3011864677725438,-0.008128865039590434
396.31806712395075,0.06225406582041578,-7.449365522144524,1.303046836475339,-0.010850801801541386
408.5124771106051,0.024306449156642283,-2.7096683776892405,1.31416258527404,0.001874724627929666
588.685853548324,0.07434227919388495,-0.508819241059232,1.2936989862440251,-0.0026653198956465615
7.1789202317648915,0.018520676334202422,9.015979640715166,1.3054849129185837,0.007698517594647273
771.5791623783057,0.05277170728835016,-5.157759427877975,1.3071424811601011,-0.005216658123961049
969.0375423606961,0.02969883120290288,11.69991980402945,1.299462221773578,-0.01012692659938495
-276.3325765263262,0.04567595668616058,-13.824806397043726,1.3084722576931198,0.0012863322811665048
538.4264363369477,0.07790423405603877,-17.599808174528324,1.2989837458377917,-0.0061271261650740145
279.01702640029475,0.01518201070059793,-0.2187840725666348,1.3107645581066367,0.006517194328836325
547.9093107396404,0.03819750824198413,-11.858869732115105,1.295601024101905,-0.010081570642855978
428.826988646069,0.017345888361427815,-6.034311513943834,1.3170858364202558,0.014486047262584921
365.81824276261784,0.026691780605394476,-9.706244203906811,1.3187605924279027,0.018756052370912345
-116.46476592075612,0.006520507334542694,-7.463070846027232,1.3182870570785434,0.01689573202603984
869.5692640322618,-0.03246628994960771,-1.434218316170009,1.300028715938783,-0.004888078197496209
-206.70862086308256,0.10117218363585564,5.359454186120798,1.304708288864674,-0.0023593655435675373
-605.6154615590025,0.011062474065567752,4.626457501293667,1.3118163731176649,0.003649825315488444
224.8117376323371,0.010268255687688233,30.516504007690017,1.3076929397337187,0.001242826136873865
58.28751971370008,0.01802416307606787,-12.545220545331336,1.299160225920261,-0.0058962112500039465
-233.65463703219257,-0.05327150647241624,-38.53404603999482,1.303644680969716,0.0007966547048162834
255.3389478625781,0.029463341461999124,10.332907173592012,1.3057449048396628,-0.0012818982660383216
470.35494924945965,-0.030094410899832218,5.087024545542637,1.299581122350771,-0.0035470288880382413
-337.5345743598946,0.08412078511227437,-0.8379910088577986,1.313271871507256,0.0049195540406749595
-413.7948871538201,0.08935403274725198,38.06793423103016,1.3002600201437857,-0.007912356322205069
490.9814541930243,0.015668615073432028,-16.62035483507411,1.3035499397695507,0.005937888469166275
75.2710373202145,0.09285368280419334,-0.8181617277958555,1.301083575639663,-0.010731278917103557
670.8266874071655,0.003702169524639018,5.200230892843777,1.3047035389182278,0.007922232696286351
457.6948873761871,0.05095167013403097,2.210630887293505,1.29872249106586,-0.004818503941507686
250.26127920590667,-0.030447842381188656,29.715174747377937,1.3016587304754463,-0.006571371766507002
638.2983184239549,0.03865832018779624,1.740003322738474,1.3022399914404086,-0.005627596898247982
613.0814421422713,0.06771132350711644,-5.623100146970583,1.3130621558912237,0.017827802569784855
851.3184606638259,0.026880767823543122,-10.5660042440184,1.3140118986513476,0.01135641393393484
357.7158393680756,0.04428892336453955,29.41350200449167,1.297723205962013,-0.015500738484191538
403.3959546882548,0.05989379014128307,-11.065313074361068,1.3123821061000822,0.01680481693644198
271.2661667312346,0.02684727103594939,11.307319926146947,1.2946280344237928,-0.009754451561732224
175.94797267517447,0.026346839874218937,8.078448667271697,1.3014780190603286,-0.013714035897282822
-210.83290255664173,0.022573736319815383,-7.586413461426265,1.3065554156079897,0.010104905656459245
69.41217312158813,0.051771347319544414,-14.809536830237313,1.296639579391421,-0.015586865886465972
281.5764809818271,0.005163997105083521,35.99968222684757,1.2968462751497767,-0.02496182237870483
47.484581927354185,0.011528882089930774,30.06281225802868,1.295979979816383,-0.00850933948485693
598.0883427496946,0.092974137214952,-24.7797056794727,1.3078470782022489,0.01790904473645257
589.6536912442201,0.041808142111922256,40.102414757995156,1.299113769443875,-0.00628101174432378
1460.267760441647,0.0028021652120759355,11.546835521444276,1.3104094871572984,0.009130434768850048
1187.875776521122,-0.007183471478434754,10.045442536198683,1.3112706940950596,0.00800858062001519
-461.41011070792285,0.10563581287580397,-13.232620188798514,1.2997725966551572,-0.010887986806340713
-286.35988697750986,0.01980621417056569,-14.636828726712395,1.2967481919522716,-0.006885348510011187
933.6944336347086,0.0608335156114075,19.4041714328732,1.3070868729334808,0.006583263856032598
-367.02129273909566,0.02252834440552908,-10.526059695643866,1.2902637175554672,-0.014412573180425221
-37.55128294295832,0.03360196009607306,-1.889629828128777,1.3047028075963425,-0.008700714476215891
807.6542532854735,0.04430218691137983,5.341679189589247,1.2994484229247194,0.003864328217780036
657.4801020925713,0.0730872958524177,21.089224247017224,1.305074860951603,-0.012728041664449507
-239.21895421464438,0.028313145035622038,-2.4041765889138595,1.2929093040012054,-0.02204345648732018
885.3442446227361,0.05040538518970489,4.579545572077166,1.3114833893962832,0.005462569062700626
792.5789825454773,0.036144611481502234,9.022133830310903,1.3091732834665846,0.002321308590551411
-517.2732777365957,0.06231564015950165,24.039841589131512,1.3097324331707083,0.0035384314959345797
595.6972963283156,0.022403290769667523,11.939578411996614,1.2959970487785268,-0.01667295364276502
695.8678916840528,0.0385173732859126,-0.7690615543622323,1.304228467337532,0.0096190746949913
765.7945349803229,0.026117546985670367,16.810784255050372,1.3015015587809622,-0.015823388293332193
-66.80486242467396,0.061150047399953375,-16.615618238052885,1.3060823228781038,-0.008810549870874129
1360.1247713465955,0.07104584708765116,2.5560903584218515,1.3052717057206613,-0.0029741099556076815
-667.7529280313533,-0.005062991337280769,-1.0884784349462997,1.3024881963521016,-0.013671585518923415
1004.2284249392419,0.07928946636472751,17.144580509795276,1.3116333610593376,0.002711809964179945
518.4281889423905,0.06558294778313487,-10.274342504617689,1.303462449902507,-0.0033971504239058902
123.98078663491066,-0.002184448472656515,14.344727921928841,1.3004142871974902,-0.009052138663969185
557.8826563183064,0.0260189432083578,-18.979942769425637,1.3106304218948086,0.015905839467130343
570.2556322621017,0.038274097669152386,7.585521702385293,1.3113652645116955,0.002682592904422531
-72.86937581637085,0.016052721426063857,15.675097387097814,1.3009869515767776,-0.002101990791632812
691.9052431752353,0.055459460163658165,-10.746903584568154,1.3013982452154307,0.00602459820513734
772.7240300079816,0.0555067917962466,21.717536362369653,1.305588686589214,-0.0028352976399026357
-289.02725824690765,0.027220503206086252,-19.984040074382662,1.2986643680915884,-0.0019938134296950925
143.72052467927335,0.023584941492164023,1.0814959703490885,1.3086337848739698,0.00794852482076845
504.47905748390986,0.07012946296065609,3.880840799939193,1.2955994764995802,-0.007252213550904276
435.8210581489906,0.03529855035119698,13.227133140595967,1.3090763753797958,-0.002136493190404355
-172.95180508056228,0.046449413707507665,-14.649106616414812,1.3009704405053304,-0.0004007816110117332
140.336334701925,0.07965495616029049,-13.846012922104999,1.308915523297477,0.0048436845890956915
140.336334701925,0.07965495616029049,-13.846012922104999,1.308915523297477,0.0048436845890956915
791.542821591121,0.06887460078540979,-17.13746695976903,1.3013970458435347,-0.0008393192396167152
452.2050981254982,0.050501361832299814,-20.70191092914828,1.3042384301470302,-0.002680959900386873
256.0454935840214,0.015096235474691605,16.151989129164853,1.3048069783462488,0.0038300370453435454
632.3604732770168,0.07347679914693708,10.287868580125611,1.3087226913134633,-0.008923377771804866
-455.66096373768175,0.014041715980731777,-29.96368299575434,1.2973111279986183,0.0019547555616838477
510.3757658756669,0.02252771864940182,46.88714138276087,1.2970619086787107,-0.004254709762261428
582.4036632323574,0.05929745652009325,17.389789850434525,1.298964789859415,-0.015281479042870333
601.8088066437879,0.0860699518291025,5.714411213987632,1.3145540735793075,0.009293137538992722
495.04310797177914,0.03380263094213055,-4.915246301458545,1.3053225506822606,0.006525620586791141
850.8239586629594,0.003943832745151768,-14.898209195836046,1.3097719887033807,0.006764838625053654
230.05753881145387,0.1312460501585098,17.223126495949735,1.2968979192657544,-0.01470199039668691
411.0245264982861,0.1518162123650324,-10.678149852883024,1.3073472134266466,0.006348515144554857
-107.70195600852033,0.12714237128493044,56.882470566711206,1.31191094348279,-0.0013738581696124495
1024.871137374123,0.06562696431602659,-18.414608442879306,1.306331094925673,0.009996494071413231
122.80331717166081,-0.007065544398185672,1.6371917262662343,1.2920192240965107,-0.00960893127914118
814.6435959122766,0.02712429693075551,-33.02836168902275,1.3090101188271341,0.005258627036159587
593.66655390916,0.07312149066368515,-3.0008269058402757,1.3226184312855407,0.016801886184061712
642.6032506342674,-0.010209941932145857,9.201050838926454,1.2975061890598336,-0.01595236656358593
6.362833852673816,0.10053146915728876,-7.147695835082345,1.3071397410958407,-0.001924291024975702
153.69414767903612,0.01507708576427668,43.43616199235454,1.2982010900245036,-0.009599486319538357
478.3820148497929,0.09460590990815076,-39.0694093760448,1.3051520782803858,0.011971640727205093
609.3609360344399,0.14806324838211762,-16.896986567930806,1.2992812811583654,-0.013461168252246032
-19.016210528108736,0.0008326579944370471,1.4144318192943057,1.3075736360392483,0.0012437394651923978
421.00422695120557,0.101595468902842,24.5248758137909,1.2995861594319644,-0.00601333049154495
150.59941423828286,0.05122065282136624,27.728811683749235,1.3052843443757907,-0.009872240030455665
-101.63406667930747,0.0312596979499866,-19.6931604053893,1.3075920918989878,0.003379835184091725
69.0174263113501,0.001587845804648767,14.441994600724584,1.3070733335349396,0.002000051485216622
520.7083172570622,0.055880947982733964,7.555816191043101,1.3040438699855814,-0.0042257956395633295
137.21465070248436,0.07272927024506728,-24.894756163907605,1.3193924613555605,0.013896157849011303
1057.4041806143466,0.08746347718840077,-26.06232738993162,1.307370847574111,0.01671791748706305
667.8979531499597,0.08017117339087944,-0.06815416801294916,1.3027025038889184,-0.00931356234810305
-50.42351962134466,0.024237304013390623,30.08931898260169,1.306989218421379,0.005920056134282607
223.11439364738726,0.025147242148185207,-37.31712248762461,1.2980680448472308,-0.014177064344604612
1055.2409028694244,0.05513761499553833,4.759258475919911,1.3124683471124448,0.0036734324449991433
509.04416659005796,0.045078525768531046,19.389709123493745,1.306712616626736,0.009063765228296168
501.3559650240275,0.06171870821142489,3.568528734181953,1.3188846386031103,0.007683502718146073
615.1902743963204,0.033539977242845506,14.840936572165493,1.3032800053800584,0.00962592624065593
784.3877384855709,0.02977572738518201,0.9041995897061916,1.3060945476735661,-0.0037201738537459127
-98.30215020965758,0.060320892249193236,-6.370770661741933,1.311891476601145,0.0020427898281119815
-363.0996251087363,0.0866980845732163,23.87470434972655,1.3152238544745405,0.01211642978402732
275.8764671103644,0.08306306128371506,8.957534110427163,1.3159595195397076,0.0044266654775980685
795.5219857112958,0.05444347307381828,-14.36932087566655,1.3085407879347157,0.017389039020539857
-407.2775418042262,0.05626222830653438,5.958431360314814,1.3074166366212723,0.00012172395279093102
216.9256332604557,0.08965830974090866,4.865763501672961,1.3002642975808525,-0.007692620444560852
930.7992030496692,0.06503672612922268,-4.159070259617089,1.3020973582412227,0.0002476249539462884
935.7439821555972,0.06662175985506356,-3.3200132701359943,1.3014415348658692,0.0027050428217737527
7.242270265510115,-0.008951505340733282,21.229995142540464,1.3056173397170912,-0.01026117949281998
160.1973277314088,0.017581997468903342,46.18841826554071,1.3000499724518113,-0.007042151849753646
502.82698813817996,0.05397604127034109,-44.225079267627265,1.3060431728794828,0.01578002014058706
471.76183317086634,0.017817517049908943,35.27029163061989,1.3182081826303436,0.012611504115788048
260.90643513616766,0.0821810868746631,33.71942810476127,1.3054851224224617,-0.012090812659065031
-160.8859323819056,0.08079437741042991,7.995466772632419,1.2982029339068228,-0.004516575832250367
72.03287537776424,0.0018799819241195163,-15.013049416030418,1.3121607959496624,0.0033511773718420583
221.54431848696385,0.08103501777178468,-5.973099666714946,1.3002846053160597,-0.005981026221552014
1139.8322649437878,0.03609609299790034,-2.261721807586169,1.3112834281177008,0.009948097952992082
291.6030158962275,0.014046663272670023,-18.875314017200328,1.2911875466049532,-0.014254675191077584
-290.8850487670055,-0.0035836861026355567,4.4427740106571605,1.2903810863057403,-0.02583384431175346
1140.1882969584085,0.009760118787916376,18.55766597723217,1.2985067785567328,-0.008443506743971688
455.8946821825398,0.009196857866872422,23.005080659308998,1.3054868875018268,-0.0019354963923850976
195.99990830701657,0.04081035079737323,11.257981852696055,1.305176868473631,-0.0035618023877103337
970.176299913626,0.038829125026488207,-44.489286775318604,1.3031218067346615,0.008354598646324027
490.4058853419564,-0.0004357697284751655,25.509634440503298,1.3118104340060142,0.007371080602044298
212.91132214559403,0.060689992276624104,-27.651159708079057,1.2968747810290102,-0.008055081561129412
99.0940757836706,0.05450785781613518,-20.008906024288628,1.3067229121152018,0.011419422506325067
461.3841045959071,0.05284760544636065,-3.5687361120890237,1.297902132562295,-0.014516120443578463
282.8525956250637,0.031824101351934565,-2.4724216578755005,1.3132612966550983,0.00406290271436802
500.71941027389386,0.06859981301157397,-4.955567818811792,1.3022897964048172,-0.007326385541845271
776.84990422351,0.10356146654299987,5.708648198571989,1.299875716979268,-0.0012352066639065647
817.9517224066782,0.06501876275521326,-5.299863561664393,1.3086043743017355,-0.0022292716364075
289.39635994218435,-0.02540393693654254,-19.29425082819424,1.3022076807817007,-0.008321881939911705
356.74577109062227,0.09275733453783758,22.677247171302845,1.3013126291799935,-0.00961566075456986
142.9501616587594,0.11995204657896945,12.98258902552761,1.309988595630267,-0.004285470532676648
314.8791472475893,0.04230659234672634,10.038814017315788,1.3115052833198755,0.016460628609226757
833.7650969630089,0.05031876909810212,-2.4013413122234706,1.3102256986451122,0.002160600522776078
182.70969992389917,0.02980753186204141,30.050966660873264,1.3040504131626638,0.0011225932080775164
224.59414784247463,0.0066884158635999,8.235496825546882,1.3079418310975925,-0.003401960982562418
-309.3698304241886,0.05792540138968237,-6.9954845429683825,1.2990444944307251,-0.0019079451663070362
926.7181956423904,0.013423459804095443,13.068689764777329,1.302913847331367,0.003488717296374708
-261.9725511846195,-0.005551177984396086,8.831188320111059,1.2974820663332882,-0.011588645127010615
868.9441543926403,0.07835230831151446,-1.3439495770495355,1.303441682803944,0.000888961766562571
-138.67271826449212,-0.002941287925278386,-3.5356511909719295,1.3081744989983495,0.0025955358073868366
871.0147287661102,0.09141452945572354,0.7852943515098509,1.302966534830294,-0.0015518767353745622
-266.52416225231997,0.00883880217404396,-15.23192769646051,1.3015078472209867,0.0050079018361226845
788.9548767146596,0.0780229648920701,4.572444765045217,1.3019295512588855,-0.015214743703622035
51.63646377654186,0.09976749406420748,25.965427275603837,1.305948551007082,-0.0025498396824549553
411.29275643536056,0.13614895536996605,24.370114973006622,1.309030453724461,0.0010190984214530703
558.2076844506896,0.024083963644756554,-22.857252691611514,1.3027527612787089,0.002458007318953546
1144.4971691218739,-0.022217073954420734,-12.832287417531148,1.3019613209859506,0.003630531752121635
-471.3559369938765,0.0632123519427967,14.276670025541291,1.3042264157667527,-0.0021200561491194485
-58.81800160457442,0.05128111888067234,24.522618427624266,1.3039952361263365,0.0001998382396861736
714.6429063190004,0.07347513874783329,-15.998408617301813,1.306583385915909,5.658536201148421e-05
1303.742818725159,0.03334971712988254,35.43313122788014,1.3026723316698083,0.0003784860271714681
7.517653298786399,0.04649723257156629,-30.60005147964065,1.3159042061857282,0.014191294419519175
-283.2511626797586,0.058247804742702296,-8.67359858410293,1.3135762953842125,0.011345034543476563
1155.3993423454478,0.07128044019272672,3.829157834737981,1.2994498547942015,-0.009128377399620708
271.6949568568434,0.10743397777342792,-12.304059667333284,1.3102169907712375,0.009598363334875869
59.8240669380061,0.050215370241176595,-25.975570986539857,1.2959452198796486,-0.010779461443549378
106.0381146449032,0.10251803210107938,46.99090186250142,1.3108533501418154,-0.0061173514795751305
-511.8977770945264,-0.02201004235127287,-43.914115462818295,1.303933395574606,0.0020776391637350386
-120.55587087278707,0.024049852225637304,-52.28772304719513,1.3072742987818196,0.007564884694797391
1278.1119510417784,-0.029991033931673263,2.9686018019865763,1.3081075887452112,0.00798728376640525
1138.0374564840308,0.038443129672190865,-5.422185320542312,1.2947059533562666,-0.014216230474911686
90.2003257462959,0.038675619695012306,19.866304882112054,1.3089570995178132,-0.00809577785360503
1118.73811380523,0.11738022069787062,14.655584655188798,1.3039795526278517,0.010071621269061345
-168.9355406622608,0.017459399398553246,6.244442219357449,1.3176246120552293,-0.0027731878507331227
1033.6707691316242,0.043394944449001945,-23.344191788371376,1.3039233155587624,-0.01048177742289471
793.3155650014153,0.01160965448457011,-19.078281560320846,1.2995326999163368,-0.001512687576159434
481.3844778487376,0.014272539146109074,3.4101825295240875,1.2969543556683496,-0.014564977780743886
1205.8184656670946,0.09561264097655361,11.807702255651762,1.2904618981746576,-0.015632389124062104
76.0561276906435,0.027060119396154395,16.065529653238023,1.3040525395137825,-0.0015849849441618505
-10.489705515013782,0.0493327497083836,-8.227532586996418,1.3015173003428313,0.009245797054523025
481.50565010328864,-0.007642942068320516,14.712793123172945,1.3098115893389057,0.013062371394098111
380.25347074006953,0.03013983734420843,-2.6432896020836605,1.308912690312453,0.007656294653984316
990.715195401503,0.004137421458227004,21.705178404578092,1.3002664281764746,-0.009591073298478227
347.90824703837325,0.05109415712776273,-5.956827284245943,1.2998374229473058,-0.004338318149935263
-54.278788070719315,0.006940126320148902,-44.68386719398024,1.2975777457521693,-0.008025917889605789
794.6746466789887,0.0735850905842702,38.875241125812174,1.3149741380317328,0.0044605314250669124
715.2314601701012,0.07650606371660686,40.93521072918474,1.308463200453839,-0.00600865717268124
66.11287568575688,0.05946195354024016,11.57715606891086,1.3105793935445424,0.012503932162070476
1085.432838877267,0.030485659295606666,39.99183364477707,1.2988100425844307,-0.017015944197783905
437.7265196924107,-0.0030192725001044196,11.48528116139865,1.2980176996316293,-0.00588779118195599
267.04090582533325,-0.00940129030821727,-27.72964621576165,1.3166187074265334,0.026405533279565546
428.7974223589501,0.015312170530375216,1.1539524496820768,1.3204304967513492,0.013158891571936455
405.9118428224659,0.017446132649447662,0.17295751166582463,1.3167397583587228,0.02498978104019199
-217.4862466952099,0.04837235396268871,-6.046897174533422,1.3008483795666697,-0.01398790953407426
354.84125507594956,0.013826749894317822,-3.606642719515235,1.2973130536203494,-0.0033374506717584384
1594.8827507404906,0.0823740769411933,6.424509219662415,1.2992562282661566,-0.008906755234963756
909.7978381653685,0.029011566281440707,10.687504718286696,1.307724349184584,0.010609357528524738
637.2857793628455,0.03574141606621331,3.921377362077905,1.3033311072232494,0.0034093308585191173
-750.3442415751854,0.08433520277361685,-1.4342474579263493,1.3127497724462254,0.001351269218381487
-689.6900219774343,0.04838841734031182,-1.4010531561576949,1.3041247492995054,0.0008863567357036192
-893.8915317469206,0.017319895977482895,29.59255335593821,1.3054495789151717,0.0036149563231863725
241.72952282038455,0.09249918587710679,0.7517569948803242,1.305889098882647,-0.009820686796876432
-294.38521122788745,0.09566565605819902,-2.787964241112551,1.303444227345756,-0.011565079516686417
797.1049351751196,-0.006986771460523719,-12.413762595475829,1.3056023439278441,0.006545744780406282
-16.834372302422793,0.08214216708154448,2.8096741260815286,1.3100576635240562,0.007049381194631006
958.1724169120828,0.014886495060444052,-13.436410568272773,1.2989389293491072,-0.017891017968742106
924.240289859277,-0.02336375885816453,23.494652892369853,1.292229722299266,-0.002038989043340045
-313.81965335210776,0.0501608350490035,16.188813428980296,1.2951067975704564,-0.012226984539433276
519.9505408202133,0.030023992763848248,7.321805864706823,1.3069857458815328,-0.003531074622503313
1083.4239937496518,0.02097637876983881,62.39956975745129,1.294283925152626,-0.014870440319457744
851.9321326040916,0.015883935985783974,67.12821224761586,1.2969441239203878,-0.016440778295996387
-178.89438794184292,0.036550505541444435,19.00831452661385,1.2957375208270896,-0.017639389520219956
18.782295471861687,0.030253547495114337,17.874103366544343,1.302916157976385,-0.004918321040963689
654.9588785875221,0.03398338061133318,18.787499868459946,1.3054318560958162,-0.0012369858984942758
695.7851363628552,0.020314444332805055,-31.72500442739279,1.3160276077935078,0.020557219613529156
338.31794884402916,0.027437880278757563,3.722214542164661,1.3119570596512435,0.010597351756377495
486.9790184919127,0.029573893956985002,-6.623003381754865,1.3176508172798558,0.018878705644252716
558.0869785047312,0.022936059263567246,-2.398102651922133,1.3191099999634155,0.02131940619814652
484.8045744429169,0.0020209273246041943,14.517735558150065,1.3102754110452104,0.006371084392621878
1265.1183420880682,0.03605862296035331,4.504351992392561,1.3055915379382108,0.0021964445797588604
1268.6673618276682,0.018741114136123768,34.043887364513154,1.3051059613322058,-0.012680654080041112
330.66906618711334,-0.0016215149385444966,9.06855772379188,1.2987297879854216,0.0005200743815421832
800.2782487181073,0.04211281733710943,3.7117176759990542,1.3065299401041324,-0.008552333859128083
-195.35806088255725,0.04766562358562197,6.156416936675214,1.2936876947438571,-0.02711620153054852
-225.3683178033558,0.06665884271345918,-27.46665906202972,1.304547437879548,0.00871011720155131
594.213420303626,0.011240032462841758,-16.220944739441826,1.2947924067128418,-0.0175842491359988
812.2515017963991,-0.005212959955843175,3.2512259887100825,1.2988489026382863,-0.0011737659890481934
677.9709924372839,-0.012715906140500789,0.5817326017410689,1.2985594580425641,-0.01323207267372231
1010.5789474888707,0.029924136651691545,-23.444996119376437,1.2979568146335259,-0.009357691888768846
1263.7692011136244,0.06278946049527406,20.571897782352377,1.3070608046612975,0.007321920073915433
695.9900630306255,0.059678274154578034,-34.338520629930564,1.3001735307484663,-0.0037737322491350573
445.34061457715876,0.06626695652800037,-37.51870156984403,1.2985854063882136,0.0006472770224900592
280.8191133936486,0.03224881875124304,58.571312032904274,1.3095538631978638,0.0025952259198647847
496.17439245821913,0.07960226001044299,39.51176594091685,1.3042352275634952,-0.008751203952380578
148.77596785645665,0.01712752816700431,-36.81799344614759,1.300090955105349,-0.005587867508069213
-205.13515620740907,0.139921485867175,1.1509511651481041,1.3053707282542837,-3.789125813597957e-06
730.7726805244299,0.11136811397144736,-7.8395571989122,1.2987480871021964,-0.007485568350180645
780.3645204491567,0.0479320222345964,7.6354525421981165,1.2979422807237728,-0.008639309843209382
-184.40586113085197,-0.0071465081101447295,0.6908288243869478,1.302016294799404,-0.0047911294446047
690.1455689446175,0.0362056817856944,-15.153327625232734,1.309435757733842,0.015252131170354124
-22.89382914297522,0.05327988354791047,15.765433435772572,1.2960963527180462,-0.004975841686559136
-152.3470933769555,0.10910201655547755,-2.934334309242729,1.3029146728717584,0.00026372807595157616
660.128473885531,-0.038419738154393195,20.862803517238813,1.2884027726236773,-0.020006366440217298
878.0757884873805,0.05329448081803678,-65.66323495087373,1.3137045470687956,0.01697029573148024
394.2083451972131,-0.02103340946103121,-20.681399699264475,1.3010426994166837,-0.004772397460188871
78.81357007338974,0.1167265619347442,6.390473198669808,1.307266246788976,0.00396432808056296
777.9358889834805,-0.056696742020021916,-42.863741507824194,1.3029008253715275,0.0017163793046541974
-7.235878755953934,0.12372464587205056,34.45842309601235,1.3119509886737215,0.003349652555009976
369.1482727980217,0.054875127625382984,27.694223989285437,1.306522904500962,0.0003383750940969114
-63.29632998989257,0.08685427513411839,21.40142215326058,1.308202951295428,-0.0002842548226481348
321.6959200030205,-0.040113039225930264,-1.0603009514670418,1.2994081025988498,-0.007196083267940314
584.8472976693786,0.06802217394464141,22.782421731257106,1.3095627730739023,0.0031342890295914722
166.94706574516704,0.019371208903245337,-27.543947098662457,1.302802475372237,-6.400704063958939e-05
658.5342911037383,0.025195752620969403,-36.1107753622981,1.3102381980955373,0.0010905911527893158
217.62165071313623,0.052982521411201584,19.57005328033333,1.313252050383809,-0.0027876892675738844
639.0495313800235,-0.06535022909187321,13.390962686261041,1.30025835425556,0.0021274173407578602
484.6666839202585,0.15369608578603194,14.73255515126116,1.3115471623820558,-0.011924156336242643
577.9240840192431,0.12056230592936112,13.676044656854003,1.2934724190917595,0.001959350395859939
293.00869699182823,0.07614283890773081,13.171107656198933,1.3116615304599906,0.0026605923889135453
586.8516852722851,-0.015576941595512109,-7.3445267192878365,1.2986442295021188,-0.008938117187364255
624.6200921149898,0.04133054435074892,-25.55068968925509,1.3007805359951596,0.0030917917823642996
427.82285381826404,0.03471302090092999,-18.147225282391236,1.3038642150197324,-0.004251043701865135
-12.737108695844682,0.10199064363157918,2.3187985744021518,1.3006071398428785,-0.0017501489015047734
874.2489254352661,-0.03290545217903186,49.855075702608076,1.300717074072002,-0.005479824806322944
217.1369694806495,0.02815369063867155,-21.433416908218284,1.3133900080962964,0.009131483570270136
713.4421860575683,0.03587681782946991,-28.18264623743727,1.3055258948689117,0.011315612046134568
361.41148264702815,-0.011860192961310884,-31.208224215696482,1.302086726101711,-0.003989544611213328
206.0909618715241,0.08873033410209707,42.86797186604611,1.2943695559502466,-0.025862229537138202
-271.49236932142003,0.06777250052205452,-42.75674319486848,1.3114518699729174,0.02118511553189264
-80.91433056408849,0.07203231188352198,-35.68802249220291,1.317795728861301,0.016184758691307494
842.4050429142578,-0.0016134075771369648,26.68805694965943,1.2958187096409406,-0.017281048576015427
-151.39509728241828,0.0866303472274885,-25.48008727852423,1.311866193607552,0.010028929205255057
852.0802620462476,0.0026710815245529,25.474703900041078,1.2968365841182499,-0.014922891013834302
499.2211613318361,0.05735065559353391,-18.81781888074789,1.2901070372226104,-0.015585665646600327
393.19649742373986,0.05583309988400353,49.492093873909056,1.310375135742885,-0.004235447558252451
385.34897165852664,0.017283047789584376,-33.0392173452667,1.2903761659837765,-0.021776211155426706
163.8124798088922,0.07569078860903478,-2.387241012163912,1.2986563932667041,-0.0019889007212759192
595.4594174018139,-0.01013795369022143,-18.151195183525807,1.3098957397417739,0.010326323864956622
-107.72540677576342,0.07543403164098168,-26.054551891212235,1.3200876272584483,0.0231023749959153
831.7128675972295,0.03373792307740332,21.64969644444043,1.2909397362785013,-0.022186959290408984
-75.40190498617739,0.06021508124902119,17.86619801386113,1.2943833925228638,-0.015495457609444343
780.9697237093493,0.007718581147356749,4.654792902704401,1.3089312562604516,-0.007026118005664175
-211.40041869146717,0.07333994900889222,6.40912861411249,1.3076672555110913,-0.004259183095860911
853.1421830209835,0.012594010841648823,-0.03684774383765799,1.294523784852989,-0.017207807242810604
188.09289072517834,0.002757836048061211,12.114646574869958,1.3083286629794477,-0.001375842059762808
-629.572267588622,0.0057843779318482915,17.481533344435185,1.3019301156156733,-0.004749392745336206
-259.04485406319833,-0.001164586217163227,22.112728280143585,1.2993129767969496,-0.014545772254843109
948.2306294927565,0.05838158037495356,-23.18729658281471,1.309224871512272,0.012145565981765482
-222.01961207105666,0.01975353919514198,21.11372874019419,1.3019540912466319,-0.005909590524833718
911.9850957546741,0.04366189396357663,-20.91499959120702,1.3057695221888095,0.009931648114939646
30.113486693043797,-0.010592071772212091,17.72215917917807,1.3035732513977818,-0.007657888710406265
151.26164094389333,0.07545618858339836,-1.6302641194782268,1.3087614671114294,0.006465420384134235
759.293128892141,0.009985144781096092,-3.2806801533161885,1.3086450355765256,0.0035600688506687564
1568.3626177346448,0.005311525223380955,-8.521521550796376,1.3039366423047585,0.008374208073627527
-173.44453416877718,0.08974269108527992,-16.888058832894167,1.2989785569801193,0.0024769517884709173
409.66859532904397,-0.0279714988680067,20.149654704715637,1.3032367361243158,0.0015670702984622868
216.97001881278067,0.07941889446253711,-14.31223316390544,1.2987899434694847,0.00032874092913980427
573.6390540780698,-0.000560929808236417,1.12853589901518,1.295652070653204,-0.0029972530102697504
-36.39880336182722,0.07951204514987084,12.104241012616095,1.2994487526393939,-0.0010504655555205415
364.3289581212416,0.03611883537175728,-3.8975227243641557,1.3029437251076943,0.0038995012165798284
364.3289581212416,0.03611883537175728,-3.8975227243641557,1.3029437251076943,0.0038995012165798284
254.44506113480384,0.034837937492609695,12.716656618997899,1.2976316229817164,-0.007326155319886233
-129.92986186007852,0.06757492031920967,13.869991797935844,1.307438245684227,-0.007137446877829405
-287.79362884994293,0.06178474837074769,-19.58163390720513,1.3034111329645472,-0.002373231790503221
475.6980403152777,-0.010638611244384524,2.587980098257514,1.3051813850587184,-0.0038695021224035907
-58.81696962285389,0.045388191031966875,-12.516113419416078,1.2991649812643238,-0.0030213461247314147
655.7827458863466,0.061686246786387074,30.87485679202846,1.3044073681384536,8.391442423289798e-05
1562.4907177781652,0.08847755537869118,7.50013335150879,1.307008380924823,0.0010231368166194552
-348.64946164845855,0.024970671913243613,-8.306242580075372,1.310763156023465,0.0025813133854286144
-90.54379730373881,0.06240189347829056,25.951821440059014,1.2998351391588403,-0.007376930458518455
-112.15384226760919,0.09356774837152691,20.00978749161048,1.3042522084871837,-0.0216008704310955
16.91942256896705,0.09683807607785432,-13.90295015920082,1.2968487918253973,-0.01665636699523578
712.2916647858723,0.023333948300467824,9.666751412378796,1.3139704696085681,0.00913398147989819
880.7014233415946,0.04062882750077329,14.524124218968602,1.3021621928839098,-0.013464628208749737
839.4773479634246,0.04935311216494731,14.209782940840364,1.300333654366097,-0.013759065577939763
633.2476912854945,-0.0029477732976286967,-22.60643353244836,1.2999271316337422,0.0050581772336908346
374.2321087122151,0.05869198029892317,12.528414755151896,1.3071716062701875,-0.005668329267994408
580.5878874377875,0.0032568188726323465,-18.295798733369743,1.3008945507227756,-0.006282618038275154
729.1167353911338,0.010098051237056604,-31.203278638292318,1.3044263564635359,0.00830053773149606
678.9271934353865,0.03598060719383343,-11.103517136445044,1.3147240591196518,0.012040819511088246
422.3257728308623,-0.009118589098934801,6.826668994600819,1.3034830604259542,0.0017260485559857982
661.1957064803629,-0.011075656176504248,17.546277966145936,1.3105936016229154,0.0014908883389645562
17.133340085538038,0.06900971417057108,-16.811465354865728,1.2958795826381353,-0.014024784888692125
361.70981240548883,-0.029995453996178232,10.585943557866317,1.302262470961313,-0.014980199619875295
289.81418998184347,0.09936175582988845,-2.798294653962321,1.3094988473424503,0.002730358158335002
219.61261413100334,0.0922588794184698,32.75257811427429,1.3097387272569472,0.006871193591075544
692.3953116946993,-0.0022549274625071926,-12.29722707881442,1.2957972994429556,0.00023413387358247554
-17.01193959141881,0.036214188338302575,-10.073637345409427,1.3108209311907686,-0.0014945666383353261
-222.83716109043763,0.008471889448933085,12.88901118585167,1.2977720436662217,-0.003700271490501938
1158.7129204934822,0.12287893059965968,-26.53154853682293,1.306239768048128,0.0014464736131245262
-498.29866524269755,-0.03693464164746989,28.75633763738587,1.2980697647179464,-0.022487303947061697
52.60314577670681,-0.03702653626458538,24.58996210590334,1.294130950099227,-0.017325397133830106
829.3159032506023,0.04514226445278171,-0.9996182730400207,1.2901516516866627,-0.018558658103700824
168.05461271093807,0.1082610828081238,-12.568245173465616,1.314091517242387,0.013776564899082501
410.0105269768753,0.07578522163781423,-8.048753925650988,1.308120570538667,0.002225092607828256
-352.9608283700335,0.08418557264914124,2.9893820013936248,1.3089263142525052,0.007532062414700502
-204.00244610297318,0.05647851787306161,23.092370617464688,1.3064070301952584,0.005938925857089759
934.2014451779214,0.03074362902551027,12.722367409530452,1.2941611651297422,-0.01144842152104078
1226.7741885591995,0.020939000767024193,8.278529756287265,1.2972602333517163,-0.004900758275516762
1501.338607955433,0.038150962271196444,13.62012823129237,1.2978003264868057,-0.0077879968150956855
294.68689771815536,0.006627669358296343,9.032621803576756,1.3039957082639784,-0.0038983969404439633
866.4113740131564,0.0510928105144066,-2.5287714341901593,1.2991195764029835,-0.01765031469293226
821.3235564540898,0.06618502546058165,-12.734559078192897,1.3062072848011852,0.0037200066788485274
-88.80679750518914,0.00030043856500706814,7.430899518934773,1.3045980486025626,-0.00282674208902854
850.4427580556107,0.06278789968411175,-22.580293323279086,1.3094269998885224,0.01256102165994653
-80.32898711475531,0.01860859409385096,16.519931424465547,1.3047698370726328,-0.003405034032231996
712.5074750655947,0.04897341129361969,-11.89153042643703,1.297495488454474,-0.005596691512958963
317.0873670547309,0.019253490586326028,9.633410523370829,1.3090447895518855,0.0047449160444010844
627.3809207387397,0.03822659393685779,-22.861864021664285,1.303553238339618,0.0035535901748334014
227.05694302133196,0.06281483264020868,23.951192141645297,1.3123113918861886,0.012954012776757682
585.0781446841123,0.06549522833647052,-2.941712667558896,1.298588942375246,-0.013352125559581677
109.34961973012355,0.008766554672587572,2.249064070268715,1.3096869794931811,0.00043874799786907965
615.1490151573306,0.08210256523636611,-7.012444796663324,1.3009577888693227,-0.0036469554176243417
471.9345323920938,0.002680086425278538,11.585228034424103,1.3092712563893554,-0.0009858237150651428
-260.9954003567813,0.01577600333719139,-22.797480333865728,1.3023413087949862,0.0033236549115177273
1216.6627299848546,0.0385838522423974,18.801469613811804,1.3016717823030644,-0.006073889247990418
-369.40002709154186,0.056969704107470376,-6.392771205648577,1.3064816152721836,0.002066839127605745
-52.28598396655309,0.025842158257159294,-18.06971406446364,1.3208287096752955,0.021952816345469913
431.2120781007504,0.014343271147462542,-7.418226064282646,1.3190522379339886,0.026316094279488285
830.6226508810461,0.09496290728802688,16.05267455494593,1.2970503732867318,-0.010763029007002323
-121.06550903566503,-0.00864356376135357,-18.500058903385145,1.3119596822245987,0.009695818017054311
435.6679921264234,0.012447413593573377,36.894843733260444,1.304466658128797,-0.003573298035536485
467.16215889839845,0.06312743114617253,-33.969143516721076,1.2992224785018678,0.002701676322280292
349.2236183461115,0.06465473641662682,-21.97236660332672,1.3051741781983461,-0.0005585212527828912
949.1272859485788,0.04196907529974521,-66.22334106593428,1.3059737717821842,0.015545951424195873
861.6723973478665,0.07097679478189543,-13.573243487987646,1.2981642514527494,-0.007077084168868158
473.0343613000067,0.01085563490862989,-7.9328596289974405,1.3072283365856827,-0.010117454449053254
114.55192368044217,0.0049365066007432895,-26.8668537281476,1.302343574828342,0.014784257178234866
525.8248730131713,0.057203872081977386,29.46237284079975,1.3021537965939955,0.00710633411189847
86.05514703108946,-0.009000686647530322,-23.52025284298572,1.2996167428894576,0.007016217805633672
-1122.2703631131765,0.03641930520561342,-18.55602376447109,1.3022270499931186,-0.017145091251989233
-351.6715460220405,0.0702565032020988,-20.319650625128354,1.3122281225606112,0.015946973077039878
562.2409824096047,-0.01245410167098502,13.854537182927643,1.298965529278072,-0.00021133022067553343
1161.160640361943,0.10167352998953032,-23.04553353097841,1.3091495075828763,-0.004206345383404128
-353.61611649434826,0.029231892484803207,21.408348422328146,1.3160971003204278,0.012483074349576816
130.75304592424527,-0.01032643509083285,32.17069826085313,1.3110125866101188,0.016484765629844113
692.2495914013537,0.061612453845211176,-27.34681365684874,1.3086579771061566,0.012888528477573966
539.5036882784129,0.04366594796622565,-28.388749246704432,1.3101235794200887,0.008443185435319875
198.0993324419556,0.02669197921845492,22.679495050178275,1.301937471523289,-0.015158278240184805
453.7862315295429,0.039416625481908635,-9.18578331333571,1.2915740586695403,-0.013051793274843449
217.53042640700653,0.02030678539726107,10.389615634572053,1.3139132655819694,0.013222970935333807
217.53042640700653,0.02030678539726107,10.389615634572053,1.3139132655819694,0.013222970935333807
127.19775483396488,0.00014620844714757016,10.183339530412546,1.3067955829798168,-0.0020904813248150272
131.14730393563246,0.04402116314660917,4.734226639595326,1.3056779935690308,0.011473615692203908
-346.32629803245527,0.0010288974824278208,-9.6570131308001,1.294263550225845,-0.0026751227469236543
-89.31158779983235,-0.011398471900202004,-2.3394260178925848,1.299595964449985,-0.01711730136202148
757.5108700461652,0.0698401788618108,6.599789930028706,1.3054618121494546,-0.00802524178186961
-3.0570142515712178,0.028358588854998798,-10.051147991799121,1.3061173770428036,-0.007932984729087265
-63.970805541774595,0.003644203210941853,13.235569856856989,1.3054208580018989,0.0020932711715887266
-342.50508332852695,0.0341180775841495,16.280925316585346,1.31669940332814,0.008034499462877638
-683.2410568653977,0.005946040301182813,-33.06461112460745,1.3039838364044287,0.005242157368729937
1411.5406448485464,0.07327418555076737,27.956878600877914,1.3080919829524111,0.009033632357196139
682.885135970029,0.13829250167236523,1.4922711190723028,1.3050016345023034,-0.01212584674054468
634.5648984044631,0.09502407586733325,0.4458809790976519,1.3040080815800683,0.0002602977425971084
7.389841435369988,-0.01659318727384545,-33.9325268216031,1.3011557827101607,-0.0009635160700642786
1386.6621367346202,0.008856361678453974,4.946011018139046,1.3060439235136074,0.0017040586886101832
647.3887870835152,0.0023626822793384114,-37.41705312303975,1.2937663282917107,-0.003992667560227368
-586.6414932675715,0.1180853414766008,-5.02388032572361,1.3070860139334746,-0.004266761449607581
249.21805273213135,0.11529839362956534,8.675742250577585,1.3075803685854763,-0.009691938543569641
552.664827114151,-0.0332392871258275,-45.51104969359637,1.3038101592139737,0.003345136940538193
188.3226404271912,0.08422621313167682,42.17485695365038,1.3078209806935401,-0.0027726464887126018
378.4011645216705,-0.003785344250323992,-21.495461568554454,1.2947476525691552,0.0014648088184961404
134.80251371085248,0.004468587548773719,-25.552129847399673,1.2977902495271845,-0.004729561846367759
782.6040693009513,0.03964959142298598,11.650899939098796,1.2982466958719365,0.000735308121644445
686.4251400271728,0.035274647571187714,3.8536119839938134,1.301383386350651,-0.002110610536919205
577.9224720469024,0.0945104310195809,11.032949877883128,1.3149501200022475,0.012370587288411944
275.4328423399229,-0.03368930294392682,8.091116888391117,1.2964954803449324,-0.009111762671695566
-779.8797440879891,0.09358863324572618,16.255686387248833,1.3034243340334508,-0.008754959648747514
859.9919455319807,0.10224156462450187,0.7519124434904452,1.2959059863748417,-0.009922662727241105
610.8736706104918,0.07696676056674126,11.391191243158836,1.2951675287384026,-0.013985423456999744
-720.9483830840302,0.09507853208821573,30.510450026933302,1.3137402310054098,0.0050493426547550116
-1214.663883319403,0.10645715278194369,29.462735525097354,1.2990591109071608,-0.006492354941783472
-379.24812870872256,0.0832797718301694,23.8563034072866,1.3095306035989915,-0.007876929041151013
1275.4598161731242,-0.023493122142810248,-13.741594779364043,1.3015698775341338,0.006688961123061494
928.4700597584424,-0.03803318775261673,16.9682309802494,1.303119004296339,0.005736436099249382
617.8514574066799,-0.01020570541627449,10.865019482870842,1.3123614952421045,-0.0022710945405183917
163.15594911115886,-0.011969320773064618,23.495162476708973,1.3007479034810272,0.002736988414610147
201.23346054150625,0.08032239924592605,-29.095107951204245,1.3083281430069955,0.004192774012906159
532.3074881271186,-0.04004404388493256,-1.220663583297405,1.3063354979499715,0.012102870141218088
25.97684153178477,0.09746266602306403,12.314572405297142,1.291160606809906,-0.011553549459649726
502.9612627331828,-0.024735737258799968,1.1615897671741529,1.3021710537892857,0.005664597205620538
13.887843533225123,0.11903532381385332,15.088197398684446,1.2902670196085453,-0.013512198268686782
528.5770292333086,-0.04208298249814293,-4.432162568734981,1.3051714028933359,0.0101114817760254
83.96316089943355,0.11692658091016563,10.765102027382131,1.2951143762138069,-0.0073959092361797285
462.0295774970715,0.0005251612237387807,-11.924405333433095,1.302595489223983,0.004574160946328119
632.2926816741983,-0.046026046684674284,18.84100839965868,1.3027130573929462,-0.009414302005711335
495.8386323474541,-0.017909185847853844,-2.921047469705666,1.3011549251651466,0.001157203070085662
-118.00489323124259,-0.04814888166078992,35.004408693022654,1.3042894033712744,-0.009318109046322529
-240.94881047996716,0.019141325589271584,37.06902315758535,1.3030191000355145,-0.007543768583500237
698.9258610320014,-0.006194329322546514,35.397840912950514,1.3095108476150426,0.0001468983857130454
372.36088481648596,0.06574617445506217,1.2363477700528378,1.3008756850268781,-0.005412792780328263
112.1769904031548,0.06642817893551116,54.398836476572,1.3072873474864997,-0.00498556657921346
468.3707265265748,0.004217906674638788,-43.932121750997666,1.290532244225409,-0.014372266207523866
430.97250297292135,0.06589683697823283,-69.15999512954355,1.3055434860632995,0.013676595676823545
1061.0167253534792,-0.02499960531961424,-53.27841983853462,1.3096557499011896,0.01321211426191789
892.4900767714888,0.031575985335073435,-22.60114050901997,1.3072811205446333,0.011577059711540568
-208.80398762105483,0.03263338161611343,40.858914719053516,1.3115864459273767,-0.006688408186946946
509.2923887160216,0.02113052806308228,22.630081339617114,1.3000439869672982,0.0005180079422389631
889.2342099250965,0.06180983368479209,-10.950367538038222,1.2973145811813307,0.004727052043352052
-195.27512744104382,0.01537389516642046,10.06033429900066,1.3105230529397434,0.014793138642736013
901.0215570896332,0.08302518010962442,-10.095943777783125,1.2985525896687309,0.003396137694784305
649.0712477465203,0.06877717753670157,-18.58549846170169,1.304655230074563,0.007448286222362193
901.6298261558582,0.03433625173759039,7.931815134395391,1.2986534110283856,-0.011804077115424257
462.3394163608504,-0.006641971791880646,27.141790067537816,1.2998046271295538,-0.007288126486122333
575.0564428932156,0.07012151785545886,-0.6654450740443387,1.2961375038813794,-0.01424048795903194
11.568426929597422,0.04314201425452501,43.010498119582884,1.2987365330982932,-0.012096551768438792
-88.61189851137007,0.0630537068833483,15.088597664070775,1.2994088900725018,-0.0125017662912053
29.260126050207646,0.03850447449266057,5.597726942021012,1.3018613033963882,-0.006339652657424799
677.4155412198808,0.05593853184322753,-12.485106282107544,1.3081096372271963,-0.0010539081033031827
1253.3800958219485,0.019016707809243617,13.274086668730247,1.3169034248280753,0.026758343037683464
-97.75559764043282,0.028502420016142227,-21.770177842616565,1.2922668868143474,-0.01729982730832206
111.23708128169108,0.0016221203338569745,-6.405725332549464,1.2999948334064786,-0.0056432261309881816
78.90845369796318,0.002028847214257872,-28.290138495469705,1.2996127796536057,-0.006302786969550466
78.90845369796318,0.002028847214257872,-28.290138495469705,1.2996127796536057,-0.006302786969550466
406.73308304594184,0.09386415150902948,-9.454608423523414,1.30447381078003,0.0030229244550321736
129.50982201519255,-0.014856422863319042,-19.743231941782046,1.300956848523667,-0.006537788132478271
766.4003827528867,-0.014919483788105484,-21.593081740439597,1.3038161552993908,0.00200664972548455
762.6199253128107,0.06598161714971851,-5.810030052655904,1.3017722578782402,-0.006687962369173425
829.2225144248115,0.07987183669561615,22.049429835664377,1.2981888140466138,-0.005728263806770082
588.7470640122787,0.09687999652949286,-12.173333556235061,1.2984445507839841,-3.5431846154523666e-05
28.978591575238283,-0.018353441214766283,19.570480695321137,1.3025023598380236,0.001006726620423561
-5.413283466068833,0.030290464662700276,-24.619472942142878,1.3005068825598267,-0.004768702023009184
434.0673251569965,0.015206358417889329,15.70308491589607,1.299279349196142,-0.0011066681293660013
-28.303987801231635,0.025576958686830364,-10.506467129701477,1.3065144765647148,-0.003812110486469858
310.7423573147947,-0.0028437776496426995,-8.347739077209624,1.3087757152878676,0.01576799635657447
61.444984872139386,0.03428803443262636,4.637132008904418,1.3018829671782992,0.005657645695362949
86.32898110058804,0.042971655765551064,15.313803305458308,1.3175500876520208,0.004474707398696427
669.598519757816,0.0630693551949709,-0.9357245718280556,1.308547100563109,0.01602378273733309
669.598519757816,0.0630693551949709,-0.9357245718280556,1.308547100563109,0.01602378273733309
1212.8708827617456,0.04020225810319348,-22.957882633948778,1.306215190292328,-0.0010905499576868722
1545.580105165025,0.027076385408125278,-23.08937667339183,1.30306006301451,-0.012094187473669837
-673.0422153734463,0.04154281649915641,5.032297466806021,1.3194479851568934,0.0013747409908345478
722.2215469244352,0.0723046853482481,-29.122494611477613,1.3061050978855242,0.0215931900406105
674.9358020662494,0.035106964908248196,11.646677296900421,1.3130172027835927,-0.004455442872969197
342.5717174291359,0.05140395529368756,3.942703370549638,1.3147055466982163,0.005610409578968346
194.04214904960676,0.010281752504869929,-5.203973054267129,1.2924489456996917,-0.010190928561452692
897.0559835888182,0.0446630886815554,-4.388020141490085,1.314759810865519,0.013869133299787844
-105.6959378478677,0.05801543828054795,-3.0041350751661726,1.3165228200917862,0.01592080343522731
535.9541435331953,0.06842957291771411,4.599650445033931,1.3059823351666018,-0.0027026132386403275
116.84282826741946,0.008200696718007551,-4.083265543620341,1.2991765666196309,-0.015742927024178614
663.5677960012587,-0.007622878590231796,2.3787490023560087,1.297328833828731,-0.00140471659971606
-95.76623048487698,0.0453102878726647,-0.841740517399244,1.2983566733197385,-0.01881059371655283
-235.2427772476563,0.01305602646219732,-7.8223187968796335,1.2934032394298478,-0.021891462713200804
126.2341709891995,0.03566709337582366,17.27489287203607,1.2924992705418936,-0.013936698069114765
274.65279825380327,-0.03544049726367181,25.241301278427215,1.2992280926813697,-0.0187914500036728
443.21900412958223,0.007024500828829008,15.948400380468303,1.2959956431063595,-0.00934979774388985
60.49246350989479,-0.014555007123524137,1.0252800791649808,1.3124225421662223,0.005679568000224217
159.9927054673099,0.08613513001753861,-19.59296846883852,1.3003020526526115,0.0003450900979968174
616.3055912248452,0.008470013388490273,10.130575355798605,1.3151868810039302,0.01699951638798564
307.7550945876458,0.10213056534587533,-16.626341223555382,1.301497957001525,-0.005949403827895232
-104.129711356162,-0.0029994687283625837,-8.4629908979201,1.2951210811802643,-0.010460840699295856
-199.756758538807,-0.016868288759196215,28.691029592956777,1.2974719488501973,-0.01881703166620392
581.9157180620028,0.09543103226613894,-3.1809427184570325,1.3128354905973465,0.0144387445023097
363.5844293111527,0.07589453603183138,17.282037346833228,1.2933808315595285,-0.018589427993064053
319.610170269642,0.0572182608047757,20.05029434196096,1.297545851340006,-0.012842834879292199
-527.1669023274807,0.030650541782305203,20.746511251118232,1.3026232627645828,-0.008653815114756276
174.66817533146644,0.045274763524041514,-0.29330378739756924,1.2929332571105419,-0.01572849947648753
-360.07271018519907,0.0809127362150858,-26.023425904093834,1.295870736329535,-0.003636146642752772
465.0624610488785,0.07034329138982255,-4.292098893499009,1.316854968203565,0.009886479409309899
414.0182442524615,0.059027663942808596,-63.79141171159566,1.2974477789109484,0.005685497223126444
258.3131913586116,0.02998042622851389,67.47027512231072,1.3082066866622408,3.103079434305014e-05
589.1600277953675,0.07493047659294573,5.3222409697615305,1.3102673596768015,0.003928822339912777
1223.300683488324,-0.004750509655347283,36.25700957556127,1.3021631442963115,-0.003565881615457939
-109.34015998682014,0.09769781209997469,-13.058748962532643,1.3019431626830995,0.005246454362766361
-104.17867080672805,0.06848258900266578,-18.717236517680476,1.308089293035348,-0.005972766582661343
-137.44126088244332,0.07017906393618895,-8.959729635050156,1.2961581979136494,-0.0014446783559220982
649.9056970986983,0.07439573595581715,16.36204160134649,1.3104026042873713,-0.0023745318188582647
-500.12893931460616,0.01680559634542893,-13.711124668046509,1.2987667829466991,-0.0016237106258776158
1066.2500833314364,0.04841109335257106,24.2696332546552,1.2987122284660215,-0.004142938604175131
-447.11061830734513,0.06414702985813524,-19.84993066082443,1.3033146974107588,0.0029797534866495973
272.67848884043724,0.0126583615837779,-3.4897940985788836,1.303364560141244,-0.009746797657609399
496.9868320122346,-0.01330313894684194,-17.18394945387261,1.2965112813350042,-0.0006720034163635062
69.11879916366763,0.08464674472795589,29.7804613779246,1.300989290981432,-0.003838308973029946
493.01850869102486,-0.00748293101049927,-19.003763960680477,1.2963145584892182,-0.005022754770389995
605.9889722332126,0.04951124534015402,10.528418601360887,1.3066191424387843,0.0018078505750546599
542.1571585956564,0.08800895310147891,-10.951133289650837,1.3007838727059828,-0.0017375231387650467
293.76659232993876,0.05743603544407131,-9.203702078936455,1.3075598010654432,0.004739298316629302
507.5080234717103,0.013632673344056743,-28.360184550981415,1.3031944290173034,0.001676545886232647
1322.5160652020586,0.047211992310584164,20.629183198220648,1.3053794509020933,0.0017234151135070781
968.3354126605192,0.0219676028906061,20.78135287418979,1.3069555178260135,0.0017960722488755225
776.8206107006897,0.05729135691327865,24.24279494643524,1.2998552779907828,-0.00863157963450047
800.4853141562861,0.03493241865606258,11.328638443576857,1.3013750654403988,-0.00917717954303812
1023.076615478103,0.029571587736745068,-8.762055170990267,1.293173356798854,-0.009589429369746341
-337.99043916082394,0.058190708842713386,-0.37522106056433735,1.3060161314809409,-0.004297924926365712
129.83046430168218,0.08403863660559147,-1.788332434230019,1.3078320086753972,0.007291723941822705
-66.20049461036345,0.09473529769686057,-19.320454443452036,1.3046377495916324,-0.003307950954653088
1389.4414878163961,-0.025565760777836573,-16.284673559591184,1.3165849706962955,0.013263966416676706
182.5063849885853,0.1205525504967421,24.076214358608258,1.2870421026476138,-0.007257185019996353
-17.583900623324837,0.04195068654170085,-6.282759603723193,1.3088373802542705,-0.01422666890810936
-117.24465606748707,0.029870251777909446,14.382725285186766,1.3046643822450648,-0.0023527070084794054
-23.64927505105959,0.0578381327946198,-27.739419435235913,1.308369774085317,0.007242742337947149
-682.8945816578911,0.0006262623770410501,-24.674320934528602,1.3028811848381612,-0.001329238139854872
971.8374940268293,0.014558636624222295,4.073010493921167,1.2994943787472566,-0.0009080599437908858
-359.4447887774321,0.0619842136661192,7.786604183074912,1.308323676960982,0.004142996157204707
83.16197351404264,0.05889240210460431,-28.194793899155734,1.3114465846784107,0.007839956774521475
-515.4979166850255,0.0863519963823646,21.983329612693534,1.2965409129414898,-0.008855323244802473
136.23809298171977,0.02762725209784222,-5.128745673415089,1.2986120310317475,-0.01529848906181351
554.3469077854868,0.0298672169671457,14.689192190443098,1.298083170769968,-0.001365639611735978
502.1905490141155,-0.005031731734139743,3.666740834402278,1.3111587291800166,-0.0004822863675143906
783.7437953421891,-0.033266596800682696,-8.805695399227904,1.3097113255995465,-0.0004938136713904124
427.51247857157466,-0.01912328904482543,8.443488041291918,1.3003957152490337,0.00330821133069688
775.6973385149233,-0.014455468570469655,10.0362136759825,1.30655512756565,-0.0038199303676263014
712.0951517738964,-0.016747891868978362,1.6318271564499796,1.3020869073621038,-0.0018822194914799003
1102.910439581415,0.014313053287709893,-25.774320935043654,1.302305909968522,0.001820137449792436
1199.0840026126193,-0.06131935117100615,-35.32030133717333,1.3099208291423572,0.01566689981690628
420.2393806309407,0.041006761941689014,-15.82484311195725,1.308638987752095,0.00618118121179476
-178.00025097341356,0.04973198206413872,31.303894464718688,1.3123306603695912,-0.007620037226447215
23.385482366976817,0.004008554872461115,-44.147745232083224,1.304659397648013,0.0019147272594561946
338.35449910963536,0.11219027270325622,16.091574080996608,1.3050054334146532,0.0025011271036538864
-398.9050441413474,-0.027487800982489624,17.799537571652785,1.311184640103604,-0.0035540153937226085
1144.1280372514818,0.09818035586491977,-25.462932593643394,1.3011274501586605,-0.006530108682110282
470.38228852264126,0.05050979188312706,-7.350881466198146,1.3028356575243263,-0.006844242358354113
150.65336998089646,-0.051291455023043685,-3.8337047554773167,1.3130566049522987,0.001281867159736558
11.752234576133715,0.020844619977027808,11.60375990512162,1.2997401147516345,0.0012433384409680963
768.7172177570442,0.03650447632611328,-9.008096688539865,1.3026988634198486,-0.0005129884744237297
383.59748100199135,0.078865993610022,7.71372415431795,1.298916043868621,-0.006497928685904518
80.5883802404162,0.018443334326797373,-7.273361369152313,1.2903644683871407,-0.02200775129995873
172.64837652002424,0.024892209903453526,-4.285758607143173,1.2961671152676644,-0.008796098600684766
836.0789591357111,0.035514960121585025,-0.5956261202595181,1.2950007041022567,-0.015096146378216345
154.98589530497486,0.04828420255815649,2.5767092456722382,1.289392147777928,-0.009667636483100938
85.03533473070173,0.02992749535511364,2.717270093247258,1.310431950654387,-0.005313418399022936
-489.04332827612666,0.06759766066612025,25.80181341673622,1.3107711885307456,0.00677595921400513
602.1191089497984,0.02830917322527878,-28.381740026937777,1.3048615909273276,0.020147037566379197
1106.4757348179542,0.03350799226489338,-23.978648798332813,1.3100053758972061,0.00282859106783458
-280.41369478122556,0.03721024294212631,11.3284545248911,1.30848208607726,-0.006924167309877465
73.71959085840382,0.06454705054365689,27.179926110632245,1.3053252983535493,0.005150229268834834
164.0773936876907,0.07484766717575625,-51.30549752246416,1.299947963708977,-0.007956735044734384
-308.4886957751553,0.0720414860164377,-20.12704079892309,1.3074515044732895,0.013573521018719528
279.0281652070046,0.05418311965538522,6.103384545533771,1.3162845688008347,0.010731319326710571
904.2649570863595,0.012712350363470994,-6.415839574955612,1.2895059045170734,-0.019237597476256564
28.996849769477592,0.048336055302095796,-14.596998165570024,1.3132845476462167,0.006627659755574549
737.2955322265127,0.07102040289858391,-18.31833093722598,1.3106948086213477,0.01455634357756102
15.995215795620652,0.07453905532548404,-19.48458526932569,1.3069644992461626,0.002478363790676112
64.62120900263363,0.011399402774704689,57.76386102057182,1.302383717524237,-0.005531546883365472
-179.9996875315066,0.06292265687519921,21.319973034010815,1.306337007228304,-0.009652120716636825
306.74897573681784,0.06194084462551934,-10.920442420906895,1.2955662984380687,-0.005276431725422595
227.3766023419151,0.03368867367693493,-23.3112558415191,1.3055175908006087,-0.005930130100836284
514.4465575474558,0.02471653330718163,18.609471928332002,1.3059667332035876,-0.010879894886866184
329.4764184660653,0.08043290571339877,-16.847331772089312,1.299347144560775,-0.0030288199558377283
1263.7059496564284,0.0639312627513657,5.988060463444539,1.3027012790621832,-0.002981601793422407
604.0030710864237,0.042271538997136676,-4.019613424393268,1.3098245031280944,0.010545828558795932
1374.01050289262,0.029030563882404336,-22.96958812750233,1.3020222391001914,0.0007271558403409498
902.280382476337,-0.02346754783430984,10.409778019392167,1.2997245516609692,-0.0048856950489935165
522.1989721731281,0.0361024847541924,-10.06732623344623,1.304346693542479,-0.000825203020640612
785.36353719512,-0.009593980423449125,26.01091160060517,1.3019836717112885,-0.0016964651030625527
1107.1878086289792,0.020297726373541727,28.871773247806065,1.3111055289514986,-0.00014520786737364367
631.1707012425002,0.015943038528694952,9.4198338175032,1.306268483463958,0.0004967846022863147
28.44570159247513,0.015726884407927716,-0.6473111146421973,1.310458109231336,0.008618893559469558
1494.9404035350613,-0.008971098950225152,-27.399819082047955,1.3149341784538187,0.013607947636686251
219.70883448477662,0.11683356389100882,22.768801659852357,1.2983330377913378,-0.030348362798085456
30.884509581084984,0.10419062142448493,15.592876909098212,1.290636377204236,-0.024196109160193616
-34.108325516114846,0.0576668809203657,-8.262623089621245,1.2908926000398022,-0.017578070477453106
311.1877095818068,0.007875486422902141,14.93500527455591,1.3183072441337487,0.014323446113902495
-186.64741893521975,-0.030334198239563487,-1.8062241880197147,1.3121933971095237,0.01182196526886196
-169.65714519298348,-0.07102971893384652,-9.417045180273057,1.308925093745398,0.002673878436361246
-703.363250418181,0.004663922646240361,26.785972177544572,1.3143879593973926,0.007462431378451546
447.9136867952083,0.014885901997889788,30.491015028887784,1.302367919185034,-0.010235579783186436
-193.98038549245922,0.03718589057391667,-5.797041111374767,1.3083350606192774,0.008824469242161072
855.242768048083,0.020214856094646138,9.751690775656161,1.2959651803486005,-0.00753637634224685
37.30297680012029,0.04228334770415936,-11.56324685108196,1.2995840675758417,-0.006796515284197393
633.3147300139851,0.029693257482510352,12.555586906853673,1.307095354107295,0.0017821465032167993
517.6467280007039,0.006963141432438864,10.806819444803045,1.3035696110519726,-0.002962055701559594
935.2367868465287,-0.0007273178448779583,24.742283321479796,1.3090186336215366,0.0055694014317853755
895.2610000307379,0.009279570960475152,21.758372097451144,1.3078565207829547,0.004466132119534849
-398.0774376504186,0.0886571215319662,-11.133010658571465,1.3063205181698945,-0.0006440478224736686
-37.57932283925322,0.13320161837293212,-8.427574128698087,1.3033399130567245,-0.004923118205526681
853.8029544076053,-0.038836761618683754,-3.2254713493143434,1.3151646650088045,0.013701171386079663
230.149110901063,0.11656365613372888,-9.628810740051476,1.2986469140162236,-0.01732568161312427
128.4021482030052,0.032194102143423685,11.217462935502233,1.2989405755100043,-0.007025176171879449
381.0562686372449,0.019141939017358285,-18.824188288692742,1.3004794336347096,-0.0012544618873586702
111.36920489500683,0.10161159347178822,-24.264248044960194,1.300741664088401,0.0062851671871580455
1188.946857782004,-0.021966793594237335,9.966865238074288,1.3019246382227372,-0.006254376357634819
721.1236369056833,0.000495340058290876,-47.916080228864196,1.296542641470914,0.0013686658582609465
950.8034891590339,0.05711321719772931,23.90856556519569,1.3057089392858536,-0.007900452583987971
-191.91920350572127,0.028250826943934944,-30.250725295544218,1.3072501965477954,-0.003803476930073251
1026.2001660356334,0.04700125326704775,15.33049500329247,1.3127656898669968,0.002354529729200753
935.4157105997579,0.0012079535824162347,29.579960674619578,1.300172179427586,0.0017028801917933324
599.5303960448177,0.07710962270505621,-19.14358198355614,1.3009407587264015,0.0012562205261384524
287.104355028866,0.047003366527539336,-29.596820779546967,1.2976969386235078,-0.0048910004775693395
916.9573074545387,0.12669584383573892,16.829845123550417,1.2947225959427378,-0.015907385232540074
759.2328461857298,0.11548333539462405,11.483824907010511,1.3053690139243217,0.00258614162972012
543.9202464532044,0.14312377604357765,21.366991483166345,1.3038414749879843,-0.0020726808852290493
-238.09919639886192,0.05884982690871023,-8.759642895186651,1.3002625277264148,-0.00850100431507669
85.88944501545473,0.04614088330712563,-6.7889986815457855,1.3012941486693688,-0.013347351334241326
196.94673751892287,0.08182462215091324,23.939677883991557,1.2950621152823654,-0.00989566385730875
558.2369771583807,0.060612605121548785,7.973367401349268,1.2989160292722084,-0.006941910160683997
558.2369771583807,0.060612605121548785,7.973367401349268,1.2989160292722084,-0.006941910160683997
2.5495345919988495,0.047578973165660315,5.474334198763032,1.3131517139868072,0.01222078178770883
1425.5802063173298,0.03412375019611227,6.442010304076753,1.3025831970430202,-0.013004265003146748
650.1018065111422,0.04417461474072017,16.479361490297574,1.3004754919339152,-0.003077823025738436
397.271124429998,0.032667566191831095,-2.27758837064796,1.2970686044368893,-0.013296776642999131
449.681562015296,0.054436340719718666,9.35263420403594,1.3126862718002983,0.007943548629121977
733.1196326356619,0.0410732934400544,18.47462006937011,1.3074561311475759,0.0031042787248662697
1093.0416450498624,0.0532085197408025,29.453599897931397,1.301683013263839,0.0011247181834796735
1032.6500112207075,0.03413764454574749,3.9610942171130112,1.3102094361287457,0.0027406544176313105
980.4262630628307,0.027207362193456357,22.191194267569493,1.3078959104918821,0.011055883917434726
699.6335034412264,-0.004951391560797994,29.833207945717735,1.305592480590325,-0.003998386875033365
304.5217418157525,0.04643045337331305,29.03892514885866,1.2952995575218034,-0.006850706769115535
413.0625512800854,0.09108789462383639,-33.34671432624932,1.3030066065680486,0.003395993251555502
531.7273993108032,0.06767960396641398,-21.190303691052222,1.310519641445514,0.004745184070658818
620.8815162006968,0.054511851504407745,-28.11300598382143,1.3091110039076232,0.009469197891692465
1238.3496329451946,0.05351760606824814,-5.983058119348499,1.3043383041112417,0.004656419100039171
-524.5708297257568,0.012264126576835867,5.0462774033295155,1.3054851345890857,-0.0007247416282694524
230.36170763657572,0.03576292054877294,-18.546813098837617,1.3184518478836658,0.017287462219369377
922.0767054488075,0.09167301798861702,-22.545399059055075,1.3135425136659804,0.021597112230654428
30.169362693197286,0.017150386564322127,-15.97573711754454,1.2993418726470953,-0.003421509670954297
1232.9477427368276,0.07613205524718963,38.40391294026069,1.3072440445257223,0.001009722362352577
-33.936644343513194,0.012765639930143617,-15.217796181605753,1.2987654648896425,-0.0007513477813274306
648.3684115004075,0.07222524563511558,22.105567550308912,1.3021144131162095,0.0023771066334450745
958.0783231532444,0.0904370490812051,20.57424491380509,1.3016882877289748,0.0018353839359376586
-130.82031968526456,0.0015053905590624167,3.0461455143485523,1.3065732660769813,0.003355883295172713
-165.868826734214,-0.005719648356095231,0.9836068987348159,1.3046442648039112,0.0065331193665416915
1147.59376834917,0.017972896624761432,-22.70372690345009,1.2988701403197294,0.010038880777281455
-667.2567762731932,0.047063882284387085,43.05886123240734,1.2914506672337926,-0.01626332503496828
267.37462970478157,0.017249073076057768,-21.16272838287931,1.2952714555985538,-0.02359214772822299
217.08447994002418,0.0801086282982896,15.532394397062653,1.3186821134369016,0.007847192590476417
233.40127643526702,0.07381869888775756,-19.89770726837766,1.3109605173640482,0.014482961901571322
599.1354169629344,0.048943130258008734,-30.5619390432059,1.3131570949518998,0.012180545611466741
605.1662931223946,0.06704157448777137,6.801297661100731,1.313121165857388,0.0012598196337379793
-347.7592796398436,0.016008775417778974,11.468681811692793,1.3040482340706299,-0.004815998005842009
736.987494783536,0.05456172215580632,18.46623072013125,1.3027688450898933,0.003903233209466319
-53.88552116188153,0.0052663878822823695,-16.153124967533707,1.3045514744147912,-0.011069686841021116
-183.12713066237313,0.028605901857052033,-3.7236337367831247,1.2990896936409055,-0.004807388592609248
-51.54399496714257,0.08770459368757008,-21.42483824089077,1.3089306260420386,0.0033351260238368265
766.4672333485693,-0.007517679810749178,23.471453082020574,1.3031193686583469,-0.0055170074914986855
-204.6238690573222,0.04323616406464276,39.654820765037144,1.3131563686431915,0.0018111898858035082
811.3173581179148,0.04797080459675529,-32.65902842050756,1.2863069417943687,-0.019519375775632952
1214.865212369871,0.04701611336818522,-47.647076037457644,1.290553668515026,-0.013799891253876522
540.2117769260153,0.08774362951799008,16.01872817347201,1.3014789642467361,-0.00318597809013829
1166.496319767285,0.07842666235548858,22.46141352765461,1.2993724450296755,0.002110369895401606
402.77080548824483,0.008408808737393752,-52.098289952020096,1.306500170930933,0.002834110591123507
715.0057076036218,-0.0029243942580375265,-17.349176360780497,1.303923483813478,0.007610495251227406
140.00449472161438,0.06004887767160101,25.413569124153618,1.301864686253376,-0.015440633071756917
519.5866088840911,0.025573998139508627,-22.612828889851826,1.3031100495796584,-0.0061545628996137304
297.8396243823076,-0.02977215926571064,18.908530656675033,1.2939368954462227,-0.008214384906085198
664.8071712203387,0.060174289652131924,-14.565275407096372,1.2987098934657444,-0.007485672961959079
-395.4035274564965,0.04741250358078741,37.3767083789502,1.3020368966853855,-0.010651339873989182
488.04422498060904,0.017291835200356445,-21.28834586450957,1.2933891418864625,-0.012673355289702865
485.1342395620877,0.10837241733706456,2.1683373999095465,1.3028462233911895,0.003973537393427507
841.9068386723832,0.08816165269627023,0.8717292685519933,1.2995657530619655,-0.013570090765833594
581.9920797059674,0.056505552292885314,-40.45249794786183,1.2955038550084268,0.004372100888532102
425.1429249969336,0.0003314639027724442,-12.548777113961552,1.3003776812359185,-0.008205926433584754
-464.90733314690124,-0.03961881163384456,20.885321087739968,1.287342047353225,-0.024002462178005075
-892.5503150821435,-0.019601525711549706,12.008974017918534,1.2873064702701242,-0.0367267289034852
328.56286274578554,0.005163040390629089,-22.9658327384511,1.2913253297718303,-0.010380006887198605
178.82143527681717,0.05347861933843015,3.943324355317799,1.3011669719877454,0.003008288214866218
207.13971165278662,0.026525111779177553,-3.8811458720957,1.3051266077757122,-0.00807465903284944
564.8299241339587,0.07159938592418616,-4.65526663821975,1.3091385553109698,0.0008397615599127183
230.0070303079628,0.012928307439354438,-4.820045726232744,1.3068618056644983,-0.004740487151117963
419.7612274875433,0.05209528830778595,25.987596578076946,1.2997836084157581,-0.005199453023244274
344.969865594002,0.05912017928873946,13.170118802580118,1.30163572395888,-0.005815333799609885
570.788782085205,0.05267655439102458,7.395988131257173,1.317675118284486,0.007299551443319263
968.0674886023338,0.06173592018268369,9.389702170001147,1.3090297595045768,0.015038699164225884
561.7825303141325,0.022721283417442728,5.192967834655963,1.301523612880533,-0.010715244051042114
510.2170653416284,0.030328418167893174,-4.386982788823532,1.303335102029794,0.005223005129557102
796.7764974064374,0.052637375059859035,-21.15690052080606,1.295016292784278,-0.014111054437301436
631.883531794541,0.027967105941653032,34.56368019772818,1.3131859209746028,0.008931867021699444
-518.7127949756365,0.0504856044694269,-24.586400406720752,1.2936489873660943,-0.003296454149216722
-390.15221293957984,0.06633297710856934,-11.435790157211649,1.303079087089848,-0.004766956748746493
652.8503316844503,0.021461490918721376,-18.34036129285178,1.2921080592627794,-0.012536837621866774
809.6712496898795,0.050537802017118244,-27.15800911687151,1.2987992289136738,-0.00303237161759946
-100.61551961356861,0.03940004971414256,25.326496240948906,1.311241669230339,0.004668819982142344
823.354440201135,0.02298990079146504,-29.06781770216181,1.2998999562596305,-0.0009655312861466345
316.90807979395106,0.005760684344757235,19.55659434869274,1.3108055497285667,0.005002032133520191
268.77860424697104,0.05414923709579116,8.090276591380272,1.310667795769008,0.008978983655991186
-473.03245479402193,-0.010993504782685785,25.184014945367714,1.3095255299594297,0.010109893990144806
1272.2659891504322,0.052156739876300456,10.803599234964,1.3072790190524253,0.026973186330640497
688.7152792701112,0.04449540838171319,4.813659499636053,1.3201625166153912,0.012096810931962682
671.8244174350439,0.004398000483660833,-19.665212372374036,1.304748184446954,0.011565727896653442
348.9692694380303,0.03706584656042166,-11.855308875794755,1.3070797788446145,0.0007761906270101022
348.9692694380303,0.03706584656042166,-11.855308875794755,1.3070797788446145,0.0007761906270101022
197.58547679583592,-0.006793291987998103,28.90375665342455,1.3032753706958278,-0.003319262146923919
481.5315135100637,0.08474987861784994,-26.813851766478276,1.303721707252078,0.006058946406421385
532.2173521163581,0.03606215725178636,27.206502717093393,1.3035713424492075,-0.009922747400829983
568.2139177510013,0.07273185633647813,15.458041041431281,1.2980332430382258,-0.005396892949007549
884.4592147822632,0.05759790261706551,9.181261055490356,1.3031314765496962,-0.010583273087160287
136.274700095993,0.04319625437535463,22.94489834744612,1.288424595953434,-0.01148560646961824
205.9391027717483,0.021737891716623027,24.20043854231087,1.3040753386531863,-0.019959282580886036
501.0945666042494,0.06445760452462641,-26.18585428096985,1.3048670423698097,-0.007242968781479507
446.3087336763911,0.03683100188347414,-22.181876308995754,1.300939189140003,-0.0012020379945088429
767.8197998640896,0.024373386385780904,8.39561032429272,1.2934845342054824,-0.018230440777245647
-496.8177733907311,0.09150722170870111,-1.3148534456979637,1.303794845938918,-0.0005638581433436013
1019.6511697724886,0.03852961817425137,-0.9076283853843576,1.3031005654819552,-0.003365371126092272
122.30711010412256,0.07132684910055388,13.919439455100818,1.302069842423624,-0.008779361920197402
577.6151988424821,0.0057728632781109835,-14.625419899554462,1.3066142794352233,0.0033306807413294778
157.29383550914207,0.0545520707802993,10.4513707120912,1.3050036625579484,-0.006127332674427477
157.29383550914207,0.0545520707802993,10.4513707120912,1.3050036625579484,-0.006127332674427477
-386.09221822109885,-0.003821888489147291,18.665975808547977,1.3049911666446672,-0.0008832441303992709
614.4887457838007,0.06384222801016534,24.929125838565167,1.3116167319295569,0.004967521518789269
1546.8743432739855,0.08625681141088191,32.449646065707775,1.3097255541054875,0.00323282942166674
61.78904855536041,-0.024025987440025966,-2.0304086866857496,1.2974168651092293,-0.008134963249491449
24.280470635096677,0.04279087405694465,26.423072570126045,1.30740659417418,-0.003747597310600719
950.0026564593186,0.02354631641090914,-31.936778144126844,1.304790152682612,-0.007562724229276127
597.7733070651016,0.037010150661068886,-25.321130974546776,1.3071620627473624,0.0008443632587389355
592.1784479747247,0.09014519067912896,-2.1565230357867904,1.3157221432892878,0.004668521921373533
-224.36468817363732,0.05822331783490886,3.2959776632500155,1.302833454708759,0.0028158348054641057
-89.11251124490843,0.07050636185990482,5.413782270167079,1.3114174215040995,0.000178537749561003
73.62417549268912,0.014226234595271073,4.582771808091955,1.3038734928792068,0.004860668775530975
814.5405912395637,-0.07545797317467068,23.15763394288715,1.3051267124601416,-0.0010900304168305103
143.45496385532965,-0.005275459527911933,7.828209162766363,1.3024836308301964,-0.004399421156006494
96.61671125260128,-0.020892409432643415,-15.567709485736932,1.3049249373765617,-0.00042086745350599156
-10.791014063529076,0.02614908640479649,-22.925736140472072,1.302264381518178,-0.0003568431445881335
727.3332255165587,0.056516438655720765,19.397804918837313,1.3081252183176526,0.0035040604407784483
330.5491520677358,0.03170377874395747,-4.776606200830237,1.3110482174031108,0.006807112119782936
228.89557654264337,0.06023245899159116,17.239388376797326,1.3149793250255275,0.013391127493113587
604.3182077252317,-0.0056532944633074095,-9.150248564294957,1.3055847182020026,0.0026792503469346965
-92.49606274592547,-0.007370221964052251,1.2879064160369404,1.3037498959440739,-0.0003654630508486672
802.8744114011844,0.07446325906261815,-3.956137427502007,1.3062693907717886,0.003732046109086836
-330.2934495772965,0.07598247920428164,19.342820599691596,1.301358180030136,-0.009624421493698493
105.0317148061406,0.03642010013682418,-1.1228779867716305,1.3130484653052599,0.011513063095476582
269.05586296999303,0.056114200626748274,-11.380830560783437,1.3062641031165527,0.0008497923885572431
-286.46649294087075,0.03502471040316539,6.90526305584633,1.3044834854901426,-0.00017331404338515955
-307.78591925192177,-0.009147056017389204,11.44058799382856,1.3140458847794987,0.004700401520939878
685.1259891932211,0.030515886799628272,9.095973930917037,1.312988089705906,0.015317607793269903
-3.493183736128344,0.13106023441886616,16.450672286975067,1.3163499537440961,0.011396351722683709
637.8818684808838,-0.0014188453178224925,16.774309407600807,1.2998549273030882,-0.0061847580935454225
344.8782219687339,0.04566393425803621,-1.0427006802974663,1.3000200849329504,0.0015568826504119369
387.7141390831606,0.04257271747039088,-22.60395458903742,1.3008798056083468,-0.006214950436969565
449.95728407066736,0.05277966406223141,9.698568825365983,1.3121908855002369,-0.0016459409606212451
56.2487702163931,0.014221449525333305,41.306387885678014,1.30931615757532,0.010358931267056589
465.46463486382595,-0.00528701657210719,48.36352120358538,1.3098134211699877,0.01029350573329445
594.905133490497,-0.00473790519005265,-0.16383368219896255,1.308457499657528,0.004956797282982023
-72.52081147510222,0.08087107379592057,-17.550422969309107,1.2964122628010766,-0.007715514917885053
887.183355757968,0.05790498266840821,-19.57978407036897,1.3021082788784444,-0.0020393427308858956
873.8550396120995,0.07005804335596824,-4.47298607494373,1.3032432048496405,0.004445437235152946
873.8550396120995,0.07005804335596824,-4.47298607494373,1.3032432048496405,0.004445437235152946
447.0913290464501,0.06031590594766667,5.408877762395788,1.3102923933570136,0.0032412839037461727
274.1751237131655,0.04440126974828672,17.093386559091538,1.3059505751256337,0.0037144476018953596
274.6419354039071,0.0422957122429276,23.047275288546064,1.3070233663221595,-0.0012767738293280105
-26.38477925990918,0.024954283242283062,-47.26887645367849,1.3001156328005765,-0.010013345664543337
-64.66005772153602,0.05053025101424099,0.11390549854943544,1.3069385770117004,0.010810033475769209
535.1652576449119,0.09975059933609118,-9.608470110684053,1.3165067369926928,0.010268250844930042
355.9301309030599,0.053616416119060054,-10.186086903741867,1.313410982672604,0.012253108215535616
495.3106589563678,0.02403771443186465,-4.175325487515029,1.3077598465181282,0.0021539753924580893
164.91143547034753,0.07889483741806853,-3.6378303886307366,1.303017296253295,0.00905145877407701
686.991958326091,0.05227228516569978,-5.1889570414657715,1.315953960765899,0.004685895448593701
623.8175314675574,0.03500465039923399,-0.3525771804056532,1.2963974574561785,-0.012982194402675855
-116.82749989297804,0.10759694505603352,-33.676549928915406,1.2975103257695468,0.003915202284324411
595.1154586469622,0.09339407444662481,3.981233769368224,1.3084243953555135,-0.0062251084018653865
658.7501407328386,-0.022173612066217707,-11.123194626435648,1.299025504854636,-0.002635216338334869
1044.3408880186382,0.08523651639381305,16.213203404106686,1.3061787745484472,-0.00018472334135530305
553.7642548213255,0.08142185826585699,-9.96328594176496,1.2994869476046498,-0.0023832741068180187
-246.1006377281274,-0.029443261938204342,-18.448902954800086,1.3003503135622805,-0.013841315088877799
1020.4246218796859,0.02166530439369437,-4.703651405073913,1.3010811149502932,0.005630357266483162
194.14677444225447,0.02006723349121072,0.5630635684218082,1.314405076801261,0.00399498221490076
604.0292169450819,0.06510655258857427,-12.559636164878317,1.3030194467669374,-0.011512507772205577
85.11241713219846,0.03842942439962442,-3.4374839502775822,1.2929147374281411,-0.006636182944409588
429.05260495201065,0.05800305203777234,-1.5806068761981038,1.3101794442930055,0.0020531892051574075
450.501368393614,0.049753841064881225,-11.543030452906605,1.3102862949442335,0.0011037050655611036
411.1868994700362,0.09702948114282614,-9.698005500023273,1.3018768069402062,0.010639080130683957
-45.10819018942266,0.08288228288144546,-7.895065884626737,1.3059012651537412,0.009129931364445853
654.3564995505712,0.037649376664341414,18.834184859650236,1.2976019587811212,-0.0036920380286712333
110.98836228569593,0.016776842292683194,-21.42149743128187,1.2983051665386058,-0.0004600049873327641
116.1776316735202,-0.04577192966846379,-39.87240230583038,1.3081894603260606,0.0029668258976254967
338.4763935072883,-0.03867384155255312,-34.193266379526975,1.3069625389166604,0.007862758104295126
373.429996457092,0.12418671226621877,29.91920561691644,1.3029745246105997,-0.005983024994808787
692.9726832561632,0.03505389056749798,7.1425655534898524,1.300630781455618,-0.0023166807783622087
-166.62011907994633,-0.0038887487608475543,-32.80868074253214,1.310051187154571,0.013915337970566138
-577.3461758853625,0.0667316536239511,7.299390660814755,1.2982870580680084,-0.01829519790681089
1099.8201320489588,-0.0018183545895694847,9.582802516655766,1.314562573835792,0.013848751929176482
-291.7260074336399,0.06773607413866783,-19.659418554337755,1.3029074480935596,-0.0059202733484235645
-633.9962948302291,0.08270836246074309,-1.4930865581293844,1.3008660529653386,-0.006875020743728521
810.8153753070217,-0.007694241417238335,17.784710606183953,1.2941514729201882,-0.017675632665671234
791.5608006786392,0.003030101752905903,4.876603584433894,1.2871699386602515,-0.013962488574041976
-269.20169966583,0.0963624713999035,12.212712281719064,1.3060448480292843,0.010111109620720312
745.0937833124301,0.05689895737025862,-8.037870183991712,1.308037310287535,0.01886291224064889
631.7353326630736,0.05515146697333651,2.0986809166468614,1.3129040480403817,0.0011796491627139262
631.7353326630736,0.05515146697333651,2.0986809166468614,1.3129040480403817,0.0011796491627139262
411.68973546214704,0.04005195804495047,4.675776798970997,1.2968563912335436,-0.008608503420999534
249.88428733356187,0.04356957860942803,-2.0595446224078113,1.3081621622852155,0.007628940428810291
773.335709355826,0.10798873193099101,-14.737163519238766,1.2967524420949021,-0.011618750879153051
-339.9414794085923,-0.020416501624666586,-26.38106677902698,1.31249901835996,-0.0011311057944330626
-140.32528255151294,-0.002637326276266675,-15.281080947175408,1.3090510889058555,0.020721701933207104
-236.287319029632,0.009570194785473838,-6.597385989601067,1.316332893936214,0.007347580926315487
-538.429487404816,0.010694429466558072,12.755132931014531,1.317275345607427,0.014473207878690466
-46.903321099317395,0.06714749850478456,-18.13675898275101,1.3166387533787505,0.01561628524073181
851.5602892639466,-0.0063884478001405495,8.116515031458091,1.300235637264031,-0.005166078036912564
453.11480920780787,0.03292167295130239,-7.826287452852986,1.3016956456941713,-0.0033673473741411904
451.1767825061883,0.10310677980150185,5.392954158798373,1.3067574228312082,0.002300060239361523
667.6448386102563,0.07156432813268955,-5.891276336879238,1.308185666905185,0.007929112476627026
310.4790985819267,0.04542944533537342,14.242143590044797,1.3120761426495173,0.005883583886817098
861.3559694102678,0.03323014129993393,-8.302816612995564,1.3098990359432945,0.01027371706606435
-212.30687767006697,0.0341825034437828,34.24889716467205,1.3048964744524776,-0.004900719499330779
-278.4524425951847,0.03671266970613904,1.4700280537905464,1.307364553374381,0.0003600024836833233
-212.89171476173067,0.13045273005763827,-9.667898685746275,1.2938252606297305,-0.01548741392934648
828.4360375937536,-0.012583279548332889,-9.839157753654078,1.306842135482496,-0.007108579700395841
416.4538347849204,0.09524061653757138,13.23538273160979,1.2988102087351188,0.005427017947478619
547.1314083527245,0.08119437799836401,-10.403342866876628,1.3033343529456156,0.0040265457569013995
751.6363047294401,-0.027939118057021033,-8.25479869643382,1.310294468271888,0.008163263128032422
-156.7058734956547,-0.029447026092861445,14.867327399231549,1.3087424991624972,0.0026999506414985344
-136.5443035360564,-0.015037570923449633,3.2260502821113217,1.3058100558910035,0.0002875561643458772
793.9525384809226,0.08319440633076675,-1.8789017072689411,1.2987237994574317,-0.0065611627106419565
-6.439191979217242,0.002776499975404193,-6.057884008279025,1.3180352080911186,0.016951318569206973
479.2961788485629,0.06749471804848486,27.52039102141353,1.2935698076466478,-0.016622022374983517
338.7424016268151,0.09826142460339869,17.96593138908262,1.2908674957401154,-0.024031187599621855
-284.2826871388794,-0.022843283293071392,24.326579973726034,1.303433325119296,-0.01012835544843802
1695.5531010828888,0.06899025401532409,-26.59865327790934,1.3042410804805662,0.012977884435013336
163.51680836475452,0.010988591268790274,32.666360795130686,1.3068823423537776,-0.0071939276866148025
-544.2715294397922,0.029538547333664365,-4.021909360802594,1.3109454332763704,0.006853476809120723
562.746931881423,0.04649633952441755,32.65134275036109,1.2970095037150549,-0.013000953331888087
736.6136418244444,0.04008732508563953,3.6495485481133727,1.2925637168074398,-0.01848247642003716
479.6064798325983,0.06115843997809056,-14.969130684615987,1.2976077417838867,-0.004724268667662622
-135.6340520256411,0.07963839094672177,-20.22651445076353,1.2928805673569304,-0.016816906108948922
-141.2220280520744,0.07435967899264545,15.505935917616895,1.2894058521337508,-0.024335949384626947
777.1188067556043,0.03271722723759009,-34.99298379800922,1.3067591999223696,0.006518031521098204
982.0069865900108,0.06369214161369231,16.10666637560076,1.3069848010045362,0.0014904134239832065
-1083.247862356362,0.0723864219144402,-4.820149386639994,1.3055863164831862,-0.00372084515980956
1388.1693570464336,0.008035726139907953,11.565093058542214,1.2971161736284966,0.0021190527893172936
1225.9117971249534,-0.008412102988118005,11.261905236814368,1.29967858923309,0.0043200136531761245
467.83100862130715,0.019702923443414178,-34.50638249502295,1.3072096809996565,-0.0036892325516911205
-856.9296707449306,-0.00274542604223154,-10.515938551764977,1.2976753133519716,-0.0008439409704366159
-60.99845286949869,-0.029966975084307724,-42.53132213022943,1.2952984892256139,-0.012891113404270503
385.09401459008285,0.029383158584884196,31.33860528761216,1.3155159013623885,0.01659856809180362
-83.54881093043129,0.008240207366198937,-27.479252300264584,1.3127596743492747,0.006718289568726837
854.5684261166084,0.058378737015161816,21.694725155899732,1.3016070701586238,-0.013391801653777818
1137.2901049709756,0.05782761920109193,19.7567566776041,1.3081259896451471,0.009471094653980515
152.004701088974,-0.029915541288412128,-5.481372491504455,1.2946311101081058,-0.001575087833253142
-434.4172696244218,0.08836391546097178,-6.04499158394558,1.2998451625160845,-0.005045889098156595
384.45166191754794,0.043973032334617315,4.7849923188368075,1.3046828380881454,-0.003688758006921698
330.83930121848914,0.06638631884827484,-11.042135498445592,1.3005898901784045,-0.0032941808664949303
495.48354784616305,0.011159520211463641,14.640324759517313,1.306156465720447,-0.0008517074142381938
1285.9953286662726,-0.004198390701837017,8.43303457395823,1.3050528132653787,0.011665174231908706
-539.6231010719131,0.08077526814077732,-12.069780522992858,1.3074346021061807,0.01000447660214319
187.27332996462496,0.023303333193031496,-18.28820310403469,1.3026034020361308,-0.009599765269219435
582.6724188390763,0.03691058458557803,9.991265119721469,1.3118457651432014,-0.0003480573892498274
553.6120323453495,0.0694048617918144,23.54590196513461,1.304964489064692,0.01226776850196176
28.013933522321963,0.012853093095645158,-12.715093544607637,1.2927928733003988,-0.0010214903429540427
-92.17459300184049,0.04524159038848938,-3.4637528589132778,1.3194247195611168,-0.0016921452806950496
-532.745372398461,0.11897868747345262,3.1434749014047583,1.3116575539567736,0.00643096832827908
