TÂº fan free_t_4,Oil fan free_t_5,Oil fan free_t_4
8.314308474231417,11.84016627669847,0.0946116408361345
-15.617583037437278,11.768397172566242,0.01921841124356851
-0.7792507169568612,11.793125647987337,0.06291254284139214
-21.30139996945113,11.794461355316031,0.0649116722653465
-14.53666909831217,11.823794129074596,0.05765204071264963
-14.53666909831217,11.823794129074596,0.05765204071264963
11.821412513886447,11.778134821933417,-0.03384679027340326
-25.84378247617986,11.812495767680694,0.09439274515993192
-21.94361317214428,11.776434232204489,0.018539398127403968
8.22956966582557,11.81909561895715,0.10967577669555116
0.13358502926053073,11.831029694316765,0.061758444020016776
10.838305481106955,11.793964562959042,0.041318842575569156
-13.652215664814907,11.787665907810917,0.046679983359414964
18.07023053321083,11.809865152363015,0.05880125268597494
22.93406282606828,11.82852677376709,0.06171635860361943
2.409208650292472,11.845176004886449,0.14813496640054288
-4.674457337127807,11.86080002459324,0.1765249875599426
8.137671306395324,11.734890287636613,-0.030799856205964697
18.717732552989993,11.778292559645456,0.008054621044992834
-1.4572028313644125,11.8263655733891,0.1647901954180963
-8.175493987125378,11.730084679481182,-0.0828272091959931
24.26775189102408,11.841911606225112,0.17710358819440325
3.1463760742347695,11.812181640860926,0.03945597474313797
33.79357109039067,11.799565254042802,0.035664312779076224
34.394968159428345,11.812234612165424,0.06639636093249905
42.80893867746115,11.842378531351196,0.11178976855340031
-19.109920611708503,11.845280937344413,-0.027197737157989288
-30.0388348708796,11.756936376547932,0.04098205362139547
6.0918225492856575,11.747385241088717,0.03662721336906454
-13.839128775090341,11.736526547743432,-0.05727866918048952
-16.184933011599338,11.745098373505698,-0.05457642093062296
-42.499457473846405,11.724811534256855,-0.12675027725858518
13.372417973307645,11.784249712167245,-0.014027920558768031
2.1361192182402053,11.784100780252666,-0.02667413862345577
22.283200079427417,11.778087848057552,0.127792681214746
18.4865653877782,11.813719041094018,0.12157286108591638
-17.205858230382564,11.742455584864173,0.027503185433911323
-14.245320076149566,11.711239145425708,-0.016552583496313722
31.163757697215612,11.72253467757776,-0.026517377256564348
31.163757697215612,11.72253467757776,-0.026517377256564348
2.908420410494827,11.781878683326811,0.011590357922540347
14.125902372391057,11.828432102529026,0.15343069400871004
-8.892853230175442,11.830417132231808,0.07835215240446003
26.404476769550747,11.832828871206063,0.12688760385733486
29.37723230891371,11.822983600253389,0.15071161915027248
-4.795151756862811,11.723632458487206,-0.017806306421884497
10.67190070254362,11.75778286753647,0.03056362844835142
-26.610302548530512,11.774527324978378,0.05965473040074106
-20.414905400102786,11.802895240702464,0.04716441543958102
-6.331646674974872,11.774590221269495,0.07094805343383304
-6.331646674974872,11.774590221269495,0.07094805343383304
19.37177597168689,11.825559161762644,0.07627420696663437
21.33420700654359,11.818959701318228,0.050882440169083526
49.42703195666166,11.750753865714197,0.08463765795992823
38.18996006932022,11.760738251551018,0.07434706906852816
16.11304395609466,11.824964735996206,0.09803376687818297
-38.471812934867884,11.757287749892676,-0.01881677984339328
-38.471812934867884,11.757287749892676,-0.01881677984339328
-59.79021345216525,11.824171099585609,-0.0059309711641731475
-15.933914440127133,11.754678474172547,-0.0009688732105609457
-3.681206353887953,11.79462835960918,0.09419110406499812
-10.856197643709546,11.795219708090274,0.06783541649232028
-6.487009139541575,11.84524209520682,0.07973200875304479
-6.585680299278081,11.828132407760652,0.09959790295890025
2.398680379518318,11.795959541212476,0.020430560699838885
-11.355738021738912,11.800573852935894,0.07515603678143205
23.431016609648964,11.803380131457887,0.07853932721071474
-3.872172307551434,11.815570258004328,0.10729320637835718
5.120168216889548,11.772262673050395,0.027004782798092028
-1.6418055983216995,11.777962771826758,0.029031469801329382
4.2127863720596315,11.793761617624426,0.005153805952672157
5.415007621332208,11.824556984515722,0.03489855827108209
-5.444910550196857,11.815932527213578,0.04288954396272987
-13.964184553361223,11.80062950387367,0.03595799853160814
-7.220039010863422,11.770420363202062,0.052775361972218035
-0.5151341923643278,11.813523769279419,0.0930217716705564
-12.085702000121245,11.797736041782311,0.06969401935715906
28.90619678115783,11.738381511828868,0.00667462388213891
8.050589758610489,11.807008566840453,0.0932382725533524
5.778701055641911,11.870171127980374,0.14327607286528005
-30.222702016161897,11.765157575503737,-0.013330853788699375
-30.222702016161897,11.765157575503737,-0.013330853788699375
-6.210312613554063,11.814616353709788,0.0983657937488131
-3.9374756245639926,11.80848503730625,0.10515983150207983
10.892887037355262,11.793515917734021,0.10818963794505221
-22.245063003186317,11.81330186592086,0.05207317849153491
-22.245063003186317,11.81330186592086,0.05207317849153491
-1.9828066169137095,11.794229045211614,0.07243626997836243
-1.9828066169137095,11.794229045211614,0.07243626997836243
6.5494096460136895,11.73735738368272,0.008935918350974683
0.21716099474527084,11.868439099250983,0.12958943790840174
9.291515592780096,11.848288965467125,0.14498033962330362
16.162657015611202,11.776603746142676,0.07158159377948047
22.90543850847829,11.796691071620023,0.09501453920601574
10.341468249173655,11.81407374555347,0.09551570667560315
-15.942477820231412,11.772931881336643,0.018669324327031125
-15.752292670006712,11.78656403199653,-0.013267276685452377
31.669497042726302,11.796659658210327,0.06867256142362291
-22.73189715664692,11.802907309188027,0.14170436334425857
-18.41379884709034,11.820638615338249,0.024166930929535934
-21.910756428857,11.808369397782592,0.013381432051088426
-21.910756428857,11.808369397782592,0.013381432051088426
-12.932696212062709,11.81130467189159,0.014100944867349386
7.875146681084434,11.77483977895188,-0.028349242639705802
-12.675651706215627,11.742390072769888,0.006938191549403096
-12.675651706215627,11.742390072769888,0.006938191549403096
28.045019040697667,11.749382282028478,0.06558007725031972
-21.699840265845406,11.815482215908323,0.0671268196795888
-21.699840265845406,11.815482215908323,0.0671268196795888
-18.68280837808291,11.814467305097018,0.0716526205719689
4.8757730100513745,11.821433476184046,0.08621191576784441
28.690383862005334,11.850510954152094,0.10617832931624845
-1.959981510577867,11.84470832775628,0.17276345278139715
-6.788794405948327,11.860966427435422,0.14630237637241272
-3.293952076322134,11.855160402727293,0.15669677584714733
3.285718385236059,11.772508880385143,0.010922073860372042
3.285718385236059,11.772508880385143,0.010922073860372042
17.249464808627792,11.818784957216508,0.0685930306823429
25.785823623139606,11.852036459107367,0.08536896385694018
8.406503512460976,11.82871890095534,0.1295181591802926
46.4455990152488,11.842907966605756,0.10476050977455864
-34.772689293840635,11.84537928278097,0.03737778376722821
-7.020424968053675,11.83474749011853,0.09799345432123947
-14.04790509632387,11.753229188118285,0.01863878135585893
-13.845299716840158,11.747729357454745,-0.007622870122390435
-5.995334584769883,11.747412257452106,-0.08507413858442889
12.895338308626894,11.791657569682474,0.08318121543803632
-16.023538188915836,11.785982643630437,0.03521958138752339
-9.924848969942166,11.808175769343142,0.11248130822352535
34.90478559606821,11.849862797547974,0.15744654007063105
10.579862420216601,11.845772723185805,0.09591325462575528
29.01153505833672,11.863712199430399,0.11265201910124648
27.506731727781855,11.831075519864346,0.13526675080729028
27.506731727781855,11.831075519864346,0.13526675080729028
-4.1420849574347365,11.734788969989069,0.048560470129857584
-53.7950444014438,11.810264658547318,-0.008788034446265781
-51.8046449104643,11.79867503863166,-0.02894791083811694
-42.71765819087022,11.78839969254006,0.009734585830186184
-9.064948670468354,11.796047083461062,0.05205151956811063
27.045937839448317,11.761616898554228,0.13788496441454867
-58.48066926402389,11.706526565553983,-0.07844462035011819
-56.31374907205857,11.72222135898656,-0.053420370417330915
-12.377099888940165,11.720331294500959,-0.07086094961480988
-48.75679352944422,11.846225826486524,0.09445443055030275
0.4174889699416653,11.84875759025572,0.11293914034828073
24.235518930225375,11.79550841735994,0.06930272385205144
2.943712666847304,11.777526711053598,0.05286372406402275
-31.33188781505376,11.761096853634717,0.01653495510286366
-31.470275566010375,11.76082966412257,0.015592584957327349
-9.851775055516768,11.797957898808962,0.0762551603436995
-39.737601515593084,11.709179990110044,-0.10972638854441949
-20.26897047760425,11.731664375706965,-0.02819917760344204
-22.904051423425873,11.832862309555937,0.03870217789329406
40.99688577753991,11.822672894023475,0.0821470802556887
26.618914005731252,11.817319675434838,0.1102532036322599
30.00007317259047,11.775356484349617,0.05545604854603569
30.00007317259047,11.775356484349617,0.05545604854603569
7.737774906920457,11.732658427213492,0.08449275668687131
-8.24343648732714,11.803182246092668,0.04679573721450461
-8.24343648732714,11.803182246092668,0.04679573721450461
1.803281265833876,11.786244511355427,0.06370171333091933
14.088883597122221,11.787435164077506,0.039532680216612985
6.9402794786903215,11.809034066534592,0.08724654936493889
1.406173931067821,11.809904971073573,0.053630071538707136
-16.850700300426297,11.777731991692045,-0.034732845117025346
-16.850700300426297,11.777731991692045,-0.034732845117025346
-3.603122061452213,11.829758882215682,0.1482970276519663
-2.4794156670036305,11.85168598073726,0.17699522502155862
1.3184097943519675,11.787050544647583,0.022336511400532624
11.331688706543197,11.754578018090958,0.0032407241342777334
-25.183658463988813,11.774954617150557,0.03569688109839685
14.091166129979758,11.750945547518034,-0.00022081487122631652
20.631102794840814,11.759814183225801,-0.011625550710515754
5.910274652930555,11.718231379059251,0.028933054967608035
-5.494860171956685,11.874929999308865,0.06808131761112786
5.274430861172409,11.738968028850282,-0.06424067208935295
0.5860387640058846,11.751665634217547,-0.05566886153534308
10.81761832476987,11.756543034559982,-0.026283928015841628
24.688398560027274,11.77224492753187,-0.0004477454095317898
-13.968833378398752,11.750305447240317,-0.0013239075893943034
17.64578526210325,11.832647413557229,0.07746651488474951
-1.2974837398638348,11.796837793117707,0.08747706078752536
20.376767072680646,11.809564126197673,0.05648672927563108
33.402759588931815,11.76805804075844,0.08446749284323271
32.170486623122066,11.77625719136669,0.0928300168715932
-29.368009064536707,11.780436830280978,0.014253477292723485
-29.368009064536707,11.780436830280978,0.014253477292723485
-14.250341084719885,11.76580735940737,0.029646170117718845
-9.533655525178913,11.796869305809125,0.061895487784433975
5.514145659128719,11.806298042232893,0.10803736458297257
-11.688051094344972,11.859260691920538,0.1719288701194362
18.850945124766007,11.747450195926328,-0.004271520327311068
-30.818111984569985,11.77300979917165,-0.0011402000907349266
-37.839904705687374,11.736369309990142,-0.008076204438739673
-7.526955354816927,11.75172340977093,-0.012074095127806286
-4.351874993536702,11.742872533286684,0.037157578835748745
-7.371607456989741,11.82038856962428,0.03782458828940411
7.607917838774776,11.797468537769776,0.10003735087836631
-12.533977498460139,11.74904187857523,0.02424174198793394
-9.803409772738922,11.796612671326288,0.015702365294187955
9.099873006575681,11.78951902357851,0.010319772406142123
-6.204317938445984,11.818784618333954,0.05195083335842417
-6.204317938445984,11.818784618333954,0.05195083335842417
-6.204317938445984,11.818784618333954,0.05195083335842417
-23.390717727285054,11.797370161753813,0.06417825129871299
-16.41995253523244,11.802050612806543,0.059051154295657604
23.133615432902957,11.742748511127324,0.044023154281281965
-14.775493970728451,11.83202988194973,0.05571009754612985
36.59208088756165,11.86893121480304,0.21674687715842805
11.686655600983416,11.866925658798019,0.10235516423526078
1.4302829722397057,11.840037601672076,0.06884495921471813
5.624818217691219,11.828083451898708,0.10595142983991972
-10.120710040142693,11.740223677086885,0.01252134365570861
-8.113655014012476,11.862311536438115,0.1153628529979301
-14.579139254379406,11.856265199128242,0.1249003208506001
19.711746587933106,11.7349504684291,-0.010716861670642647
20.825651372568906,11.707084716766426,-0.0181050836005464
-31.630425448770144,11.793247304629762,-0.009551065676373816
-6.176840200013739,11.814862232592374,0.13680312136180092
10.775291623357463,11.849658350882557,0.087282022936289
30.417299791723963,11.771641143751216,-0.006791923289555229
-7.0294459846100885,11.765094737473582,0.033860175351579494
-7.0294459846100885,11.765094737473582,0.033860175351579494
-33.61098745981947,11.791487333395027,0.02617561123596851
-7.305038919684563,11.804441297366061,0.08046044616569306
0.23609504373728996,11.793557734840572,-0.011311274379224384
-8.191820414293119,11.785049455835999,0.03291783990952683
-25.344925462756045,11.806233797372698,0.08710402202128836
-25.72598219900446,11.837301379342787,-0.014426061368309331
-13.267763700692868,11.79834774063355,-0.028258539223776816
2.9150721259842864,11.771775806673123,0.09270626888092634
9.385355964602855,11.788321169417117,0.11263879611552863
18.760212032815485,11.802495232683858,0.05266963204417772
-0.8321494302267021,11.852623930553536,0.07596636268528272
-10.845277872585948,11.788957046171832,0.07526171132159679
-0.48759671806005045,11.819512219338272,0.0650744601208644
5.118313470447092,11.787371609748504,0.06270053054222363
35.76138237248558,11.83768381592534,0.129636296113952
36.15352086308752,11.838244095149038,0.20804881185439528
33.89528559648436,11.824548805835526,0.2132246083953068
-37.12953019549872,11.745831832653431,-0.08606374553788776
0.02242926882023255,11.751064350695916,0.03846201247981197
0.2260400457119463,11.767321293501462,0.023645750373178124
-33.75253833062311,11.754893759401424,-0.006943991038489979
19.285377992492382,11.783021026042665,0.10144824367609873
-16.630577777023248,11.792172657278508,0.11083679335781207
30.05126616478605,11.79862243104568,0.08415395108649124
30.05126616478605,11.79862243104568,0.08415395108649124
4.224741548032121,11.776280656735594,-0.08853942082802321
7.65087355214599,11.732150221191521,-0.008777825875945139
-32.0511210241512,11.767516411135816,-0.040769641568715105
-22.579391273704665,11.769403503593523,-0.029665470010210693
28.172846490633784,11.782206518139214,0.03715761767992667
-15.59370595000701,11.851290026708673,0.10058088857808252
-2.9622085444434703,11.7940736527755,0.060489192918831786
9.807897960983574,11.815734371465568,0.11607099352560776
22.626962061173124,11.84128824032952,0.1319360801622934
24.819751173365052,11.764221214027087,0.024987385913604613
17.607172847940987,11.783496359022612,0.0026224011455622774
-30.066489594275318,11.769272958088386,0.039000737962052306
-17.051561426086774,11.774929073661042,0.021674313580793282
-0.5705316092175625,11.722142527496139,-0.06099120288853766
-2.518567502333267,11.723634648060008,-0.04583329402216994
2.7804255177331534,11.734027614412925,0.01527892809443459
-28.62298360699833,11.806020803269885,0.037388796996109475
-2.893829699063371,11.781498381342331,0.06718544007372054
5.563538000700635,11.77222349743286,0.02251739567841827
5.563538000700635,11.77222349743286,0.02251739567841827
-7.645639089483128,11.759936927394493,0.024872625031589143
17.491260072793466,11.725293264674775,-0.0054547644589491365
22.263002859945562,11.78068292062951,0.04408672637092408
-19.31656439843883,11.768696216538771,0.0371474083250819
-17.964019735585197,11.756578290554998,0.058499139030605905
-10.17632227427852,11.812853872792884,0.07912668605753889
-8.220047889786713,11.752513267045607,0.040937562540663684
1.2495738123275046,11.741216635262937,0.014494910788571569
22.579186848946485,11.761917147810982,-0.01649724517971354
-63.13480888741018,11.76565835584576,0.006688036049311303
-4.254060609676976,11.75842337139217,-0.026338714276874498
-4.254060609676976,11.75842337139217,-0.026338714276874498
-36.845963976761865,11.747077639527863,-0.08614769639864436
27.503988720074,11.818186913127846,0.06737333836754975
10.574408823450224,11.807875233904396,0.0732219797954634
36.15730526382402,11.791087468607351,0.06518826382017257
-19.55738351112941,11.840939509748107,0.12746741785044138
-38.3399548675794,11.810842911531122,0.04131400778521154
-40.21440709195183,11.822630539539214,0.03308120470698687
-40.21440709195183,11.822630539539214,0.03308120470698687
27.20929968673606,11.780387503968955,0.06738096604169633
-12.6762926973703,11.842962534681028,0.06780425665561829
-18.653267216624638,11.770999364844629,0.0086423784723356
14.014163287525484,11.80524704584352,0.09018684755922923
14.014163287525484,11.80524704584352,0.09018684755922923
-3.0515762778275786,11.755035950851424,0.022078341445563893
0.5847001720621217,11.812129590679136,0.1403499208976271
7.719043657452161,11.808012383127876,-0.0289644519390157
18.011835006686773,11.772584710355268,0.05737361857041623
-23.35322366135387,11.840569159539058,0.07461084180848673
19.491576220865035,11.783370665943004,0.09018968852624694
14.869162176542424,11.83831118667479,0.08038323215941323
22.998754238190312,11.773480364343042,0.017202794258836626
48.85498966283126,11.74690299043901,0.014081012528757597
30.38771547160773,11.723302316877186,0.07789725534386994
17.268725659284335,11.768157518817427,-0.002675190763268706
31.02717106396602,11.752875813728961,0.05481689506351521
38.10236682454422,11.738502240411613,0.001665713299582608
42.687168940974075,11.775762410195112,0.03975785707277812
-6.6465977855094245,11.752900725472719,0.03548118424781495
17.07180508361276,11.826654057901623,0.06951320991256385
-17.593519757032404,11.763667285579404,-0.018351504049071522
7.334843542398907,11.801167500035044,0.02994989285467597
-16.896076998635998,11.795916545981754,0.07230014021037404
-10.808581553497454,11.81887937847301,0.10042481104354097
-11.58771678989794,11.8434036750407,0.05961619015365715
-13.540455347670777,11.86240924649425,0.06076875605997509
-14.307355984076946,11.870035891309367,0.12941616126734357
56.483677388025605,11.837712931859981,0.1401940034379892
-13.513568272822138,11.843796914977212,0.1623094973462614
-4.855153507615823,11.856228939865066,0.09618719716061974
1.403835432350327,11.830266040790624,0.1249242509025763
-0.1882033709040556,11.765685618926637,-0.012319943588431727
9.595796291860427,11.79065381288286,-0.0368725349254775
-11.2229757385029,11.811175944703727,0.12668652297912117
4.308419209229274,11.836032654351728,0.06092765984638141
11.820627905628305,11.758552454536694,0.022436302510602635
11.820627905628305,11.758552454536694,0.022436302510602635
8.738683192018636,11.759309455445033,0.0038147569647235674
-14.03826023310002,11.763412349969686,-0.00498644574179704
-20.30166081722591,11.764746265712901,0.000778136636283136
-35.305001516032554,11.789652184056205,0.006209575537492793
-29.514708158416134,11.733892406212457,-0.08428457423564706
-38.10705573129858,11.716030036543383,-0.08973628344073512
-18.751585935318055,11.795493564797257,0.07109138360288053
6.583726548815644,11.82926458826551,0.12674708337578222
-0.41443541152510033,11.786497501609004,-0.01108333260611711
14.627350066542132,11.822001306728318,0.1328372854637579
-13.43441441108067,11.830011447369078,0.14687186642094185
-8.864969185249146,11.856843300670233,0.07177818030461605
4.788852783507353,11.732662564619513,-0.02700531528361047
-1.1559568694039077,11.809977324832232,0.05303838570773463
11.375927835439764,11.780368140098208,0.029696147897103488
-17.95424577885253,11.789268675021509,0.051336639227875194
-19.21005441423218,11.814523635292757,0.033623349784577025
5.417901816496112,11.734723434249558,-0.019468823638537275
5.417901816496112,11.734723434249558,-0.019468823638537275
-27.93300287412243,11.73803532934892,-0.04237372289551601
25.33752117927136,11.802673472153218,0.11801227762837539
-29.063170937881992,11.768672802650093,0.011400670115366942
31.86552904698172,11.834920073129984,0.08911131696288506
32.062797808823674,11.820220637352204,0.1256222961028733
8.92608685802216,11.862128969205022,0.16622364393358222
-24.08970342168396,11.743273793550422,-0.039134698053980996
-5.543729758184329,11.824612790189052,0.10993371092743925
-15.06080624741205,11.775689157745054,-0.012084237127146947
-24.845372417253785,11.7547958279585,-0.05038264657847072
24.618378993278682,11.905140592763614,0.14966309954613333
-12.587316454286952,11.880264571633663,0.2108349458952331
-1.4997725832162256,11.9276268581622,0.2118810918362575
17.070154323262038,11.892589245957877,0.21189935397443513
69.92266508742117,11.881423784025998,0.17490252112137422
52.20017257841536,11.8364491176785,0.1921229237027292
11.492244906916213,11.825595648309056,0.1791345213492086
1.5296943367401816,11.83239350324546,0.1816491607478124
-7.704180357847132,11.838806934754894,0.04549387773201352
-7.635518495659875,11.776222490851968,0.04616329788937243
1.2108839889209797,11.788761277658038,0.05032273422497592
4.877102231360816,11.806010846055143,0.058335243669653175
6.003459979343079,11.80427535212511,0.05557216892571286
-1.6611899489206174,11.775883409162706,0.014524746634878676
-3.1074414213943733,11.794443794552928,0.0962513958981781
-7.063516810420756,11.7718526208574,0.08320303233155774
15.028123549167988,11.786039466902565,0.020791947504820357
-8.821346536018837,11.779406656029716,0.06936520512008137
-8.821346536018837,11.779406656029716,0.06936520512008137
23.108088014620847,11.771960097374686,0.06701245241806976
0.9697903463369091,11.76283352775643,-0.038467781737317255
-17.335971930323435,11.760589522359236,0.07281822641420012
-4.178898654865229,11.74985501736175,0.03494817869101981
26.78802274995764,11.783894330916873,0.028185325045133217
-28.039953522129732,11.81780408498111,0.07413100515938373
-15.6363206575785,11.842690986915066,0.07035625817704602
-6.522122083985516,11.753902466352852,0.0754123916118161
42.14581359938273,11.694583108975861,-0.08181630153223579
-46.88648611612178,11.892838787793405,0.13448365276167976
-69.02144877941367,11.832309277724974,0.040278780858590366
-14.102488126775718,11.742539798754631,-0.005576258937519096
25.815429280435495,11.737714326302164,-0.028875425630601206
-29.717474291526496,11.840236979972529,0.12238078564472793
-8.14228817810248,11.805415434619034,0.11397430198520851
-4.350186748074963,11.854102222179339,0.042034327751991854
-19.85874419603166,11.83238510458751,0.07526223208664433
16.234503544179244,11.762853046038336,0.0257828970752669
37.28055505042116,11.803423138520477,0.10925916152596743
16.140965823559267,11.836728527707965,0.1450704916669579
-36.44340231165278,11.852119656168306,0.09936604137079966
30.37572414504867,11.797603220894024,0.10081160392300308
14.576179779699274,11.81436378037032,0.11147198601260296
5.437270573096354,11.834660045618788,0.08441652102910475
1.6326602657100167,11.864435495013167,0.07935788079452422
16.682453179447243,11.768164248430194,0.10124875871000066
24.1527000637727,11.74762489452925,-0.03140819768380559
42.96755788149341,11.768873718739224,0.09378435384857424
0.5890957784361674,11.84578850961091,0.14600121737165428
-11.171521671366442,11.87842328394341,0.08585687848370549
52.09226861057053,11.820440553637273,0.15196240859823562
68.03822367933792,11.81609557094894,0.1446477641383594
60.07336418327243,11.83521866461843,0.1579821431214129
39.61583052167664,11.79194431805829,0.20335091965422003
31.8275553435836,11.837825754156702,0.11325558599624276
7.844765255792648,11.820778543071606,0.1352603712168878
15.704195620561944,11.754043966571967,0.047435956947229845
15.704195620561944,11.754043966571967,0.047435956947229845
6.736152454278034,11.742433462449185,-0.036282863811674594
4.878928175810843,11.835814835061841,0.13660774306364093
-21.71908176300153,11.775602649814775,-0.021705403236287342
7.609809148667329,11.804902541042088,0.11365478863787085
-24.479657916957528,11.816205985324704,0.00835572429608046
-7.009223406073701,11.76424207901505,0.02758415755486389
-2.1122864438183626,11.845229366655854,0.07536622237768931
-12.960520184541886,11.76375014106874,0.04116062348196971
11.287946983970992,11.789730656949056,0.06070172006475967
-2.817334688353254,11.833775302861453,0.1174862622329256
33.59973402461766,11.798478888237907,0.13839979796315327
-6.166432005265108,11.786147002807581,0.028102969521539838
-8.32854240891712,11.740923568972741,0.0029301279161915786
21.95938721463134,11.863056800654673,0.18725752666207188
-31.62485361621452,11.76322902271189,0.01336700971165411
-60.96567299817508,11.819247301220736,-0.01802303562224456
-8.4104689001419,11.780276645039955,0.053623003855682805
15.096512054411278,11.82309887958803,0.11258912671906715
0.5816725849498141,11.827762705422797,0.15453050628786416
18.209402652835987,11.812960547528789,0.10139982582216783
18.209402652835987,11.812960547528789,0.10139982582216783
-29.40685461695348,11.731462749048724,0.014449060390570263
-21.561025972050086,11.78915009362119,0.08976187626785646
-11.72362845210636,11.819865422134184,0.012562938245925269
6.024285107572367,11.789454005043845,0.09977272029501487
5.723209612203007,11.828684302730899,0.1344606052181852
5.723209612203007,11.828684302730899,0.1344606052181852
15.052002726705291,11.83950558460203,0.0904321208306745
13.141339771319096,11.82664632146404,0.11126519745344786
3.673399382720369,11.8329785589148,0.10176683258611724
4.225482899237118,11.81861934724487,0.03431712096832941
16.93153066834638,11.83825082478062,0.09988828605304956
8.916287099315044,11.80115164560195,0.07033802608702702
26.63568042477834,11.830901484255262,0.07222679641810525
-2.18280680305843,11.783847058458905,0.03190186035555949
-2.18280680305843,11.783847058458905,0.03190186035555949
-14.972460509630896,11.812002884636124,0.0883221590270685
25.617525938351314,11.800116584873106,0.09656213086583829
20.43159830650672,11.804644183696995,0.09891002532157268
-28.716861902520126,11.759755749356783,-0.019994941210108644
-11.133940077378433,11.769902688884514,-0.07359798357716892
-22.142223837473487,11.847038062209963,0.13089640200243385
55.43817166623857,11.774803212210907,0.05994390507991906
-31.62516348485846,11.792739382676517,0.04649667279875251
55.78120527074932,11.730521707392498,0.027040359745137067
38.4106200187218,11.741863491166164,0.0028131623482548634
38.4106200187218,11.741863491166164,0.0028131623482548634
-46.60801274032535,11.816630530863154,0.09481841135643627
-34.059311804569006,11.817560219385557,0.0009347689124471897
26.827325075653157,11.757884742294872,0.05007381561419448
-27.2899634140864,11.785578024198719,0.04477805142504017
-27.2899634140864,11.785578024198719,0.04477805142504017
-27.2899634140864,11.785578024198719,0.04477805142504017
37.33393775832471,11.834326303672587,0.10033622940608487
20.003151145789847,11.846412528651333,0.12908226298124342
30.77310832690935,11.797464299956456,0.10846403039096374
26.444575635516415,11.815043017082571,0.09437132640598243
-30.657832038023315,11.777760623421463,0.023587247933097667
1.6489667261279575,11.741951449936781,0.026225700849722436
32.51690365226968,11.825565935780435,0.1267257794736123
34.32555887682315,11.826980564636463,0.13119945364512683
-26.373487966580974,11.841054216241913,0.11157336698349983
-23.66532222526089,11.849376887094055,0.11830099355895282
-35.20883448755012,11.82947883013664,0.14550468081575557
0.5395800110434976,11.834597624491575,0.055309520235435124
0.5395800110434976,11.834597624491575,0.055309520235435124
3.8225085289464804,11.830059742515964,0.05575685165924854
16.098397393644728,11.823439643560018,0.08831586414745254
-11.378762944028843,11.828635757492384,0.09720363493680115
-8.689058469342847,11.843229695234573,0.0773387917501786
-16.774714993489248,11.817719007570705,0.10133187798924595
-23.68170008387431,11.820929078267568,0.1183657858640408
7.836365595673689,11.825091946199302,0.11711047280440467
3.467118298129261,11.778733502624068,0.061346411817681294
41.52277459636323,11.751486070657922,0.026095891349107322
2.6057605137351345,11.818798475072626,0.14896427703531823
-13.816249616314918,11.833383537622346,0.08865131080601782
8.17530879572031,11.801343608170273,0.05438494169816284
-9.709879597256881,11.782964363550477,0.060570580641048324
-9.709879597256881,11.782964363550477,0.060570580641048324
-8.383499259617718,11.76651852591872,0.03266628899150492
-18.80423681295959,11.736318057148923,0.006988258439140579
6.313653555882307,11.745514525672437,-0.024739508757915266
3.9360515871044672,11.777578367200084,0.020210676507774167
3.9360515871044672,11.777578367200084,0.020210676507774167
-34.53712168158461,11.855599520561963,0.09523075828949412
7.4163465102071235,11.76796330002062,0.08876520539393512
14.290827541927102,11.755418511995742,0.07857290465521748
17.75826959025682,11.838581255732358,0.060183043010476396
13.39066351642275,11.828337193533203,0.07866692363962552
-14.497904097954844,11.822888231601441,0.09311270046686147
-2.8043827527931002,11.767627270815371,0.03829693097937321
-2.8043827527931002,11.767627270815371,0.03829693097937321
-10.441965594513812,11.75459622186751,-0.0180933394800396
-16.730024372148733,11.803340261630117,0.022457111850582495
-0.7385939645399375,11.76291883973775,-0.019802248745929216
-0.4129840261185846,11.749736544215327,0.0009774792600832395
12.597951587232343,11.739801792492301,0.1062438714446885
17.422846526105953,11.734904095062168,0.04813754983528326
0.30280711220684253,11.731260597813504,0.031217261708593545
-7.636030791100475,11.79807777706747,0.058451258773568375
-2.442739747144998,11.79594783465293,0.020496123485352947
-2.483422218253645,11.824430993071767,0.13321516705810238
-18.60181521196167,11.77907183564232,-0.007338917430941991
3.773610504489362,11.817346875746496,0.12979023456015615
-12.880510955177375,11.72851790783002,0.018718060099759775
19.1371511692901,11.81568466824669,0.16475831176184952
16.50106987785689,11.86683734336249,0.1598587903723172
7.24908461214053,11.828760949472503,0.13616759314358923
7.468615076077231,11.855767009832842,0.13196632528568603
-13.730924450797307,11.835877230039683,0.07583184159162751
-6.011999719203615,11.750900437301699,-0.001509145214524596
-13.14412510409519,11.849481433351952,0.12834292363904648
-29.490436925252272,11.859090804521419,0.10204757129762496
-23.058743424241722,11.868822710895932,0.05488117817685858
-1.3789983212429604,11.73164773183079,0.07997846381820548
-3.9819083419268004,11.823757723169654,0.1724508050562042
-8.277029765852987,11.804611336724781,0.001529779606706902
15.482524934315403,11.792395734147368,0.09619036066059236
27.57794771523854,11.833823709987087,0.10734493056455216
9.621006472347627,11.832644595242419,0.08882532430109241
9.621006472347627,11.832644595242419,0.08882532430109241
-23.91505831284538,11.828061197452591,0.1042186610892099
25.987550121442467,11.788176660098271,0.08976077379824146
13.888437594573322,11.8034656815106,0.07645485223844349
10.233274706851088,11.80479239474522,0.07757972730445835
14.946319273163578,11.823268355839513,0.05201409484794526
-3.6175868978926315,11.793692221880509,0.11117114019787133
14.431066047366269,11.759438687456027,0.0744962719972122
18.559769173292295,11.747036714949507,0.08589498217746439
27.65328389845952,11.817697996125727,0.052361163073152237
29.29923355341077,11.841143828792031,0.19242927783492975
-5.541190505191111,11.754391118670906,0.057541870262478124
6.449936576668778,11.847775712051122,0.08945404912944205
-33.67579797785736,11.870097223092614,0.17731984529838865
39.86957559048441,11.720082605365858,0.046004430099532756
-41.79455475336273,11.797274803391591,-0.029598799667973665
-18.157510907900473,11.752231469130571,0.024483732005274976
-37.97941025693303,11.798916656315726,0.06343661883618329
35.03940322731117,11.784886823350112,0.02778486209069031
14.577460615227892,11.759117942378209,0.05139291345686575
12.662067544842575,11.795561740394957,0.050105683662711675
12.662067544842575,11.795561740394957,0.050105683662711675
25.096361956211243,11.819521754346557,0.016687793052547466
4.348370022450247,11.77613271396169,0.09454041008321207
-10.191110820437299,11.793006939972473,0.0115482786539566
14.818587891716126,11.869091924026185,0.13070740767741343
-3.748172811106932,11.78551186593463,0.0021431797793633744
23.279473600022712,11.77064041787562,0.07312153566805879
26.978763553267974,11.820588234429186,0.057764536662767506
26.270782796938605,11.79328685597656,0.08415403701352625
-15.79581600738167,11.781781849729127,0.03233936504905845
22.713716984083938,11.791595017154801,0.0901576904928632
15.073864372515462,11.83043183304568,0.08508988489122647
-24.631082659115634,11.806482033332122,0.000991591313790563
-27.37140781661079,11.783063912497525,0.006183567491815867
-24.998183253204473,11.776665111529208,-0.0011951036533797326
14.796599414146609,11.79716023420162,0.11808392423029658
18.61593702045347,11.782431626755844,0.16503868540840297
0.39643186217074344,11.818478723103718,0.11361031116200856
0.39643186217074344,11.818478723103718,0.11361031116200856
11.656418551731539,11.809609542919999,0.11462341000222373
9.800854355075233,11.806062055011544,0.0647110740250531
15.890002867816602,11.841941921312714,0.05143763258639545
-35.52177328531343,11.738995723119041,-0.0021060993975986902
-13.622747548490475,11.819078422131076,0.10896340387933617
-12.140932557228242,11.786928876934969,0.05678981533656247
4.358687353239515,11.758147670320534,0.04283421709883214
-0.92600794616021,11.751271554459606,0.021209140556901214
-13.388804791340188,11.836749049660144,0.13396651283792244
-6.333371290864363,11.829596174086513,0.14367501170333713
-5.602727022469843,11.829933963669577,0.13335087511700536
-11.928496763768498,11.759267479996698,0.0030025516677258633
-28.84425920183927,11.750792045403065,-0.018637516439169742
-5.803777969185813,11.751059672196925,0.007848712420414128
-6.25071766313793,11.740507501561526,0.004803358205179992
37.88754970156345,11.726052324026243,0.004266432432352911
37.88754970156345,11.726052324026243,0.004266432432352911
-5.858763530760285,11.770299691449255,0.05094028308104767
-7.913325626495364,11.77742751621169,0.03960295040326842
-7.913325626495364,11.77742751621169,0.03960295040326842
-4.149748757839359,11.827882336259057,0.10601985977530975
-4.149748757839359,11.827882336259057,0.10601985977530975
-41.589472351475706,11.822816380435015,0.07599144353677181
-37.484099999939524,11.823360902345962,0.04512447232697568
35.31903672768841,11.749301330587485,0.0765997629673637
-1.3691825631295167,11.803837489919111,0.02410898952468231
-18.636515469206568,11.806763230770098,0.03236213271363901
-18.636515469206568,11.806763230770098,0.03236213271363901
-5.287169910059582,11.800597620525041,0.02767384665942631
8.080480659555361,11.745603356008285,-0.017476030304601414
-25.13050713841103,11.829938809713205,0.04029724841176894
-25.13050713841103,11.829938809713205,0.04029724841176894
-12.202528090687588,11.812505092324649,0.13276723188545358
2.0590922300310135,11.78471559982573,0.11819638235414906
1.8675923826265122,11.80266890616193,-0.0075768147545432485
-38.47914361739567,11.817411836460446,0.08274714261076982
-11.21231509055782,11.8081496169561,0.07970747621449399
-7.449388006164192,11.829833665988604,0.10828984832111078
-6.101322403653867,11.828984717548044,0.10624404499341712
6.143860013065124,11.82460012138504,0.13653734002586496
-14.76180357382099,11.729448508779878,-0.01213104286234323
45.23577760574054,11.785292008267712,0.09531289296474853
54.749879387435215,11.756364891842319,0.06625171528177762
-38.95537249251091,11.819941330391126,0.04089024653319398
-43.156786876090635,11.842581826872841,0.022852515674129426
-35.162829437598475,11.833099042155714,0.06540656632016069
20.32524318810235,11.81003455742324,0.10576362852708607
9.661357052393273,11.80297154895404,0.07177435319441124
-4.034799646433434,11.787855640113813,0.04779550984628428
-19.85244088142742,11.818062096717235,0.05520120981346882
-20.17348994823373,11.840557148030587,0.043349816185085766
-8.18365758810248,11.784703500900914,-0.01928970151685308
-10.93707302226403,11.768531554298322,-0.016489239859708862
-10.93707302226403,11.768531554298322,-0.016489239859708862
-42.819603714822364,11.808779991697758,0.0013947840331685474
-21.865803324181183,11.82159435861479,0.09470688881810821
-19.531433240832676,11.810275189172517,0.025989114480731882
-27.00764834004466,11.811790089965646,0.021956519179086694
-4.233217131356064,11.811402546204318,0.031172304346526528
-9.769902257396705,11.81329644962699,0.10826361332554771
-5.363834861742063,11.873238666544342,0.16998418040228747
7.939410282203259,11.713894332328199,-0.020913186393444562
2.8104069810018064,11.83060390857533,0.05652226229050985
33.84425136063262,11.72857850251131,0.08225559003027239
29.54930851054872,11.749902858772442,0.07213433234928748
29.739824559946175,11.736487097761806,0.0718519626746025
-47.063940308296424,11.85146450340982,0.05787775570623081
-44.43838763574044,11.836589144552983,0.043641966688864844
13.633036245593502,11.824965785570264,0.024487716705435127
-4.91732490805939,11.813951286029253,0.030656932682768367
11.405342228935691,11.840911137267167,0.11201775365606964
-5.722799744649064,11.850801578809966,0.1081927526752311
31.023790210535637,11.880452995866596,0.22465732161482108
17.925151795512217,11.808067508449133,0.04774006543425971
-29.04044478414608,11.793185388649578,0.002393616577818808
-28.506132606576166,11.77230192091403,0.01140757382801993
-13.816942560236656,11.768411280228678,0.06853476213876296
32.937149253782685,11.863240334261455,0.08920182976672575
27.587943685175482,11.902398615873416,0.1467938321904707
7.288987688102706,11.751923602428311,-0.020545487942929486
17.37039300782571,11.72086499513766,0.012421278244618562
-16.35124960008355,11.866181553713359,0.1238571134640942
20.007632672956408,11.726694426694463,0.03629752109320498
11.766954337737578,11.72390431564109,0.007847510971849565
18.386116373513552,11.765759595071456,-0.030375267528903648
5.264511217741461,11.736066959570568,0.0360289962148477
14.826729757894418,11.78321722958703,0.044949119787489104
-25.70593258245694,11.769455635971404,0.001589169644689272
-1.519456733683798,11.742435365375874,-0.02148404775150703
-24.8110932262544,11.787731275014934,0.040029128689206106
-35.85505232743938,11.788647949425213,0.050537852025088405
-40.2665086882123,11.809378316010095,0.010591779657454198
-32.593862458342954,11.81972463553871,0.060629093175398156
-38.53187857218112,11.776395400667475,-0.003372872178309092
8.422567015334359,11.774316806994802,-0.0020921555730403635
8.422567015334359,11.774316806994802,-0.0020921555730403635
10.489946068975996,11.810894558610151,0.09339981348380819
12.156636491577991,11.755457981886543,0.0024504151859689764
12.156636491577991,11.755457981886543,0.0024504151859689764
-3.0367735290908735,11.727542665560328,-0.04870121749334356
-28.75077189581225,11.721356735392154,-0.034192521889659155
-33.177979702475604,11.70574390672638,-0.08837047682026175
-32.498904059376876,11.724829678263351,-0.07808737140910137
-26.764486672351467,11.708701263846125,-0.05524761781299693
-7.335687155661974,11.814500312790576,0.10210532776700756
-32.53931190299931,11.774372082746858,0.032313510656565694
-32.53931190299931,11.774372082746858,0.032313510656565694
-2.153648216722562,11.85506120483495,0.08741027377077148
-7.120267090534043,11.841929472614062,0.06803844961777675
12.590795168011418,11.827252377627453,0.1103640918438224
-2.805393766462953,11.797948018740758,0.021094768104840546
3.020855686864401,11.801857403799477,0.04818068428974688
3.020855686864401,11.801857403799477,0.04818068428974688
3.020855686864401,11.801857403799477,0.04818068428974688
-16.707604004435243,11.87109767560468,0.11980720164231873
-60.58964137904601,11.77681381972906,-0.021739322854392798
-20.591451367474285,11.787238610322284,-0.08552536530141822
-5.272754839558601,11.691287000119486,-0.024308052098050006
-37.86553269550794,11.759816334271326,0.023275821140971417
-21.94566180307564,11.802514326567533,0.025558740065496348
14.534451333495175,11.819474211936683,0.10916793988997837
23.431578811419016,11.81273720357779,0.09983087681521782
2.4579487883223656,11.818410513098833,0.060733307208866244
2.4579487883223656,11.818410513098833,0.060733307208866244
-4.51202505016813,11.818470216564952,0.017313745856664252
21.160817199230408,11.811460516820073,0.06811929200732453
5.650373220752975,11.816475487233244,0.131138165037703
4.317764711740396,11.819294139698295,0.10869422024429261
6.589273437009443,11.826202320347981,0.11815503693900963
16.092286470493868,11.833744242858199,0.11341915985543446
16.092286470493868,11.833744242858199,0.11341915985543446
0.8150430680302616,11.779718832016066,0.021694392041245583
7.435494629705227,11.804667747958895,0.0753564503645773
13.974939976380087,11.81568170758161,0.08240822977826381
4.337910252265436,11.826861017525966,0.1319208172179038
4.337910252265436,11.826861017525966,0.1319208172179038
19.620049575618637,11.836885857355504,0.11547398065267736
2.9716103813112174,11.802832997567876,0.07045082156015055
-52.358753073267316,11.80100987635067,-0.0055423251329083795
11.8225356930473,11.845070873801065,0.07942911116743775
22.441371400151255,11.799437719574094,0.1391256795692829
-20.150561096073293,11.77119178009552,0.023201616837099773
29.72956728993367,11.798003477196962,0.09995529803994514
35.89755238330277,11.846093180445264,0.15612078584755154
-9.614197610449429,11.690376388810844,-0.05488377594182081
-9.614197610449429,11.690376388810844,-0.05488377594182081
-9.614197610449429,11.690376388810844,-0.05488377594182081
24.22772543758461,11.818911666147695,0.050521346656288386
29.054214734329463,11.817806669044325,0.07197290199650877
19.591211395778334,11.805740895021732,0.09902456613504709
6.534974431194739,11.797161002443634,0.06820384370954599
42.42596079070702,11.80832529819869,0.08086212023694914
-32.01993348731837,11.82278352207533,0.027313288642041626
-15.734008062029819,11.756093045321707,-0.018210845065860008
-25.46709760220208,11.746176610631485,-0.010972907721247697
9.294200185138035,11.850845632565234,0.13956104321911977
-2.9897426691048397,11.761348427481126,-0.0167166657256608
18.632316428816786,11.757834593485699,-0.011404463497745813
-13.603902305310866,11.760223868674869,0.020629836337617093
33.06135632068175,11.769353228316318,0.06455425490385412
-33.210525263246126,11.81600524776074,0.05426198310122876
1.2692027201171499,11.7548994401669,0.0009992570420166616
-6.005787900749797,11.712806717375543,-0.0704884429934383
-19.949370831107203,11.739524164851113,-0.012486562479072746
20.230150494480718,11.810784786116571,0.0878098583239325
22.729531364144265,11.823170732295187,0.1878957753012551
-28.149881504679914,11.74760969352111,-0.0948126585395878
-18.63669674939412,11.760558986663709,0.03316797225404535
-5.5769173710804605,11.753022372148306,0.04741830923247058
13.895258368661624,11.786961047237359,0.02731327801373248
-28.74063240316582,11.80241633542913,0.05450897732911396
-53.63134510791097,11.789583680340924,0.04468046844052295
-22.48266926487833,11.749265009301192,-0.09387152032033046
-10.874007755150366,11.79079352321512,0.07357807053053798
-14.544838000794176,11.782450214730233,0.027661567747331535
-14.544838000794176,11.782450214730233,0.027661567747331535
16.039290416256563,11.768526309005003,0.035272998405306524
12.13083059061717,11.79101199079494,0.08127032227512236
10.5428253578158,11.799354895791847,0.05264648162217013
-12.329595209570416,11.78825288790239,-0.02135512495752029
6.249341346051921,11.77079608747751,0.09995865861224268
-37.3313203796666,11.816459665644704,0.057573193268375296
-14.546807421852112,11.803609079709165,-0.011584044404405913
17.759333340202225,11.71652094908879,-0.03706510516964052
20.556900470868257,11.74956989408884,0.026125518666202018
19.398628326265836,11.73208963842368,0.03548039089994204
-13.104329078249098,11.78714859423379,-0.029873241785604392
-6.455210131723643,11.773265672282376,0.04140645899446815
-23.29538721260875,11.76291789924694,0.02390630476697214
-30.218166958027563,11.765266951951244,-0.033824493164417546
-1.8880046422661252,11.862128641758193,0.152490193199059
-21.643226968200857,11.743023744482814,-0.03264296589510399
-4.70795122464635,11.728137693604214,-0.037819473310030334
14.880518811935733,11.775508622013406,0.048649803630550346
19.1162043303301,11.790971159355689,0.10703772013660069
-6.586103630222851,11.814672052395055,0.10727250152414622
2.004717947831394,11.778967943485545,0.00042440968234375414
4.025857633770075,11.765576160176378,0.03446320516247046
-4.16256991181225,11.8048192929279,0.07595524263089684
15.045597939978078,11.803892495117237,0.14072178087826315
12.249028168159228,11.802911628850367,0.15461067826382346
20.437963237448308,11.841919577421557,0.1389398505538069
8.270175448668997,11.82165978706628,0.09326549853144364
8.270175448668997,11.82165978706628,0.09326549853144364
-0.9301344743240993,11.832444240697987,0.10844138827561284
-1.3566704466576334,11.730485514366668,0.009537138535761613
20.826703833226208,11.761135920964826,0.01800260953819613
-32.8072969567948,11.81117428412047,0.03303513109036166
-32.309875394623084,11.755688827435351,-0.0035583608815429697
-7.743751023918101,11.818672390605762,0.04375075539388345
-7.743751023918101,11.818672390605762,0.04375075539388345
22.595717087123166,11.73729443649608,0.06563813525094098
-22.827984913387937,11.833548289115871,0.11867122953712703
-31.94409339802888,11.804291989193993,-0.01990732137600637
18.031552572378178,11.777832837272904,-0.03802421779147874
11.763464757460229,11.786782968150964,0.08945498261372284
-13.09123523731659,11.79802482304618,0.019817907835395294
-13.09123523731659,11.79802482304618,0.019817907835395294
-12.143628006892193,11.798599863073976,0.013481835604231378
2.219402101141,11.734667690162738,-0.061568416948092244
-35.21435831259466,11.732969615104507,-0.032253908021510534
33.79205245255136,11.853675235601461,0.154318925309968
9.013822948409604,11.83903535957819,0.11755597393720782
-12.739150912202028,11.819214870590162,0.06781929180204552
-17.43584042892672,11.845014086372554,0.04458777739500055
-6.606649289814142,11.812354028182598,0.11140335879770849
-16.384727712966615,11.836375487422597,0.05862650191908191
-12.42320505529046,11.803499277281906,0.05748798531654144
-15.891442716566731,11.790767774929206,0.06409437800508719
-16.379352711058974,11.778269500503804,0.03414022942750134
-12.462611031569738,11.763237088054195,-0.004563857378009303
-1.6417634674125434,11.723835870648738,-0.010610906225602668
21.906102353454408,11.794906836806982,0.1206708197247067
26.091615637230916,11.806788922951755,0.05296921274655983
22.720428830582403,11.795954003112003,0.033791450338440124
31.987300697999594,11.75032174733955,0.08612012168560998
13.570170491212917,11.748894903945802,-0.02469346628219353
-52.041720373941274,11.768126175424333,-0.05594056594143797
-23.862562258357865,11.731018849901982,-0.04584609235163091
29.438791771062583,11.840521268475701,0.1382154364251957
29.438791771062583,11.840521268475701,0.1382154364251957
38.52005417798626,11.833122669005148,0.14423887339357203
-19.84687783835303,11.809997741392275,0.04380526088075264
2.2228378958509936,11.78042761192653,0.06372213840308803
7.384157762554265,11.82846871041197,0.1318941669982735
-7.531776100586972,11.823050467656746,0.016848335222188093
-7.691161745925109,11.754145198509567,-0.009097807880267178
-11.08985752083653,11.784985281697155,0.02013371204783431
-25.249740071472022,11.873632918035364,0.12202033882033962
9.50708568051217,11.840990736784297,0.13133439792975155
-11.696989009594112,11.82813178043293,0.14677823377848198
-0.6962310230133895,11.711181344026976,-0.031139109260105526
11.61280679106672,11.703233394722892,0.007271818417980171
-4.384206225372164,11.768937788271908,0.04368760435836793
-13.532077461975074,11.801991685783392,0.03831558480196848
-8.85539164484732,11.824146816936592,0.020682851224216117
5.691109744911399,11.767690028874592,0.05345338085975686
-0.10595193735272224,11.834543638302161,0.09654374132672762
-0.10595193735272224,11.834543638302161,0.09654374132672762
24.316529511983525,11.790616255784093,0.07164246941945351
-28.066001011803742,11.811177779765796,0.09371187224841238
4.384351785852267,11.792272916216865,0.10785558825245489
36.1150415979861,11.787484214856557,0.13662978685156268
-2.471338671899524,11.845473133185715,0.12504914050454674
-0.25528460641025896,11.83091489178005,0.12391622672987036
-19.950359118767636,11.794939344223902,0.0539454878188905
4.161171554179601,11.821508101304474,0.04641238821568965
15.964304244769007,11.777921409153723,-0.03331967502133575
8.72146080169641,11.735780077051361,-0.015093569077199775
38.04809581508975,11.833893387860966,0.13638739471962116
42.68039480710197,11.811360492269452,0.08005375483750006
7.671562639660852,11.777701409989412,0.037188493081593804
7.671562639660852,11.777701409989412,0.037188493081593804
-4.9626641921085834,11.74584062997248,-0.003339693604239991
4.498219324277279,11.815118932378947,0.11989151826389141
-0.1650143513427933,11.816392294192342,0.10234279746974637
-14.950780362469342,11.831211074850101,0.06037620385589937
-14.950780362469342,11.831211074850101,0.06037620385589937
14.6470964473557,11.759137209321505,0.03557163126912481
3.9280945024097704,11.77793377413898,0.022372760645432185
3.765145371235458,11.762463625573954,-0.0027346906923243416
13.90342403581624,11.82782302569647,0.0977558276853682
-11.582391345872423,11.824813052594655,0.040381256134662424
-11.89407488461937,11.771589580498555,0.031438369187625125
-10.777276060031744,11.731409779808038,0.041662812724019255
1.564184952610896,11.737483233578178,0.061927861539768904
-14.799469769128757,11.81571293034277,0.04903277199221846
9.498555581959268,11.73120988887526,0.05417904325322052
14.294430471962702,11.7733457262867,0.021799263586528644
28.666322437840005,11.822219186686302,0.10204338433532188
1.9908972227785924,11.84548285815927,0.15742067446129324
24.00685663382689,11.820674167553179,0.10963372379097568
47.42627241455076,11.826494460118614,0.12386246636752188
49.810604199493625,11.814949986567859,0.1360341199696537
-5.088304433558587,11.854853287984644,0.1127759566948615
18.457737111208765,11.847856640997001,0.07680628727776276
9.46168489373489,11.75318219385856,0.02010900621546343
35.558317253347674,11.733376499364754,-0.026360431127161035
21.547725843443416,11.705256529968214,0.026718553829745847
-2.8724082657725774,11.851788304658575,0.0858406604305805
-14.324202569179617,11.807097311251532,0.0734167434681309
9.66100609529744,11.804754907173843,0.03317818027935508
-8.661845433733738,11.799197147931196,0.07437626385470948
-13.863889709926006,11.80515064157524,0.04662915696333803
-18.75958656040006,11.786523057029099,0.057889299952910776
-18.75958656040006,11.786523057029099,0.057889299952910776
17.04441927140637,11.848229665867507,0.16517869230804375
5.967854996128539,11.799270338085835,0.06629383422292576
-3.523209126841774,11.796733039623204,0.0651162720033352
-9.407568585650164,11.82414559804246,0.06831907758075549
-0.06290802341366764,11.819665750223527,0.06924249226892963
-0.06290802341366764,11.819665750223527,0.06924249226892963
17.82343200286691,11.773006693320966,0.06974641758102854
9.078641796946933,11.767852560166208,0.07928409093814495
8.57449669293355,11.789470358749297,0.05920819617670521
8.57449669293355,11.789470358749297,0.05920819617670521
1.0549143673356447,11.833688436172919,0.07608839164118314
16.26556675594805,11.781770437366413,0.05988843079422877
40.656712441467704,11.724823894637076,0.024909992080903845
40.656712441467704,11.724823894637076,0.024909992080903845
41.96743872810353,11.825302500241202,0.06674862278513508
-24.758548792475857,11.837164219907223,0.11355930112309631
-15.16273570843512,11.79025007671685,0.04252388432254585
-15.16273570843512,11.79025007671685,0.04252388432254585
-11.888355532976856,11.849543800772723,0.08529436294465419
-41.36284073934348,11.798168979898074,0.03554973547838995
-9.639526042539469,11.778762328582433,0.001940103879036273
1.278967569227461,11.792901543344605,0.09666164228514039
33.00905606030186,11.82228396356334,0.11189991678292921
32.46732039065272,11.825078981716704,0.08874322381165177
-26.242204551450865,11.842247524266158,0.1318003971169851
31.13587082338946,11.747918821308865,0.057828644059821355
0.2862968169034268,11.788199186757819,0.0017539383504915837
0.2862968169034268,11.788199186757819,0.0017539383504915837
8.418060411638761,11.813134415583182,0.09318759828532372
9.86084139485989,11.753731221042756,0.01382580222930855
-50.99892449958162,11.82492499159451,0.052533863875396936
-42.200823255521485,11.82542293766964,0.026066324905554935
19.604687371269247,11.68521247426281,-0.06885870856480258
15.638969282991503,11.677405729211976,-0.0742909616956854
49.248523107658514,11.73389919480565,0.043967946427766434
-56.49103986303484,11.827813672889635,0.056779153715527234
-79.93077827057152,11.822734290924016,-0.005937670369572753
-14.042436778727208,11.830538766719588,0.08337302707483421
0.8301858584200499,11.841933355360322,0.12436663896484768
3.593317502404159,11.742838632699565,0.017575433901648382
-17.399446042683344,11.783633403275937,-0.007865376054680693
-9.67262715322014,11.72509906174305,-0.06516213859194353
-9.339778211274632,11.746074878404857,-0.09010705307721778
3.852482231967386,11.836080152239813,0.14902707295944673
5.378053985551505,11.844753265751455,0.15630137335613373
-17.021890192937622,11.777264385191065,0.029583142114340863
35.29455375680744,11.778975307578333,0.08773565351574894
1.988133055070854,11.803475346457638,0.040840907593513893
20.09585559277295,11.799437778416204,0.06522521508115896
20.09585559277295,11.799437778416204,0.06522521508115896
-14.408286751501699,11.823349301235513,0.11207914785326188
-16.829023404251533,11.822991491362163,0.12493485106454863
21.190297229687015,11.794752802782146,0.0914308059130155
32.6239475323883,11.85644204086377,0.1285532890352479
14.278722633235532,11.822966579734183,0.11263005365612322
14.278722633235532,11.822966579734183,0.11263005365612322
-0.139798937471598,11.765849484448399,0.06071642334796641
12.614912806199515,11.805997767941921,0.04524321535009341
23.539691626768583,11.834707217878178,0.15396947753902626
6.0992351489792185,11.796903995166986,0.0717507135824005
-17.130532371878665,11.81159673305427,0.039169849041945974
-12.792756155655109,11.768672848144643,0.0370961708411922
-12.059819140005619,11.755074036494854,-0.002152407099663363
39.59218864142224,11.829513247078921,0.1803038482184945
-13.463741136550144,11.790088183921108,0.06087965099979857
9.343630977492928,11.806474027243128,0.041225671830056224
11.632949954621324,11.829591365147463,0.08045616652446846
-26.74443968927357,11.826216810557888,0.014852261176503977
-24.803516100729375,11.810133315876936,0.010265633400940099
-13.058304616652478,11.798510180192528,0.03870954787746928
17.731554066661772,11.792944983524636,0.05576775541120256
-29.853944846393244,11.800035588180942,0.05962906732945309
-31.34682780647628,11.802368662847616,0.05093276887324524
-20.865708090487754,11.799770250245023,0.05462612933299592
-6.685927059482699,11.80710345766983,0.03326442400398337
2.1138236008034657,11.813169563239665,0.032152991653648155
-4.174698493872294,11.769325536565674,0.022761154639182362
-10.121228637145478,11.798543343994256,0.012933794846405233
-23.15146777691126,11.816080363700172,0.06658007064321683
-3.6574738088620222,11.82061657672853,0.062035655282674615
9.160695152620915,11.792818824339612,0.10210123346566613
54.258828195543174,11.776102414776664,0.0036863271292138927
-17.03046340654636,11.725390345635386,-0.037666855755053026
2.5833856614445914,11.729643968840325,-0.04875817304325836
13.596574591604057,11.766982329441888,0.09082201606909848
4.633218123922473,11.885483155284334,0.12126519281737354
-0.6843398598408674,11.84042440768449,0.18663629658726438
-0.49638467454028046,11.845003393714792,0.12636153888644044
-1.667333363057029,11.814527935228085,0.010487741402874215
-1.667333363057029,11.814527935228085,0.010487741402874215
-1.667333363057029,11.814527935228085,0.010487741402874215
-1.667333363057029,11.814527935228085,0.010487741402874215
-1.667333363057029,11.814527935228085,0.010487741402874215
11.462021651884042,11.787878149684138,0.026173790197040872
21.770671681629153,11.787116967395788,0.01504235049620697
24.177970836394863,11.748163310078349,0.0422337149984709
17.381067743205705,11.749204980253223,-0.06033408395626426
7.358048589205055,11.75139255513065,0.06189395246972099
19.787504264050945,11.816399586987611,0.08044395870911356
-41.89527339486116,11.7759692738416,-0.039164139161536805
-44.95324259484974,11.782693304409948,-0.04402476878990851
18.888878874739262,11.77173146832547,-0.02622558525818703
-4.022639839073895,11.756493110014988,0.017594277504515518
-31.78218605467664,11.752478741113336,0.0012561889500154882
-20.505373227054008,11.80033372544114,0.03372460766801963
40.026373907116664,11.824623406383104,0.220020650864364
19.471209198874227,11.837970818601875,0.1505389197285032
-11.916560298833645,11.88224661570332,0.17145755602787258
-7.109005769033143,11.770531500847548,0.043522305255224325
15.608995184432427,11.75638531299567,-0.02036208617780978
8.631603462383026,11.712773699249906,-0.0776189910635167
2.4093045848473826,11.808518018547465,0.11057076328697624
-12.30930755060448,11.782217063059766,0.08368990166629238
-17.92395378488722,11.802203397106252,0.05208722845050822
-0.8695077447446646,11.729872444428056,0.024968100286587365
-22.989268630257083,11.832338916179502,0.11970968773729469
19.231704515517354,11.79309662285341,0.05431046731843307
19.231704515517354,11.79309662285341,0.05431046731843307
-3.8505562288448054,11.781085035257163,0.07980796683457198
9.064367415416061,11.782038383165547,0.08950736070370276
15.263309515679842,11.775620793726338,0.006135369115792884
