Oil fan free_t_5,Oil fan coupled_t_5,Oil motor coupled_t_5
11.73029564642256,2.683441175535651,1.129165586565058
11.72802003938511,2.6782330272206454,1.1264641609165504
11.72802003938511,2.6782330272206454,1.1264641609165504
11.809096880246479,2.5983538168872347,1.097023801435058
11.80695986730906,2.5848658174392223,1.1156048102463314
11.80695986730906,2.5848658174392223,1.1156048102463314
11.76941746656891,2.5722731522200264,1.0995492827186764
11.83824007868448,2.6635778856355152,1.130844206145326
11.755540284692632,2.6938042798862014,1.1226587087237796
11.745101744853063,2.664236124154051,1.1222963128840704
11.844515679759265,2.6742545787094127,1.1338370145415917
11.849390650177515,2.660574144184728,1.1380369872467306
11.82497325854463,2.645691343087887,1.120781236286127
11.79076681523659,2.6641398482607426,1.1242563088987683
11.844019625317443,2.5895898612111172,1.1115339428667497
11.80020884014322,2.576136763988508,1.1077343095739491
11.804305567400805,2.601042390773143,1.1114735939899614
11.792508638815647,2.6332343916965146,1.12388203128531
11.771263202889115,2.63825177116058,1.1167606973167543
11.807045839262743,2.5214848500053,1.0921407915177015
11.804804766984999,2.5198930745366,1.0945033080235713
11.74769440874516,2.5318524457458684,1.102974132649108
11.79514188324944,2.5419752761576127,1.0976365008313462
11.79514188324944,2.5419752761576127,1.0976365008313462
11.79514188324944,2.5419752761576127,1.0976365008313462
11.799610131693884,2.6109149627278607,1.113547103495191
11.803193533655323,2.648011620767164,1.1190567586988764
11.803193533655323,2.648011620767164,1.1190567586988764
11.766884081602768,2.6081945178730424,1.1186784115783401
11.781784738060466,2.6639205740223626,1.127461111861543
11.83976107498775,2.644777574017397,1.1294232132391846
11.795493737257035,2.548691710157898,1.1078551630991689
11.783973671668878,2.561605866959844,1.1080536558684753
11.77358197977197,2.656567271754787,1.1244433690497646
11.787875860406237,2.558567003364097,1.1068201102862874
11.749376492633587,2.6522557933746413,1.1229439747885068
11.773512696540397,2.687227772041512,1.1300109758082482
11.773512696540397,2.687227772041512,1.1300109758082482
11.798843100698258,2.569051880515233,1.1064357856453422
11.798843100698258,2.569051880515233,1.1064357856453422
11.774156470018234,2.6664385996921673,1.1381481145989576
11.844191485909258,2.666569069572221,1.1269110446901067
11.808468742022004,2.6377864868352745,1.127396835028579
11.78286515433677,2.61018189784346,1.1204877718675312
11.797456670823735,2.653707267406434,1.1261068880972407
11.80832844551598,2.60883526488163,1.114265425565733
11.816627082401714,2.6265717067052035,1.116452819258257
11.816627082401714,2.6265717067052035,1.116452819258257
11.798140400666336,2.663583970491431,1.12321145544359
11.799605573073304,2.647279052067547,1.123287170520369
11.78455540323302,2.558131116993556,1.103384347755821
11.763475083732354,2.597079401000189,1.1133741894211793
11.803543868927168,2.599599623772429,1.1213414831536137
11.771053832650018,2.6827798957450635,1.130732070867642
11.871910175787717,2.566294726867057,1.1116583088860514
11.781835597623967,2.605602224103508,1.1083436197686263
11.785252688602487,2.6107532843547454,1.1113759833597807
11.810416759852835,2.5907873152756116,1.1144216929016055
11.817372937056271,2.581821473873137,1.1143885757932348
11.759844676117739,2.640995721571934,1.1177806002345794
11.81754171281636,2.5860233936388592,1.1071722681255172
11.854168154678053,2.6201564739450713,1.1129165849080809
11.852094835913084,2.70453716362681,1.134764323779826
11.85520411950977,2.698269463651163,1.136841618375281
11.755561367424242,2.5501380610027087,1.0966703442040993
11.739352947299114,2.56824570997693,1.0940661824889428
11.826572780529004,2.604179685125098,1.115880864669955
11.762231985237678,2.6321152239398766,1.113636538000834
11.778082387971054,2.570673325046534,1.100065552502162
11.82585046900365,2.674278488509989,1.1320130346431063
11.82585046900365,2.674278488509989,1.1320130346431063
11.747579669934904,2.62739530459207,1.1246810794183133
11.81488406282132,2.550260357056501,1.1012503656180634
11.783236006226595,2.604365733753081,1.1209497640565278
11.783236006226595,2.604365733753081,1.1209497640565278
11.787043130602239,2.6356476345530133,1.1202115178361907
11.828405448704967,2.589031433740238,1.1108664517661808
11.812231263094288,2.6084277445446142,1.1198880882060187
11.82321333290501,2.6076676150616813,1.1158681863098014
11.841359136782508,2.6974778925694873,1.137038255060902
11.832066699178974,2.6998297934894078,1.1384402341682291
11.755001865881942,2.566026025816794,1.1046422046577962
11.751796738147403,2.6469650759121413,1.127577858344145
11.728072249870124,2.6647232163125563,1.1257071808254002
11.813167866551288,2.7034268751498267,1.1323573836530498
11.79103719479718,2.5720748846594543,1.1031445261719943
11.79103719479718,2.5720748846594543,1.1031445261719943
11.79103719479718,2.5720748846594543,1.1031445261719943
11.800065992908316,2.578123522787239,1.1071799918460878
11.794950453175865,2.5403015971902385,1.1082901069245854
11.791080327619305,2.5941299556101667,1.1158669137766564
11.792164175451324,2.6036131546735004,1.116195070683901
11.826060888558745,2.6453428391085403,1.1329775033364595
11.802655565737632,2.589804289827469,1.1191231177501555
11.776361121817352,2.5883707718832696,1.114665506051231
11.80271613554792,2.6275724636005973,1.1237983870909818
11.809130939287877,2.642825537302327,1.1272401203979356
11.796106860895586,2.6333800719637668,1.121554131180114
11.793916321077628,2.6003156278299833,1.1182821892947414
11.794866908231633,2.5675783890464494,1.107474392641089
11.826192413141401,2.578535863025073,1.1038858904095767
11.807825043507545,2.643499472106523,1.1264433056910517
11.845961959390486,2.6533759610481975,1.126658751610791
11.801226543472655,2.6537665545584566,1.1300798256848892
11.763042085404829,2.588836791637256,1.1093149271426046
11.866631990337636,2.565164588552926,1.1173639455990696
11.793500719249925,2.72012427241515,1.1291462514123594
11.789842120059332,2.5680622876211694,1.1129236233399336
11.789810331151333,2.5538079129698383,1.1095186524373322
11.770632898734476,2.643555645960286,1.1156137462272622
11.785213425098158,2.6120976146704926,1.1070570890191052
11.782959795461293,2.6146629389870166,1.1059202928821905
11.78274518380798,2.5969928923286854,1.1106189450356916
11.801279174094384,2.603189742830203,1.1145090490133533
11.801279174094384,2.603189742830203,1.1145090490133533
11.874629594259014,2.5675826294642157,1.1133721788647557
11.80214606425199,2.5859536264180996,1.1090053786091
11.807649709968235,2.6085488992667103,1.1105731801347623
11.82025190045735,2.6345540693707394,1.1227221338620563
11.839165526063919,2.6044163479811133,1.1116737472936504
11.805113570464409,2.6068156009576353,1.10476965116258
11.798500253145784,2.6494384730027,1.130985797248671
11.781217235753353,2.641921867401344,1.1300449338005316
11.867504512924178,2.654933777458939,1.1395760051043038
11.799549301182747,2.66661595000567,1.1347994906119203
11.820914482555452,2.6619649351556065,1.1318046245345854
11.847359727928675,2.6741461786752163,1.1355654892768345
11.824364634574591,2.6709600187059017,1.1307517459613208
11.840890056486444,2.6533187958798736,1.1324820944197622
11.81868120300962,2.6694939740719312,1.130503889650462
11.81868120300962,2.6694939740719312,1.130503889650462
11.737145845429842,2.6517385157326268,1.1187981787639347
11.695631646380686,2.637723147177821,1.1213317981561683
11.784670275872843,2.6049211522301006,1.111077611193226
11.770833041958884,2.5768874435472067,1.1178026702421335
11.811944311619543,2.5764820303360514,1.109711039686603
11.817691792279048,2.609412524824759,1.1168148326771419
11.87349279343275,2.5805593277149153,1.1224447143260836
11.87349279343275,2.5805593277149153,1.1224447143260836
11.87349279343275,2.5805593277149153,1.1224447143260836
11.88057673575662,2.56188561925308,1.1205653422670896
11.842606853919428,2.591343674505589,1.1108869963238635
11.86648875799417,2.5815405744430415,1.1175268181290194
11.833615800362912,2.612726532183943,1.124368220078589
11.767688378580006,2.621604451329308,1.111939544859862
11.774824914795673,2.6125823774012713,1.1124627454257414
11.774824914795673,2.6125823774012713,1.1124627454257414
11.805921045444721,2.6086382713109884,1.1191546436057933
11.807966644787975,2.5952313489847407,1.1089728622038002
11.748225705462104,2.5973090442646654,1.11712955854183
11.834870129165497,2.585346989177987,1.1174210089696663
11.797173663149879,2.6841029585879963,1.1397006288463754
11.835020513186791,2.628940229730147,1.130646005271788
11.784949158771115,2.6357688350619526,1.1235165766611346
11.791954917073209,2.592840539574035,1.11014013823077
11.790768758294929,2.6064293729429076,1.1146881128992332
11.790768758294929,2.6064293729429076,1.1146881128992332
11.71556718941814,2.618644145407756,1.0965011864830903
11.85396679186824,2.662240337721755,1.1333237975365889
11.777152559303136,2.7082641252044573,1.136206879460593
11.790687658918849,2.5414997187525277,1.1034447201850301
11.756978730692776,2.663468070207564,1.1268661819433454
11.790986663977321,2.630665053658242,1.1167479682027697
11.752595180166399,2.7067479409378667,1.1320304670452208
11.744089509570651,2.7131517624327133,1.133001616243849
11.763121098846515,2.7065757575644365,1.1338304550800353
11.763121098846515,2.7065757575644365,1.1338304550800353
11.775628893693122,2.6695062129707945,1.122357941027092
11.84705102779595,2.5908670465103167,1.1142243668563963
11.765658665813634,2.5628722097730035,1.1024379329794316
11.791732433192484,2.6186648227244667,1.1163120835455524
11.79394514105419,2.6712090716378323,1.1237090189864163
11.793657125227018,2.6666176205162753,1.120427482913732
11.782636886553249,2.6843879831484276,1.120855533247728
11.78644592618283,2.6658415309002415,1.1244114891882004
11.827967262277937,2.5990672708105182,1.1272212766271592
11.828225064757861,2.620333737309682,1.127784610565456
11.848918979965427,2.62893301774049,1.1232071840300262
11.848918979965427,2.62893301774049,1.1232071840300262
11.805994491895682,2.6574650915106703,1.1415807386100632
11.730290046574913,2.5496857723420563,1.1082209120284856
11.801267469375418,2.543773132966311,1.1023114945041315
11.763362829901373,2.6146492281837856,1.1238878277334174
11.809315914836727,2.5779872698485016,1.1066823953952432
11.826703116710153,2.6565103747643666,1.128360001395105
11.826703116710153,2.6565103747643666,1.128360001395105
11.826703116710153,2.6565103747643666,1.128360001395105
11.76866346365618,2.6206191513887758,1.1131163506617874
11.750561921090322,2.5890503000681684,1.1086861566238781
11.776203446008811,2.62470216700948,1.1216001540504568
11.776203446008811,2.62470216700948,1.1216001540504568
11.79855545152686,2.5802434147225215,1.1176856950470528
11.804447860894822,2.6171261901691825,1.1186143191764144
11.804447860894822,2.6171261901691825,1.1186143191764144
11.812405915107902,2.6380764062269004,1.1189250541311389
11.813233874064561,2.618435459508346,1.1141801730417193
11.8156612571857,2.69824282929135,1.1320130963970612
11.799197659398931,2.679946384080706,1.1318823113112901
11.823501190447107,2.6750180022200656,1.1426693395928582
11.777964240632702,2.617250798507515,1.1179259372522743
11.79266834170586,2.6179589332435445,1.123910158056314
11.824771047849547,2.609453871569177,1.1183186325024421
11.7323229626441,2.689045462180988,1.1291088480620979
11.770038305189612,2.684083424353019,1.1327488250232147
11.839716506447061,2.6334711263523163,1.1238890840499605
11.791235314480959,2.6229246023956905,1.1134641665068779
11.760850275601605,2.6361803000997064,1.118689589479354
11.81203075376085,2.607361926384419,1.114552183071612
11.798384530278211,2.5844356005074416,1.1124289199869388
11.793311887916893,2.5845357089323673,1.113825686349817
11.837749318451452,2.5993990385097288,1.1237025183667626
11.762781080211552,2.628190963463425,1.1117146765774075
11.800586519300607,2.606576757014855,1.1167010591327295
11.802604546504519,2.645622432074877,1.1150630606378311
11.799915711888751,2.636961614331461,1.1213086740466796
11.79911519794517,2.586426671608745,1.114680710836849
11.772410703529166,2.64130297401124,1.1213823162092726
11.769063400082436,2.6114626385439745,1.116450755922598
11.769063400082436,2.6114626385439745,1.116450755922598
11.79768616814781,2.555125779639382,1.1099201685479725
11.82148729833262,2.5690755828062124,1.1131334121556218
11.765404270097642,2.643519805024082,1.1280381022523798
11.770657021467473,2.647142790530996,1.132359291682768
11.772178965305711,2.5753261954649944,1.1047121559154096
11.771858080823435,2.571771642431527,1.100692951906496
11.786587420719357,2.6946904872119704,1.1307835539954438
11.850992712407407,2.660722490205254,1.1333692298045877
11.802523705330886,2.6321745164076416,1.1249567785198704
11.869168059422444,2.5722134990590217,1.1246509664535584
11.75629665139928,2.6190052719953987,1.1221341345367448
11.849055588147145,2.6606100105282544,1.1344314173566354
11.761535584243246,2.603911867535564,1.117123305647089
11.761535584243246,2.603911867535564,1.117123305647089
11.761535584243246,2.603911867535564,1.117123305647089
11.769674039378526,2.613751977223818,1.1142021979249939
11.701782191273606,2.589715242395838,1.1010220224529916
11.765828032733245,2.617150018698625,1.1159207801043793
11.812692333665586,2.646155522061209,1.1227580177946637
11.766025164566308,2.6079833264016505,1.1108426013792971
11.774134241198121,2.6112750532464344,1.10896681752512
11.80801941332132,2.6464988396340337,1.126768362194019
11.843063507014971,2.597002235650953,1.1147990919456972
11.74268025921272,2.660789312466569,1.1174195504773925
11.74268025921272,2.660789312466569,1.1174195504773925
11.71415509115504,2.697583357542265,1.1193704993798772
11.889953126016403,2.6473157081499883,1.1327066200500346
11.880677824859216,2.639859957050988,1.1341220317832894
11.88559727518265,2.645682341301258,1.1295727559419195
11.859917411619195,2.631059276304348,1.125260786415166
11.818056549002293,2.655096460457126,1.1282969847757727
11.843906631709574,2.660420406952371,1.1355155875627505
11.843906631709574,2.660420406952371,1.1355155875627505
11.811554571353785,2.7142363088723087,1.129289867748931
11.812334247253643,2.708722149320026,1.1335021586030392
11.769589317797717,2.633429981381111,1.1191988064964886
11.847088563200295,2.607400296101001,1.1319152698817416
11.773573369961676,2.6615367712267775,1.1204502376947005
11.773573369961676,2.6615367712267775,1.1204502376947005
11.799960714425417,2.669193813461613,1.1229864244363534
11.772478768134558,2.581810821588503,1.1048945044806195
11.749827042364926,2.57806792347659,1.1036203811867795
11.776581204494368,2.614887047488614,1.118760703895592
11.817082005008068,2.6479101976111723,1.1301309074560841
11.817082005008068,2.6479101976111723,1.1301309074560841
11.782568969611148,2.6130583929615483,1.1207521698509542
11.80378175292985,2.6219077557223436,1.1184012908361327
11.78681657447967,2.6271029067313263,1.119856917550993
11.78681657447967,2.6271029067313263,1.119856917550993
11.768014622725929,2.6327557665409915,1.1138366089120713
11.855731897058519,2.6860632905120196,1.1387993842071584
11.77858928411742,2.702629763792346,1.1323582874889697
11.782203595641302,2.6610483089910506,1.1319630522465713
11.768059930257882,2.6216740461235677,1.1192070150046092
11.833292089943832,2.5636753969890402,1.1195130295433962
11.81855594205533,2.7027462232331994,1.131048775339136
11.831292665810015,2.6724091549647544,1.1364589369810483
11.83194162208806,2.635916080687022,1.1297856098180878
11.826400008008388,2.570860800176355,1.1153852088201612
11.822295351174718,2.582518197824343,1.1157258565503156
11.794769112175432,2.6463709391514394,1.126588952352799
11.795299913730176,2.6541658709956386,1.1230622822413958
11.788593701486572,2.6287600817895616,1.1245625825377386
11.761715047206593,2.6246113446562758,1.1109095840063206
11.775027161705673,2.6328578948603227,1.1088503196809303
11.801220482281844,2.6132485945594572,1.1243603707856231
11.801220482281844,2.6132485945594572,1.1243603707856231
11.829413414725849,2.5851623733259377,1.1168668185878143
11.789553669468555,2.6402495910862367,1.125421432908753
11.803090608391553,2.601493246138922,1.1171968816458728
11.773806145561677,2.578993051566571,1.1156147052294823
11.760478106568476,2.6272744794393095,1.1138513478095793
11.801273040665528,2.620239606903925,1.1157715893078666
11.801350359871874,2.63113567209657,1.1192062916379282
11.782427393365928,2.593037369734636,1.1051655681318684
11.831683959086218,2.697774751310936,1.1361480110642288
11.803729774853307,2.6973001705544783,1.1327573853835828
11.736696223082337,2.568827965571909,1.1036447498879836
11.795160312235154,2.555688510891144,1.111470286637609
11.816526601188455,2.545297478125258,1.115390783752842
11.715505048557146,2.6434437888781863,1.1128870533732758
11.761789886549781,2.6045846726249042,1.111653444202707
11.72364104756406,2.609411062525492,1.114648603860209
11.850837104875657,2.598286757577764,1.1263199573116003
11.821584453912854,2.6175650813925957,1.1212370276951111
11.821584453912854,2.6175650813925957,1.1212370276951111
11.790749134617512,2.6489899862192297,1.1287568854912782
11.781478386838188,2.6638977855980746,1.128699846902572
11.791388449351205,2.6071903909551253,1.1202286552582934
11.800207724671074,2.5703094474134702,1.1025148436998065
11.717613226233,2.6304945715788364,1.1027275633020006
11.823123038402043,2.6290274730476093,1.118060298541849
11.813474918515455,2.620787745625626,1.1205678358102822
11.788560653904574,2.658075572404675,1.1235733672783141
11.788338730612486,2.637390034511441,1.1177610131708118
11.794775964162158,2.6117441479920807,1.1224480543837965
11.797911513184202,2.57057644817214,1.1057464830921178
11.77397261283448,2.5413531801959146,1.0958212525720148
11.774025601100531,2.534304013394323,1.0984505275272163
11.792300639478821,2.546604554405021,1.1042152833041718
11.815397009240169,2.6649490055709943,1.132390738468225
11.756922364659529,2.5773016204423875,1.1063292460780259
11.786368604382545,2.641239890391333,1.1143288273560306
11.774202141325164,2.5946720631271862,1.103281055936595
11.794575699097651,2.5753297944408695,1.1189341618624102
11.821462455863733,2.567177917815059,1.1014370201708565
11.793337273706967,2.676501358675293,1.1256254021609442
11.743136642261199,2.6354132446596523,1.1081282383569184
11.738713423221077,2.5877529967987765,1.1000160629431521
11.730512318900756,2.579368203834564,1.1077499490030118
11.81137722666183,2.572359176656635,1.108068211816412
11.813567642706317,2.7037378252735484,1.1402415905221635
11.820157171288907,2.6822619331501496,1.1414850984202065
11.791582969727234,2.516668553640905,1.100403395525868
11.791582969727234,2.516668553640905,1.100403395525868
11.80922597534912,2.573208186958829,1.1120107695512473
11.81830067590744,2.5999760112365067,1.1164728545306426
11.81195005399968,2.628655753059605,1.1274788056619138
11.79782892834239,2.6277863600663425,1.1274152040057657
11.786180931912357,2.599188213026994,1.114326934625097
11.786180931912357,2.599188213026994,1.114326934625097
11.80308634160357,2.6224907689204677,1.12573638609861
11.83891095283994,2.64555491053115,1.122611303139963
11.796459080557543,2.6479077427605,1.1164820847846628
11.750939781249762,2.6232541298654364,1.1135316834214548
11.782385152775825,2.5705668193907125,1.1108608406840934
11.800196226969684,2.644541582663895,1.1211658270954736
11.804387578500744,2.6058653653304753,1.1106009776827528
11.754367468746894,2.6016662151648573,1.1151751984798246
11.817470977329094,2.5198496686148606,1.1061249337570922
11.785170146352907,2.5608455974001907,1.1068808789304456
11.733277926846174,2.579238418077675,1.1041763628941086
11.823450669181174,2.6001398561631106,1.1213838449240878
11.755521414211234,2.6185791653881996,1.1180142738086845
11.799571308189256,2.573057025954502,1.1085302219485496
11.761368845548896,2.6067082593657775,1.1174177115908586
11.810539670322877,2.6683908182596636,1.127857266818375
11.809287041837226,2.6557008654714305,1.12516379471354
11.80682435848495,2.6840884432408774,1.1233524239213184
11.756295146032954,2.625069184361874,1.1207185392134709
11.798095942924993,2.570663095559295,1.108185212971787
11.814173403347276,2.6254142830676592,1.1156600560768466
11.794463665091724,2.6326883467365563,1.1326667703469893
11.832589551817206,2.6644980679954298,1.1332339503697315
11.826222576831249,2.6761170653721,1.135289789382381
11.85321005111428,2.6462750380652573,1.1314392699275146
11.85321005111428,2.6462750380652573,1.1314392699275146
11.765537198774659,2.682272463714952,1.1273841757393654
11.785545952598474,2.59588232414166,1.1170485833626618
11.862505033858547,2.6318397888319445,1.1330246025124848
11.812398004362697,2.6660620744007213,1.1312668678304705
11.840172982811398,2.6531167003973177,1.1251771305581242
11.811857396161187,2.52439080039989,1.1032180146456778
11.807422563566725,2.5196753233046634,1.1015283098870796
11.811664237609325,2.560269408747787,1.1098985711128646
11.817829735675636,2.6457351896378047,1.1256743020552638
11.828702030741317,2.644295797721138,1.132318421120862
11.872255355832147,2.635478295870798,1.1346968100304988
11.879849359639055,2.6534523244189434,1.1293550044622827
11.879849359639055,2.6534523244189434,1.1293550044622827
11.721613576365062,2.6124993199161883,1.11199083289167
11.721613576365062,2.6124993199161883,1.11199083289167
11.851300459670755,2.6087193990467754,1.1212495694111306
11.851300459670755,2.6087193990467754,1.1212495694111306
11.798796131980376,2.6127439476221332,1.1060138359783722
11.756727889433291,2.56916541843002,1.109917349611655
11.72392195528121,2.567956851339736,1.1076840063598434
11.724532263487962,2.5864088634366595,1.1103323026841774
11.78517210546403,2.570034571032768,1.1075829954485503
11.783759029054739,2.561675324307434,1.1095070494171106
11.820074521543491,2.5718110924316675,1.1140308136332724
11.787959663646587,2.597106793805374,1.114371529750266
11.819382235300742,2.606506057460792,1.110951949005492
11.758860210146743,2.6642380168603346,1.1202312121755025
11.75673632567375,2.6129302915846715,1.1067999665955515
11.762977127531652,2.6246587834208075,1.1114269855063144
11.762977127531652,2.6246587834208075,1.1114269855063144
11.80418650640248,2.7110663465299503,1.1342277435235366
11.8047098919599,2.7117797898240843,1.137386085745943
11.800120644845476,2.7155969363540793,1.148733626784145
11.807550992727293,2.727362252514893,1.1417240110971674
11.796555065062877,2.7234520292453075,1.1410022483521007
11.820505715379007,2.6089313461318757,1.122110381740317
11.793320802384553,2.623357665808922,1.1145100993203034
11.815730211645596,2.5855657224401134,1.1176316967312003
11.789416614126484,2.6579699141636506,1.1319866545978134
11.7913451413353,2.59063750653153,1.1164917173832727
11.829449607696946,2.600475439053691,1.113507532793178
11.839710739306078,2.6018819489079843,1.118297191809075
11.776069754176387,2.640661536013461,1.1208856775694602
11.769960807033126,2.6349855372473296,1.12348431069703
11.831190090382034,2.606276094854497,1.1248403920786456
11.868976701662024,2.6366305377837573,1.1294790005668593
11.763090752537643,2.676673329879055,1.1335489935655287
11.815543320802885,2.6585050297229613,1.1246539197048215
11.802560839836389,2.6052982815835493,1.1170530448967244
11.782523118519059,2.5734361918469357,1.1111978457230884
11.807831237078416,2.663073773338878,1.13076023206517
11.76370095086636,2.5907876816144153,1.1098103551374703
11.76370095086636,2.5907876816144153,1.1098103551374703
11.844003319067575,2.5618766834244555,1.1162629451564985
11.838479340683747,2.5436473740293395,1.1168387928884693
11.767402474163804,2.628630179914497,1.1134204967305976
11.79743083353917,2.622390299777276,1.1220786330080368
11.787815039175804,2.5949991289535976,1.1170171765371546
11.841454560668154,2.612934187878885,1.1198324371229933
11.799746696661762,2.6197800722611166,1.1206175766035278
11.787834394291675,2.6165836611869637,1.1150035200377173
11.76522552599652,2.594116602034037,1.106511089495728
11.836353880502536,2.658753510966746,1.137625540581618
11.756242239340637,2.6207868716489164,1.118002258381646
11.77814983657872,2.567044241050104,1.104338529670614
11.777412053230416,2.573874565586714,1.1044133463318726
11.798624795227498,2.6166563604910307,1.1243718067762025
11.816126582672274,2.4808589686583735,1.1051058649771985
11.827115736541964,2.5131620945170052,1.106970877062364
11.831250252768218,2.5349860772271273,1.1021625067062117
11.82899380464704,2.588085275381723,1.1202213749174093
11.796855286376232,2.607891796055112,1.1088545119071889
11.812731552312815,2.64096976740444,1.130305729760399
11.798493656966558,2.6338157201858023,1.1277214597374579
11.747779458234518,2.624806402687867,1.1153356298604555
11.828611254007303,2.6323019866486463,1.1214419858287237
11.81153043187629,2.6490473196469,1.123394889807162
11.794817161807575,2.604216438322493,1.1234453155578017
11.79473017865204,2.679159410142755,1.1398755123843876
11.76067788188213,2.682472675300817,1.1247680382506704
11.766361147826567,2.6829568022394863,1.1227603135639366
11.77960136123107,2.681785833918376,1.1234630804824677
11.866238878916237,2.5546739106813092,1.1174075396581942
11.833590023397312,2.5665757799333324,1.11319021007592
11.74389590425333,2.628381226280298,1.1191943235369661
11.754359614233593,2.6400957534353036,1.1173388230768608
11.7474508789419,2.6808534431137505,1.1169924655616887
11.861817158072306,2.5969021815401088,1.1211491135220468
11.762902263478729,2.6117885037046933,1.111450551500345
11.82770642682838,2.6273668017573066,1.1280589894099315
11.744811336053589,2.602198494902305,1.1161736571783227
11.747377926170406,2.605302174658893,1.1121722453125118
11.830031229820413,2.637391225378756,1.123639731476086
11.740748368147605,2.555687178599255,1.0974572403340679
11.729357902898334,2.55449984398546,1.0953927486111517
11.71332536252717,2.533856103967707,1.0934419452384916
11.745901960621612,2.558176319438067,1.0991115156445044
11.7658866491033,2.6059942894627595,1.1109441959264712
11.785919046110228,2.617571171398434,1.11911839475125
11.782511708060753,2.641120800515399,1.125119929564648
11.790854010692009,2.6485139558656488,1.1240754402574538
11.820380053237791,2.6176217469089123,1.1257719306404823
11.820380053237791,2.6176217469089123,1.1257719306404823
11.81351301086518,2.6370224231987502,1.1203527920824647
11.79893855523049,2.5567250113689486,1.104341933938795
11.794057157790881,2.555438436915747,1.1075770155225846
11.767088914827005,2.547886226593344,1.0960694884506812
11.848426353261027,2.6906618832495104,1.1326365100208053
11.82555038316955,2.61329835911659,1.1200652624480159
11.791637265585422,2.6437985648395625,1.12187422706667
11.798554869582816,2.6491708407987957,1.1224535275978327
11.801627360152231,2.6041726894688715,1.117461888602144
11.792877530643747,2.6286441415124537,1.1151399536871052
11.80695464162918,2.621868199910429,1.1229607544448517
11.791785594656146,2.6490961195593323,1.1258168758079676
11.794905150866084,2.6135864229500143,1.119582177848452
11.8107063056947,2.5631200153139524,1.1106497783645988
11.797859678759565,2.545089443978932,1.1061747872684549
11.791369216648867,2.694353531436423,1.134962793910365
11.803114774956134,2.585822817343086,1.1114583643981715
11.806773426901135,2.6015189393876246,1.1065174407448968
11.813775701157304,2.566823750878186,1.1137578963637038
11.813775701157304,2.566823750878186,1.1137578963637038
11.814494788259047,2.5893736477429163,1.1134801202178544
11.755872048446047,2.638026199985797,1.111056698038347
11.770202946857616,2.630790264540036,1.117905290792126
11.842151555731546,2.6652983499628515,1.1325265607450061
11.84998284697095,2.6363174854237355,1.123535673018842
11.838657559067759,2.6386697664503953,1.1214882476094712
11.77824306761296,2.6490918227713443,1.1215965289159773
11.792024152798907,2.6202663334311302,1.1173696511055846
11.807880195647053,2.5984744370810158,1.1093864849715334
11.815480750512029,2.653278423410407,1.1248459069661068
11.822405805840933,2.634241746102937,1.1210034007244065
11.799795712488203,2.6409463662535884,1.1180580906734052
11.833742084589824,2.5846429753207603,1.123531700022105
11.760124946854683,2.6259175065673106,1.1112242345513135
11.755135397987917,2.622260298232494,1.11128610289706
11.778741362806983,2.644359940694726,1.1207116289938641
11.786803237810643,2.596845360323667,1.1090291382945812
11.808559789309744,2.585062755181229,1.1177766543658656
11.75957862482155,2.562585627427243,1.1040750913925628
11.74695588236877,2.5894938493200543,1.108909277371698
11.762569870558066,2.577127382471116,1.1112168753511338
11.726366999146506,2.523822102858047,1.0941436079597116
11.755732221830371,2.5332571962889703,1.0910993383243444
11.75694521322846,2.5630983781832835,1.1010347804554061
11.741554278280349,2.6066368163912332,1.1094057143327247
11.830775724957581,2.6547138059570616,1.135024276404874
11.764416853363308,2.563039002553348,1.1094370920051881
11.740699630909763,2.579757744561304,1.1022934558543231
11.815420956583297,2.6700557669395835,1.133786708127132
11.759169739777366,2.724322841763816,1.1399621388774663
11.85591053024964,2.630263141201125,1.1321086827201186
11.85591053024964,2.630263141201125,1.1321086827201186
11.762973073829858,2.6793864256829343,1.1310459861526574
11.804907836678161,2.570748061873848,1.1098958172687428
11.814112209296475,2.606865427246513,1.1179572750907936
11.796839087966914,2.6414039464049277,1.1267303380986669
11.796839087966914,2.6414039464049277,1.1267303380986669
11.84696691792017,2.601323695743515,1.1143047362403529
11.801921582287948,2.662731387963428,1.1221313754432298
11.788732798376266,2.6671564194398907,1.1348459308995842
11.783341411968415,2.6704063010805648,1.1339767672656402
11.80160889341395,2.562816292288822,1.1045970923092243
11.828966482726514,2.578266595408039,1.1028940565392815
11.816237252001294,2.5596659627096843,1.1074236546762193
11.817652724443738,2.62657811104236,1.1168514666628948
11.817629460030497,2.637309117396679,1.115714610953314
11.72490492857382,2.6813021698126516,1.118577441044975
11.711844661721873,2.584258954018078,1.1087785974733426
11.70727680830187,2.591764484631148,1.1093033162077055
11.876411189978066,2.638367531222766,1.1311243080028937
11.812644465749871,2.6839313792887345,1.1378940628153633
11.843617451273465,2.6733865180241922,1.1401903447201756
11.77535110303576,2.5796715577472695,1.109369162695617
11.781918604879879,2.7265726489594906,1.1277873823732703
11.726714209471119,2.7053598103805627,1.1403986215039708
11.857965911701712,2.5125930959561553,1.1096579157346835
11.856877487779245,2.5217960400744333,1.1089458556216447
11.78827041538999,2.5462502795285262,1.1113463278422278
11.88873687131708,2.6487172203010614,1.1284283282387284
11.774370688622101,2.7199993641289066,1.1363521953673907
11.710529868074033,2.657536311383909,1.1244223231303705
11.8175633042345,2.612781611782273,1.1234428119301092
11.787292415627638,2.5939565426577267,1.1198941769261128
11.801419200087862,2.5861411591493946,1.1201974713428657
11.779518666675886,2.6073708859547673,1.1085318318044455
11.785877436541771,2.619986139884116,1.1189591235978764
11.805368348561293,2.617941798201322,1.1236281805667858
11.815772329500914,2.6256158998762453,1.1223750744177425
11.815772329500914,2.6256158998762453,1.1223750744177425
11.84191396583501,2.5869524899627434,1.1187288875824817
11.79338738226583,2.6631236799079026,1.1250535398600325
11.809242340371386,2.575396043930091,1.111111088266241
11.751756334459374,2.6447081986944005,1.1258340235684492
11.846297235299337,2.57750221383719,1.121194334165512
11.712117740802823,2.6058367417159114,1.1163632092524507
11.725783670555852,2.6262317049299724,1.1046853259050569
11.874835652232996,2.679917561694806,1.1356935536899744
11.828426822924436,2.6964528588812455,1.130111286700009
11.829201089637543,2.7019606082180987,1.1430077916709223
11.829201089637543,2.7019606082180987,1.1430077916709223
11.761284861411239,2.6591064260348585,1.123718317127354
11.707101198248985,2.5985795604270012,1.1093743893778303
11.773720463000107,2.6324376751797436,1.1288693000911298
11.773720463000107,2.6324376751797436,1.1288693000911298
11.804149201543169,2.6299436055918957,1.1302006545616294
11.765310788568248,2.6159936465189317,1.1148482487603493
11.825586081699118,2.5836646821975258,1.1120702264896076
11.801692085518123,2.5693238233434257,1.110437359715442
11.752930434104982,2.6183865940547633,1.1187925280711495
11.743599646085428,2.588065765154514,1.1150525752722507
11.763462993337303,2.6017806832475623,1.102189803037056
11.818016321439291,2.6417537876411017,1.1225649638783899
11.774768413940057,2.5757857773547532,1.1127929853402343
11.784518051529949,2.650483406451296,1.1185573752452702
11.820296946571471,2.617285858725619,1.123874953625078
11.794689439223115,2.6991100137529163,1.129448199150641
11.794689439223115,2.6991100137529163,1.129448199150641
11.76074551692376,2.7253761458074957,1.1327549322307726
11.75918683455582,2.6553610575905595,1.1196767149360807
11.79136655189842,2.649719990173118,1.123570273066672
11.79136655189842,2.649719990173118,1.123570273066672
11.82243219312627,2.607456601269575,1.1234792662660245
11.82243219312627,2.607456601269575,1.1234792662660245
11.827391862245985,2.552597031131381,1.1056683568132086
11.846794068376644,2.5360780117904986,1.1087217587046263
11.82884518212318,2.527580548707162,1.1084488843196938
11.690901555008422,2.5607124687782816,1.0988195959096436
11.690239276684952,2.576340774999553,1.100698966970877
11.737792870902394,2.578817648779433,1.1013064601381946
11.735857331816174,2.5745655137958536,1.1075555265875094
11.825643600104385,2.656723186688792,1.123451697767828
11.840837641621066,2.5909226372503817,1.1189217992562788
11.764388016372191,2.575604777597803,1.1110184336853668
11.755746823445845,2.5599003693769236,1.1113454423909603
11.820659728673782,2.633901634444552,1.1182352391204182
11.758347872564183,2.6036170094646742,1.1094663283222521
11.797169472798387,2.5762609730134582,1.1199505725602255
11.747943551589687,2.627313288593297,1.1042025700295386
11.830677719256405,2.558154534421826,1.113727692344087
11.806068623348336,2.5906945764161136,1.115911316052918
11.855756794557792,2.6535222435600443,1.1298699790342803
11.808416415761714,2.6246804383578883,1.1277580854349674
11.808416415761714,2.6246804383578883,1.1277580854349674
11.866114285713001,2.6066055612386787,1.126416086251042
11.737227694082573,2.6593599249721533,1.1206268405784972
11.817367849307432,2.655450336127294,1.1268642062466412
11.795175160861225,2.6304616187051266,1.105678216450124
11.837921663445465,2.6053988261688383,1.1264374644777249
11.837921663445465,2.6053988261688383,1.1264374644777249
11.803458381231453,2.687549356844791,1.1353278453468643
11.810708585112927,2.7010216554570303,1.1280946849067637
11.803022571203696,2.554666747931831,1.1001139318544033
11.786920864675942,2.5605104655022264,1.1087410465795817
11.802310059188184,2.625513993555266,1.113080562359888
11.771495325621267,2.599802450467841,1.109473141905374
11.868368086031928,2.6417071075771426,1.1303318142915944
11.732036468366303,2.6170824454811124,1.1081207764230168
11.795728383548216,2.559665577439353,1.106466299949745
11.796058575481064,2.5478315513772163,1.109767808098171
11.805733908414208,2.559635084616488,1.1071579584117306
11.861798041035938,2.549760613492848,1.1046942472646006
11.83137455737784,2.6176979600520864,1.1195821743952508
11.815980594974146,2.6413171654231156,1.1295367584121958
11.767935570048268,2.643384969837624,1.1231875310689574
11.767720838507703,2.696624424238525,1.1367076680178583
11.751938845761101,2.613764331566777,1.119041340052241
11.782501386033514,2.5698036716012935,1.1139235167165467
11.754914826948445,2.633171685809358,1.121825906378923
11.824185036881843,2.590833164749227,1.1135471625053575
11.79956779140656,2.5885313850592837,1.1175254942792054
11.821173770867581,2.6376937623036403,1.1263199269601423
11.797446334007288,2.61506018992938,1.1172152553216124
11.762818291137497,2.6927543416900863,1.1301842314518158
11.798779257515882,2.5631168612218005,1.1097710180998388
11.805990052438029,2.601134840099147,1.1074682960980449
11.802194217201146,2.594358699739705,1.1064277316800164
11.792086991674216,2.578657579664122,1.116681262689483
11.82825866965143,2.6317279352473464,1.1188913830697853
11.828261514540818,2.610503388986434,1.1238592535476353
11.78098015680533,2.56803307402449,1.1131751120547153
11.839050589383737,2.5878995669026206,1.1095068441071816
11.846611149261562,2.5630449356591356,1.1171370202871227
11.83928846699485,2.621259205527893,1.122249873005554
11.83928846699485,2.621259205527893,1.122249873005554
11.808153640257903,2.7004639721849353,1.1392587468386102
11.808153640257903,2.7004639721849353,1.1392587468386102
11.809435977127569,2.6915825723008746,1.1451417334364076
11.784836586788975,2.5984705033888256,1.1110818169110808
11.804940898269912,2.6452537315880904,1.1241494172724127
11.833975282298107,2.5987906981575786,1.1175539605634295
11.83214848885687,2.5852556265988484,1.1134010579740936
11.83214848885687,2.5852556265988484,1.1134010579740936
11.818851294737778,2.6861883146290206,1.126761763684275
11.777393422657658,2.578828362181051,1.1044100001410648
11.795988219455317,2.567152181434392,1.1061536458525068
11.794362454198545,2.5656576198227623,1.1020933959479167
11.826890988512185,2.6651310509172195,1.1274441210561363
11.786361390234232,2.7063919709316027,1.1430653120134875
11.797838991333824,2.7194796375354184,1.142310841903869
11.786254111026855,2.7254710726460476,1.1505372272763263
11.783321350155536,2.7212050711913203,1.144828935691914
11.80167773377812,2.7421983397239256,1.1426033749529128
11.80167773377812,2.7421983397239256,1.1426033749529128
11.79448496318168,2.708910708508209,1.1390515653341275
11.838816953573104,2.562541730440434,1.1133820120509308
11.782336431147625,2.6502772324232104,1.1257077160369753
11.775817138218203,2.635592736299272,1.1207766602075524
11.779003921147561,2.6381285057496093,1.127393296506521
11.799634928515166,2.5840897399559,1.1141937012230536
11.78440975316353,2.641993569064018,1.1248848080090497
11.814040134669774,2.6079908560133327,1.1163809404737126
11.814040134669774,2.6079908560133327,1.1163809404737126
11.828819116331905,2.6065021504417833,1.1149232749603268
11.74221889896945,2.644332251662839,1.1177981588383061
11.818556196727254,2.6359522681118848,1.1137769083500282
11.789945916388856,2.6137212229021185,1.1236161745300686
11.769983533546489,2.6074561328776786,1.1201836460416676
11.689387424636443,2.587625653483626,1.1043027845859572
11.706767419132861,2.619710535228712,1.1023440200458672
11.719246269757804,2.6218734856956987,1.103852840462364
11.864357128649726,2.59383871491124,1.1199648278907788
11.803764952077481,2.689755707827219,1.1318723056296622
11.850329188242684,2.682017480127255,1.1336417910618415
11.825412165507991,2.6617351483369847,1.141442614096283
11.825362556909317,2.570383441375147,1.1068153423209797
11.777814549950577,2.6710684852677375,1.1258739586160424
11.777814549950577,2.6710684852677375,1.1258739586160424
11.78597126994655,2.6378015943832085,1.131758159841427
11.768797988905494,2.6030127832885577,1.1127502893608525
11.755171516438878,2.5927738825656683,1.110322761867117
11.728383738831946,2.605550311728291,1.1124809596359582
11.70357809830526,2.5982628191060386,1.1101609700663593
11.861365582792729,2.653052884642084,1.1233900814751314
11.775307977749401,2.5871710766543483,1.1089047571568895
11.818041367764758,2.6536487793992958,1.1326731985240595
11.818041367764758,2.6536487793992958,1.1326731985240595
11.783125702341561,2.612830095716506,1.1158187709124632
11.783125702341561,2.612830095716506,1.1158187709124632
11.785133636556557,2.6180382336670474,1.1071503564870635
11.824001842369595,2.629369964747902,1.1132434516726715
11.781206475298488,2.604593268362563,1.1227064566314073
11.76204885118424,2.611445091353782,1.117877297240595
11.744948938649902,2.6512454962247607,1.1160006469300687
11.732218660760552,2.641438734987815,1.1150734666502768
11.775234372683164,2.6313998702384467,1.1117974650305915
11.835268489154577,2.602672292991284,1.1204672269734735
11.776991668185005,2.596991714326633,1.116567726889702
11.817895227047934,2.5407238976973616,1.106414955038365
11.817895227047934,2.5407238976973616,1.106414955038365
11.863224747345214,2.5446218927013375,1.1102340238601336
11.879907843053529,2.5564215631789993,1.113129648394284
11.872191602034771,2.5526291432722115,1.11478630941516
11.703854280582968,2.606112945389451,1.1058318985900368
11.868545362150453,2.6333975897570734,1.1291956523216928
11.752455919477077,2.6085991128983497,1.1069279226887105
11.828544844351766,2.5784730091799486,1.1090058097878943
11.821159565554916,2.5961917471598217,1.1212062511380718
11.79587743530897,2.5632871644937603,1.1094016630998238
11.783965493289443,2.556623601363665,1.1080120392384056
11.792845750308336,2.6215886490061924,1.114654425634951
11.792845750308336,2.6215886490061924,1.114654425634951
11.827787972227263,2.6087172292112344,1.1214103598716303
11.80741866764652,2.690708575010939,1.12905876235709
11.801189091065204,2.675827270648893,1.1329978237048528
11.810462515389588,2.571624810204054,1.1130188540454404
11.861779301598922,2.612004874830695,1.1296115686087749
11.7913131417282,2.590287231843495,1.114926124376362
11.841157093620831,2.5965719601023105,1.1184720522424545
11.80535791727707,2.682853781140309,1.1264600885187848
11.792888821269484,2.5974027866719824,1.1068041796910277
11.826303823802679,2.556505756488763,1.1074926792880682
11.847332812083271,2.5963348893336384,1.1268327618416425
11.771647552505025,2.626180110416756,1.1121667580067351
11.774923704229865,2.573777391348488,1.1150388905325648
11.767140342262753,2.675020607714801,1.1222960544691771
11.851581467965447,2.621235218264867,1.1155570781909998
11.783452583274546,2.5801751984050374,1.112914311712883
11.790217541449396,2.59579893253839,1.1138963540312699
11.801955500396422,2.6439687495161053,1.1242249361648136
11.807377437599882,2.5831047937162723,1.112069820748988
11.816008249570467,2.6216175834565374,1.12327342096524
11.815074454044062,2.6191300195122436,1.1258997594946127
11.80166225584781,2.6702264665922555,1.1330286764274395
11.782065455953866,2.681048815717548,1.1244907796992858
11.841425092802046,2.6531989642247265,1.1253313423447062
11.869662223570575,2.6371978868091857,1.133387768818125
11.854689512583663,2.637237523255579,1.1263588252084846
11.738385866453164,2.6149046793544297,1.1095505714386154
11.858810329823463,2.635368811155848,1.1297860854301989
11.823750120734681,2.660198848657718,1.1284985437953226
11.823750120734681,2.660198848657718,1.1284985437953226
11.771164755919353,2.6640164347984454,1.1250797510584916
11.821144465814594,2.5854018940877803,1.107420789501055
11.753245774811093,2.5911056150405196,1.1070197505469928
11.726839437450675,2.5901699613704405,1.1033958373100912
11.780571825265422,2.587136194832136,1.113440118900133
11.817468509190995,2.656814792120643,1.1304069168174804
11.771534922715501,2.559687245107652,1.106810057186304
11.783871417283915,2.5752278400712845,1.096643421647804
11.780627166827264,2.5469940418370998,1.1054672423330552
11.808319981801843,2.6119609738119935,1.1237338941720483
11.822447315157806,2.593318499772405,1.1304248875796785
11.723948832138932,2.628405472041141,1.1123759037691319
11.766472313329361,2.5162035460263743,1.0976139512016747
11.738274526420303,2.524736638317439,1.0965090569524736
11.755741068189177,2.6677120947409243,1.1272302932611586
11.772729974255851,2.6487527646531355,1.1182941085700195
11.794151341960255,2.592125690701877,1.1150924768923531
11.812433437034896,2.64215517781627,1.1245045409307803
11.779442558757056,2.6791223156954103,1.128806679136574
11.778451813096131,2.6438371485055874,1.1254116999726098
11.839198426924263,2.6512289701463683,1.1282981481893544
11.830839203995374,2.650869148702545,1.1268085086491972
11.80009104524526,2.6687003922875094,1.1316888741277495
11.813285644609595,2.675895452924676,1.1421929599819212
11.86952363995876,2.5382182284049937,1.1085275725410795
11.82546121560406,2.608316487860451,1.1234045130095198
11.79388486145111,2.640211643938313,1.1254254696821062
11.798596114014497,2.579313687603949,1.1116566079163375
11.798596114014497,2.579313687603949,1.1116566079163375
11.747940339947174,2.6030378267908056,1.1102815945861428
11.794430378688288,2.6442746665586165,1.1261615680514816
11.849642966022609,2.5887920607766723,1.1206533411641737
11.849642966022609,2.5887920607766723,1.1206533411641737
11.818205442989461,2.635659960107831,1.118101967890176
11.815207933225068,2.632264786611685,1.1298287730056373
11.825134331445009,2.5797666627427227,1.1187014575090404
11.807275992259308,2.628202264197726,1.1110036328216313
11.757373707100536,2.5615301480528148,1.107581000216727
11.758609848570938,2.579711342996425,1.1034831117712205
11.780335784886454,2.6312922247033805,1.1269861542862296
11.77411981740228,2.6533070102087177,1.113309408672061
11.803919224372379,2.582407872812988,1.1147593643531604
11.764543994619544,2.6276822515859006,1.1143759566636982
11.801232753789405,2.562111249110938,1.112450831125685
11.81763515541469,2.5403931621122178,1.1071103529104231
11.797858472889367,2.5438863730050216,1.1024110179847482
11.83234788521033,2.588571142427386,1.1181102013452902
11.829126086564523,2.5860135807526117,1.12193443609919
11.809762581526849,2.5350479443995106,1.0987464731282206
11.744383031307452,2.594315734797576,1.1053813564368686
11.757274477328274,2.6096328941645153,1.1136011136800656
11.743927361359288,2.5627139436301474,1.0988133741273152
11.715130452998608,2.588726103804132,1.096329742502778
11.74142582305726,2.575842641922151,1.09943938854951
11.795837662142935,2.6732297884359384,1.1295817480174362
11.85614243659226,2.602538359670014,1.1153642043947019
11.843878017765219,2.6063758873868945,1.1181771473477915
11.843878017765219,2.6063758873868945,1.1181771473477915
11.850981286951999,2.6005139409559717,1.1212603428010541
11.850981286951999,2.6005139409559717,1.1212603428010541
11.798567194728916,2.617498211221422,1.118637153721507
11.798567194728916,2.617498211221422,1.118637153721507
11.798567194728916,2.617498211221422,1.118637153721507
11.798567194728916,2.617498211221422,1.118637153721507
11.784315912996377,2.6501616079209205,1.1203866327123573
11.827997486745733,2.6348175774337244,1.1222682919562086
11.770873367654508,2.6466430740293654,1.1173969796148315
11.807570268792217,2.616059267519299,1.1124330118516323
11.77043378579727,2.6186312546302792,1.1246823730278135
11.783691750429378,2.6305993657863356,1.1218657333955369
11.821460660315976,2.631771690396393,1.1227946812388516
11.804817925013165,2.6147248596005643,1.1174574441112797
11.845687164866138,2.552237142002808,1.1098472784043503
11.794869056174827,2.6759330652316993,1.1352813870777767
11.795887000624838,2.6536924385835405,1.1294013889737295
11.796303227789586,2.6528669578191706,1.1319638326361376
11.788437765622065,2.7038692960340485,1.1307827639109969
11.784880637341129,2.6250540359556305,1.11774000043044
11.784074656179799,2.640880699794751,1.122705225956425
11.78916813483909,2.646789806041395,1.1231456707548166
11.804874101877697,2.6104547501039574,1.110848588951582
11.837066843753101,2.6058356453265237,1.1114022022991803
11.779106403589603,2.658227098885455,1.1140127801450572
11.788889267205118,2.6507641628114986,1.118380472505441
11.803541429537088,2.6342753618801553,1.1268495230367963
11.803541429537088,2.6342753618801553,1.1268495230367963
11.779360141202158,2.6202800547564746,1.1066971388140325
11.796880389684489,2.6480279102965967,1.1277895228285792
11.778808788834528,2.5744215376710438,1.1047046062543673
11.826541634922487,2.696299057527454,1.1330813478598907
11.87662301741789,2.6354014689708207,1.1351273658907421
11.784368726729221,2.651806175778318,1.117478713718304
11.784368726729221,2.651806175778318,1.117478713718304
11.78424267305813,2.6209516516953726,1.1209561202353124
11.83833697168902,2.637172548118577,1.1164880889831215
11.837554520353295,2.6241229572542886,1.1287054980531905
11.757618404722033,2.592359146847295,1.1117394032996226
11.837001035044992,2.6513646904224633,1.130293140877308
11.779932508700698,2.6494509500106043,1.1218184103796367
11.823646650160734,2.610267796348571,1.1220981069510074
11.799088067022256,2.576232047145778,1.111939841589861
11.856781535098992,2.5714260731148393,1.1151391804923607
11.787210140236732,2.685406891931047,1.1374917772074717
11.793913931023326,2.5861291421144887,1.1059805679225176
11.803481462962393,2.6171920307448864,1.1255406802670123
11.797097096356152,2.651769863830085,1.1220915750910538
11.838816672530012,2.5808081603916264,1.1222354708045847
11.7474455450097,2.651053253759164,1.1151251951319914
11.826776691165021,2.5771297078818023,1.1105599290743964
11.805838551162134,2.592759729484933,1.1131520675950037
11.755158464296873,2.5706868273578425,1.1018068640080825
11.769063651446531,2.584519684011731,1.1071883767085082
11.79709823269694,2.6429768837180374,1.121713426610473
11.75843906412493,2.586884450409739,1.0986391717208956
11.737948301627783,2.5825612651419476,1.1003717113060285
11.800001028576679,2.5820017037308003,1.1086706746004482
11.800001028576679,2.5820017037308003,1.1086706746004482
11.800001028576679,2.5820017037308003,1.1086706746004482
11.808460939978108,2.5822199482515837,1.1215442123451826
11.764983759186334,2.581749007858788,1.1115733391753744
11.795573064184275,2.614007129483245,1.119387376942752
11.809838180448178,2.585161023974498,1.1162333700839422
11.814612006458425,2.5638034609951403,1.1109415186943858
11.745636482409015,2.604893684236508,1.1166732844811493
11.755008890676145,2.6224580795509977,1.1132287624623471
11.806902382138135,2.6544714566588845,1.1205629166141475
11.768542074381813,2.5978403745553065,1.1179774447966475
11.845575343211074,2.635081626858747,1.127883977591164
11.860200250335431,2.642771448010708,1.1264532248504306
11.738514629721173,2.6202073119927523,1.1101365838844552
11.740077161743857,2.5697793140625436,1.1051426732789098
11.807067122370288,2.6329721239277917,1.12288181125805
11.778981817628505,2.6145426708656068,1.116690423790886
11.778981817628505,2.6145426708656068,1.116690423790886
11.806012641608751,2.6318460368874144,1.128234458266737
11.788622755457665,2.637510513720159,1.1237228992307278
11.788622755457665,2.637510513720159,1.1237228992307278
11.828383673560577,2.6348483448447393,1.1264402115030854
11.829369334620049,2.62574330717032,1.1196138507149087
11.838719835107296,2.6094548395135666,1.113951588977225
11.799063060570697,2.6021563406546617,1.1217643855428883
11.829513810687306,2.615049567791447,1.123218574900111
11.755293428200575,2.601652665542268,1.1167765388953044
11.811494143390863,2.5662255012597095,1.1107157071662432
11.807673253063953,2.5363599634193226,1.107176320985069
11.825656184667803,2.605522597814661,1.1172414759180571
11.786396124503169,2.6718073454003406,1.1332351105176013
11.830267311101736,2.6443218513413917,1.1358764128044194
11.804906176367568,2.6469605372424816,1.1347244548675774
11.770663625941017,2.6239440620814687,1.1160424383290712
11.787817581420489,2.6278637722473244,1.1210014288517998
11.734550030255145,2.6856658928107793,1.126246027909232
11.756690865343039,2.6929206229187086,1.1210868214094072
11.787873979362214,2.5992481493557156,1.1073348374990908
11.817520079707755,2.5740423648236055,1.117035759037357
11.860021712467322,2.611007153183939,1.126199803472364
11.863046348472407,2.6148108138092288,1.115525850684914
11.754002834863169,2.6784164058433575,1.1226484541689936
11.74085820858433,2.608396732994418,1.1180160457302897
11.817733480769434,2.597832887095727,1.1163603535034747
11.79042060590069,2.56600435409646,1.1041220638054685
11.761079311310064,2.6056462304547576,1.1075843244924086
11.80176507624223,2.6419311687019755,1.1196073106487718
11.794788467598979,2.6409428305598026,1.1244926450631552
11.794788467598979,2.6409428305598026,1.1244926450631552
11.817017180663667,2.624333729210618,1.1219133726554908
11.817017180663667,2.624333729210618,1.1219133726554908
11.766171822625548,2.5955654312818073,1.1069292937752377
11.775096074571053,2.6103796896092764,1.1066223428869404
11.825502754963805,2.6283078004171267,1.1275178917237871
11.783154469002625,2.633427178780393,1.1247562841006544
11.788062574039685,2.6299582689052263,1.1224391268567842
11.788062574039685,2.6299582689052263,1.1224391268567842
11.806047514191016,2.5664045419697668,1.1101534783194116
11.779124983003666,2.6380858493137573,1.1257783890042392
11.747904925117647,2.6415864786644168,1.1201966258671312
11.734932231623153,2.6335392463315968,1.1259527077338496
11.83402532356573,2.5892295342459275,1.116162940033374
11.828917330194852,2.6205178596609207,1.1210901800719058
11.81241839219851,2.6231943667886313,1.112749175514777
11.777998751745882,2.6000046649679405,1.120638179097495
11.801709391992455,2.6367001391089246,1.118626545714065
11.786058004876832,2.6076186452857093,1.1148968667827712
11.757421561166007,2.64775053851529,1.118084394351246
11.771897871715524,2.6213310876982314,1.1240578549054379
11.753365695127352,2.663131874046365,1.1173227605949367
11.75718285335207,2.6534801076636794,1.1323396678879039
11.79524460681237,2.641911986156191,1.1286873571814928
11.802111647055025,2.660237364329494,1.1287036395083168
11.803243348492167,2.5972914331074435,1.113116346394127
11.796253159970913,2.599189169270996,1.1148947223354726
11.795951549128766,2.6538836121268043,1.1311564787506994
11.800943277637092,2.706672135145083,1.1388969973798744
11.80248672540652,2.6508236973654737,1.1251633361328208
11.757217827881634,2.5645429004893363,1.100456181269365
11.765868425935876,2.669971742447435,1.1220640819784704
11.793650343496767,2.579589162021198,1.110321734490959
11.811751790652643,2.615141277631405,1.1219081243438325
11.77953762002533,2.6154859963586468,1.1116349045344185
11.789442881160062,2.6081890389088875,1.1106107355918156
11.811401789450573,2.6077214181886363,1.123511447890466
11.817415705060387,2.59511265538519,1.1244143697219413
11.804106723789971,2.6104789151362255,1.1252559593783347
11.792923631958613,2.6297129144736626,1.1235217676163993
11.806066557180047,2.630768575026504,1.1239992522010307
11.813332391887627,2.69005315156836,1.1273721144372886
11.837582548652025,2.6293143400475127,1.120626346500843
11.799770777899687,2.629055091584616,1.1242045092056308
11.828458518934982,2.6505066805278275,1.1341403033343418
11.818483471972074,2.6685250915990295,1.1245754119763975
11.719808336640456,2.6341236380743926,1.1104064994760432
11.876886006587313,2.6476756410575373,1.130172293817445
11.838085894952727,2.647034484096032,1.1264796934070214
11.835375628675022,2.6443291120945944,1.125953764119513
11.77732530678685,2.6833894837487247,1.1249488409711281
11.79403624205091,2.722971226998582,1.1370334749721465
11.792119042940499,2.6795651755082095,1.1311382200930686
11.792119042940499,2.6795651755082095,1.1311382200930686
11.783142615443952,2.6755593325609883,1.1275279263352138
11.782306768892905,2.5283658032853435,1.1007531022196584
11.845882048262142,2.586153547921976,1.1096429908831429
11.829589100133042,2.5946374746652747,1.1174576988400857
11.760616497381838,2.645426099965253,1.118437109927946
11.800720974755944,2.615075789303362,1.1188512552047436
11.771614250097825,2.596619051221347,1.1153979288478242
11.818221299153562,2.62879070933426,1.1320559380494097
11.84437286332209,2.727907162732616,1.13864378134324
11.759886017032251,2.516697693676316,1.09253586588901
11.727853054890403,2.6338738818114353,1.11440230702737
11.770101233325224,2.642225266344309,1.1234799796411272
11.808610244716661,2.6253824836639463,1.1223413495109957
11.821692045139857,2.65132841476524,1.1251731075117644
11.774733661021505,2.633594233101332,1.12871936226774
11.836193585992497,2.705977986619913,1.143102695451768
11.821925839318816,2.700425783764177,1.1374767017012635
11.812256785985523,2.6917484584993248,1.1385137972019348
11.78134993179314,2.5848811668575826,1.1152294023953822
11.782351932002642,2.5945911846456546,1.1136133257826117
11.80288783237629,2.6288912199076244,1.121878607119384
11.801693715954077,2.634368252858025,1.125410233141313
