Current_t_3,Measured speed_t_3,Ref. speed_t_3
24406.523875669984,-247574.6062660479,30268.40254703167
-12494.907660209901,-151980.63189131216,-71054.47117509041
-22264.042018101172,128877.5987056364,19918.980243731225
-22264.042018101172,128877.5987056364,19918.980243731225
10116.163814239522,-11032.277575550805,63465.4735760792
44.7929905278088,93779.14312732924,94774.87317550601
-28226.8966739159,96494.07350671043,15191.272954252141
19654.104872078915,-30197.425212914517,111685.28651180082
-5257.316061035257,251060.08063185506,223795.22086067713
65119.71178432987,351676.000892593,122956.58939535217
-25327.749380155845,-91478.13742765403,-358672.65278962627
-8591.992158843263,-136692.39655160607,-215259.6149636393
53793.90103584684,-150489.42655011558,23815.477417638544
-49755.30861760702,-14652.808372618958,-135486.02793938215
-14796.786643748725,-148636.4275505928,-94688.75016278743
21692.041345447957,392349.6164626141,320969.2735201762
10347.058323691934,-103207.12065361702,77125.35331946859
-691.6696940739257,313496.67989762133,232824.98043673852
11381.534655662781,426693.5541065252,78325.09870134978
-14550.600946247258,-410576.81457652943,-200307.82464313667
-5101.536239356289,-128832.2742316484,-47941.321355515625
1316.782026710298,-99413.80372853168,-151315.0250720494
-37650.81783024368,-234183.72249568693,-158874.5774741993
-29666.007373989516,-31031.236345339334,-150842.1068606865
20807.76924800062,-384774.6245815305,-10965.02338657438
55330.59626963889,139468.19431623074,-76605.3289262401
-27481.19970325029,-66049.14672066041,193819.01071006813
-32523.48262860249,7283.5581068227475,86082.70442162333
-8819.60822847801,100031.68502880582,-39229.26725280236
-38210.391173108976,-36233.00975146399,-7939.574412107526
37335.80213890056,-104249.2843943817,-98032.85200441544
37335.80213890056,-104249.2843943817,-98032.85200441544
-47482.882975360415,10374.956353710353,-232399.90992978026
-47482.882975360415,10374.956353710353,-232399.90992978026
-28109.184661201416,192201.7381947815,40412.47413287088
21416.58368590979,104225.87836604935,55289.7585255304
-9640.534131291797,46878.59254898616,88127.40214268453
-8392.625488368794,-140835.99619682023,-31973.824908382914
8515.462913109452,-63527.34564311465,8654.386923653023
-7539.689561981648,-67121.15819986915,-11439.279533007611
9913.062088592553,171090.60081335792,43961.32141332928
3384.018244569419,17741.830915140512,-38705.00112635437
22249.301173962856,-298902.61416146794,-272702.8223893944
-5950.821643826872,-68018.98253710754,-129573.57677767689
1589.557537990423,21543.668013982475,-48615.42979788242
-2909.215065394784,-393699.7210914,-45593.87815512864
321.5262661527686,-211981.59464860853,-440293.1857693882
21850.9600513642,-350963.5578687653,-193915.76605370562
-13395.714341374316,358369.0716815406,379213.7437546726
36765.262599110836,260088.26319089747,212565.63329133255
12705.577687044512,18536.130811714014,96403.63390851549
-348.8395341023297,218329.52330037643,110853.02760642165
1269.590536924163,-140660.884025617,-40842.09910269585
1557.1943317103014,-51816.42214085741,-134200.79988761703
-24878.98168912347,-24304.23822505011,28096.951601516506
-188.47042617001534,123565.81455702694,-9364.87804951737
37739.31260799139,-18624.93426119456,-55796.28341037492
-24436.650322266585,-57085.990419835056,-156540.91722809005
-28583.84920672802,-175556.63879263372,-121959.6442176406
10477.547037149136,60201.35869952565,-21229.340379207497
3919.6717815953634,147268.03218420854,-33344.71308248784
9410.145907647708,34601.0053657637,28733.183248603615
-16526.091452662797,-11867.6005747468,146654.49925669053
-3277.5155895407406,180613.20482246054,-57145.73600092472
-39858.518204749584,12343.16488418309,57817.918470184486
30903.71925763314,-116030.94866446176,41224.867858503116
-34208.70815240055,-122145.52866295594,-124551.94775248521
4868.382238194463,-46200.854397536576,-74957.71288641983
13282.080864552821,-12888.888381589175,-107870.42641859165
22233.238964692086,178391.45603686463,113136.4015405473
-3252.5990241569434,47097.806188493334,-43098.12198043232
17671.232093088147,124583.9479032394,-64418.057715312105
28516.040244792348,74190.37240503044,249420.47504634544
-7978.841070233146,11790.165352297365,-26761.355945491785
-13895.64700565254,186718.61446208297,165602.99914174434
-18176.808753459438,7571.608512100589,-29215.959985577647
-25315.351334449835,-48499.593285903764,97060.57917295695
-54214.5834099568,34983.426810926285,-96620.30572317117
-7369.3130414141415,195010.68797915813,205313.32107549213
-10808.041999350986,11615.030772052065,166217.67180001363
-19191.807631560576,32218.2065999959,-73816.89784924657
40731.33647456361,-88847.06673841577,43133.04904172412
-8848.848682252334,200543.76662375152,-22244.905026165594
32828.946387977994,217416.19487454038,-24881.35705181198
9614.893763515836,-91754.4858955311,191296.5420890258
15957.69685015739,-56686.23988411163,161605.5850734267
23609.69755867769,250287.19095120393,47644.65021840713
25193.87799776392,-258182.92243400603,13693.450293089198
-5218.751469998017,-63386.65030792475,244275.53310981276
-12389.79862166123,158899.78446285817,259767.53962790992
1378.278934970118,77573.23838858918,-34627.72140399483
14043.89031259203,25049.836290954103,146563.8577967932
67841.31271897495,83575.30033809587,67630.90810970636
70816.9148849038,100858.27605275802,321275.36825804226
67771.1982928026,-78886.31388608657,-134405.96623674704
-52615.55504984694,105032.245948936,-12593.105939901638
-46315.53668804791,111433.12656995837,52822.31096347316
11012.989458758144,-134453.78622773572,62170.524222808795
11012.989458758144,-134453.78622773572,62170.524222808795
-27755.326449306274,64547.13553332072,183141.70546539073
32142.7983539855,174864.17203006812,8128.546820699237
7635.943364979965,14011.05478851161,184434.90320771612
-4776.221815811539,60560.210434604065,162958.91760506667
-4776.221815811539,60560.210434604065,162958.91760506667
-2872.947160932663,-74867.51191194571,-149611.08670186927
-15242.505093681022,209918.91221061884,228304.7628203208
-4006.9188336456136,132434.9624939045,9455.323718017084
5039.562882369867,-264214.0319616798,-115322.50213091582
22416.75961241652,-103624.03998796287,-136623.7580047294
-3173.2563915994197,-28754.92722096367,39741.87073515028
-33088.04371930425,-199190.50247427388,-269819.19115934265
-31643.98925554683,-120612.53290012515,-94211.3403356423
45346.05875239977,20056.085848929215,7357.709807137755
44413.09362405773,181128.86620639224,40475.26068172764
17693.00935341198,-438583.9468519637,-151387.97045998482
11959.969708520264,-70206.73875342828,-248288.80919361822
9979.454777098088,-29485.93544260229,-252060.61953811784
13666.910521421769,-191587.13581391342,76153.95468438762
-23191.477829483978,72496.02482120402,-30679.47573662366
15145.871340927131,-2658.5439339144505,200651.23402212077
30810.332281169885,299596.9834733881,118213.27327992611
-6580.344064109446,326700.09852048644,126570.33118229464
-10103.620449377348,192248.11182057523,277496.4639703463
26256.60788153472,329443.99982095044,190538.58473138214
-4658.725113750224,240451.9038805362,291797.32148053317
13405.194212943403,14330.099280135415,251688.29734021582
310.26477587821864,-318402.4368260428,5928.20754072236
4637.008479059608,-272758.6244111959,57950.991207621104
-11419.457075770844,-42471.73552344889,139939.02672693072
10011.109168820663,-38925.793716325374,-10598.876023183577
10011.109168820663,-38925.793716325374,-10598.876023183577
62770.90894848563,-518140.4788848124,-338241.4575760864
9493.518926031094,-215785.48761928355,-184506.13993880944
3892.4193542769553,102104.61654887296,-14379.685370465013
22878.102820403343,6932.596613677044,-128868.30967047354
36138.23528739246,-8601.183609442582,182245.07325902025
25534.0810758159,-17167.123729876665,-113276.16326676143
-34082.15181610953,-427751.10754244553,-263870.95495965413
-25942.998114350394,505778.7320754633,162948.92818456126
17129.044509771502,351693.94699411665,123525.42007276809
17129.044509771502,351693.94699411665,123525.42007276809
-7147.911045273313,114274.80241209359,282848.843186246
4159.577484750018,-182123.80406733742,107047.4603772717
23969.495033345604,196960.57163519057,-127.95742184763367
-13391.64277955233,244054.5638380786,2671.0090403403738
40890.52159635982,211153.10994059386,-561.6869448450161
-25746.31610224282,-454414.0845828477,-389251.7204006367
32666.941712012314,-76513.84730060742,-19841.86575706344
-46177.09737508313,-334198.25581448653,-141258.65373544686
1176.0479577069673,-340449.43570119113,-463122.6807692742
10237.29995517732,-49623.54541592504,-121996.56122409744
10237.29995517732,-49623.54541592504,-121996.56122409744
-20761.367017232704,-86799.88224224631,878.1176965483901
13771.231423621823,143612.66992501775,-22067.764010758947
7690.998528727503,202354.9072304669,65496.34852379528
14272.023284594736,-88562.89572546881,69913.2911184543
-26923.56307711386,16713.15442421037,-57125.43471168649
63581.504709378656,-86893.56313006222,83579.99349787869
47939.878001622455,-100505.47779678642,32465.94865053559
17013.464662721824,370131.6459994139,287066.8909142206
28235.27524005543,494086.8976272624,259561.91127666834
-12661.211944913019,205834.56198037302,231646.79047118707
4102.901699408325,-59945.995087484625,-152799.63233023474
19646.405925589865,287264.9657212717,183155.69434532197
53182.8429993835,333525.30639200576,107253.38771049122
-32193.48167703845,298261.4448135119,-21340.815567334124
-27460.69549374914,19425.88331058857,198976.19734214334
-18937.885018522175,-47238.204350477565,53287.26650854535
8054.981470485725,340597.02857184055,265317.1769909984
-5827.337284661758,30743.70843889384,27538.976909193734
20115.15594735532,5927.056803683576,35994.02993171346
-704.3053819709603,167700.5912805179,135698.22675214626
-16969.84972316065,14717.217623388977,-233718.86744981998
-17327.828587639684,-222347.79378856823,-152798.43458424028
2685.933139860237,-10778.770003290905,-86688.93871162641
28797.933782392978,-244527.1466440678,-54398.709771497364
31129.75168626391,80967.31821211641,-13125.84755508788
-22467.021790996656,239436.84559028258,113511.55301175681
47989.440114179444,81576.25237623198,81553.9923191611
-4394.14687980395,138692.64797663596,130414.40169696067
-211.8502180498831,175265.28414703056,127578.57655663638
-211.8502180498831,175265.28414703056,127578.57655663638
-36759.30745201536,186547.81262221045,135976.2745296539
472.92759033149196,81953.51572215944,-2321.0357377975597
44688.43107159261,-26941.404004791344,2710.7391622281166
12827.984013807178,-125454.89107711986,-42963.187911685454
18448.24275335064,-26849.531674291404,-25189.59792605655
-15085.377153334915,-79396.2754511575,-43994.89400146536
14889.684572911177,-24717.15269658112,-178954.66034470953
-7557.58209080487,-179676.23692220316,-205570.45514265343
18284.553990566008,159164.2527699309,84137.13386672763
32009.384257216254,18318.845145015075,145612.27792735278
10446.490039341472,-32536.573292678804,-98238.5720753098
-14808.011630160561,-38907.26339152403,-129683.17129299963
-18647.541258688663,1917.1368745004802,157438.21103598707
-4309.791309440512,73797.63726302923,-115276.2861610028
-4309.791309440512,73797.63726302923,-115276.2861610028
-30849.303209903614,95505.96487696777,-93428.36890836299
9301.446433518773,-64772.41581477289,84609.24985553537
9301.446433518773,-64772.41581477289,84609.24985553537
7916.949134562608,32695.12908639213,-94502.27400102533
24165.279722052554,40290.742590198664,-173272.49976380207
-21590.953598602166,-147050.10166061705,-312473.9102157792
-41628.84568708209,-163931.57360154673,-53652.36851100476
-9107.645815117205,66811.72449258703,-62409.98754695439
1153.3470202815479,166922.47537444148,250398.4975847077
-1223.1626404234248,200449.80193413154,287507.2284100833
3065.464544691766,115055.10903990967,-9517.069288314553
13720.285305449548,282565.7417298453,-78888.95940879578
9034.748685917959,219323.25381961092,-19283.693732367217
7916.62283140182,54697.642667421576,-44361.90037597738
17418.534598407692,5275.744753540057,44170.78673209602
15771.060458344688,95659.883552961,73756.15741370029
16359.313895995863,52498.7553151981,113677.85580227835
-33682.47921032965,-206174.14662826963,-145032.81447423997
-22348.051028150076,149777.40912007517,39719.501086426666
-6428.359138593627,268216.4529069375,161787.91401395499
-6428.359138593627,268216.4529069375,161787.91401395499
13681.236718100206,20567.95108181954,124606.45273308191
30894.962362358667,170052.97194607178,94967.4687906291
25576.922903406048,-74841.1902435979,57898.8969128169
-50032.13663548172,-282835.6950280089,-287133.94253952726
52205.44541638778,293597.6163653447,416326.92560246715
-48902.026787020506,108408.92354302801,-39681.8997178126
39050.62680069766,145055.86895471654,232982.9172863482
-30842.65023925682,80394.13181514847,-2085.8859962954302
-21635.395607918712,79083.72074302753,138222.824844155
-14659.025742524565,-135262.2833149777,-191113.3370884036
5634.757087523005,-282731.7401917437,-188212.9757724614
9245.9685277245,267374.62029322836,265232.8380043829
-13978.18780372017,115467.58992195426,57950.71000182751
-5953.671188858109,305742.9952419045,158144.8824674967
-3397.9224214216583,275067.59612204187,185965.80272808028
13703.122729346727,59460.46773751269,87488.64561386046
-33606.01271566757,241356.53532663203,-11388.016195779375
-5384.432839733141,-101675.15855419141,67461.78246869754
-27011.055702198362,-132453.40084680385,-46749.476847507205
1407.875949741123,8671.370714925171,-48545.478768983194
-32096.130897721974,97702.14460816025,79776.9529120223
-29429.811057871015,68199.38759537955,-62462.71090355076
1513.7488183211535,-74027.1959698,55120.83191378529
1513.7488183211535,-74027.1959698,55120.83191378529
15063.307011449855,-20682.445916368044,28060.902131849343
-19490.94176961518,-176614.34103372792,8147.200368140486
28810.811764189893,-213459.79030200897,-115134.35224653191
44.64421647351264,-132298.50463716715,31813.459176741206
-14771.889380951383,288940.9111992708,87344.24048895316
-27944.215134491304,318110.4527886465,233497.0163904299
-6409.972779495527,-110113.71421202418,-96996.4121845785
9501.370086997646,-292770.480251567,51653.55610403938
-1168.7321968060642,-211420.93998227254,-443933.20759022597
29962.19741489706,-213502.1741687933,-245674.17145608456
-5898.703130982882,39957.22406062661,147732.3294001351
12486.297952696254,53252.29052914445,-82307.933578316
38178.51318658529,266177.8565026453,434464.4590181357
36510.825358037706,302105.89768400136,172948.19604496312
5469.242117387446,59770.7893053277,165615.34781983352
-35494.0811097181,208584.5933239396,-75768.89559070408
-42270.85426753317,86099.18684610931,-125120.33227591545
8245.91833662981,67775.7645628678,52231.059057741644
-9940.543251811629,-27314.14319060487,-30473.483617898106
20193.831831635413,116791.20499190553,133031.9276404456
22785.466419198572,227957.08569194662,199245.79279581786
-3402.261941243234,77494.85574611355,69216.3475687321
37542.04357843524,-262748.8089159572,-189436.47890897834
27264.15606005387,-209165.18031772616,-176717.65001547633
27264.15606005387,-209165.18031772616,-176717.65001547633
-21134.39799870964,-108674.60183526846,-165466.82167599475
-14514.472068503637,-120305.2351697811,-137839.99033238963
-51767.06746066161,-132231.40874770848,-179510.60200119327
-21946.15643592298,-131426.21595767612,-145413.0771551131
-21885.999556444098,-39512.02855761766,-56582.67721391305
12438.102835649242,-187045.29313715658,-133001.64558782155
-9410.16983959667,-59048.56851939243,-74076.30451842258
-9410.16983959667,-59048.56851939243,-74076.30451842258
37044.81260349932,85400.57926329924,130427.69539672752
-5895.387831666361,111763.33742439016,142456.1162170125
30052.525084305722,66691.05916528238,62521.51156203417
30052.525084305722,66691.05916528238,62521.51156203417
-17497.190409309485,31016.95461683866,-8626.944965653176
27424.863814636818,131071.02254926035,125045.73148461603
-7532.531330091166,158399.88629947262,154693.96465346846
-35941.29270279957,-43032.745714443154,-165189.1089704469
-34176.62217843468,196059.08462868136,180937.05108069867
-29988.89911527989,141807.19744114758,-12311.764477816527
-13560.048915420906,59535.60274635593,-192012.0047740532
-11607.605895988549,-50913.46170283471,-74757.61870170319
47750.26085977518,-93648.3618173934,-33492.44514140085
-22489.411089049183,118389.14641546436,85836.49399464176
28764.92720559139,76304.74900541641,376033.80266378354
20923.325677641842,93092.31018515666,349284.6907156183
64954.54495242879,164007.95402865572,-23210.312736087944
46631.6706602816,114712.3955995021,197931.3422093695
68816.17527912185,127817.59525454552,192034.7360640778
-27071.83219845951,-184224.7624999654,-258160.90394698916
-2930.34377310313,-13943.055130028835,-64605.59873272956
5054.129631917365,71853.65395364474,-177917.5792382966
-7712.027495183869,-4884.304107872711,198110.64094357798
24914.164398419536,-185098.09510310093,-209590.99449363028
40333.895674307074,-1.9220116455908283,173428.8084252472
2537.7607073721592,163019.57141483432,262507.20745613845
56522.712112691836,149035.94717285605,94008.50323784126
-32239.471820017177,-137986.09331421414,-163601.841135684
21133.089833366583,116546.1411457112,142145.43418725117
-42675.402589855716,270508.0594179443,127433.60401752839
-63126.99057295066,343064.0324096318,166948.7288308841
29109.29220050556,53131.18809479449,52654.776027752334
6587.337161587682,155026.3476058395,202895.87137673734
-6851.488730548217,377305.0453230305,256860.72586555599
14740.559293455555,159713.210194805,94681.65147026279
-21015.9173868771,4121.9164469356765,-42826.831241807304
18698.33935817947,197983.1961522938,215970.47931249498
10078.659124731314,366720.40591052326,295953.6520315885
-65184.999919259564,-82611.51640954916,-128245.35738677515
78928.57544421387,-234186.05678251467,-90208.23046052802
68620.08275918364,-436781.42159795656,-35466.74462696787
-49656.06583763117,9194.396705920997,-30488.249595653266
-37993.514743205975,28483.20931720244,-94656.86632384585
-54634.21861985458,-44446.54894958161,66702.45191351535
29347.502564994138,205096.01850560054,47101.450169569725
-5994.11820257842,-98381.38796394526,66616.45050248553
37620.171642126516,-207077.06853623746,-254452.80937862952
37620.171642126516,-207077.06853623746,-254452.80937862952
27559.331955100635,-274414.7255923386,-345745.6913588717
5502.998752493644,-303739.9246999412,-271859.2433985382
3896.3855668032083,-119324.96584783249,-45112.12578136404
-45588.55619519202,184469.87550926133,25667.157062677892
-42060.47736760182,164747.29397675564,-8969.489673569275
-18671.62609050019,200627.27126497196,235511.2925001614
1894.2262672047145,-107430.19761119188,-169018.10211918774
-25864.786852480716,-59223.76556521015,-9380.871691452645
-25864.786852480716,-59223.76556521015,-9380.871691452645
23711.568981240387,-43530.1285100308,-53353.846783925925
45385.99067977007,146735.7994890361,218249.51087908752
-2452.864041465469,330761.1076295774,210695.23418771775
23487.697868007665,22157.89921715643,103836.01538675714
23487.697868007665,22157.89921715643,103836.01538675714
16443.979248119846,150302.946164114,165259.9720654288
16443.979248119846,150302.946164114,165259.9720654288
48090.4784435552,185454.83897843337,206709.85274127274
-25668.54278545618,-60644.35209209639,-70780.03629835
-25668.54278545618,-60644.35209209639,-70780.03629835
20941.49677802808,55764.865926665974,77232.58283563462
-14406.911507814824,-5385.525495148584,193130.0189933564
458.6767749988305,-354051.4116901957,-89688.43491232095
458.6767749988305,-354051.4116901957,-89688.43491232095
24458.137489450615,-100745.05394048902,-163081.6429986502
-31524.206754024635,125446.41961571586,225672.01318361424
34875.56100222042,376595.9699437135,217423.05932473933
-18810.024911917833,-63077.02088327125,-231666.79436801022
-14210.306792319214,-127948.06404792977,-145317.1733732106
-51120.18600265021,-151304.20901697848,-199065.07234622148
40561.07757540889,-166532.8028004057,-91396.57295760416
43138.56936371651,-95185.52491207253,-42217.56931630765
-27311.80104945691,-62338.956054914466,-125968.44328886567
-27659.809675350545,34225.895050394865,36016.621184432064
51004.98425947046,-106999.99557940982,211840.15513701513
35752.338778823934,-148758.06823367922,83325.11870466857
-17061.68529361633,86869.02307822622,-127018.00141903742
-3733.9104262037217,-2775.548302501188,9723.939763242524
-35257.3915549357,-102473.3418545109,-138061.95138653944
-27765.552490465307,165574.78401661932,111849.00872496981
49749.16866188713,142754.55007941305,90680.26756916121
-24140.90619855028,-63348.064300357015,-281365.395726898
-29654.61483719253,-38502.61896344489,-176386.16460987396
36934.40313781262,-112182.35115225357,-75636.1451767061
9223.610132194777,128514.71521804662,123224.4365759827
27567.567036126893,-95331.54309374755,-177057.71474554692
16296.336192203467,-15738.229713996,67666.23314832397
20373.821448372637,-37339.263381355624,-58254.15505250118
31920.075136317406,-266947.19132926385,-25453.713731101423
-35802.8829139037,132544.5124389832,-107253.83181464035
-39622.58952407282,-469724.765210543,-268610.9425607102
49349.572937783254,174015.70685599776,338286.131778752
20863.663042728294,194404.73846989294,83770.82655206551
1799.8610169970452,-82527.88053083164,-76639.16144674105
-18411.392905419027,-153633.07940180323,-168266.61520357366
3745.414757115337,-1141.1269691411144,15185.188997016696
-18772.365205471204,42207.24793773913,-1910.9783911790764
-18772.365205471204,42207.24793773913,-1910.9783911790764
-8615.60012182694,144908.55665545975,-84784.95062905019
-51538.15389065331,66194.92522203179,-32137.68300110544
10342.022486893173,75303.53417922127,85915.56871234992
7815.436376263198,36132.862024545626,38388.20397108796
-26456.82454084664,-75894.47556932966,-78942.95923037274
13572.72578753931,278973.35045525036,226419.3925970729
5522.909548658103,-180307.01510518853,2210.659232761871
-5012.239444163626,-72563.6888511592,-209562.5000264453
25251.9510387513,-110881.68511374368,-169933.5990656328
-6920.512180685355,155081.27818721207,-25669.728021076444
8736.47318941829,119375.95735847621,247279.82333180224
37025.93791736978,230669.83497716527,136908.23367476778
-39095.02945401895,-48744.65359626559,-150536.4988145574
-39095.02945401895,-48744.65359626559,-150536.4988145574
13661.491736199561,-148587.56475003803,-31695.21592574095
-38398.418237791295,77306.40175771984,31277.30701614931
14884.269432879457,-81655.97016204015,-57532.644578210944
-13821.947827380453,7852.10908093708,-34558.5027088998
-23510.599323909548,180443.66909332888,-101437.09404669437
8933.81148001231,68093.73791141676,276771.3960087872
12135.156196069369,-55280.054329247985,-69434.94473816978
-45245.224115948506,-172138.47259979675,-110566.2312089254
-22415.408100162582,-34009.93498387709,-26459.94228697807
-22415.408100162582,-34009.93498387709,-26459.94228697807
4405.250039549948,-260166.38919087208,-3227.829817626498
-27346.35626822398,-218937.452640792,63111.3238913696
-2125.054533212351,-596760.4938716781,-256757.2919764336
9111.458536186234,-254166.52089139388,-418232.8128235658
-1598.4045685240724,142069.4667952455,24413.20256801902
10326.101102087203,-7246.670102556836,82746.0273684301
-25059.008718185738,163939.36842686252,42403.92797772071
53210.51717593383,82693.89723257656,203224.84369463645
-19866.20869220516,191755.2231719838,50038.03678252327
5772.129540947519,146920.7169048891,213281.5708054345
-19475.959951963658,-40209.10311364927,66086.2486262975
20755.3868678974,31359.664050741325,184258.0576557954
-27175.587194023887,-96723.47293339879,11584.59664287993
2225.4967675625703,-5660.170837803642,-1349.2281987552851
-33569.54838984912,-18382.018288515545,1441.1305607369286
-6984.006682809162,105570.61714747429,26918.281978204002
25676.03396002767,-88551.61761382496,104226.94479379711
-33477.137833189874,27813.220288726734,66302.36778249295
-27829.76320957544,-33587.22012739866,-147828.37970767575
-35196.884640049255,-204637.75755300373,2201.7127185335557
-19933.621623549792,-123267.73061803564,-355263.2243105177
-63643.13380791696,-244683.27088305523,-164536.30883876493
-49244.76624883239,-186376.18509147872,-168636.3633869423
-16407.116483185142,42256.21730594014,-64982.235823148054
-6030.050815880697,28832.3554690363,-34377.87232084804
18481.352339247947,72647.93673686327,126470.05368085203
-24212.18493253131,-209442.17531436423,-165636.27056925296
33085.8158791878,331957.6468535117,349401.1046345365
43209.832974695026,-42692.343087059555,-23980.655334221257
4529.83078033882,250544.7478457635,261174.56479922083
5168.830261382044,194577.03519354248,131845.42550857045
9124.921297382607,244665.379557117,150219.801391182
13007.43472250947,115590.45589697827,165907.1164916094
-35180.84782598863,284097.6526862333,132287.37502338833
28287.483320577907,-39294.82593946101,-88602.9167897661
-43016.75439369195,-217776.61747092588,-167207.65771125024
19087.08742783411,-263923.9433372714,-269408.1929794919
-8219.321897477133,-40400.48933517063,67951.49431134897
7569.781189768616,-254327.52534745008,-320123.84900853864
-11859.281558473009,-203549.63692570006,-64989.42633278773
16788.98709075689,37042.20673362218,-87536.80803849868
2090.6397634557543,-310541.2246288706,-207839.1229457048
28175.42019014129,-81320.72274135685,-81851.67600258865
15754.294042980346,48691.934662308406,118729.17546244296
-4447.0243079555885,-275808.2437567273,-295101.8046700418
-2440.503081398644,-235511.02167638054,-281036.1650177834
-36711.77239938994,192499.6070128259,165540.55040446107
3601.9463445597466,-8030.781067248972,-63868.12259301529
18203.840022570897,-61772.7884541165,52431.04633008363
33133.94941954702,144280.53828014107,40619.45368609911
33946.32990916539,152817.49573244396,53803.032874398654
23548.429632662137,126706.76855929263,67872.06259150912
-16024.053510688642,110751.73210110064,-30530.04696295457
16471.144120819845,281568.09731951205,136626.0782622587
10696.212798196077,198960.41100449773,30737.365059592034
27792.277160223864,106301.6880679674,118649.7907613624
3800.0800332051112,-17944.27494551509,-42819.75322915043
6147.95334524875,202276.2175917842,111538.61828886127
14427.800311940382,92577.90902835884,148219.6893390838
23145.267694311533,447704.8216510921,359292.5955298119
25280.99571668367,-16190.514086031122,57242.2209101794
-857.9097440744754,-398733.78071923053,-383584.7647370699
-5358.304178746674,-243123.9635197323,-348150.6623660671
9483.076378721127,-316259.00294952624,-230964.8775642339
-21679.592874543087,33448.209531921835,-66603.33971520512
14244.972040524399,168732.64792031035,220270.65423304628
-12421.080753826225,13008.300029543927,88270.23384075335
-4363.626533718449,-214807.21209227195,-149014.2923477188
9653.31333625218,137792.56370279577,82664.67741210607
54667.1849724692,27189.78259674496,271621.6995946197
-36600.90407020003,571700.0639564773,261595.71940246967
43707.412209701404,394143.74386165146,513535.9566812603
33846.25496393034,-452041.9403373031,-315583.92106847116
-49153.515426126985,-190236.4826302523,-158912.89874186635
-8140.546179617271,-91327.94573833476,-142227.9018301874
9979.624393249524,-91353.88486321279,-268008.6066099922
-45667.06101810162,-302360.1813655833,-89462.77109880836
20042.723204466547,-111617.54352912013,-293996.2576537578
12486.330426256258,40376.37280268423,285941.4143167315
1609.750469241917,-385483.3088716529,-96274.24086725603
1213.0704824422965,134038.2250042428,-98167.60125872272
1213.0704824422965,134038.2250042428,-98167.60125872272
-30885.906368205047,-355893.1923170304,-169708.43774792273
6420.324682228857,-482357.4065370955,-231426.32277818598
-16288.480727637529,-207433.97571033545,-347471.5881955594
-20358.359999437303,-299464.54062958295,-125148.77479749604
-27547.236856315547,33206.766784253196,-156704.01475058025
-17994.608579800377,-188999.60985050898,-47207.459184492924
715.7757905544531,-129776.97062773016,-153658.10017399894
-2629.200603083095,45144.494211680576,-29550.440234668597
-54207.09492433383,207250.48395122337,145175.10142168117
-54207.09492433383,207250.48395122337,145175.10142168117
16955.969585395964,519285.6944061731,384814.7582920866
49751.8525326985,300160.88195512746,386018.8411540242
46603.791904493664,269705.39134774375,254302.12567214854
11743.354489938883,-395265.6607932162,-282626.7305558842
-46289.78430882181,-118463.27496439693,-189842.33040357055
-4640.3701269170015,34056.67358697607,56684.74211486726
30436.747197473735,428595.3426493412,352451.07329279114
-23664.453356370563,69363.09780635673,28928.761413282686
-1877.090209323036,-192620.037674318,-57067.95233229852
-23557.89332090838,95224.96995085431,-67090.71947841864
-11699.217739128762,233164.47442574817,215741.63962232784
-57736.714161469296,290734.45877339935,93761.29598645624
-46758.20378877879,255045.54830188592,89706.82588364475
-35980.43463091998,-167914.5056582164,-160790.15285472653
14385.74181949124,229668.87688380445,17845.354649307308
21766.982608794922,131315.1911691865,172969.89160348705
22492.105940149395,71143.94096479341,53962.48195836207
22197.593189319607,83995.34037302072,121392.34896331988
-7721.327035310656,-129030.14282015398,-124246.32140007525
-6734.925332182678,-103612.10045810298,-244470.5293354368
-12856.349146036813,110023.40381417889,196790.9593719131
-22848.144284542977,114173.98273906429,-42109.734543825965
-15597.40076072567,90608.82528279595,156306.8045522186
8902.001451732862,-241925.15449241071,-279976.23444285017
5154.376466385576,75773.1318081462,-72034.40852847589
29107.52804177621,193180.55541599938,-65811.21374714204
-30178.497134158217,-71482.37093863302,-193709.16342834724
21270.66503788587,-192474.40017518503,-29306.3051627847
21019.009363330264,172762.7708004923,136567.26413690462
15096.063441253566,-323293.89166288346,-192469.55119917556
-10355.279418335133,-258075.64782246467,-287758.95627036615
6013.289907096441,-183003.1407735219,-75174.33277816785
42008.38692235422,182.8473071147746,-95707.78943235485
-44070.393924365875,-12051.28533017842,98476.96788207485
25212.20947271817,-507240.818241418,-170770.0299170417
-25387.89693635515,72737.45700313157,-194673.4727006314
16504.487813441483,-39541.960102993864,-181975.57104842374
8450.859416521902,-60385.63916382563,12176.068748118007
-42938.55500910747,-142391.94674052548,21586.620100634427
-45696.373346018765,-26679.850790512646,-19354.684389282724
-29923.008410388662,-57269.1036675446,341.8413208496204
6225.897561391426,-325202.35390016134,-68207.80671164015
8903.980378080723,-59692.19800274557,-18286.294412648866
24257.866662525397,101611.70177848962,85485.67857545379
18524.334781884943,-83079.92279640681,-2487.01354598383
-15571.048836055146,132270.24039762083,43404.67841619674
12044.445878742094,-201629.87066645597,-108955.97320891703
-570.5268160542018,-173250.5341035561,-128564.81320414014
-24848.17575053513,-146128.0099586317,-176302.82624944006
-16634.33878021309,-2203.7815968906943,7166.286775925313
-18877.82334965428,139577.18792848237,314497.4340009775
-54785.11966971867,320695.523761183,101486.94120887516
-35644.07681150139,403335.3060213548,102255.73676551077
12536.652121268853,122186.37011960268,282328.3562376013
-18055.667983214757,144570.8301812678,-74770.65792500219
32425.526489438642,-151910.81967641774,-230876.1246811087
16805.430110923757,-183182.7427338966,-153077.06320515973
45076.15054071916,101963.87617358012,195073.65055038227
22729.914287943684,108936.21681315056,220564.2206539934
24153.10375245179,288505.8791649835,77982.07177585078
-23745.15120083599,-281428.2932695598,-55699.053636916804
-11171.258556414556,-219409.7459625216,19005.444120515116
6843.955077847419,-183972.61989405897,-84945.2277669028
32004.008637895065,-336.3786199174938,-14917.88233281847
-31898.383734669893,106368.65341890312,107721.08869776249
-15320.005054547826,407019.9187435518,173635.61632362317
1193.904126436133,197297.2922661128,96258.87307388257
30628.118783255362,149660.48802044755,35379.074818393565
-51647.876434602906,-151373.92113284994,-218002.93348034378
-19710.173907888835,57723.310311247944,-3017.6517906607623
-19710.173907888835,57723.310311247944,-3017.6517906607623
30147.5338954962,76299.87581295954,104649.99976718664
-30273.225659723765,151863.2965756291,85017.76963449297
-27516.92743743675,-29744.228243078076,-99982.98022584608
-2251.5107674536303,31339.589055804827,209468.13011679045
-26654.59890914638,-309603.8875937259,-112164.35444075454
-21477.547986694808,19287.988393414154,-204778.16960506793
-41072.678898153514,79195.8327484406,-21685.686812182335
-12420.849716166715,-223389.11323776445,-2488.9223445832977
-27099.99631726514,-221196.76733853895,-246696.17620950824
16556.525490090742,-27946.01504978606,28093.724009946425
-14424.572308793855,-630.1823814355448,-37422.40710895765
-2731.116722303206,87444.66050921127,75394.94581080446
12019.702809441565,86719.76740653787,97997.91214055031
-6239.788395087704,220284.37737958936,161162.73149818825
-6239.788395087704,220284.37737958936,161162.73149818825
29914.397342941043,-113390.70932446129,-95396.65133452186
-15454.245909899746,98413.49426543426,151711.48418704967
-14194.136746067275,99924.13794854117,84817.31611064357
-7231.632736947728,-50716.53668300919,-120177.15208494611
-6509.898279442959,-75992.39976586752,-52689.76775489876
4166.375047909654,198380.79084962024,-66585.6711118755
10684.70733192279,-124062.250670893,178057.37659817134
-1996.6567413168978,-149903.73435511332,-162985.66300213346
18464.822872227513,118671.91765302632,-113902.04396779826
-42653.07895808635,-81639.55192790437,-216303.62712722534
-35316.076319772415,-315276.957497907,-235179.97814155795
-12754.915510109982,-130092.94797677753,-103944.18146756568
12283.799084249466,59622.7690698197,117190.56618079949
-31744.90339517664,-267938.1232005553,-278689.51608523465
12414.178378916156,5972.9669846788165,-44256.1641244081
-15451.288059806004,9944.546117160484,-63330.64959413972
16288.83639465438,-55263.33796770466,2531.5258669062587
16288.83639465438,-55263.33796770466,2531.5258669062587
6817.483737632347,160541.11537095948,1508.6887379667244
36823.62823349712,-54843.73271419034,-76904.56469000837
15016.869237338211,-3273.486560741221,103658.68017155642
9769.439473231952,-77360.03790045613,-76794.99506045054
-20901.69243574619,5575.1191197915905,-107.29174660020362
-16608.33809156637,104639.0315993849,99116.4266361912
-8543.762794985947,-31275.354049816102,-31345.190077259816
-10663.56638621655,187009.30182606023,-115.63043441173431
-33413.43196608231,-167969.31223677672,-106182.10692597809
10832.677653164508,-104903.27949045454,-144151.8822903173
454.0386811604749,167898.01598770643,221391.2103080873
454.0386811604749,167898.01598770643,221391.2103080873
-52246.526095286994,20437.87518349223,-61999.3710194641
-12924.826775388166,-256361.26671276733,-341566.9969071848
-16102.785209993082,56563.86161937186,120594.86714738788
-1441.623200592141,-266096.3600663934,-311693.8589961408
5286.506508668902,-205738.33018817444,-77638.95670025099
44361.58061666368,-94120.04786403052,-106426.86319914045
-1701.139510566114,-75403.39282965692,8950.265134140544
-33267.010298500376,109882.03309087774,-48368.674878811886
48496.71664405001,238632.542821287,140255.79127385988
12237.54543500262,-108384.20317018451,70843.02384166667
8605.492963300938,-221493.04682392927,-26197.001268094362
22592.88987161171,250114.13301215268,70511.2792145641
22592.88987161171,250114.13301215268,70511.2792145641
18447.335426514663,-125993.50872102196,56675.79258647477
-33699.63026830822,283859.2300525643,50766.01355167874
-11436.934133991166,143688.58771332167,232192.43679340626
-25345.954196612543,253272.88094516733,118916.83299978777
41058.90108123639,-1728.5846333760564,86834.3049905995
38330.22824036574,69139.83633076407,87123.46236240646
10854.174187036468,-333949.3285879975,87361.66030397273
40616.139782793645,-134220.81493406056,-140112.4501726614
-36576.252488653365,-114331.1349387384,-48989.20189235601
36977.626146187205,220532.68272839842,13870.962310097972
3281.0888819877873,-371186.15592486097,-77949.95764333653
46279.37986715846,-221049.42750889208,-338001.03368817654
31206.62148454703,-211692.19122091337,-196973.53702844697
-5147.274127350083,-276827.2308076137,-165217.2257319258
-59711.977626428845,-247074.1438832675,-380684.8761848293
27995.053731353968,175469.90970993615,277928.8817941611
-10998.673078296197,270882.6799562648,-127095.34738996607
21714.414381648825,-49888.91750017973,-66543.64738334774
6085.721313140417,96683.90030334183,82451.32110153986
-28174.023158930828,187166.09092692225,207222.37920845934
18718.59523774301,186178.29188572694,96878.86259486919
18011.68356625383,-307182.98159209563,-158830.47106034044
-9162.335315021242,8357.51159054527,-35978.952165029725
-6764.703476256818,68397.73565355688,-71579.56156714106
-10196.126300573376,3412.556421348596,101855.35841841118
16121.491216210374,-57492.29530292754,137040.642172211
-11531.078355330346,95385.43887004563,82853.07925835582
13264.686742663818,-318911.7444724019,-107724.48940588701
53456.603061645976,118633.18355097863,53407.315945512295
-66169.9282469036,490777.7357414237,-73104.15629017135
-19740.455929009033,259607.05729954093,55019.25276710359
17591.654582337993,273986.6438023757,383128.5008621274
32778.095359673745,349299.6011296242,165780.97731538652
34809.63327833076,181505.5406534183,255573.52994328344
-29954.20418624744,152512.7865427151,-23878.78474934341
-14592.747279439893,-256669.77492701745,-139876.8834912624
-36095.943991879605,166825.07549429452,21604.012321970164
-14517.14779958838,-207574.23289789332,-109114.46111074179
13893.93353478797,-345825.6424788353,-358147.55887500104
-7424.151254019356,-190783.62263042212,-53345.709971626115
10560.174274310977,169264.5223306478,121663.21139668298
10560.174274310977,169264.5223306478,121663.21139668298
-25465.152583963227,260215.66645947166,238703.3850374656
12501.681331894866,160077.6834501591,165723.92218159675
-17627.94973235255,204086.27222518498,159974.15100249145
-29332.322777494846,-75050.61300742815,-127422.37345937386
26349.375088621724,59065.20435469021,-190532.68430190542
15774.517531651807,-236804.5047672913,-338677.8210693456
68430.24591234849,-337796.1404457999,-227951.76409107482
1584.7272259372694,-76283.4254651196,-20530.850077569747
-2995.3568220401858,-178575.645975828,-188357.1364881309
-11182.828104338769,-301938.7524369331,-244112.63504403905
-5643.79778553725,-96104.11965792073,-94017.70583771117
14473.8867273564,109127.70502087538,92710.74755095883
20023.049176647655,137618.61911934242,170514.90865055495
-12682.565092427723,132600.33547716233,-40714.44988551698
5243.425047223165,32092.439070846143,228919.716542407
5243.425047223165,32092.439070846143,228919.716542407
5642.657752969692,103454.14349754214,111439.53189618293
2318.8743175086865,197394.7610198759,93814.39982877755
-32164.826616523285,147020.8028585856,158158.3706194844
-9353.109583009576,147236.8273936154,178282.37556405267
-28567.46434732042,134659.92905591876,-24526.609752764838
-20370.82901785759,-88023.5891924054,-127346.86090187026
16948.222436117387,-71932.65975253753,-70897.12148545518
451.8889489507419,318957.54438987706,130244.66911706101
14622.643211980616,-95051.72771139807,67944.37656814756
-7168.291622928235,123865.63316167924,74074.22621034062
35831.78335485744,394388.4932270554,322007.09510644915
31162.551802740996,395228.9474261495,433498.953426694
-7885.529638372649,170857.1516145314,138469.14371252712
-1231.6706678726969,57614.66305434989,15461.693592640484
55625.188519891366,-24252.971943374134,93832.24114858783
-53531.79098006576,444506.28543818026,120315.52453630765
-49507.86002495102,240810.23261982,328810.08252171864
39783.41082264643,-86254.74347228603,108897.00970137634
19160.11405370417,-139361.97372698603,185157.09702410904
-53501.56841092708,-188407.33662810706,-189645.8842663592
-38422.985842213675,-199231.5955904517,-129320.03116554164
-23504.092974331226,-147498.87326762616,-152021.46513751062
-11682.295790300068,-89673.17403054205,-122690.57788127687
-11682.295790300068,-89673.17403054205,-122690.57788127687
4878.931108672377,274235.0155570698,253813.53088103893
9628.460263017227,124230.9437049462,143518.03165537736
-16595.057936758865,126647.12631321521,76116.08299199154
22865.450860133235,33848.63732743621,77419.14705650895
25868.287673755825,175326.7368629971,130027.53688461267
-13140.756590338351,193476.83049843955,69354.63599486032
15939.405846422103,-11543.653369253298,-16644.88343436067
-6811.4054127402505,-284718.972902391,-32343.703608369993
38167.099733199946,-85962.52553470079,-225863.70421927475
6215.082146470562,-87935.18676631156,-103420.23769569649
-28221.940690239313,-354607.27758830116,-306790.46703366184
45533.61752904829,-52555.28199732237,4616.230335163185
58758.10438965664,-264184.2798756933,-73579.1556160979
32908.79795552556,-477736.68547298823,-203250.53031555348
-60030.20795244766,-267405.8945458521,-141709.21158184612
-18271.69627298627,289838.14455493883,61600.55875402648
-1155.1623581589192,341519.53473205585,235158.94843628636
11625.683668585836,90521.22184192704,139898.62205271618
1124.4656754762764,10874.305156755669,-82371.02020710349
-4390.497258012496,-433504.6441800839,-225483.5579280177
26121.935439345958,-576707.4369075776,-561728.3926889176
8504.825123417992,-646040.3859386124,-447106.6923996688
35483.26071201064,-344211.87461914646,-302181.57359511487
-20963.408912201237,-58565.33052829938,100529.68668785988
36888.102281098196,135058.16371945868,271631.7105141838
36888.102281098196,135058.16371945868,271631.7105141838
-14230.290871214595,231704.83368245827,307803.77812107286
-44008.73713508637,-104261.74405502953,-412038.73696661636
45570.14033828369,-259816.0667922999,-63352.99836185141
50981.49026435959,-11113.572315217461,67661.48326735948
66027.30918383063,-11475.38628650777,100473.363821657
81041.82812716771,18886.23618289444,164236.38160558796
-22713.15429679019,162508.63828514633,91612.76792615443
-38513.096430918275,173883.41811432422,98210.93220822254
23469.50962677055,-167052.999741056,-112256.44731148297
-8421.588805991105,124375.64791979981,79570.9866891292
-3121.7218604379104,-67965.29870903947,-53146.226105560345
-3121.7218604379104,-67965.29870903947,-53146.226105560345
28666.67623190576,210840.57338370162,-56298.0624660156
-55969.17411290809,172283.63605573185,34727.284148381135
5713.883501002245,-48481.77771428446,8466.014915106745
2000.8266704460766,56911.08174965621,72556.09953084718
20386.551101462865,291541.19716659334,135480.90744886285
3902.766181088664,-157085.81730637822,-263225.2845250374
-18647.71258710133,-138209.7194732164,16461.904620697605
-3415.8392734085264,-149240.6417657435,-10396.979927061551
-39457.34426044201,-268683.5654854091,-118386.25511703198
-8064.536580011023,-131248.15373286844,-229288.92172388782
-25188.30642983246,-178585.98147110455,-65769.28101480543
-23952.091132348494,29365.854595428304,-119517.8085275146
-28863.076743099136,-165140.87420809467,-93486.19874446676
8211.01692593441,-85384.85975585115,78255.74908190343
24773.45781803013,-16312.707358002386,-94067.08468938366
37648.07003232268,27436.14571242324,211471.90834774854
32592.18632357942,75784.38766561613,45635.74645484588
28553.244956063507,29845.00849830475,89477.87363124089
20640.34382995418,-16536.770518152378,252922.72060993922
-6630.719427872915,-12350.800613282685,-88415.63679726771
-5360.085116235311,53845.596214462974,-120150.0453654125
166.9380068013943,-271699.43286514306,-338097.4004734042
904.2515547837393,43461.38133800859,161326.98632009389
-29490.2986298357,-74174.40824108047,87776.07113927818
-3211.2483090191745,178066.05705318408,-106747.31856924406
14217.384806963259,-177075.2805307979,95530.79564023117
-21620.29344804632,-212959.29971288313,-29241.594102773146
-10302.328606292685,24534.859069950253,88388.8278516589
-31228.725457352593,35995.13280665364,-96109.27684243643
-36479.20790096644,19973.294204883445,23064.382120686452
19477.36699758745,-21374.47369813674,132995.88415036822
30240.057881984674,194124.59317840292,86258.53845900451
-22671.32894557446,-133984.38782176693,-271749.8795257744
-40852.04951505316,-77239.18694712968,-3422.7645739276486
-34834.72926796518,-47127.27715850998,-79814.88456018358
24088.432951624298,-146702.96521702438,-96500.92031872319
22802.603811662397,97780.37122123477,141874.70468031266
23373.398874657396,219733.4312699595,183787.62138595988
8050.757687894775,199309.8439461385,216813.9183294873
-2640.1435459157674,-331558.3294875564,-335334.36527994624
-64310.543874645366,-269604.2983048862,-254533.00938492903
-10184.66040918923,-328159.3203321573,-357810.68030294986
-3963.0966381715734,115725.08420951918,17756.26373837203
-30881.672362608282,183885.02872359543,204851.9519292891
2118.417253183834,338279.5953714691,151419.2889083387
9315.61544915739,143177.92464496222,260154.17428776895
-656.4733684779185,103123.6578346199,68288.93152205032
16283.472094883255,-183817.2220040756,-3552.4982951638726
-51957.36491956584,75270.16180966204,43824.74671654074
-51957.36491956584,75270.16180966204,43824.74671654074
-15149.633906957453,219045.40308647824,-153924.80447824244
-24583.42187435832,79522.2856312402,-63666.40331207331
-9143.14624853434,-66745.6813164713,1768.7751184212975
-55778.0739210468,-14872.279646274139,-145936.36027365507
-22463.74106083061,-73304.68296743825,-29885.218067936075
47207.527306966105,215673.32739799336,199128.79578774364
-20618.48140675355,-161647.4030491201,-81311.35394425405
-283.4625054316457,-127191.59587599683,67234.97230051924
-30885.664969301604,358833.6334398445,75872.56786627829
-4502.145083357129,-197050.9905566573,-70269.40473817025
-32016.23355107921,161000.42737874057,3799.3458010682953
37561.329873913506,-274783.0167009304,-106355.9787261966
54091.66865762197,-332866.91898099217,-109502.43749533189
35736.100532418015,-325031.4744957664,-124098.97998019298
-30006.933582070586,39726.43326174369,-115741.72297963024
-50326.84352700932,32473.729049378453,-10846.854082205638
34231.02370531457,-121766.52212212009,-80126.60107509214
-42129.297090791966,117772.61518115287,-24077.359810740156
62929.27874627012,8361.79947216381,71540.24550623825
17254.12213421452,-197880.76788763038,-114820.04923025481
-15471.838386695837,-137145.78071620385,-130618.67952295019
25139.963846420993,-144414.3654661494,-160382.07914763773
-13799.770582866531,-208582.63677866108,-118519.8549964231
29253.866289658476,95573.49196355377,60300.00753078032
-8363.867917330645,280319.0812785543,65121.6139905031
-48420.42480637859,-43843.31586488674,-151342.768873034
-9548.553802608767,-361256.5356357506,-246962.52591262874
-20615.06415802142,-79432.70295185549,-181160.53876954247
32957.84382296451,-82722.14439800498,-161927.52355500424
-3422.844989564488,351653.5051812222,412626.28380158124
8568.813838351805,480730.32724400016,330429.7568371218
-26259.606388482873,503936.6577832538,309845.5256867758
-26259.606388482873,503936.6577832538,309845.5256867758
3397.831783386282,-26859.84401050862,52782.886877716606
-6765.1371611085615,164282.5092648093,138705.76200445797
-5323.8825653161975,-73009.21286154632,-81855.24957162893
25535.500695402276,-98172.69911782113,-33099.22211300477
-1863.576497215974,-229618.08183040377,-189361.84071774146
10413.81600345864,-202691.63576285815,-166149.94912213835
-78492.4063089047,-181905.89872832716,-235542.99656492035
-78492.4063089047,-181905.89872832716,-235542.99656492035
11789.105253134883,-24774.833442136354,45961.920085396356
-20048.917994863354,-229261.78623308206,-146691.93753544768
24762.872648989152,-301197.8779998175,-298056.5964168077
24762.872648989152,-301197.8779998175,-298056.5964168077
-10444.40545802969,-283637.79429232667,-197496.54722825164
10944.480062317696,-223333.9121429583,-315824.813191431
-40502.60809563717,-110766.3187048304,15787.433235938603
-50905.26199372724,43527.25865539964,67331.70652737489
22287.654061894573,48091.20559453755,-9946.580787026905
2446.171029685196,20864.14553406379,-30458.15309854223
28946.472712461797,-15398.644928291658,81946.83042951285
25159.70888324996,11773.845774028196,-857.3621985828568
18996.489550263497,-301856.1178234541,-15461.278937820181
34703.413663727966,-29311.47730044704,-154881.05902669756
25960.23523239277,9918.437544938985,218482.9645972502
17584.744207662752,180303.5913959022,9473.13971249669
-6337.047780544293,-161079.5231588653,-36881.350797076426
-6337.047780544293,-161079.5231588653,-36881.350797076426
-6337.047780544293,-161079.5231588653,-36881.350797076426
35724.42226353725,112611.1441016254,151624.92576432915
36675.01665658029,6737.804506496905,210259.5424753956
46709.805836202875,84638.52437697008,-11096.73269317772
-10434.655872984935,48236.299908596295,196628.06392278685
-14207.337515429972,38529.492661172844,57547.95480389652
-14207.337515429972,38529.492661172844,57547.95480389652
6012.642580487668,-23610.926461962586,-62894.76664644637
28955.406557666673,-129855.41791680432,-37838.29985837979
25747.698090672457,270512.37587886263,-50411.03685600657
-14879.028298643636,318230.19727955555,76987.76643902744
-3052.4610444518985,208305.4886630272,314871.1714452143
2220.675847198044,-196932.4914175499,-29583.318923866755
-4670.956462265176,-38989.53498499235,125030.00889416691
-21591.175683245157,110347.34356680312,111476.84886057177
-20847.343018918447,-3219.5936943193665,225073.83015028026
20649.460193481034,-274575.75233944785,-47648.251032820204
-2881.021406229451,-132141.37014792528,-185743.0694192399
-26725.053411070614,317089.30984199914,279412.2732991058
-4846.24064094775,131443.83411821187,65842.95955676207
-7948.722846540688,-103084.11587810516,-17136.817583816824
-7751.7512656735635,65129.78403897684,-29068.640668367414
52941.46024659683,-64546.61385421005,-73703.94903183435
-57136.030682286466,-238658.12912609195,-193944.2157795081
-51898.55646436712,324396.2061427897,62060.83374987746
25903.390577137783,40058.31810660113,213989.42909812662
-22239.290820118258,-324166.7085631017,-101742.76471587626
-36168.63657979028,-255662.44958162768,-247697.72501937667
8194.200077952853,65788.60601332964,126479.91577564864
8194.200077952853,65788.60601332964,126479.91577564864
-20237.911771464525,227773.7202107704,95897.52748170812
-50938.61469263264,164379.5637284966,149635.62184972217
9634.202105340548,-198411.52904520478,44718.08313464798
15195.57589011579,-154276.18118451454,-22926.08604087001
51433.97640375561,-125944.8431164195,31236.449498864153
5526.661984365677,95251.05458217245,8762.290543803218
1524.1362833764279,24190.50010681981,-26618.65256606271
56316.01947576735,-140007.2564587394,-3076.7414974360436
-12113.590095281204,-90230.00708511882,-133895.05559693478
21353.526119620496,-124756.68591482287,-39424.9190596494
-7329.583410188798,-45242.61469837466,-72358.8748065756
-39917.21490937359,259580.43220697597,205835.74478035275
43408.252095053016,364932.6870387847,323330.43890745554
-3562.5307027857307,574709.9483694924,506713.0323182011
-22089.919654332694,619224.6812991062,398853.9244976224
63751.33540260054,506156.27720425336,599336.9521619901
11258.147473521567,255760.56624652765,124123.34841001651
-18295.300192280778,311291.0020833719,-53169.738672048785
-3527.772010480563,43558.023510856554,163262.713704788
-12324.508944460038,212147.4232304577,19901.382863583363
25831.549677664956,-331367.17389514286,-190175.07110231987
-36681.284202844734,-201454.08677399575,-279953.1040608942
-28052.47253216673,-213344.2216118932,-237580.22365983168
5352.468475232932,-247245.9589886301,-154299.21438592675
16108.32521471447,-120598.25840234826,-104752.8622932577
44867.98017381178,-124695.18417166593,-36038.118040413596
-5463.337616644727,-104197.27199846925,-106479.38366938852
10004.133302650049,-38585.085952727255,-110648.21724443689
-5079.2444438793555,32174.629006773364,97913.42825087471
9062.807386326995,-155424.65324320295,-204743.0590377368
-28117.97737762296,-226799.83529667178,-179991.45306270436
7374.116265653905,154748.89585955365,-94952.52414413045
34130.91983891631,-39311.884524268215,130717.85785600108
38048.84532068103,4229.53327975564,69578.75169268168
3190.3100115327325,142073.9137079382,132625.2788051283
19625.107616192992,87303.86903338002,67536.06838634369
19602.550520636858,128583.69759568176,115953.87006688208
-56553.78858198669,161120.95434817913,135519.54424048885
-12094.62801587714,461116.0560081863,280989.40003229154
-14452.544258447237,519266.8979208188,328337.68585736345
25359.68785833035,69979.89030588773,-39461.246333193674
33420.09952002712,175582.93071637323,133311.6751638083
31832.19575361244,-249613.93123829318,-53562.15571863574
-39949.59992194778,193304.30309170275,237597.1681967054
-11654.467114579471,385550.24057058163,264349.46836656064
-11654.467114579471,385550.24057058163,264349.46836656064
-6174.534307173427,306809.1614756427,268446.1259556221
67724.35916593578,76981.99028061412,15064.230458326405
-22846.652827011298,-42111.26285134515,65802.78145844207
4292.3816187222255,-72199.7502240368,-126745.29596715166
-217.04819024022072,-14921.613764551788,-94090.27209506108
37149.10844823548,193466.75423975132,281745.9768094577
31674.304847570595,250822.51778262146,391014.9105419192
-23501.417005925174,360340.9487198093,98938.96367413277
-22814.53632300362,-80868.71177074526,-271201.1907967273
6909.908545651739,-317665.55417913105,-210109.46500935048
25586.07975961084,-107504.36551237073,-74794.19283083055
21459.80767501943,6409.344318171352,56521.03032781983
-26410.833702010343,-140022.3456352926,-134300.29721402546
34999.049129791194,-36791.19906227707,-14767.578365328096
-22760.868865623073,164591.13704939536,35678.92037756578
31324.940434458185,182094.32101717812,148664.4062779281
-37034.34950596855,13909.272926508158,-118050.83779845611
-28003.01020736601,81517.99600291796,68949.84691172082
44428.006434198585,-25450.37297355473,2801.2606636530836
3085.8129590036697,72179.5395740629,104309.28445151931
20611.14407648701,76565.0178868516,132164.8270880158
10565.076226235671,321471.81468791806,237026.1756758509
10565.076226235671,321471.81468791806,237026.1756758509
22243.779874561456,222902.01172751322,306619.47354437935
16278.769031227059,472415.38254394836,180157.71819270827
10888.663368527214,496177.3728760345,230748.7647187706
61017.40120619569,-395254.55476172315,-327675.039467055
61017.40120619569,-395254.55476172315,-327675.039467055
-35756.78713434684,544130.8938897642,316274.638166162
-18491.172054219165,170968.79779465095,178737.07257681515
-33806.51813648889,64502.65508700658,-254356.82391204574
26564.880933185847,-213844.75359513494,-103101.74903232812
25816.63531448434,57787.536256628024,105038.55507519939
20424.535795796153,31226.211966768446,141603.6502873401
-31661.728627470602,-18951.457046098745,6875.42556272705
23475.678740250245,45971.19804466337,-4495.525885652787
22620.0635065084,38887.673553752575,-18345.3631408714
-41787.10982590036,-145267.59998649702,-287513.1223431234
-8973.644972272836,-56423.03630466903,-198075.5928650911
-8973.644972272836,-56423.03630466903,-198075.5928650911
-12714.366768072774,-72010.77973153828,57616.13703208123
16471.132868570665,-80288.5398446388,78087.07105612724
-43933.145294798705,-199378.40147468774,-277583.7863648209
-3085.8326283575952,-78371.03584539687,-13546.022258851764
-3085.8326283575952,-78371.03584539687,-13546.022258851764
-3085.8326283575952,-78371.03584539687,-13546.022258851764
25202.386682452674,-137450.0928579996,39003.433911164044
649.7501716515981,-300658.5542116755,-355051.04875699425
-8449.125105870497,-374589.5174083424,-219200.4856218259
11669.963263210191,-274310.162068646,-306159.75717385707
13606.815820964057,-357344.81923222693,-204320.64043634513
30924.296412898864,-316958.67222924286,-188967.38913687412
-2999.409310540301,-185645.0367434892,-183998.3762581803
20780.51661015745,158442.24985915865,173328.72891188978
-6421.827622593677,58626.595049346055,10739.854909213202
-50232.51943219265,113392.32320846575,45184.206110502775
-46684.68994900936,130100.6095591676,59317.34418798757
49284.593649800445,-47646.52693443802,16374.188379138679
25039.700503728676,133044.4775773033,84255.52671457967
-84.11078834620275,290574.47050194885,242774.3400802748
-43551.61319255438,21848.216969347937,-41153.187442194685
20041.906780697842,-15134.983164541802,34154.06353322629
-19431.992408015984,-203715.390363182,-215930.66193071025
12646.224259700453,-40846.60968937013,54438.80095196262
-3982.0343774008597,-55242.57062969146,121708.94019469412
-352.59343606043285,228661.09789017655,14756.675514445596
-11042.697163086834,223201.18593365632,333652.4839610029
-42205.55679406713,-37486.422622255835,-262336.78601860517
-50801.61419888108,-62822.84840486635,-269664.91043821524
20938.7678193705,38850.36182577362,45491.72853947926
