Tº B stator_t_0,Tº D stator_t_0,Tº F stator_t_1,Tº F stator_t_2,Tº F stator_t_0
13.384251676342277,22.754220911578443,-7.971956289677562,0.5851447232022254,-17.595021072095765
109.41376191782967,-232.22063618701281,9.896888928637011,-7.427184574031645,-6.534991755294804
-119.39778866329797,220.14000568970937,-11.250580924929379,5.587816490643592,5.542389429141951
-125.43276337187358,-86.38314242415436,10.354505366978962,-4.917094414844454,-37.860511899201086
-66.15924402453513,29.061725896387127,-10.479679255221644,0.8913979354427226,-18.062531854606103
-206.56598648712298,-155.58106662403503,-1.8500581992339602,2.2321435278589767,-84.92739561041452
-159.98758725729573,-145.21740070339675,-4.3604039832919055,2.4494541393927514,-88.32926187969568
-116.44355457040476,-13.983748015419849,-14.753410999810102,3.662412706475482,-43.49175639471767
98.99079022044882,-53.094065121238714,0.511934609448403,-3.8560519561887623,28.32630168940817
-79.9362692629293,-133.8266110050207,6.671749067852394,8.457214040564173,-49.98973236930597
-199.227121977188,-74.13206202501922,-21.122802166672066,-0.8688137568432901,-89.41018045740587
-167.40578561544297,-199.29279403423078,-2.461826082868024,-4.824263902074068,-83.4335957537177
84.06211163623664,-7.617619859209057,1.932555509069486,2.205380565430678,9.044285803394729
-39.55078549215773,166.5125485941303,6.846538053604258,-0.9843288725645758,29.465832827135074
127.03754402787997,-0.9416138802180143,-4.836013175102237,-0.31576486967076745,35.79948890435371
-143.3827265795349,-14.364778983961383,-7.729812300764753,0.10222583419492726,-32.670000483931155
-103.62595962310658,117.89648718082991,2.253881650617682,2.5256680713118014,-5.338226632083902
-61.836043741520996,-11.621048575148222,0.9694095709400421,-2.423163467705347,-41.26060474064235
-100.97626449677665,74.80549151515729,-8.832988733173618,-0.8141019181993182,-30.61893712283866
-11.183414451246442,5.765347841529525,-5.756993484484588,-1.9677949198758227,13.46150537286914
-43.52172804016003,-73.5763548312887,2.1585754566854307,2.457852194840829,-29.71386355362013
9.407118264685112,81.81421098492109,3.818144061213347,2.88375870171056,13.05257402814107
-13.337146424436632,-46.80584961620123,-4.031527926662733,-3.3759161469288266,-4.823456458697036
-13.896411968583951,166.1420751690078,-7.186445464974855,-2.5278110662784767,3.647199570026382
-32.972935367069255,-49.554535426052546,-15.594238126383111,6.042756552335738,-26.841555041036855
-120.8284820518858,-33.62115769877654,-9.637295304381562,1.9437237231046476,-46.181283448890625
-88.32505478401677,-60.53256065493407,-10.523635479949752,1.1947044917778311,-56.53255367951164
-109.5261127517884,-32.605728115450994,-5.341831798688265,0.898482991467119,-23.360467356652876
-67.3682543877844,142.46870166013827,-9.31204086462701,-0.6044843986796891,9.963198964963404
65.53267504158018,-15.557326642962458,-0.6552818110266418,-0.7021491970557497,1.3256562246574344
3.254862457699076,1.4250316179995088,7.553723521312618,-1.0128229370467774,11.771993049598679
-39.340350450687104,52.59494680789673,-3.7305532619152872,-0.9826765582077196,-2.8779454219165626
-17.154897019797136,-18.611646673223575,-2.4010471595639666,-0.7730873568658524,-18.989313071525025
-3.5407760429228765,82.09914066912975,8.325638496363155,-5.360609620581734,8.759613313975347
-20.157939978478304,-1.9479758306499093,-1.7764642191715265,-2.868159013494065,-0.29153006329361464
79.67058155543862,34.86968152268619,0.27928229044905395,0.8660257450362527,-2.183908443843345
4.254853130113148,7.895548651168777,1.1855926412079805,1.7917840043467517,0.08563590566865553
70.73794578956725,109.2986471822714,-0.004281736288055282,-2.213996785611269,47.804346791121255
92.25193437000891,263.6759318664021,4.730126985882032,-0.6953614566465545,75.48469886192136
115.30474521290355,3.0802180393087326,-2.046406812882906,1.1112965610962975,28.568343213108847
33.724930119267036,49.21238273480759,8.4567950009999,-1.8805559174341877,22.503646997639876
-106.03749773569808,20.361391700248518,-6.636929707408237,-2.4284517866231785,-23.101549395893862
48.84279981120483,-152.9487845164292,-5.075188087493429,0.09333171358870018,-26.64178372693878
-82.31693814365981,385.9772586295225,0.11769785682838485,-3.9538352140121593,57.971728959306446
199.50374916600646,60.54581724005621,4.026735477314537,3.925411877235982,70.66171912073871
180.94572926421017,267.8636569330179,-7.515829775003079,1.0145652974136992,78.31018611902732
-70.40255842164872,-192.88330681331468,4.396641457999355,-3.0257553153867294,-59.148758973569265
24.51978061237874,-164.79228073023057,-0.8528043863113459,2.5213711944950905,-25.50863117035668
-43.189618029259734,134.43615728489863,0.2037528089613414,-2.358743047992631,18.157946802567633
68.65457177430457,209.5514960509126,-2.0465312785579743,-1.9301735399786246,38.72772262116239
-144.45950545860336,70.70485135721289,-1.3034105452866844,-2.6807074594392315,-16.75559774315065
-105.72242357314714,45.475478825598145,6.791541912047945,2.810246742341378,-19.906836792019142
-76.66043444873443,40.41746647871932,10.5556088097544,2.346990235816957,-22.809081920419818
21.07887536401202,-35.08485828672259,6.264689755957456,-0.7930709461941037,-20.785500955866087
3.8431887888522365,-81.45709175343578,2.368743770941052,-1.3101347974360427,6.216039435624813
37.64355013225661,20.830305848632463,-6.467901243981372,-0.43617120513108754,-20.643441715835863
26.455151554163272,-148.64463841344812,1.9590436510944964,-3.3139737372906697,-52.3725823830431
-112.03080744566165,18.595045716355173,-3.8211199422092816,3.621520774235705,-39.069784031634235
-82.36273722180184,16.907784275882275,-7.214889241729818,-1.7979727122700573,-15.512074579616876
-3.12118384653715,86.73173466357741,-1.4355616051726119,0.7796722804085163,18.95768265783665
-28.841143030594885,134.94245011887224,-3.361697720533093,-1.643102758544808,16.44699667053471
-36.77266760232711,29.21230895789735,2.824347272670943,-1.7716134610616603,-2.576703146271843
-21.84833994898615,73.36082090712694,4.434493198112997,0.8924199027646402,-12.310471408343755
-22.867302437895653,35.558518107387805,-0.43518756100248535,-1.3495585805288837,-4.832884825300182
-79.52866248222907,34.352864941017515,1.141340957476325,-2.3171901863388005,12.27062038769075
-6.012698181230704,-165.2336816429953,8.271471034518617,-6.565813943989209,-54.679621698863706
77.69498348447325,-17.165380661668152,-2.2007318283505195,7.798812811780747,18.312627595935602
13.223421555038371,134.29104488526917,3.8951030747252107,-8.705712786345307,37.19667500010728
58.13035917322229,118.65537413166717,3.4745226543933443,1.5779823896219822,38.3206926659475
-114.217706577248,25.909973164889553,-0.7707512146021349,-0.6034416358079262,-26.049963073667517
83.06313441012239,119.72811215075735,-10.63110849522906,-2.8514879161910867,26.43038552626792
-14.877681766624857,103.21070839530073,5.328980191457612,-2.6693939542047147,38.94706354148041
15.877996393738789,30.280626504540834,-0.07424048587094667,-3.178394862485682,15.913942447960878
56.06078173027282,167.1753056803097,3.8835388943983977,1.017222737953519,42.52216382053017
123.63920428588376,-25.376845849518524,8.68796386986822,-5.467471271077892,54.0379408698449
-34.59754351128182,92.68834136404868,-3.696534532846926,-5.898221493501042,5.504957963121889
-23.997254016895045,58.33678529833215,-2.119142006188369,-1.562818457232102,27.655410144871325
56.03990901168024,56.890993866222885,3.8633060016714333,1.3745959732361492,18.168961577111936
-55.50673219497982,-17.631802383355215,-4.2328404635120105,5.056508428388976,-21.865939820758662
68.16541929310075,-89.55569306562718,0.6658845686575738,-6.306069710999164,-13.083319698673966
-110.39831590414515,-19.17497438235983,-5.351280808748189,5.276081087466637,-35.030984903497384
21.57786500920495,-97.71404866068441,2.606730976289481,5.706657573473514,-21.59030680645354
76.47491326262967,-193.28401513845608,6.2810491932551935,-4.230621917525854,-13.05684494879098
-54.52049569711112,229.71094756997257,-7.098538098690155,4.200172774888204,26.556121616121004
189.10754319927796,-36.74035396282748,10.794007009072027,-5.446268346485873,40.26170387827868
-192.14107047801107,38.66701628819304,-10.750913099090807,4.452300663200175,-67.69466565388655
-206.14874554380947,-37.309991893455134,-12.66959540343723,1.113982060986916,-44.68264002823111
141.07412684060694,-42.41676917824225,7.696480793983949,-1.3911353040965597,31.867921672830462
-37.77303619462165,-249.27643393996826,3.987952450717625,-1.118120396316026,-58.044415691664206
-66.32144046561305,9.818724312565536,5.084212259637806,-4.5417628612038135,-12.851184151542132
40.04261223143955,-115.4505155171816,-7.226753480761708,3.610570586599881,-1.6612448500549881
-37.97629355972183,-44.79538341678888,-5.618961528412325,5.889251822900117,-43.12065624638243
24.47356793596599,36.799377303650516,5.033022896644651,7.3769924861222655,23.69240157488131
83.19070006919422,139.8738479212282,-14.772742230859727,3.398672403834265,47.33821369349404
82.63548769329267,-87.30912688498948,7.878606712013577,2.328540605357285,4.2752241082500255
76.44171411355225,47.81541515297882,-1.0720685815242739,1.631279225856856,17.47260686084277
155.7992721335658,-80.8427108400543,-0.5738756341410348,-3.459112680217311,28.32988185232331
-17.49569749597562,-18.556350102943057,21.33748344259716,-1.9582350387467762,-2.536033518247507
-16.699435839998607,168.7677417765508,-21.969294047427777,-5.205392756582135,13.6999801012313
-20.41503329216562,143.00882985797568,-13.822348152226832,-3.757131724349218,14.992623871074517
-35.039776617700774,-12.336015216041886,0.10517532464113977,-0.38150811177099797,-4.370417680036454
11.399221114467558,-6.065457033392979,3.104733773125416,-3.3503994976493576,7.441414022465066
-21.635831967621357,-58.555916816894815,3.5950857716256106,-2.1654732163718107,-10.086721865566226
-61.51644790718934,-60.86269572457286,-1.2797524669584623,0.49848202183343204,-45.77032405386703
-34.99240532734906,-116.81209103731129,-5.265626209284365,2.7238917409384493,-44.51913881377562
-51.60737784385209,-6.760158677202685,4.942822883990305,-3.0713603188798873,11.587487708554601
18.794172451964943,36.5388285609948,-18.952242103101632,-0.9835282342669309,22.976934696379196
10.73521180398399,12.979111032727577,-12.353919498329603,0.7491689383850533,-8.692907471779012
-35.06956069822639,11.447275344528226,8.697469770788816,-0.20758702774945703,3.825001668073866
65.40084003464248,-21.70669204336049,-0.7277487500640856,0.9289643040786894,1.9413828830213564
89.99507031057382,-31.418164575836364,-2.7838140224948953,0.22571456216075103,29.63302567828242
-33.34079440903279,5.86928253368226,-10.207161319419768,-2.8727578856783658,-1.6992617405978265
6.002599376653819,161.84635417105193,10.716420777509608,-1.1371239516825664,23.09170886817744
75.53019582714327,-36.85218871114489,-8.144227856236693,2.8015578275343094,-1.2059051191366663
25.68705486780623,46.350514794882145,-0.5511896486733168,-3.8649219726867012,13.479918844524725
-33.98590209556022,-104.84767077913928,-10.450778505788747,0.617636251731863,-11.76137043799016
-34.77720616806055,56.79657506144328,10.802622098565365,-4.528060306073416,19.374769265172045
-32.41714023810651,63.17872226620858,4.80925483874064,-4.615067277667409,8.881605206866096
-67.6426838640241,36.37184532502805,-7.214753360251601,2.542461934721315,2.1706476997495043
16.459431516512005,97.05090571251995,-3.6163081680217166,-0.18343236220646975,13.845012331826263
68.73439834756866,28.94580198907437,-0.09201988046254561,-0.8495225825526294,28.55808248795639
-12.811838727563316,32.126524500455915,1.1762868417983117,-0.4760999496486553,7.097676641256647
24.756995120889624,-43.17416020741621,-11.626258737779457,-3.9293889267701054,5.2135131109545805
45.04608645906161,92.58786343845875,-3.795600843111706,3.711068145532451,9.692632248222745
36.25257047225469,105.43701438076685,-10.093686515477915,1.0628978947047454,34.90905087154813
24.922221673487616,-8.222319994186687,-0.29627458004240914,1.8504823387443274,1.0484247170425611
-78.18201705637688,-23.07445848269512,10.264801085821647,6.730500753649075,-2.164216119124923
41.22398729360033,-167.0815212504936,12.159528794702211,-2.30595790808625,-13.86033248889864
-84.37133231893793,-70.52259732539467,-1.059912135336309,3.5490173495198944,-23.39861182302495
-105.39602796473692,-33.203671524036245,-4.081164003992179,2.4637078765895084,-23.324832164502226
-101.5404071202062,52.9843963390902,-5.122157936559599,1.372004831524669,-27.412086443170764
15.618650464481163,-157.90793918351227,-1.2164828349562335,-6.785642416446082,-21.686891658149413
-72.1760791804472,126.71146861143683,2.5371344627315056,-7.834797194240602,2.1286657304826537
2.632484437917057,-7.334468899824188,9.82453207381232,-3.817603756248107,18.02143204123015
77.195057196757,-77.27344287687768,-0.45676808194170704,2.187160278332387,28.076441209051254
49.95180960307504,-155.55349270074672,4.8408424012280715,-0.1515455364049001,-10.772680228001008
-18.871520556265978,96.22631930714796,0.012783193457468922,1.0872764883878583,0.7225454314199169
-3.5325960065660524,82.06450654100409,-2.5911853599820476,3.2078178598327307,-8.632686207284578
-11.736879349175734,-80.4294541094071,0.6935425889718319,8.68407444957008,-21.354236069466246
-47.178923521565906,56.15186532943508,3.152482953641619,-4.279820604816765,-1.3393115582458792
34.94333308405427,54.79937590494991,0.09953126506706322,-0.9452985051390037,16.07987152600424
17.342542647319306,32.9285294947709,7.11616209580956,-3.1026865228463745,14.3220065779314
-149.76917639908467,-194.20804060141256,-3.3223543495472936,1.8477498976706273,-84.01823378764861
-149.76917639908467,-194.20804060141256,-3.3223543495472936,1.8477498976706273,-84.01823378764861
-116.93635353683709,-112.89075914255889,-4.595953625619391,-1.089635718152497,-43.31242053836583
-47.89647344776104,110.39402285265837,1.3031143452738552,4.07270547750918,-0.2927283724515801
58.147125484634415,-93.54585234353317,-1.4417062687788573,-4.318622381605544,-13.179383072958826
-62.40848913648472,8.771560728570016,-5.349689890821026,1.5515023809874795,-13.587312540206828
64.764376432796,65.01757718645256,-4.167898483093967,-2.010248145181919,32.88132127684612
21.7334359550082,39.535536862899164,5.195649537356049,1.923413355355175,22.004200148884596
34.19361001115967,144.88740448612256,-4.402153107627761,3.644206258052824,46.55897738207009
99.05066073706455,-67.19630607739668,-8.454228731466802,-2.8417699698818852,-9.666146621279488
24.414324499588883,137.63901455017896,-0.3353736187511176,0.48807117504373343,24.624027021945995
-28.511397400688892,254.89737009795112,7.383487092658633,0.31986469081434465,43.06021845670041
-35.006554695429756,113.25432692851163,-3.7939500918803626,-3.1369097425202215,18.02315608691722
5.972834335667166,-16.82769596969706,-10.352916932497338,-2.4928796957816237,22.859779870030586
35.03035456152544,-50.04498007373718,-8.611056363104968,-2.556315800879806,-0.708332782900456
47.202938524140144,-42.29362610269432,-1.2869008015054226,-0.7244982915851272,16.191753569201143
49.915401635707696,24.865500025961197,6.843777577679111,-0.9041195427967854,7.13001750700073
32.32020458445573,79.03836888272738,1.945518186286722,-3.117076107829952,15.661468515585725
42.55911650217111,-54.95074716157318,-7.8250962937619235,0.22759546425377564,-5.598854534880797
-16.204690343070776,-105.96084354781428,5.96678797472271,-1.1100289516558053,-26.439267914218075
-60.206061442176456,31.370200116029295,2.8198129297332373,-3.0112083150763254,-11.027486875016315
50.14498313052138,11.117236242437308,-1.154721973001699,0.702126378604591,7.4816317180659135
-178.00275116525057,64.67654419161138,-3.6629270179387157,-1.9345109253298862,-21.83069643259946
-136.2698868052474,52.53292154986703,-4.212102006229449,-4.738341851054157,-30.99872663569925
-37.54407961488833,4.714710703688812,-3.8272005422883577,-4.4015633637936205,-34.26636851874617
-50.005412330614064,-23.464227039897676,-3.9801176392083244,-4.11980112926445,-22.417528927487435
116.70054881170756,-34.36055828105306,0.36082350351262615,1.9724657115388564,23.57378047816258
99.7746363869493,14.04571579250861,0.11907232758407682,-0.24055104120605864,18.208180979233976
74.01339466993389,36.282372255987376,2.72125522085309,-0.6339758391056877,30.806990451664024
74.01339466993389,36.282372255987376,2.72125522085309,-0.6339758391056877,30.806990451664024
46.12395202433925,-21.239338022356293,-1.0204452651648421,4.618270118355995,-10.681744511657758
5.408927923800061,21.168797107980282,2.200504494687322,-1.1701826180586967,10.948208795874512
-19.981756060787042,-22.894812877596284,3.268401366295012,-1.973177989316462,7.417076143662633
-88.49443919240082,195.4834599747818,-12.165616222577228,-1.686821849487326,12.911165566855345
-93.250678780345,18.506366632138892,2.2842430072230204,-1.2035042648055727,8.154321200526708
46.51237381454095,41.46112134613578,-3.6552780608904207,0.0048506624766336826,22.598782514208985
29.40511560514865,27.392077366705024,-8.50122503268299,-9.754654317821496,18.34308724900626
24.019553448376932,47.441898578617774,-10.777406150126698,-6.244781650036502,-12.26170235886648
157.16858628489328,-81.36939263708477,2.1402160559262517,1.480414508128252,34.54666092476858
177.1036802385071,-170.88198393886415,3.0869922962050076,-3.104141516219096,10.216454270137245
119.99063292706045,-33.68746074368322,-17.74506052314765,2.0383917132379095,-5.09494319928087
65.05219556987859,3.0515381578771112,-11.596094846802016,1.664750164640727,29.67192857515992
-55.75210042360415,-74.35054166330194,2.7823625341635996,0.3913418163303566,-37.91169115492026
-18.715136563754726,-57.052674425613965,1.6791661523692216,-2.0897251403246386,1.5124900128882253
-88.33929180589372,60.904841270463756,-0.445895585915728,-4.754532869944104,-9.362355081252677
-33.42652288635817,13.516777663503982,2.852456015431448,6.34471356155904,-11.597121437588275
43.3829759785709,-230.93625044482025,-8.72222765466331,2.604364436326283,-49.2563840728717
-74.62584876807297,192.57367643260787,6.933430087543435,-4.684583128005997,16.41098139056764
134.73556472496827,-104.6797263770078,-6.745865702894215,3.977003624399315,3.8226723921258134
126.72315767657118,-75.09034365577904,-8.699439561241904,-3.8377204375756886,-2.926826998391199
10.333140307862735,94.25082470441728,-3.3409102397008352,-2.195718984278906,-18.603509298226516
-36.10162130411614,-130.2049826974108,1.8843914794258871,1.7766770022339151,-47.84582691427789
-58.08382333711347,-185.88244621601766,3.693401760771561,4.236950306008405,-62.4614139258683
-92.95855214096407,-168.66069822351122,4.089791287033098,4.438189141425133,-47.37274813337859
-126.8269818856133,-213.5222483174974,-4.327765902271102,-0.5511707156507306,-59.48648322786444
-61.79825093284468,-30.96228234484365,1.2925530482530339,-0.08606672332310296,-21.84227825194486
73.07137947440226,46.96219997415374,-1.6151985382499943,-0.8539593451633006,29.892143587434607
-58.4923972877394,32.987091398232785,2.1633707628117973,3.2247539883594305,-2.0887983856272374
-85.06703871110223,-68.71326008324175,6.5610476672259805,7.211276942096827,-36.48264206112849
-16.797260144161736,-143.4653962453192,-2.6540930173471877,-3.809787979171765,-28.469624358069826
-47.485125235800446,50.56053171552664,-0.7680144021766184,2.644816343360404,4.479924958521984
-79.35803368092164,61.15516326684307,-4.804466421707749,4.278994595978395,-3.1125681528797484
37.03395224170788,-155.490369673175,5.638777283446135,-4.044074796887305,-21.55739235591111
-60.21900828454061,136.04652487863254,-7.054504281236202,3.518064129975703,-22.753132172142283
-3.827078025488735,-213.36184082762966,0.25624297215736647,-3.626325904653049,-42.93752192603459
12.457767175317201,228.44306297805292,-0.7097473119899631,2.6736647838648153,51.012011046431084
-75.83725567830463,-100.49407856626269,6.138894488491203,-0.4530244031937227,-47.85819656773742
-12.974555743136321,-119.72331920284465,-2.6909603107181828,-1.2298918849987133,-38.72058904520763
40.62717474208994,-61.25588347572413,-2.580430862488057,3.851583622817973,15.510120185082407
-58.83821125415541,35.503076301558124,-0.8299526517450171,-5.143851063744073,-20.667880052851814
-26.251429836630443,-134.5600308109944,-1.4964456923841725,3.967054807628222,-47.87389339884143
-50.33308088335959,-146.37925520239096,1.0282500182208731,5.854775474537077,-41.88808844904298
14.052776459198679,17.630128422079892,-5.426526768772489,-6.400147323436634,14.847604321755941
91.40641897957613,160.36719017260816,6.173350197705361,5.533609617790598,71.4654667284403
48.86416297024648,154.36082884676148,10.524240088644746,10.381171545809421,67.42088891017724
46.0175949708595,49.63992753108245,-5.09317945195936,0.47992353852474157,22.207233802958598
-112.04448280927032,-36.20320625775361,4.8779751407758365,1.065204914267554,-25.327099256296407
-43.86549081471935,69.80890247225949,0.15802121182839546,0.46817252933301146,-10.151534737155202
9.981657999193196,65.90253029262256,-14.62405930246004,4.917457625627446,-13.067809952287536
-33.93898155935781,60.08007805367167,13.243891154302826,-5.287602214579978,13.750719206217896
81.61326808077808,54.18034972050755,-6.51021440215309,5.50279260833023,15.368737600213189
36.070511726572946,-64.16037849703568,-2.809240760394276,3.762091733781072,-17.06551626681506
5.151395595814995,75.32680021742357,1.9330377144895223,-5.859492073001055,19.89249848726917
13.828615578937637,130.13939408817998,-3.89761331630841,1.7630022793737545,17.2823606755671
76.99616016098119,-1.4532544278518245,-3.4411139847328855,-2.382093594749615,45.4181257843863
-10.560385508949643,63.166375287952455,10.453282312134348,-3.6012963648651395,48.51311988386175
24.751650434129175,134.97602948198386,-6.928516828549085,2.377817416280742,28.736302189471427
101.52245095317677,133.04334279373563,-1.3468799327719716,3.446927798674106,56.74240402062737
118.8199257016236,93.99280079231872,-1.3198949154452504,-0.6646596159036995,40.06551315321065
15.47240003517787,96.38177274134287,5.398683205021843,-0.8099921774682347,23.019436174676798
-84.99190277543133,82.06717750435789,4.693193203745508,8.570884296299552,-12.770120530159806
-87.3781150558793,81.7553820026483,-1.9965260091638535,7.914596550859331,-22.815137559461185
-74.30613281122456,-10.288189259516816,0.26152261467638227,6.7288272350176275,-18.028042498451413
-43.668636388046764,-4.4484137019371754,0.8818560199081499,5.377273982832686,-16.867972180082617
-52.34183884217727,52.539786820841215,-1.7735158338478643,9.747869520829198,-16.07849838965826
21.97398788240057,-156.606945792815,8.398642898353076,-2.5423719945230507,-20.155091507661314
-122.36308421158581,23.944606758327858,-10.969515279962408,0.5102302080810364,-37.86304044074279
-98.1504765384301,-104.44036038225636,-0.8390042228127559,2.687581586003809,-39.086585284734554
-26.18239865560134,-234.08935582767444,-8.358334983012254,-1.01382269356133,-39.05892971648464
26.284852377076128,-155.9847942115019,3.187700728895828,0.43083136883120643,-12.11785371586095
87.53861050035647,-122.81213302841152,5.249030990489871,-1.3298389928330339,-11.361907380726354
-70.52571638863445,158.62797008920785,-5.327677923098446,1.6937384245837888,-5.920223775503278
-50.30515813345089,166.7539944366499,-4.869977939420318,0.6556512847595528,-8.578646131600166
-42.67756247062267,-60.78896780320484,5.6506060795758435,-3.3230908927603537,1.322341373267184
-22.657594034324337,-34.36145415238626,6.957485115357905,-3.286147981886773,1.237192368761959
-61.256275852929676,47.941185434076495,2.468392830093868,-0.05533462149229895,-5.47309261372976
23.452053062020568,-94.73951740984643,-10.366544493652597,1.6801284610134581,-35.791068605468936
-38.08305832147469,-114.28853462398064,-7.412848065724582,-2.345948291801459,-30.028687339727302
-4.498747181007115,61.94153018879518,1.6745935380992698,2.3311643852483144,4.299278174544355
4.518387766686189,-64.35013852326924,-2.1130780950588335,-3.404841779674085,-21.41395946657214
11.355790396458382,-63.70593825905631,6.906630554149402,-2.161671044769901,3.6335424047853593
43.20279038276536,69.73860847554604,-4.305915902113979,-1.4494529314105025,9.034098274049962
-87.76604359266699,54.25082396184415,-1.5828009986000513,-1.6037209307278104,-0.6037169527396333
-14.921759666858694,0.8890428642839794,2.3567780123259405,0.8656549736329456,-6.548265097164439
42.26653438505498,25.46222808213757,-12.780120437972117,2.1216033809478008,23.753666817723165
-26.072710114693074,-51.994607355034304,13.461088071579677,-1.8306422361263879,1.2997546902972292
-21.077311186850913,-134.45287873479532,14.009309628653153,-2.9692933164693054,-16.55516091822176
-8.534176104336378,-60.40024226125489,-12.681786273854584,0.9194214715073146,-23.100141869302014
61.31822209346487,20.76193598065518,-5.644726574296542,-1.7133860851346203,9.991282075709735
122.6034337621629,55.65700243192693,2.3667237836058956,0.7304987120767442,34.520332570262966
25.363842020798227,134.63998325888954,1.326862137403034,-2.123595173273514,22.835992324654406
72.87695903504235,130.78927692793312,-1.595820913557091,2.434717874166381,41.05763377111661
-171.97735175074635,247.04736388975113,11.32176876555193,-2.4148177343904127,-2.146275975938565
-113.2149597931116,135.93856383596227,-3.089809596663623,1.2844935721371984,5.989722199056388
1.9070409565320876,146.61962006308147,4.58869549189434,2.8640433770329596,35.070523498917474
-20.935045986590055,176.662789322535,2.224692528847985,3.3797269871046542,30.61158667350487
-14.7043129771015,74.00059879651485,5.815300010536999,2.3770256695206697,17.872707657812597
-14.7043129771015,74.00059879651485,5.815300010536999,2.3770256695206697,17.872707657812597
44.31184899481027,-28.837355994113523,0.5734646094016806,5.5968278706692915,-1.7921310086828246
-17.762359212145313,-7.149191840679588,5.440230985401376,-1.1340102836242592,-2.425813845481561
-41.21275935914272,-35.92416385862309,-3.719482004264467,1.2069676800788223,-21.515020549211457
83.32379912451974,107.11407674150573,-2.237449267208431,-1.1264266854459368,18.599240977359642
-3.99554578608484,24.118946919751934,3.5907972743324805,-0.04131282602372677,-18.901199498835446
-34.256414083849364,-174.08052994791439,-5.520392790315592,-2.2733396683389557,-49.88001256903664
-42.80496094232228,11.632368888267365,-1.3879423802832562,-4.3085359882968515,-21.463453439582935
-81.53022117621637,-20.222345856467886,-3.3729365505245212,-3.9376896780288977,-30.71091958382885
-81.53022117621637,-20.222345856467886,-3.3729365505245212,-3.9376896780288977,-30.71091958382885
-54.112849509893884,69.2810671375477,8.584727493816494,3.061422618577761,6.016392363515527
-88.13020390657383,76.89578674305912,-5.021982343817074,0.3220285429960532,-20.103145245952366
-114.55284741357278,60.404506640069954,2.6583954678121455,2.343452762209253,-3.911208529832809
-30.929235195409525,-89.13983660325268,-5.035659083128253,-0.8055714339583577,-34.4880276483127
-30.929235195409525,-89.13983660325268,-5.035659083128253,-0.8055714339583577,-34.4880276483127
-45.33511445480694,16.743521424183477,4.047077213756891,-0.14206203987861904,-2.436922586132553
-52.42366248930022,-97.30402251973238,-2.6385306128254826,0.1581630123738133,-39.1468485471685
31.984435561624725,99.253166275679,3.0118959645001318,0.1099069164661195,10.427359427524888
-15.143036159791308,-46.49587452602104,-6.06344529759793,-0.00783271348470116,-39.46328178363633
100.31465447743551,-189.32797821869752,-2.755944593665048,2.7953865442878416,-4.473055337085058
22.967498867021142,-38.166845699758056,1.1499311861055896,-1.1557908035592905,1.3004216911260968
-106.78656936755095,73.85824494483299,2.8345490829456352,0.7175236649380304,-12.039010982096118
31.200488040349025,-126.26974856796744,0.1654886427397737,-0.7865454951415214,-9.847638300686857
28.04718948874809,11.574599549066392,4.822620715974058,-7.506720467045237,33.8015826129847
-22.507831391792013,-29.034764238881365,-8.971071838194064,5.053187908532945,-19.320680379569055
-85.32704284731484,-31.63295194114321,-7.981828275097383,-11.35960834247259,-41.50160564287123
64.00888323849506,-23.265866667097608,12.39449866260788,10.486724269645759,33.85975272737361
-78.48127150472155,122.93430417309823,-1.3497946991548702,-7.283984244122049,2.6984256346573865
-57.636883029665185,-54.71533417952078,-4.084592654183521,-2.7659065953533934,-28.963911181678938
-96.60512724881454,73.62979525357147,2.954908362331452,4.14047615821838,-13.771131840542132
38.844942015032615,-87.97518815317662,-1.6093871430408484,-5.387028417311492,-30.78213300297482
-55.133840649421174,-86.1696441433954,1.0693148061614184,7.567823450025303,-9.448654065687329
-53.99939402909538,23.242121746100736,1.4995508943506457,3.7456014691240926,-12.431041504414468
-60.41525525945911,54.27445260302426,-3.02702367759142,4.0463852640081575,-5.900980239732261
73.36449748862134,22.30723880947655,4.296097692242089,4.6720628687783,18.137380443396502
-38.07859372399679,45.16459105192486,4.608603042553613,-6.2928240717607595,19.549439642594738
-26.532631204448837,150.2371430071932,1.605720682741211,-3.357093672410748,-0.710902218856301
3.335644507766535,168.89323250465134,3.5452204154785516,-3.016350187327576,-2.845699984543308
3.335644507766535,168.89323250465134,3.5452204154785516,-3.016350187327576,-2.845699984543308
-10.848375147582447,73.3992716996414,10.456792821372659,0.38475839528136513,4.409375357939275
-23.920430290455858,-89.34477380266259,-7.7333840210947065,-0.40075592953909656,-46.372140464576745
-17.016169315776036,-152.4728240292426,-0.19734512302498208,2.7997349416053683,-29.039080012675278
-69.84596401095828,-78.15976727993453,-5.039735282048664,1.6063933798798413,-59.50699530977633
-115.72900101238424,49.00371173203345,0.6959711484907363,0.2795496017571618,-22.528720950604153
68.15382527255727,-113.41469174784578,-1.941897772223104,-0.5849760051292923,-6.092112204302108
81.87453502493172,-85.6492865863935,0.9815937860218704,-2.0792440149435434,3.786437864778549
130.9597509113795,-23.964440006458034,2.70552345187596,-3.6118843820797086,30.99159043896373
93.81855842648623,150.67961736018162,-7.500511925714568,2.994587967283461,35.08999778121613
115.94773314811921,-36.06764324152127,-7.522878172765095,4.044976377102116,40.115289175028956
35.32040701270411,86.18820162331544,3.6094427484393545,1.7502752313263055,24.7761006734942
82.18101831730175,-25.766985973888012,-5.928198518250009,2.23533870955188,7.641908081847365
45.864315276846696,76.03622988338599,7.845659938297226,-1.5318604339208277,38.351503609351575
-39.08411668985056,123.67377263417467,-14.62311184473349,4.6015677363464205,5.189214691320576
45.912295753282926,-10.436522799651357,3.716315471718552,-10.4779184218776,-12.04813605055402
-83.63475814633253,75.2371588693574,2.655415066291787,3.3766590699704793,-5.060321634413128
-12.722869627611061,79.11643313213035,1.0989266737907297,2.5210788896461187,-2.158572696945067
-110.68828222193942,-47.38976904211858,3.2511807265987516,-2.220975792917884,-30.648054834346482
-14.6175385141782,32.47147715854701,13.432883780246435,-0.9361915643315549,0.6727824547354047
-19.49146980468266,-79.49322680872754,-4.184056288127012,0.497273354850482,-6.296897496740506
32.23644968401736,-39.45220970772873,7.628742270904615,1.211404979725406,-1.331850629379563
-9.043756142267842,68.55539383029077,3.2382254030480353,-4.254484842154982,4.951777809037935
124.76254047286938,-129.5361085123105,0.17859108779089805,-2.1666532471094886,4.835577236266902
89.78076106736358,109.86529607305542,-9.457969079537838,2.0847517553836123,39.10824612001238
113.95438265856959,-66.08524421803503,-1.5956455650762216,4.196961032153301,16.37955680891062
-25.9927802410313,51.18660622711578,-0.5746922175886128,-1.121812987564403,-3.286124935877603
69.1393691173524,-50.40800537413568,-3.5260582494452035,-5.25728054050051,-0.03110577249665525
-64.89985482185284,182.84738081147466,3.050606572972846,5.001708389198117,21.171259616537633
-14.249717946992156,171.2867801770764,-3.305948662525934,1.3186835083356243,18.67951030746169
-2.9503026000181523,242.08513257293677,4.442027185330393,-2.324871271810991,65.40141397573018
15.259165203146347,232.469197311974,3.063661031398768,-2.2781463418520516,63.72832011449581
9.405348831681717,-122.60986640072734,4.7709764142521855,-2.457677259765938,-3.1861786523124405
39.896457924978556,-10.409484191202083,6.310634565620768,-2.1068991775696393,25.602474450139113
-10.919621671723952,105.66251209892872,-7.0029147116928945,-0.29796793987347403,-13.435743805429148
38.60980697996479,98.64925404531154,-0.23289390176872438,0.388106379638679,52.16314416785059
88.80546837506286,87.54457830192817,6.689916140743878,-2.6934756475373667,25.815874009280776
27.42232287004851,78.51639161809905,11.979957903371425,-0.24252423759984265,40.72264450634416
-28.476655621034816,0.000294747491878411,11.366277406154799,0.44912757675991355,8.320767403539756
-25.134618390845425,125.84950295889166,4.600449258161124,-3.433381223350769,27.30619738404199
76.46574739982583,-71.35482067488849,-2.8129762603140733,3.367858123748397,9.559624168683237
21.943705211023648,-20.49420034881163,3.1226599866165956,-1.1964049397923604,0.7873809265428404
21.3043501923194,108.78457364697357,-4.692134668461691,-6.47946405648786,25.223483084310008
-71.98841219685443,-78.86595645219222,7.094085856307723,5.493050390336555,-26.428434941747252
23.04837189972439,-61.20899422902423,-12.707267105301293,-1.2320099060423826,-16.659670191717314
-12.967851664627595,-73.08462486049021,8.533007950427365,1.5112742164520065,-17.974054522706496
-52.3061672325411,-11.083576441476843,-5.2524996086994795,-1.836699174059751,0.5053903222363205
-25.167397145632705,-82.5477372826702,0.5046148245194475,2.5402365678312036,-42.94014179757448
-5.349794859125048,-125.30265764912157,16.805739258254484,1.0685628087715044,-2.3955809367962075
-83.60504215346867,-32.5780825856076,-20.75919118534208,-3.9886180059541756,-40.05901952545159
-98.50096271112243,-41.98652365627111,-7.01545603847882,3.755948526053422,-43.472054707910885
-61.52495854605369,-73.35328892180473,-7.978954189674875,2.4121419618243927,-26.526745675859672
-12.368679173346543,-99.40717494080766,-11.814501932519525,1.3037679769200865,-30.13613769050266
-20.43761028697788,-50.01450979001155,0.4252815349931147,0.37397265769970023,-27.25975873786417
41.084526183927196,84.40718584262912,0.301680831249878,-0.8412229164469001,17.78398330315482
-40.42981260018773,8.549535173333155,2.954284979347891,0.6583594304768619,-13.056721097578087
-11.6348056134418,-15.854138622226774,-8.895578044435034,-1.7763850130671035,-4.673268787681006
40.79259880707329,-123.55709222490276,-2.60268729608526,-6.099933717081381,8.269825813633961
82.70359415661437,-110.33108330759424,-4.5437465176421625,-2.548366857607638,12.056929197672478
-78.68472931418052,-3.9511423693439696,-4.67921260661989,2.8073564182133004,-43.11497776927891
-42.28636129747282,-209.13614926947795,7.830177974951189,-1.4181357470891234,-29.500439052518967
35.96427153008382,81.8273873238036,-12.273975897963965,1.2048327683426052,40.371484585174834
-34.15947553644229,135.83400163135397,-7.3713954516625835,-10.369078303648255,9.335963646913163
45.461715620625846,122.43830969377109,-3.145418180049085,-3.027314710569038,23.218587163068285
49.626634851059286,-79.93135338404399,9.172305329973707,2.4466534356110268,2.8654091310084295
-4.889398528958438,58.993248190797594,-8.677541816688695,-3.865855524523113,8.469199721117382
23.674367834640748,15.5410965471646,-11.307983412427827,-5.888342309910803,5.627949223624135
13.55234109195095,23.578760750039038,11.402634404876576,5.143371214437734,19.472719542725763
-2.5240569138472466,60.37787246448682,4.247681753508487,2.3751145696370894,21.74419414465952
-73.60519824963023,85.90102083380438,-3.498428964193245,1.7702145534984832,-9.98117717103058
81.83582872222202,-107.75100085855013,-0.31557960982087696,-5.8043165574999,1.8743161819790348
-6.921088291304077,7.688086846884033,12.003570420515395,-4.848681453555081,-32.26338746580892
-33.72017780020914,-90.2927064413304,11.458945141349872,-5.228414588192607,-13.612048117098531
-13.936253877919434,41.22938261231721,-4.127491434498772,7.370907504096497,-6.705721433481681
-27.642768952399585,-188.79960115625624,12.469842823640764,-0.2413804057554385,-44.4785216402674
-46.79424240732605,-203.92207944006594,13.265089875149966,-3.9004894714888456,-37.00445998714866
-21.138697198826513,-87.49192679407476,6.1227904086252645,5.198841819382441,-34.037122574655584
-13.778554380317395,-94.28772924217826,1.8940067415894912,5.2033553646166775,-15.033549017284713
-24.96058818036714,-53.98081277000607,1.2143274335473744,6.00841933373332,-31.491165285264056
-73.61094919095503,-220.63894546122378,-7.956696446245798,-2.99638123778899,-72.4586591135415
-157.95913913403282,-46.25827048035228,4.765747455869301,3.20143938383354,-34.070909125267875
82.04629433527757,-81.05590138917259,-5.887605855777618,-5.129918034194602,19.48836404681567
133.4761458885814,-29.946947769428846,-5.695685574081079,-3.63251902280887,23.778962806554905
-154.20657677208385,400.03557294450314,5.399070725381554,-0.5557675712493233,72.76718582701442
-22.864753722578754,430.06508838682316,7.128215084972398,-1.561700533113925,69.57613517684752
111.70103802577783,-105.14144958793105,8.98508280345056,5.126591719775942,17.056633756897313
176.8457097696641,-35.51714314133023,11.454978068325872,5.146330597690875,51.74778385440517
86.90548870633296,57.37675729464151,-5.223368970836587,5.5871224612210115,27.550024188446862
-6.714941585312943,-59.06397292164103,-0.9386907854538835,-3.762044558481765,-14.244403581891058
6.374917462070474,12.46606723409429,0.5412863796475997,3.987647277628959,-7.796630612349859
-67.30484164850685,60.492895843151956,7.524670850159594,-4.068204271152279,-12.77144882518677
-52.07885379373619,-5.401059035142154,0.12291114865885078,-2.046734074023444,-4.866312087383547
-38.92674997660635,75.145860487274,1.1374312894351715,-0.8733714110235914,-23.709075866604138
-65.23890296616112,-113.76808173064173,1.800327465353584,-8.296913902648999,-70.40303724040714
-62.70591314680856,-152.6246071514093,2.3656825018374903,-6.977054140304873,-57.022605550130876
150.95402495936037,35.03793585196085,12.080548942070815,1.7044651089855698,44.20799064143574
115.10196716034878,10.338654816945777,9.829808379389927,-1.805114783589493,20.10575986715639
-100.71330527927005,55.960545384038035,-6.481297964783656,0.19135864033554761,-19.50150850669096
48.57054932342941,-74.25757525428699,-5.948339705992272,-3.854433034602316,-14.340032666810052
42.45439403489037,103.45201364333062,-2.7425817044369323,1.5751453890706204,41.349667888927364
-31.683578347420312,56.9851625752292,6.046142641775326,-2.853918772286999,13.302458090218241
84.33206100664864,0.505732355122035,-5.561898124748728,0.7914958884293037,25.671026494048512
4.466325180430495,80.37533003947145,-5.01821763979165,0.1553615634270749,13.863557835178712
37.77500422561219,54.64840784570483,8.267514570547618,-4.980183377320249,22.99953013658354
37.77500422561219,54.64840784570483,8.267514570547618,-4.980183377320249,22.99953013658354
131.480999640974,-48.063328548846684,-1.7563219942517891,-3.278633357311799,15.007324247309821
82.53944854731259,-64.60430774096355,-1.0787944805783978,-5.165667764347327,13.021094234244002
90.66052693428588,-7.267839632427496,-5.707459433766408,-0.9299215398213354,-0.6314516389948182
-78.96577204676531,28.906575660376443,5.690267047058694,-0.6034178999104245,-32.56504639626586
-139.47790794237585,19.363985085180612,5.57744305962183,-1.7639156320846059,-25.917433529710664
-79.31539810048758,37.58004234555071,5.756182691619564,4.565799243579955,-3.663962535181888
77.84295848030877,-44.394016704123686,9.295459087216562,3.829745885501806,33.89931702160703
-99.39143078247665,-81.30106534541349,6.931271911963674,2.4540147142676996,-23.489370033317666
91.93919570464966,-180.42393105268292,-11.745640975646419,0.038548064758341605,-19.523514838514004
68.90606798045351,7.845064375998476,-1.3121047244668294,1.7403663171725248,7.912771038706827
42.465314865381934,181.2084816548553,-1.3150142604975437,2.4703468872684873,47.10536291894185
3.2758921757314456,225.13613617901999,16.912192601442964,-8.911649725211207,61.310311229995655
-66.97101745497791,-92.4799247286585,13.342760920446166,-9.579638883379616,-37.12061064557258
-25.775329483077986,-133.13304704971867,5.426433219498768,-8.105996435628171,-36.60907539726137
-74.37888708636085,40.18063467300894,-11.54676267948009,0.5677896317004931,-18.544672400321502
87.1901181157838,-189.69988702669843,12.42123978322978,1.5326136156250951,-21.20940288561737
-7.08350424909306,-48.95606378249322,1.570602595845771,0.8447836541679385,-15.454214896727537
-40.984794003644645,7.53207648562714,0.2034651450049263,-7.006898017639456,6.704044178456698
27.352699026130974,0.575406030731088,5.782401865157253,0.6147773245553174,17.231920149012108
24.031731243299042,108.64947418097785,-2.674715913472713,-4.251542563030054,29.70334816148968
-31.13584298863003,-121.71153558009695,1.272163250269855,2.1086662941631964,-30.69843165419175
41.28646306850367,124.45885117260147,2.9651633722292132,5.913152713810475,33.65908884627774
-4.975364018265907,16.326606169395347,-6.799146410245693,-5.749864724088769,9.695050121041971
-20.46358225128643,-64.54905105375605,1.9105513656877386,3.9104537477533374,-40.294666903154635
36.80688419531644,-39.89154257543773,4.331940311068636,-2.531791630214589,-11.229661490417103
-19.564570108193685,-6.750389662854719,1.0093514085440205,-1.0055243489910974,5.879096682810845
-46.955710080368505,-82.69270954162081,-3.940612551305748,-0.6451857124778284,-20.747732197972343
-16.6570253979777,-61.9529683993388,-9.758086103382993,1.1886609554435794,-12.270526673552531
-93.43007520526857,120.93399695564739,0.7368076703274884,-3.006560713602666,-6.081396094254046
-3.0315612531874265,22.091827205145634,0.5149983120594458,-2.268247587071178,16.57811198535856
-34.23812946869798,59.59732994281429,0.6503846610877508,-5.101286067216357,-12.14064855277545
-51.188992375977406,16.76449229058456,-4.121247375113356,2.7860995747242083,-41.34584162522485
-178.4213910734287,10.617245872957412,9.459771181950426,-0.46053694325348027,-21.72578274260167
109.0765757737079,-55.057719842795954,-4.382430698418271,-4.163792844086475,1.9616358138071677
47.79796452240894,104.07189627817908,-2.617225698826074,0.7975842088195302,27.45176440188132
55.51369836580961,-42.50603175219752,-4.712716806410492,-7.035885112334732,9.938184310780187
43.806524302613056,-39.9896277860974,-2.842872209448524,2.885279776459884,-19.29029490390739
21.51799016252299,47.97797486257578,-0.7629652552764099,-7.288190510442609,19.17321601155342
67.30405278982728,-57.66300264793631,-9.548758308771859,-1.5619341760446082,-2.9405225888028674
-96.44888685051441,22.169959050775844,-2.2495404270794053,4.640531357057769,-25.152037235300032
78.52686124799214,13.233196752087387,-0.12383787689990067,-1.6658920600275136,21.462329141307727
-40.69367194118706,-104.57844260665179,-8.258377461084605,-6.44018872043847,-32.46208960118188
37.20813201635801,28.30938601563689,10.840396202632377,5.284035083611247,15.08327925642112
5.5873349800045276,-48.48610411422463,9.083684296025972,4.234212332127788,17.25467922276482
-19.685900227988952,-37.38539159145353,-3.778754420885562,2.775649364120688,-13.286246952529078
27.567186026968848,26.176750405346905,1.7078262995652556,-4.927243193428516,13.723419123017873
-29.019530371387518,-39.071912186601324,-1.8779474050136373,3.9829917935291546,-18.86423725605497
30.921923309877812,-96.66973970938544,-3.0346033975340134,0.09757661064543743,-0.4089747195617832
67.30771446745719,20.124275043375246,-2.6481140271943717,-0.3190262122961066,15.60650273846616
1.3301761177629459,-134.95317074119342,-16.45158896402959,0.10177209889925631,-26.123013739611658
-29.085304279238677,92.73164978200394,13.936451441268677,-0.7509234753863404,33.74496088352861
22.384452481795876,-209.9398489884789,2.620005136397281,1.6145592767915788,-12.23905293897068
29.510224374565894,22.832168999061835,-5.428802666284847,-3.75094637549087,10.8948774171743
49.946651662137036,20.437052392361053,1.5882012704298956,2.5245614297055594,5.410159999852706
75.01950360823776,126.37533805149181,3.6081041833094787,-4.209605954031473,45.41578423965049
19.614707387176338,91.37486670351585,-1.3565616878669722,1.4684251698776885,23.023207067812415
35.723639121586544,27.906790305949123,-4.185978784385715,-4.451060259745198,15.051688722642604
107.25812573128405,-23.098338708522622,-8.247431595824686,-1.9305656286883635,10.326024220216361
49.685644174642206,193.36377880090532,10.685462785969786,-0.43789674668495504,41.176858704450595
58.4023611207566,27.667059268032958,2.044308410407914,-3.6527777000636323,15.709529405898161
29.970951126743657,86.9412052826807,1.8706208191028004,-2.8134355562294515,32.500058681999086
97.87705405809658,55.06945322012559,8.61229138139756,2.1101432393814816,37.470949136712036
64.65712303164052,81.91000155065997,-3.3704243066144133,-6.43819549030124,43.20812017809532
-8.459411322177132,24.579801372039693,-6.496594219451694,-0.48191675772238085,-15.62798466131514
-61.742023332235895,12.506680424275176,0.41884254627017015,-1.8866137948249158,3.4045950649321384
-42.829160732619734,46.046696062424566,1.1326930404592586,-1.336509505798188,-24.017460843851925
8.48437050255766,-6.088389643539614,-9.290658750930465,-3.20094070964726,-10.072895323406557
-90.71096735496985,-63.539816201327625,-6.122807329633016,-7.218954120265981,-35.46166211679119
-90.71096735496985,-63.539816201327625,-6.122807329633016,-7.218954120265981,-35.46166211679119
-70.60896625768487,-126.46536084875422,3.6321004858649744,2.6737473194922394,-48.8891648854993
94.63520620968438,-46.34564967223653,3.481560009181258,-2.413420924870676,-17.472225066239016
52.533343910759484,89.1293773756978,0.12523243750064728,0.9597466046588727,52.952901126891646
-22.689366628877522,-78.22854923927362,-14.77459809069703,-4.508144963038296,-14.911225307449318
-20.36975288902176,70.68825819463542,10.749946090731948,-0.6120547158508107,7.146954095030889
79.56068294038568,59.997492885248946,18.6643945692163,10.646674123661384,30.13650325526001
103.68365155221834,66.96757918214419,3.5977094891333214,-1.469537649165587,37.246666630666724
29.688655699160535,92.30825282931956,-3.7110263019062466,0.1599019725221138,35.41003874406144
-24.993543557704797,-45.41668918976647,5.872917585516159,5.132323388124409,10.288281531429039
74.56706561651134,33.95096681336685,-7.660596811371005,-4.821769827541278,6.875305497333748
-40.2476875323646,29.380399885833175,11.084333500517198,2.896037150033723,-3.3372584238716367
55.32719078720116,-107.79556355480221,0.3568873875521019,-0.8275868948811917,-7.88305056575372
-13.113371242387977,-58.96822767811233,-8.925362296396745,-2.0419419323141694,-20.10974854763595
-31.843033708347235,28.53062633864879,-2.8826681866178507,1.0342035438684138,2.1535858463421045
162.26788074010275,113.61349601490127,-0.04899208781997011,-2.284004843265193,50.480029767953745
-90.21344174331577,-62.04686686513266,3.028290040488365,2.744898512637419,-38.15762144751165
-111.60778848634504,-49.42720291113582,2.320271108077625,4.705954314735749,-34.57704558133451
-69.66065589581034,-205.62611670974275,1.0978609544581417,2.8344532023822495,-66.85542330349172
-62.89112637778482,-28.187439568226466,-7.799337669104921,-0.18167374254717106,-42.30899210475286
-164.72401331120003,-52.52983562992715,2.9389805826206143,5.111750077236612,-53.734773720208906
137.4365775506603,85.671001718911,-6.263910835039772,-4.877011528749687,39.7292903093713
45.1460954178107,-40.559708475367586,-6.1252200690062075,-4.4505496414846615,-12.126989732975003
-7.645059826484863,91.66619509623851,-16.103782058440494,-4.345126204989107,9.759954404504846
-7.933869453503206,-65.55571785343149,8.169404895695028,6.079626368404115,-20.29115019681219
64.22565240937529,-5.589201569686068,-8.071156664192994,-6.116850893320766,8.752007527299048
-49.118094170102054,-2.0604872507158625,-2.999991748617379,0.420680737001756,-45.503384231440634
95.5494386554559,80.59322117668543,3.622378432371364,-2.21385268332196,17.149390146005153
132.75991685249343,75.01962864743719,-4.436897392329213,5.482754793424487,69.31601240668098
26.666398888511566,184.6774561975264,4.966112997045665,-1.413853036260749,40.1150734914406
196.0564659886732,-30.086801629308333,3.283491351662125,0.8516616722643962,45.89417577356699
-115.22027915320047,148.824593073259,1.9114719824080386,-4.189108516848112,-11.292489925293793
61.214933684213484,-60.89154982848358,-8.859293607467444,3.466283529527022,1.6568308916111238
61.214933684213484,-60.89154982848358,-8.859293607467444,3.466283529527022,1.6568308916111238
66.4878231554527,-27.368892441015618,-7.619874294687573,3.6294969384027906,18.012188113974467
-126.12418680185775,-51.14379717352518,9.030576272935669,-2.301472620433008,-35.31820144841552
-32.11987357266027,-53.978845070789674,-12.551914023278893,-2.8892185950861724,-29.917347188362708
-50.06730760813315,-24.611926394438832,-9.172144867314666,-3.489229331036637,-20.319273806473124
-40.52518168818564,-43.024281231240565,-0.2911099370180943,-3.6988813605534374,-9.81072550920373
111.9518048643576,-23.315559836414376,0.8423285101722355,4.184197870394042,29.22230895539602
111.9518048643576,-23.315559836414376,0.8423285101722355,4.184197870394042,29.22230895539602
-59.864159424445745,89.66287377437996,0.9479248169215104,-4.474135447700794,5.188026240341678
-32.45963936956038,-57.4947895778164,2.163186179032863,0.8108079550504912,-21.384357764504827
-10.245327515737756,-71.71840735934359,-4.088326718995632,-2.229575545323308,-29.520181409952073
56.70386200434314,62.72391473680967,-6.527161470315163,-2.050390369042128,31.266164435358434
25.338952566464318,274.1934200163453,0.5405216584119841,0.16127308251329853,50.79587624224742
2.739374094301583,238.0791880942731,0.879314328756156,-0.9794196831644632,63.76976083648805
83.82564858917601,-96.16798835305238,4.1468539498025905,-4.006611712208286,4.158389442703005
143.83631628448046,-106.76697844117767,-0.3507070007963611,-6.143901720404552,15.053306287303515
172.87031362479684,-76.70533782168053,-3.2489067159326295,2.1782327106884196,33.68963566994237
98.30145337429127,-1.5678289383831796,-1.4428919680421128,3.1220920829893664,9.794588385533455
109.75623028329397,-42.449739044744604,-2.512155832644834,0.6309418830972904,18.270726527941385
-10.181211009528568,-72.09519603586415,3.740507749817975,1.4262160211701735,0.38039320597645343
-31.143313745054584,188.2020640866866,7.027011266579814,-4.778892447664726,34.49349129309852
-43.277270655167776,36.68536269983879,1.2867210007259362,-1.855989150561598,-4.4148303101962085
-31.916621466508666,79.13972207275526,5.552131692368578,1.8708032802066534,0.7267860121663006
8.896407596114202,-13.798646694938554,-1.4885713853736093,-5.504740874528185,25.52371193832368
25.787311162563054,-73.48836354587485,1.2137559444054813,-8.03380198366771,6.259611510119949
11.423182918889736,-132.04659823551054,-3.046934178749666,0.5230005864041205,-29.06540780037653
13.498251594942294,160.89610240355293,3.1967966183273666,-0.18979680450811554,35.89891114743101
36.598989063546746,-41.01264099242705,-4.646353463603852,1.614072866921942,2.2239230139670596
-58.29539139676041,1.1974421900114418,4.968676631996785,-1.5077224110936633,-8.485349971152267
39.45876255304666,110.17343659416551,-1.4553110195560244,2.90402001298754,18.77560845694463
-1.3116681558838916,135.36731101832052,6.681820097228561,2.26041763084416,25.52362501207839
99.9326486658612,-73.00887395504768,0.2680007424790096,3.556897398912925,11.409685272447131
-70.53385073330071,119.46783222323312,-0.5832325933670107,-3.6696885507655708,3.09436096494173
-102.80113132207627,186.97142170615834,-5.334702537149499,-2.123812552595415,-15.50759922156094
94.19137080050072,-187.07516769064492,6.586060328750952,3.689171646517152,8.898344490155635
-166.25433959175032,73.05832030507158,-7.870840445410472,-4.497211794857358,-20.421692346105544
223.83812252630753,32.181269998588135,5.984510260434866,3.4605291360272425,56.291177212213796
133.39786061526166,84.49161707183634,2.1957578118439143,1.6630629795098455,50.97764018126001
144.19081876205524,147.14286782089698,1.0335539738829511,-0.343968011702696,67.32949014421496
-75.01668062967804,-33.06933966365759,-0.7559735447862415,4.42229701282053,-36.3483710964947
-92.18372575933446,-117.45160621579973,3.0819919615221956,3.273196353851243,-39.36102269866944
131.66026982570696,72.69395916287358,-6.3430621945138155,-1.647776320141105,48.64081129385093
101.87627979460945,58.843054488094836,-4.665468883654774,1.3132735493054164,37.72403741879003
-65.15461832784156,-49.85016935500972,0.6686534123704675,-1.6113301083540728,-33.05927548518533
-78.29949174982377,-83.37119454368462,4.079075588487364,-6.02049928651906,-40.07145362876744
-82.61228125552455,97.58386217071832,6.539228058690315,1.1846009541436708,-22.87992612507154
159.19598692635188,51.889829363738144,-7.04886268318291,-6.841158153316771,17.351485578360837
9.339194971313717,-87.22034945852235,-4.899601431827232,-5.934248123228799,0.2266090778802372
58.90417624117306,18.228639783808447,-0.13267414513181253,-5.442827712474941,11.206892746523721
-16.19599909667009,-1.7452863097066462,4.256767550969519,-3.9855793153481374,10.711722803448342
4.790076085908867,-166.566248327498,-14.151591531477443,3.6416168908395763,-32.38891204551557
146.72832690786194,-125.86589967823636,1.791216716392448,-6.263711105376612,-0.13101144747168725
7.324605487339047,335.84741590944776,0.5490161036170353,5.471842370611254,53.31780728132902
-85.8530814247589,-189.1702097369178,-1.50531535249364,2.6805761384422,-46.94232181071882
-45.57577672614844,5.127681013318707,-6.361073119694486,-11.740003245088277,-9.275048005769706
22.092011146506433,65.51823485718457,3.287345886280554,-2.127980361314961,21.174223019434336
44.57480504865599,-35.05262034635965,4.853603048584378,3.519391041493647,24.19183568898723
69.80613292109558,86.05452858407112,-1.4958713929994671,3.1535217183006297,28.381962102560266
27.505418518213293,19.06163799998749,3.124219212490102,-0.16585009658194338,18.153486628168995
-98.77568927582402,114.08587975287021,-2.595943415492285,5.520273638465113,-3.6256675784453614
48.566738168718466,87.91765738995431,4.840978221751268,1.0529574401937318,24.482821074349708
43.77066669684934,30.170860766324164,0.9631597519520181,3.5691614080853045,14.781885775557523
57.796500641442904,94.1533788226684,5.233532946040366,-0.9471296049164737,39.03235075163168
-89.72141231775385,-133.94664269899383,-7.369949115151904,0.9099476311461898,-58.193488430446834
-11.195324127668624,-24.92150084404335,5.253773996842847,-3.708211360798442,-0.7230478031509868
90.92981847373497,-22.827530121079494,-1.9031160446799948,2.213530747577671,0.9939748516840345
-12.46841693727837,-39.29529325671154,-5.989576879326759,4.786020728390197,-10.149632352320083
10.040226346136167,13.288513737923193,-2.8859249912958336,0.36688173540685165,5.51236763566682
117.43133113299734,4.367045081358522,-4.0990844101222494,0.923932829806738,31.584655839158597
36.45168635004623,5.261239094695668,-0.5743088634381801,2.8101571458017567,25.62724392397432
74.64085128812806,-69.70852895189122,-1.5798670099010645,0.5465663759838033,-4.258596691189162
24.89428524062862,-82.12468484009072,-4.796129115443328,-2.449666475235663,19.923336675518684
-72.02498157613907,230.45414971272834,-7.312232057782477,-0.2435788262308095,19.137340334277997
-14.61993787301845,-88.42235522089196,6.590490123491899,-0.4711530475832492,-14.363187864399102
-18.52329131278695,-20.977911539384735,-10.139861503470224,1.4591834965246004,-26.62009749928997
-90.11258805179438,-120.9173692397463,13.264807006500023,4.116893219703352,-84.5875637933847
153.54576185490782,145.4348184493292,-9.626854175837936,-4.600996538061883,55.49065745937095
191.86751486910185,95.91948442367539,-4.426117495260699,-2.044880206009717,31.743747886432878
45.255712176708585,222.81095506355678,-9.68691043908827,-2.0426868866309347,66.67745688810353
96.89379990816131,133.5246525403142,-13.17514187858861,-2.06715106911041,31.46251196138322
44.18407172997794,-107.63436647744746,-13.402153589819815,-3.524421905937422,-22.11585197133963
-5.334650273725778,-134.51311031620767,-10.290425148107119,-5.2362627849858345,-27.421903356184743
-16.91619199704784,4.3744869431998135,-9.978926847233398,0.17643829234933994,9.005294974173069
34.984480767078196,69.64797121051046,-15.428416680489853,-0.45374281911490466,0.40176506446388593
51.38688060854527,86.76672805502814,-10.907127234044268,0.22136723675558168,0.032667527516824835
-20.478761275255238,3.093637938369703,0.7566591358155614,0.14587480318558918,17.79541644798385
-56.794764510034355,78.22097034286364,0.7116371422488723,0.7544006988555301,-20.86416719495588
13.27044828004854,61.6471365800271,-3.0222572056809747,0.11726542584303568,-5.172989606942752
13.27044828004854,61.6471365800271,-3.0222572056809747,0.11726542584303568,-5.172989606942752
-9.684427646002618,31.46617704209113,-4.816959093647724,-2.1480925452671342,10.283705487790105
-29.03562174594997,-93.17326910728337,3.5648122525129047,1.7392679621508609,-15.319067773528428
-5.746979885125608,75.24828128123235,-7.231267793917835,-2.9973876012563925,0.015577083902845068
-5.746979885125608,75.24828128123235,-7.231267793917835,-2.9973876012563925,0.015577083902845068
42.17650511672665,20.277582418166425,2.8691244809913536,-2.8048419773418916,22.41630473815741
-50.843198886389246,-125.45845064450504,-3.7321366239325853,5.802645488077675,-52.02127899937395
-35.24165806531481,-218.27784105561724,-0.9919647868792265,-2.0529856819400867,-53.06156334481199
-125.39049967093156,-28.37205304519742,3.7630113163209367,1.9787636550285908,-59.821319998155985
218.94908825770543,-34.47941903763075,-7.501158126967728,-4.098131620244594,50.78672601136328
202.1788993554358,-38.48926486183622,-7.368230001676636,-4.676394889658506,45.39835642766706
199.97622549765208,-188.57627404589485,2.4125780556998353,-1.986984373659863,-0.8241631493975419
18.87242728307354,-38.499582217686736,8.80737585273915,-2.8590086276570172,-20.594114920569993
-2.4259786170610127,-70.45287863061968,8.833479596298657,-2.3598056954399977,-14.613245868862233
22.9584153990666,-63.63514640837104,2.878861884162366,-2.752143622807118,-3.3532496317111864
-72.93432128265991,-187.24405006694823,1.2786763556499978,5.285178418739489,-59.56286136142005
16.307534160643847,11.012436991215921,-1.3955415590287314,5.251809874274201,-2.235682872557163
16.307534160643847,11.012436991215921,-1.3955415590287314,5.251809874274201,-2.235682872557163
22.427019002447516,-154.31765441894177,6.605037449163694,-0.7172313673199788,-9.337582982500905
-47.397050780433744,212.54123149713442,-2.918575099176832,1.6127322527867727,46.0685670186223
23.71538023145716,119.62210034608461,2.076945357547095,3.965699611878732,37.71976775070874
-25.55635898465121,271.852071205287,-3.8798055008566417,5.6126095997308525,47.434295901832954
103.09239524807313,-32.93338138871148,11.123522744952234,-9.19708214332406,29.65791835301306
-3.397388520153859,-28.859201956603357,-13.242884927504464,2.5875533610000727,-22.30846016221676
42.518696438423575,-125.9478261536698,-0.01526728405644473,-1.2054163453603244,-3.37435830835069
78.38714961928667,63.53175672900813,-2.6790474595640212,-3.083983782153276,48.93394213879026
16.139781204403036,38.38929548515469,0.18953174145731433,1.3345883318600427,16.518833541057322
22.830206307292748,-52.20266892733777,1.6261317932190775,1.0596567474670746,-3.8180745092298483
-30.43514911387996,-173.03468938724887,3.988387017284543,3.0038834329290838,-43.70218949497301
-118.08995593573933,148.81607591932527,-8.753191971890365,-2.212276044669964,-3.522548029606668
-52.905614120865614,66.65790802300396,-2.682509815368171,-1.5451071122688473,-13.895529292453503
15.117183010353315,-33.625064818969754,-1.554378773620395,4.203698615452591,-2.8654967805056497
-31.832235697762822,15.318315119629137,0.9163183407989484,1.815192591666778,3.8146173871147067
-88.80261313576949,-17.528503212473577,-0.3609120430156372,1.3222110893479977,-4.1701708398088995
69.02811247918889,65.52640482644762,4.448283542718018,2.1374587727648744,25.036372973645697
-56.754508038509314,-50.89491620566814,-1.4563172190392675,-2.5691878636730694,-13.951933004586536
117.9380521721194,-55.1634111082637,2.313903125498877,1.6628953479425894,11.442994067255487
77.07880467839237,10.063843166483906,2.3811787240546347,4.553787912662687,31.879919263279856
130.7764452459741,-55.18850219892438,1.2107807095849874,8.438141955993578,17.794930172159624
-143.9159732537114,43.387856264396106,-1.5647138752953373,-8.613257683021663,-39.71758878717977
-145.51120935309928,176.6065128370034,-6.259066556003399,-6.3803573679808245,3.774205298109642
108.5453475204119,-305.24241443830914,6.161665542921648,2.300651119305479,-30.605012026977406
108.5453475204119,-305.24241443830914,6.161665542921648,2.300651119305479,-30.605012026977406
-4.5229441396605665,-139.55310112708156,4.209885361070777,3.8434752310054163,-18.381895616402787
-6.516688638002366,-123.15032333334578,4.956051660506205,2.4998308828889346,-19.499444800059763
-14.016389866211824,-124.59565884914996,-5.0323537893991706,-1.4314217964698177,-32.653598315995126
44.16094068589088,-192.348343380512,-6.801596621424402,-2.0508536813623732,-33.12150917874674
15.881295942832661,-216.0907223670263,-6.047906658748609,-0.6572597480010243,-40.02584343520335
36.07638789378296,-224.27671047050822,-8.17591850399231,-0.8016784879420313,-39.141542239662186
81.5460087495138,66.85046941469832,-2.885609327353047,-5.519346847656592,61.26731313999399
98.78096770905522,141.48419783523354,-4.7399397886751045,-3.257979695619563,43.767824018827866
-19.00604182893552,251.09030977934373,2.650600001670107,-10.272238906983453,47.01860613679921
-113.51208973637645,307.9048080557793,0.8730976427381291,3.8972016436018064,43.55791272361226
-114.47092260282362,298.427136290261,-0.22624814386781733,5.146963637463057,45.247918171150616
148.3493190916514,-162.48308449020448,1.8588528406857852,-3.118968582030451,-3.513895935833432
-81.60838876768824,-132.7411448634552,-4.153191207946396,-0.38485359565451227,-44.35611576087091
-102.66534106895958,-9.893772392125413,8.039581163358127,2.721095427750781,-19.24245148725699
-47.75326928222795,-184.94193820177804,18.255145308037882,0.9576863129646209,-50.45054003567536
32.37348042346513,168.52018762003505,-16.91614330138853,-2.7346979769396356,37.345054141375
96.49603841564969,-21.100064159109348,2.280270189444302,-3.205369295105002,12.17937641577867
-108.05189514378131,38.155767615320975,3.0130474874499424,1.7865517431076585,-34.029751118692516
-22.48878572640183,-104.07878950623046,5.926501018027919,1.2863004149765829,-32.02055639351291
-63.052811612219976,54.29611561928247,-2.5856528546171456,-7.393338004600111,-9.546322258739783
-82.4291740444221,-103.88050260971302,-4.871398823649329,1.3403854945501323,-55.669832022140454
34.10973841148173,48.892432030573616,3.7012730981854762,-0.8185761726511949,14.903124494706043
55.04705984398293,51.83840058203718,-1.6348910438832855,5.0677258886489644,25.362814079655227
126.64214935143153,-43.76377449725072,-0.11290962717606812,-1.4447187531732721,36.6181508708158
84.555348741198,80.64359892385846,1.671893645850794,-3.7091811722986483,37.89978277815713
67.78929867331398,-38.02205963220515,3.7810981328299786,2.508778691302016,36.530513334524436
-27.201296008273037,94.20919190589441,-3.423909229970075,-3.226236924897775,14.293805592168074
75.14472074599318,-39.68290287802537,3.610083070147465,2.4906908177060245,19.988416118846224
65.77997630084565,-26.896590937367243,7.241414059015099,3.292824008067139,14.432502017849265
72.73081111596096,116.5135049390752,-3.9587620787459525,-3.995516581972278,54.86125782493645
-74.05320494706571,-58.24923354943055,8.522974123641811,-0.6068840548387029,-48.444247697411086
-71.08129737215272,-83.17024323831195,6.971441389611128,-1.2102595714000877,-48.80283158437992
73.32727264291395,-195.93096328195705,0.783519292853482,-0.07686701534581653,-8.91784730154782
-132.92303004705263,-50.16292298298528,4.579239887477561,0.5231004109902679,-56.567188495489575
-139.29053612859622,-51.0467155515922,1.638907066903825,-2.5364395478248762,-48.84518050886841
64.86889735723253,-138.75315974407062,-5.44564700309759,-2.201584033603247,6.576456141909445
-206.13399790252862,-22.33506749206756,-0.10437173600524474,0.0356955441755713,-44.275345921411294
-102.42981574604686,38.07616227581007,1.031742744729879,2.705795107564078,-21.62520268246265
-44.888243197913525,238.73908445722185,-0.1355761043401893,-1.3890352395727108,11.169751911414714
73.25519011724273,7.06731573271918,-10.321241830172157,3.401174879270967,13.602265350758415
-76.79236256381762,69.71512497874951,13.87768816819774,-2.6049887180235447,3.64516700150201
-101.5071854568358,45.53329427187775,12.01313706148905,-3.5805164092134096,-10.921446144788941
-66.36551102919577,75.24103735598926,-0.4225827044210684,0.41482072465570674,-8.15059098416241
168.01361818744255,-123.62860089941763,7.3040630401692646,-0.42194691234059456,24.078223327223483
185.30678763400206,-186.7139455515819,2.57083606593991,4.140619631263171,29.493316348573327
226.0457910314208,-162.52100296608637,2.7111770742314807,4.9516600267959685,28.90878495461741
50.265565065977725,189.67695766033773,3.3920960732167513,-5.9199953700939325,43.3719006027994
-52.36145765447549,24.757157350025665,-1.6686329889716163,0.580008245176673,-34.35982693602791
-66.73058946923739,105.23243872535477,-15.61221539689355,1.2071771604090271,-25.918012578664147
-2.6617185951007087,52.06358066066859,2.0955110391427336,0.8897357725703461,21.374043249270112
-7.972398160970073,221.75249666680708,3.722328220357154,4.267322692645475,21.309519480131687
-159.69346647865086,-85.63752296033903,-0.8405148502743196,-5.351019288769951,-57.21367513557911
-109.24113307448947,-95.69831091186292,-0.43941336928136093,-3.6517432881887286,-50.54904526293189
-46.72441212784258,39.128482926913996,5.722656151662859,1.3365921385302864,-2.2630154359496153
-36.819290365681375,49.568821130234326,5.2175176998390045,0.9839033884392392,11.987151221398776
-12.61304019644884,75.5821007137345,1.2244164640978683,1.3980200324052976,-3.8695326627540396
-6.945279041875699,17.68150558912417,-3.261506472858798,0.4656035696954054,3.951496732009094
6.189458846907247,25.08978079147319,1.866285282873879,-3.9045659982398124,2.5582107433135537
-87.58699948810265,46.42550279828934,5.826197273551561,-1.806888160169173,-7.179744697401569
-25.887366663677838,-177.17716098593058,-4.994561834643205,2.363818328290973,-43.107778693539856
-33.272765340300126,-130.68851701421215,-6.466406627636132,0.2014583902915792,-57.67946958407197
-28.359287922622432,-10.974944265078662,4.218489530054829,2.073988681995317,-18.27470360880679
-8.012575716126015,47.098989690593626,0.23112580075989153,-0.8744965674028695,-3.8998336922560632
-28.58826741414224,88.34075850215666,-0.20101052734138009,-1.3087133712908052,-5.337852076725667
47.39425479690726,-52.185748181657814,-1.2873798656142528,0.3727393993847139,-2.010987444873707
75.47920853069701,-45.0213268602461,1.063919435670689,4.472429725277213,-1.766101089247622
-72.06703038137495,9.474222104164923,-0.6160660768121531,-5.8832489072376735,-16.842198349112852
-88.35768900036157,21.10154299033948,-13.750399116093984,-1.5300840667277034,-56.807663822433994
73.79431170256018,-96.22780511888459,-11.813929984512257,-0.10683574481727243,-8.680035474464056
45.74180834681671,-59.2319226175921,-10.510905789590478,0.5274248736164534,-7.782968086803905
-94.12238513936771,19.92824340834762,0.7890940325064744,1.2303148927994187,-9.946820859627532
-61.86650667537959,38.9788182410682,7.797018705198356,-1.3762641419388957,-26.44923321451393
35.951716102418295,-143.20219552604144,0.8477567432724271,-2.109308115928012,-13.726971876957728
82.11756527705936,9.348492364762976,4.223065442611809,-0.8601852310974377,19.17865355777626
-24.187969057062283,-5.782269169770517,-4.53603001069034,1.1080542169804672,10.682819502167881
5.017058110174716,-106.2428457506679,-0.21142374074416326,-5.776603292701768,-30.035611708309993
-71.64629967848155,2.7699134407845527,4.710984189382732,1.0927238766160272,-19.088361376959583
153.53061678742867,34.21923472520015,-4.094275310015314,-1.8347076229245736,43.14335729778059
-106.35280151717569,27.217173414335118,4.129351810806833,0.17118098128125325,-25.510655517271204
64.80791489672626,-73.21347410835018,-6.117933940450666,1.0241201039421641,-3.3405399020961433
-14.227810994106264,-88.72157348470049,-3.54134102643941,0.8471160452334954,1.07851895201631
-111.40384586792537,1.5471395505652907,13.296504224603014,-1.3924416206502594,-2.5683683079086252
-50.323637532617376,28.57499807821539,9.508482620807197,-0.6572702815612952,-0.01557217082237683
8.571816852176646,-85.55284044067798,0.4220815407940872,4.060424355913557,-44.1580627055374
-3.3110023232975436,-97.61963788896793,-0.26623726319461893,5.610626796970095,-45.01838776336727
17.69845167504774,38.09647044449147,-2.7606710669365593,-6.308822495032297,2.5108203076753597
-6.998299107902589,33.25105266797587,8.45932782734155,1.7863821349227669,11.89714458039866
-104.577038809611,-33.82156681002171,4.572372530902048,1.5072181221759937,-29.743946082234906
-135.96071236259115,-92.60568940175159,2.1208003924860956,2.434576639248134,-43.886086972571974
52.44404252374579,37.135900318696486,-5.569029541414437,-3.9622285062895455,-9.263182568078845
-30.752198060832825,29.03273221636737,4.165761986465753,-0.8708300263048809,-2.6624755728103704
69.72720695201569,-144.8104463559952,5.604406095570216,-4.4070232285304005,-1.02707997880289
19.3109633908145,177.03299476010443,-8.084897690295044,3.428194923884489,15.70168738971862
66.972026464896,-34.36346140781139,-2.706729318105075,1.5835624584070016,3.650399913571258
12.08320034636644,-40.13723319132673,-9.222516730987754,-5.235347791596293,-10.440420057614524
14.432247158861466,41.245805979423444,-1.0322622810887934,-2.0404979661800144,15.154133149760568
34.0347796301492,119.44154745450709,-4.197633078975671,-0.8756840692660981,16.8338630391288
86.62049766787979,65.8674196057342,0.18442688299511145,-0.8413862619280272,35.185223985329955
37.97275695532225,72.6059772958706,-5.067488063897123,-0.2738855327225267,27.104066259038287
-148.83324710281465,179.36100266273564,18.597331343436085,0.8502477927225416,-3.6344342340703193
-184.45167078168635,86.98822549862241,4.784481839058834,1.9968027146242984,-18.541128104404635
11.726775930014284,26.308872087410805,1.3166451864424118,-2.071605069863127,21.70181431753203
97.69112258628395,88.09367711662529,-5.714103755814969,1.5757039946557971,52.49272961218891
-78.09250832642161,-78.97157527428217,6.283641770749562,-1.3347347417880773,-22.200371134253672
-61.69255603538813,26.91441463560333,-5.453350345569609,2.144541659375563,-21.07591511604862
-98.24388701690714,173.29080179678056,2.7951217547535827,3.0586467862983717,5.034405606727324
15.051758983204309,50.697209383971455,0.7477573231823853,6.691827995750545,11.280530773371286
122.99850305212766,53.80014550780176,-1.1786792535041504,-3.1762987341705666,31.92732913125304
-59.9375127856426,60.687931028839465,5.229957689237549,2.359882685316724,-2.531371101070075
36.051427891051354,-73.16089948039465,7.754335385859803,-2.443695990897843,18.33144445259243
39.40202395653091,-70.38141573399545,-10.908974474605817,-0.6427972037751221,-10.898967613087276
-27.32011146767585,-114.19238520051744,11.745790406543861,-1.9999345815557528,-33.25461032774588
8.136748888052857,-121.21204456973175,6.871786892091586,1.012887456871666,0.330738977980225
21.85166425450349,-119.82147169334287,5.775317322031089,1.7176232663639686,1.4750632763525187
3.335757539902019,-97.87027682587694,5.2232580439776495,1.629111735481352,-7.567359333739418
-20.6712951255382,-37.32180347321766,7.955871197086437,-2.8060003414955084,13.762390310245785
-20.6712951255382,-37.32180347321766,7.955871197086437,-2.8060003414955084,13.762390310245785
92.56421323743402,57.578400419550285,-7.010570685153748,1.1652650885490083,7.740114648012506
65.44196315641798,62.55451262786127,-5.188730777686847,-0.23035719453987435,9.379837876452578
18.281947507292063,-77.12862765020506,-7.316886728254497,-0.9116401920856498,-13.744422662431806
22.171452433600464,40.58077048527723,7.445834376653476,-2.30555348792275,13.360318833323827
118.76598819649445,-239.2806230618435,-6.316181227326204,-3.3510226210700313,-25.644653008015247
49.39722240433127,-169.6495181684549,-5.620650878927448,-2.61143643465426,-5.881569387690906
-82.15461662750742,-9.37103928077406,0.11732607245966253,-4.732359892379136,-5.8985127870322245
-54.99185424578157,-33.78037923375972,-0.42080771000495576,-1.2237426307803234,-14.404918333104659
-59.99019910098307,73.73216890688968,-2.637806837588787,-2.1114920581355308,-16.510595865552627
42.123934977986686,-136.34078270777024,-3.704351797696825,2.4306913472058125,-12.126433585335404
49.59427060944626,-109.334086890019,-2.6513800350693257,-0.31224129063457884,-16.699233541767487
-0.5445422152467785,9.684161124491972,-7.920907076989621,-2.1116643154776935,-2.104658160954923
-15.802649647636187,-43.93331924385073,6.877200630730333,1.9050248178192117,-7.165288274868517
31.22060655007498,15.884277810665168,2.078224542998374,3.439677404986993,-6.153698335165888
35.15752819848995,15.759615738606776,12.548566286419916,-1.5290592328835226,35.398083201372756
23.555847238605942,40.04055984245697,-3.5364885210994226,-1.754208395821415,18.014676450530207
5.720575784739395,89.30140568122336,-5.83229727228475,-1.9144897635417601,19.641012342775316
40.38028530471176,-14.183655187410315,10.223792192218319,-2.7646299985056975,2.9205207796326818
31.965474568433933,19.845614364343525,9.928132235553434,-2.037046330537454,22.038529948149954
15.258060559337455,17.09591498087955,3.9347150507667266,7.639029401492524,25.159125118377077
-7.141950737070054,15.941714510695672,0.5147795784113143,1.091539752144128,-8.58161666306921
77.99203844676845,-77.39128424370712,2.7693287075446853,-0.5769694807463213,20.82063396819356
-29.04579385677215,-46.136525017660176,-9.531493818555626,-0.759295865574472,-7.066521843860105
27.524399003202998,-68.3981482521516,9.753983263147969,2.9931194060564184,-13.39762743957833
20.57979449177914,-68.50158333612711,6.823102458961448,4.592904253149301,0.6877231273328297
106.32015241652446,-114.9098527152183,-0.5652728705136267,5.125769036093043,16.281766071409848
4.396803364428891,-0.5117321990190931,5.061958067124022,2.883234745469088,-8.431438067123187
15.413502451708744,-85.54387454223033,-6.1502460756624355,-2.113813438101544,-22.490437318441654
26.790390235574854,115.50889671510595,-8.177430372646043,-0.7959666918574536,10.0663903231167
-24.522018328816184,16.5215168733406,2.0460513217461176,4.032393294087232,14.990889218422936
-48.019444346350284,81.8137554512558,-5.843786830122452,-6.358899675921698,-18.98745781713567
45.46014032684246,-169.70845653390435,6.439221615401257,1.182802770923289,-32.54384004076822
0.9084855153482412,-29.306150765871905,-4.181771654607781,5.52533778035254,3.092819153044668
89.13238462724907,-122.63075588623013,2.3573176025521003,2.238956090666846,-3.3579321627505685
-35.09221596748491,-83.53270814887387,-4.366026282230038,-1.55462766642371,-27.83243447174609
-34.29891087068222,-138.6090336446771,0.3869537524361617,-0.45977980645607697,-49.773833689536815
-9.80963659855652,70.27831402431816,-8.268213932065029,-4.685599591199258,11.051606197306102
0.5944657900393242,-53.98406674878378,-10.057840260670007,-6.484204291157377,-5.4000106342406005
9.596350594575616,-39.299751639891625,-9.293210301948648,-4.556750542420026,-19.581565864764695
53.32075074786495,-134.97838505220227,-11.824733530471757,-1.5177435613955705,-11.497104770461798
-75.18729437239983,85.00406775683045,7.120726453485939,-5.970036542858153,8.382334996806017
-58.06420232001055,67.99099777303061,9.501038983689599,-3.837440787154921,10.4057814712413
-31.016657810849342,-187.70433881028487,-11.161491700976288,3.6123337708562637,-47.31597246956501
28.544653024400844,-84.0162090710059,-15.640236417630815,-5.457360395589271,-17.872828469552697
-2.018244208274874,-18.12716649206557,-6.003083936379117,3.9522060582900034,-10.033688422617665
-127.96960601308399,-247.53744037554773,-0.25262297344531337,-4.174036788134503,-54.33172293255513
-48.07687211255948,-108.01603094854758,-9.932034875877477,0.9507471555903366,-30.573104957388544
91.0768193717412,166.60763250635353,3.140021669251537,0.6790637464441227,34.31256141544087
150.66698815679229,-3.9931478887683696,-5.726986162722848,2.004430744860976,22.40049407488511
-15.571026711503592,170.26891573074985,-11.405970521960084,0.13295101742904092,29.78161321007261
11.105477353678612,156.8174465583083,3.1541601688826972,1.3149370611812983,26.904492912117473
-49.69218680954604,-106.2323723190713,-0.04206308905224798,-1.7455222806773891,-31.532579472570895
47.74969646039125,103.9954999894381,-5.510050502942284,1.128140682899223,33.477153046415324
36.602184240131834,67.10359272450887,1.365993305361088,1.6043445895446435,5.4153253180749665
-9.681770141317966,-66.07524871950005,1.3168095498729038,-0.8422447751243672,-18.06660451623602
-65.89096530243994,59.63048984606255,-0.20588998383819368,-5.038577571068678,-9.591201862339387
115.72919748200361,-73.10868293929879,-7.488204323165248,0.8566792952123565,6.426263572906757
-156.31528629265125,29.016367356203503,5.660931737148045,-0.24031864974486483,-39.34472974126623
-2.279194105215268,-50.815187331941814,14.269769424518714,0.46681034761924245,-1.6232795062989922
27.488584442023537,-46.294316943282666,9.373781264789974,-0.07184506277991143,19.83921677073903
-37.281256507754215,-4.2906803451664715,1.764375335862014,0.9861195397402536,-6.773176176655797
-17.690904019242566,51.03496582518345,4.0061401926812,3.5402884374930816,16.570228313720243
19.383914930600007,-131.77960002474964,-5.396696712788338,0.9638783043576933,-12.553833473533716
-115.03640842599631,17.50474207943081,4.987358339625434,-3.9534021385940896,-31.240402584991696
107.38494691518791,-102.21220388474536,-8.588794265235233,-0.9689358567025965,4.704995137251171
107.38494691518791,-102.21220388474536,-8.588794265235233,-0.9689358567025965,4.704995137251171
78.55308248286724,123.41705418559089,1.7305127361633268,1.6194252311428163,28.79496758235252
-14.123947928876323,142.94078242973902,6.134357171280917,0.3280654755260868,30.661246832314667
50.197856827692355,-72.9091110577773,-2.6947592378937153,-2.5437422891514796,-17.75609294960243
197.66835830327918,-137.47353284840744,1.2921009962322623,-0.2853455235418402,26.92349239536538
-99.98744559906847,254.91889362376742,1.2077014971150657,-1.0650357366237824,23.730675965080792
-99.98744559906847,254.91889362376742,1.2077014971150657,-1.0650357366237824,23.730675965080792
-143.73310049124666,332.156890163845,1.0170343975937668,-0.7387983023695338,33.24505958465011
2.5863857121281555,-23.17489826681006,11.007306307411557,2.158081169277815,19.941365620835978
-32.11906613819418,134.28566238747496,11.166752651664465,3.021916712485706,22.345972041500772
80.8273582513149,-73.41330656999894,-11.284965354840484,-5.024642285451842,15.273034609166562
132.6639247101868,35.29037207544786,-2.1022271547370766,-2.8651705882922216,41.03826908973094
50.43019970623122,-50.40679151978244,2.818868356370335,3.536050280043076,19.621524658440872
-22.053168886493562,68.71790806365385,-2.4675355132415815,-4.164974472263758,20.61148820485274
119.20541873760538,-77.41424850811376,0.004431381832936676,-1.9993398410791907,-2.8118163070671134
-22.36848212681475,-168.39593247605413,-3.722041357561693,-0.640678791167249,-35.87362869425856
15.176261254860883,170.4577335062193,0.7121192516183772,-8.454590382062543,20.637138618414877
133.0217083813141,34.79448668268338,5.6711090000722475,2.989537819644801,29.013910241813882
24.715596228432418,178.81716319638713,4.122194562875237,-3.227887552604043,43.455868619072724
7.753075132589896,-89.4091910361754,-2.264895026915597,2.8821463311612026,-14.020107986392718
-13.777548374331124,-1.5521191706847048,13.403725986310327,-0.22913867286164602,6.722062219497991
99.5823578893167,85.15726910735171,-4.233796440420694,2.9450861482605077,39.53620166292933
96.04511860438106,77.12204326661175,-9.0529833642684,3.9260387678113524,37.23514734596637
142.08837693931716,204.66613133136852,15.146721435116607,-4.971586966577465,71.7656119776018
166.38648609359052,124.82490612658177,18.044430717975143,-8.250474148069205,90.56654294015675
50.73748170530664,108.71632938526322,-8.289640824378168,9.827668839119442,25.916202801095256
-42.35446406431534,50.32686197224555,-8.260755050772568,5.002744896684816,-15.590989038569468
37.39408079200929,28.191733962194874,8.390160161375363,-3.753183923468998,24.40692229517312
-18.38374277745133,-9.687752864743146,-8.922672286657416,1.0994058878140418,-12.073714371914328
-41.5005902102582,213.055545894896,0.6387609063122248,-2.9235526154833287,16.576855276024375
8.926126101205604,282.37090818176466,4.048689843372301,-7.024064483932178,76.03754315826963
17.017297855771442,-260.25170410064226,-4.475133292423882,6.600469489463322,-40.18107942640672
-2.0695484494071756,-170.47032293631068,3.706644520409073,5.403991286993061,-44.9697149857906
-3.3324733996337486,-21.04602227272764,0.4226208359016823,-8.204562836442335,2.1481086370900577
-57.424119661659965,-56.26033334218825,-0.5242868036433914,-4.8747156740397255,-1.2326676718215142
-36.498119739532655,90.19822216197946,-4.97861038272997,-2.9156603944788557,20.99804316438895
18.85478377677697,-200.27485693488705,-0.7521745041810153,2.161920161812345,-55.475726305048816
0.6080213795731773,-266.83421070776495,1.517993343234104,2.628992972991081,-39.04702188336024
-117.81109658996101,86.95334778442813,9.731543524081617,6.459715097184324,10.069965873943712
-34.55070904527053,116.79922818246376,1.107333446936396,-3.609024202790515,2.3930991557433217
-78.6294667607927,115.14348008152372,-7.683897301640099,-1.2205646129611232,11.935524474332771
-47.79820214960313,-79.52596019570748,-3.00864013215008,-0.6240147062879645,-30.57823798183164
33.5764440268037,-70.66626842523144,8.431415702165499,-5.608978882459828,-6.0968659920844885
100.31545184043704,-27.620061332974508,-8.48302788069482,-0.8331147751041015,11.237548192782162
31.141834600944133,-53.50727731331614,0.32666589735470364,-2.559800678230522,-1.3831310714105074
-2.1778542210256053,102.0033355910827,0.8258534878611528,-2.8333820733780004,21.774841676637394
40.82569755495552,-52.30211363972208,-0.8390372698817814,1.4065853816402467,0.5400993211236012
-53.46371027554608,35.92278486812076,-7.053149961417054,-5.04205411148738,-19.949124852766072
54.66260643758734,-16.001024244892218,-0.09483602201507546,7.099761997272004,7.327381524319102
-18.888811339433715,131.681482831803,5.572229667589392,0.46987267422082724,15.153314829499429
12.920482790459014,-67.68647313948841,-6.9682025729271295,0.5066691401097072,-9.052667706521195
-86.0711581163527,-103.31290085258426,5.415073356055851,-4.0562324372564795,-50.01972589068579
-61.10636415598286,-61.151334285645,-7.751911828638207,0.33366329453794896,-55.39932822019254
42.81244685556447,-27.230557371860694,6.344131690663185,0.36023934949932523,16.06031684570047
41.74038633988439,105.79539352530117,-4.865192255656169,-1.835024146599975,9.247380430584574
41.897776813788724,-26.54019316390381,-7.078623133555553,0.7170639991659149,15.903906448042914
34.16693460335951,60.92766792681829,4.374815085868725,-4.151995049268199,19.366087352177715
69.35008802072106,87.30221747773194,-3.9563261679709285,-4.36292086173053,40.288438390555655
-126.97337708371637,-169.82144189460152,0.8797890020144061,3.383475463674231,-64.86797924124609
-126.97337708371637,-169.82144189460152,0.8797890020144061,3.383475463674231,-64.86797924124609
-131.54964634448,-87.56936722514934,4.143796409552117,0.12953001340875625,-61.79936595046425
29.447651737013267,189.23465606190263,-6.4670097933559685,3.0355320335599707,37.59995341728542
-98.61325352492868,-10.80729381850482,13.257332222414325,8.212357059465493,-50.31600476542475
39.99688952847486,-197.26167563064678,-11.327432443344044,-6.096038846146628,-27.794464966440366
-159.2345401982665,-28.29468166359645,7.394009116059212,0.5671694365966244,-48.99188718568713
42.8808653276216,-151.549813626687,-10.661249277932319,-1.9319948519178851,-12.291119256761606
-144.97429977382762,-8.357112731629847,7.41701504660592,2.0111265355887715,-50.517455867351195
-10.007847346315572,104.46744106717105,1.408203041672682,-6.862780382849989,15.07950796943403
60.100568012283404,6.20546814949725,-5.680402539145133,-1.8286986617002547,-7.782494527583424
-110.15078294792737,44.727297629258366,4.509629477193547,-1.8955008868479988,-35.004775102277854
48.21935199818007,33.69221363148378,-4.6881781263904685,1.9039212663880671,22.056948471787074
-100.1790518375828,-115.43920546956997,3.6202211041026797,-2.882956972541511,-43.86888546633246
72.74858134654257,39.25586885849145,0.22555170968626115,1.3432543296655002,17.058483873404406
-13.767528622641038,-165.1388332879609,0.8032437337349934,1.0101745387541898,-16.405701937070333
13.94877932551963,-37.73405445366977,0.06821837777331177,-0.5181228204661478,-35.149113149440666
-59.25235696392101,-72.37776127958665,5.0707077425694695,3.9020251847035934,-41.681652802468925
-10.965390737516891,-137.03374846630672,2.5467060552091256,8.720505751597589,-31.48931743039484
-62.954009684239075,78.10632884963881,-8.304450567288226,-7.729329319539132,-24.430879117177884
-84.6851899060355,39.49727199558584,3.5688861579313294,-1.219327727169727,-16.416759941139443
1.021476442680168,97.81412812416048,-11.863794232564775,7.286949887293632,5.241776814062099
44.95543831510207,48.82052666858793,-9.499157501186275,-1.1929197260041011,14.339011249317458
68.9900515671479,156.08427833159973,5.73519789737138,-1.442839751548739,48.60213964613407
107.17962948348269,103.29719373759252,5.522609625557413,-2.5274576972644405,62.41340335199425
-18.141629920614346,175.60992145849582,3.013279010064597,4.670898554469523,35.60918071800873
52.577888083298845,116.36318447409576,0.3539774431322733,-6.801301000826854,65.07284740875481
-65.55437533216048,222.14054911765695,-10.929553466867274,0.2992565199020265,12.761017622281464
-12.60601834916718,217.577068892284,8.570939180654943,2.647335929942706,46.241250513964665
36.81704581545087,301.8773441020834,3.6350979468652485,2.611026115466927,55.265889055152556
148.41845797362,-54.61866210547039,11.006835837271531,5.383517764312251,37.75563424635604
146.84811285066058,-162.03724360663844,-0.9350039105316483,2.911619282606514,10.257241636646777
111.70958641061978,-39.25201301925428,2.0933857476934965,1.801310298301537,21.64268853674413
-22.636453735630766,71.10692831801273,5.008418049345956,-2.8115178503127036,14.89085482427144
43.009983660807876,-71.03022340124966,-8.387160133129592,2.177939296450248,-11.02373138977325
-16.750345684266357,126.61817821059856,-9.261916598600562,3.340785938852658,18.28304585348028
-12.49632285314593,130.8553560052672,-9.327372277163738,3.4590935394477067,16.6760887883913
23.347347799015196,-48.9442837403327,-8.541698000131621,3.5449137646479443,-16.726758185209
14.248251577773758,111.80979795552237,8.488073693472835,-5.443542755988366,26.80824094563674
1.745661733101974,72.82899048641838,8.242757632980833,-5.580639069327068,20.056483255805027
-43.44778374735805,42.051994230905024,3.371348318522841,-9.795596668003006,-13.320771190612195
-26.533246174578355,-56.79432765400786,-18.375194871029063,5.156633051591244,-28.767340171617548
68.07182593660049,-125.67487532620711,-16.9236838229691,3.0688966392166703,-12.760521263575786
41.344045685731366,-78.49466716416421,-16.359453931837837,3.2063010093772455,-25.935249641771403
-74.72062951544564,65.37025134861855,-0.00394127563250013,3.984954368832836,-9.696585000556897
-54.72272101483118,62.88090661772602,0.3244560048595918,1.7204310401417584,-4.8281151451807265
-117.8131698648541,176.17685290144902,9.407957269677215,2.5528614474100957,2.2416719165053998
125.70446564322137,203.75773947812405,-11.218981213776328,-3.158276778580938,74.29317311126239
80.46486191625665,232.80284277647215,-9.440861097689714,-4.51164132744308,76.9307204113091
94.27001747981954,216.17773679670617,-8.791328181972846,-2.5483248499338638,56.270392272173616
48.59548065265425,83.59259660005071,5.928896092462689,1.4833894027643881,37.95620397895978
-90.22050909584084,117.06733794935869,0.1944617959913848,6.774850306136172,-7.059766336396796
-59.213181250691186,19.472900016506017,0.9406098796658812,3.594359699607862,-0.9787361271124642
-13.700758301323155,-161.2247249497256,7.099226611498844,-4.962653843053775,-30.648338489617668
-4.386874299683953,225.0162472163385,1.85470957798481,2.7693180865622713,35.849324587627564
41.92520272582014,176.11709039433435,-13.138306422743925,-3.638944649840904,47.46597922151733
127.46721165108661,-109.0985495646949,3.8526728442546174,5.620759369355545,7.241668444368564
76.9514393760727,4.246590130974823,3.3798957677936743,4.589617217949479,6.0796785490837735
21.9806739593653,116.63142689580968,-5.2428798878234995,-4.337823794727187,6.081486663342613
59.816112997521266,-49.7626772906251,10.234177025246897,1.7566842141639822,36.855687879215665
84.04849874108781,59.571209457816664,7.839022099145126,6.242340131318237,21.04417365857677
-3.867368321912636,176.2345451189634,-7.742813830944291,-5.186430306965482,32.256886089609104
3.662134435414039,-186.10409443323798,6.912433441231521,4.924904856648015,-30.196322450377103
118.45940033544942,-149.36300560496613,-2.9688820424164875,-1.563771472260366,18.205354457929552
-0.3898681103827286,50.21026307464592,4.587555216987715,2.087220006681612,17.228297757061718
55.00241144478326,78.1123839775798,0.15742207670163966,-1.79928066061562,18.937663804682032
65.60737018760426,20.336625122308682,-4.275106744335921,3.595217304310776,10.793699409006894
12.39185173489456,23.202590783499232,4.975206044342016,-2.997737461252609,-2.956253805162925
-26.820149659825486,-138.60923787493059,-7.115283986150282,3.5941582989632566,-19.43887260553219
18.487770658359526,49.05783450823016,-6.125967554041762,2.5311414684560045,1.5697961849600048
30.194532339285207,-3.666253515146443,-6.263850138624737,2.2259662976467087,4.082489547367805
23.62764156982225,-30.571149476793284,-13.411762748402412,-7.422581299472771,14.668523684715382
46.27036037437273,240.52568933856193,-12.11309004017316,-1.303718361191128,73.00978650762899
79.83411349814028,34.455283261161725,-6.36257161528831,-3.4762451118589124,35.7539392551148
49.18240463454572,62.60884169871001,-11.525550773330242,1.0367626285204328,22.02219640616127
45.69487104273379,107.0790039856789,-5.293239227895327,1.9180050821949954,37.79177856585028
25.44053321385931,68.80417205786932,5.6476307810897275,1.4931674836947941,23.421184008567174
25.44053321385931,68.80417205786932,5.6476307810897275,1.4931674836947941,23.421184008567174
-49.437680483633855,-7.578228268694623,-1.5241759478280343,-1.9861121861126398,-10.433831923071981
-12.189664071858873,41.04062938433013,-9.824453570819028,-3.774732661437708,-2.1487257034260185
99.4748036538107,127.1754359812791,-4.027302128188321,-6.157759154783575,51.58644433320105
-99.38692956679188,-73.18454862224378,-0.02312500049327615,3.025970191155247,-40.64241957382656
33.36848834436907,-150.59964616583332,4.59083659090554,6.945670809564784,-12.486264374703875
33.36848834436907,-150.59964616583332,4.59083659090554,6.945670809564784,-12.486264374703875
-21.094434250064513,109.27581542443929,-1.8448495541264402,-3.4027770288978543,23.397408641371804
32.17407038368558,101.04619640040568,0.9354845910873455,-4.096941896628865,8.983058477136954
49.88940933765602,-110.489528004931,2.1585150946746046,2.4865702220508243,15.549427569306626
-46.65860389993422,-42.84851169843408,-3.7396965362777443,-5.048251983200729,-44.65892414409997
-65.25357954816428,-70.8756592607458,9.9996172522116,3.422300748181472,-18.94094739456269
-57.10630659217311,37.994205977562586,14.675569460390784,2.9154187152069735,-6.971220058522924
-82.40714668173601,47.91865896072183,14.149339406317612,1.5223671012824578,-2.9898135922885087
-64.0019436358842,-55.92784866665154,-10.872522729562668,-5.329980450851311,-36.50287810348486
-54.86300645888521,94.7020034643419,-6.889856837696389,-8.364472271799722,-13.216958239305534
6.173936051505372,-25.169914637425084,-3.3854025127729472,-3.7209182918467913,-12.933029341007764
-51.44650624565824,238.75225260800238,-6.185483657572874,-5.838309345475197,4.766081012289942
-41.782951271295346,-197.46548357258405,13.815963411643452,2.0839570340235793,-33.856658257374356
47.21180085365076,-50.891823736388844,11.631869497630536,1.1513668294199175,1.3895130254980685
-92.43449844284575,-3.138125151535096,-13.846593391628598,-2.1021045288857647,-46.03015469107709
-24.885437344411493,-54.93779670937932,-5.1211231995750355,1.094024089660214,-33.33659265535586
33.17201954277022,-72.53658441499189,3.331119066224317,4.348504732910634,11.506755354117146
45.15658114119114,-27.50092493885667,5.677693149764388,3.0834506714125025,3.740751215045438
106.10430526886432,10.983367987159191,1.1822442065891066,-0.5565669416263883,18.158587320652344
66.86284746976662,54.96982294131911,-9.687330328689631,5.416742255271677,16.18820123226224
9.505825855446304,114.90479016152828,-13.363886487328706,1.1984784177134054,10.4093264329376
16.029121806661692,75.21679643810187,-12.693747042998632,1.7577605680788575,6.116900637731935
15.163931266309802,136.32235733728493,-10.013704628450753,2.8127681572638528,12.537908355403047
1.3790210442630357,58.552661758268954,0.8450127690075995,-6.939604935679808,17.617034809123954
-4.329981627872785,15.059770909106849,-0.2498909141027832,1.1416521075276957,-9.729639320712199
7.256302095288056,-37.82817665030526,6.483629575899731,-6.124491568091814,20.924556422528028
50.64431859860814,91.13432871635206,-4.6220926164665945,4.714970355906844,8.571197720222383
-48.238073323047935,4.815325177219037,-3.565858448481877,4.389376970524294,2.8443868615788146
8.188648682992252,-81.69721777942362,2.9920090983746426,-5.523372646380601,6.371784388370219
4.8465047867463085,79.2461095585398,-3.5949121103968373,4.700176436218541,32.6158128994911
28.382022270170438,118.1491194982343,-1.710148488097544,6.5651071683905435,27.107102901300845
52.42561749923733,-21.172121387231044,3.29711819015857,-6.588223730921484,10.120569685295692
1.4854264565694208,92.16112323039513,-2.137437570501671,5.78931892075945,14.036777188157574
