Tº A stator_t_5,Tº B stator_t_5,Tº F stator_t_5,Tº C stator_t_5,Tº E stator_t_5
-3.4491683233678145,70.91046662763631,6.079428921977961,-2.5833927150240417,-1.1342878628427904
0.9396627287095842,77.33890503030142,-11.275512477013788,-2.2953844688561027,0.147998083869036
1.4690275147165293,78.32878746663144,-9.442677720895652,-2.4986734518007307,-0.9303876835936933
-2.2645525722822604,60.29442452947629,4.674403786868004,-0.9064087902021514,-1.6645022208037978
-2.0705199757488852,66.8564714579157,-3.6839051258845426,-2.1496164206526585,-0.5777141870029883
3.7186225754938445,80.51746633841714,10.953854591434522,-1.4157912358052192,4.598420685288014
-0.6688644016668706,75.22702832854911,15.940816439011847,-1.3940710463456973,8.077767643109173
2.0828115742141735,73.71807516448378,6.396638016751648,-2.539694495045819,0.6237743553625021
-0.8560502996333732,68.26776133873771,1.312533811845526,5.999635410493313,2.564557749575192
0.9717513728880456,69.44486102174555,1.4272566777446132,-3.808157218690841,2.0904505592275506
0.9717513728880456,69.44486102174555,1.4272566777446132,-3.808157218690841,2.0904505592275506
1.642905997229846,71.48422829347028,1.5222462647433148,-9.369032598156648,-3.5823041027310056
2.1865364200216497,72.27452049928488,-7.601857799048645,-3.910208893958094,-1.7848271277287888
2.674067846774488,84.83346758198648,-6.91707894987422,-0.5364361511766176,-1.5476953738323966
-1.689372209185831,54.686335222419196,6.449294457316736,-4.286267147718725,1.2150534443125809
0.9827451787587622,67.28965372677564,9.055032628473667,-4.597605472827776,0.26119569228410977
-0.5293416849913266,82.39451867210661,-4.334947676227083,2.652037417700185,-1.130048704301289
-1.6521873994574037,64.45538278532624,-6.520178020909379,-0.2702039887378498,-2.7616895410848574
3.7910219084916212,74.46695301251667,10.084192668435762,-6.235220328209072,2.2509183193056934
5.261805030874195,63.11815314971175,-5.120359533000782,1.9480483046495616,3.1787274499164964
-1.0463727384360406,75.21954816791299,10.982510354578656,-2.6936295096405036,2.7675457559917422
1.0932341787027,63.24152929294769,-6.960424706148205,-4.32809284295838,-5.736720869189487
2.9890364636558733,71.88753485068578,4.584028708134382,-3.1587199809823017,3.9915254739575903
4.02523108854554,80.37245776054615,7.756151269750967,-7.632883414597767,2.345964536427513
2.026570007391677,85.68192471459464,-1.5265199559519465,0.005545416079409726,2.097437123183452
3.0282479177773545,78.87742822669755,7.187859634049522,-0.37947879254243233,6.18145962388424
0.34477703046050845,77.17801624674462,3.6553029805335595,2.13137734311929,1.9929877707657244
-2.39756026152104,65.5675270163946,1.8739351484045685,-0.14761461233841278,1.8967321287292855
2.2360229606130613,73.42330003774407,-2.2575004409433337,-5.722099018507134,-3.677048637751411
-2.7953146982131925,62.10083208713774,1.1489903368650412,0.87207086981355,-0.7585276155235745
-2.791309632146925,62.1107142434579,0.8958068102311803,2.5318582305598145,-1.8829071809074542
-3.6261140169194297,58.92586548182587,-1.5410251128003343,2.1811337378983096,-1.1728358036655935
-1.6461090038026294,78.06667712386667,4.0234882170532895,-4.080146542100211,-1.4800674572922394
-5.545925237342422,77.17292588397616,2.0600045586553266,-3.766709281901173,2.3738292246535364
-2.4265742612014263,76.60438714713978,0.20375613534889192,-1.2221219986816236,-2.5959296883802523
0.7680070549311474,76.81124335365678,1.565110748565829,2.269454548019918,1.5691488618740477
0.07359133209392144,58.47432076242359,5.923043260720432,-3.2765932309663004,-2.266774862974982
1.9816576853361692,83.19699193113402,0.41668619277372576,0.11216964093790383,-0.19669369091201316
-2.07330564310757,63.614341667145496,0.4729348872354362,-3.1588835218396536,-5.007602612539387
-2.6372287678879127,68.83840227205172,-6.664046610558512,0.9730793582184574,0.8297601108499211
-1.0166763792369486,66.47131155229806,2.445955843753797,-1.048512792810642,-2.2825034430039235
3.1719140613678096,61.79681076403223,1.8401508898531882,-7.288973384104302,1.7789192004617695
0.7315427431790735,47.03779802610886,-0.633314067409362,1.8877722694379484,-2.718555628982547
-3.4145141462397364,65.30002826627899,-3.2733962438052187,-9.143156075586052,-7.108225750157526
-2.2809724626320698,88.27742514631196,1.4613368269941285,1.382176129701632,-0.13669662732707843
-2.1172266597891527,56.801794142783386,-1.7269323661571063,-2.1070376036239216,0.15866634296541593
1.0355928417626776,83.68200040896754,1.1112236256554477,-4.744236349410528,2.226538618068706
0.7884784168666541,81.11210037907743,0.23097238339776383,-6.251254273177561,0.3436078323473364
0.42398506353532706,70.96219180340624,1.155328289262332,-3.6892719766080946,-2.1905931261102767
-1.6192959329266303,72.13151919453529,-1.3088910116370518,-8.164043797591058,-2.3278447309211305
-1.4551600695414117,74.73321965869904,2.7356239432487697,-4.429533052231896,-2.8749569304274916
1.439489527017669,65.10266269063747,-1.6956876852876124,1.092834112527067,-0.9306108655079777
1.4078960698368848,63.59609398533735,0.36862866414785467,-0.02865706462271711,-1.0915146911646845
0.6793287867187651,54.80106164893874,3.9483875571905864,-6.942330348929341,0.6341104838070278
-0.622217003346557,79.86721455830325,-3.8809734761527026,-0.32659256345861465,-1.574694614596512
0.4714566443081245,57.03610497623202,5.824426489256522,-3.646415120640276,-1.2829220956191727
2.184671959154298,73.72936669821264,-6.954813552590358,-2.8670726950470753,0.6627107499307978
3.0638776156545418,75.76817835234749,-1.5743608232274697,-0.47120916920938294,2.031672640691244
-3.9433289516544727,62.37802655573871,6.456679206149751,-0.38856274271534486,1.4397474268139931
2.580436635228966,75.36140802879414,-7.917536614274869,-6.150102082774195,-3.1014618463260653
-3.210082215813128,70.04131292954818,-0.7729173639076006,-2.6767468360876214,-2.973741882986234
2.10022854949416,73.1435716434275,-0.5652628595422167,-3.4284110214355645,-0.29059993274839563
-0.9093518605572841,78.43949039019421,5.356719234544861,-5.484670459795222,0.15985020753828572
-5.072629184996,72.65277619054643,1.3496690815851897,-4.1230467478002994,-3.7669403851021244
0.15033621005607145,67.84294612265755,-6.176658933337533,0.37050575838293454,-2.9700588989832966
-1.4712418379134038,79.86177872009347,-7.034896944008136,1.026711764717617,0.51887985207695
-2.753509131173732,75.46905792844203,6.520030372029638,-5.671962229205328,-3.8200227925910006
-2.5854602459558853,74.88125703752353,5.61363858056619,-4.3982246138723795,-0.13540549784547418
-3.18960419124801,62.84377703876577,2.8213454351893232,-4.725335729446572,-2.668146246378676
3.225761689101749,80.12185675959365,1.636691499433586,1.7184458440976909,3.0716962949154056
0.5545031090603076,64.31884222012923,-1.9071576582479883,-12.786820568809734,-5.02823234676178
-1.5004036122799342,68.66444722782207,4.405073133234617,-4.411160669778008,-2.590979936170146
-2.9349258431837257,53.743811674327155,0.8889474447568722,-8.767690428736376,-3.9022826318321173
1.706159064663384,68.27800371632593,2.1776812624385493,0.1405189226266832,3.970830501505445
1.1185957137269358,78.48106787394,8.685615734369202,-0.848946399309461,3.1849087199267188
0.9638193688717597,67.41984208200603,1.922228855979311,-5.577401266434853,0.490220053033239
1.2659286161123149,73.92004401344971,1.9952897978757829,-3.2994148806226815,-0.5508398129465832
-1.8846622509798283,71.75425015890767,-3.8628478867459597,-1.1145977396765416,-1.6836785051870318
-2.2949934800757585,82.99722637295774,-1.890686252142253,-4.911335176637687,-3.137010221365029
0.38494446348867406,80.30645614989177,-3.045690604660808,-3.9594151058645526,-1.0332698682629315
-1.4933089308295147,59.74403684752672,2.4061549902060637,-2.4462855608571425,-0.21408422290353113
3.6285574057451244,61.96291028380151,1.206214802548649,-0.41354255236590065,4.716212040827396
0.5047654434674846,63.87774278898011,1.7845984316816663,-2.7933555363233395,-1.742974527824094
0.3947449583612288,77.03093266098868,-1.2700882794641961,-7.665954740924054,-1.582315802219819
2.872074911254994,60.673238325060254,-2.4617951850448825,-1.193627131580104,1.7008515402115674
-2.379970313153227,79.02001498813854,4.439469881571388,-1.975922450680709,-2.1065314460434377
-1.059777386679243,82.33802931766289,2.896836569612038,-1.3845087093738493,-0.9916319136521867
-1.4911996478063378,70.26517576770335,0.2714371668240346,-1.8213734959994543,-1.6105133467557158
-1.4911996478063378,70.26517576770335,0.2714371668240346,-1.8213734959994543,-1.6105133467557158
1.3445790760262821,62.145326789431586,-4.110611655865602,-4.096463128792219,-1.3230503699644387
-0.31283905537876877,76.6785010761936,7.289000871238005,-2.333601738751913,1.2518974220130832
-0.02068311377679974,60.456993217670295,-3.2714448220728096,-7.772410664487469,-7.450236411911772
-1.6733539782954718,78.7363550215785,-1.8988201957544044,0.7933086189252219,-1.204971404622278
0.4978017281793767,60.087635609120305,-0.9473082565861528,-1.25055512256177,1.9669094245036676
0.8895183313816435,83.22886860627594,0.7489906534563291,-4.382447170839787,-1.5542898381696508
-0.9229083000033024,64.59657367226923,-0.44596037474872063,-2.6472521617070894,0.06607139339387502
-1.212188370548855,72.8984978311974,2.2080988860337527,-3.4345800647266618,-2.4164549939342717
0.7362490656913476,66.78279980688455,-1.9589973513241161,-0.8219323535600656,-2.135281752148688
0.12874246764712324,70.1284670079062,-1.0594050039520977,-0.7111920275624422,2.772196605666409
3.2205609155370576,86.58635239937422,1.0050506663203924,-5.297516760975343,-1.566857008592218
-1.195786797847032,76.75496318741004,0.1391998960514952,-1.422322595876333,2.6561483912921533
0.2536026008988237,74.6271077169517,-1.0777427252952014,-2.5107629330568964,0.22354950535770968
1.8424218670447552,75.65153604684592,-6.818589700653833,1.0526167395291979,-0.49564225422607366
-1.1899987075335041,76.58804916656462,-5.730427551699634,0.09903545721307638,0.6268084281860595
0.951986479121353,64.46269635373307,0.018231183175769355,-1.3588543652965388,-0.19242163447767435
-1.7049635794140954,76.19672413059887,-2.6613126909381912,0.09686424219636436,-0.0035484983999385378
1.1152270228450023,61.120614756993696,2.8042395679453285,-5.186155875309731,-0.9507558247798027
-1.4739706234565912,84.83680756721074,0.7355063530086632,1.0788598558225204,1.7923692778377862
-1.2163631668289137,70.90381760408565,1.0792749654430365,-1.871939568527953,-1.2564776422247157
0.1811253546567212,68.72765026997372,-2.245502591345635,-3.6067747605300995,4.047411686781114
-0.5073786046986443,70.69968643322431,1.6587320717670204,-2.8951252874433604,3.845248522488059
-1.6263327036707635,65.58189526363677,-6.217676611755277,-6.415595832764359,-2.3509859332016054
-1.912923969933972,54.32156702611476,0.7587821190705077,0.6812013108306789,-4.967601816193304
-1.413543837356215,62.2017608061257,-3.367189640839593,-1.7590132826320402,0.1190653629941334
0.975742183426029,63.8062341179682,2.0053911694250184,-0.9913647734671844,3.180798995154534
-2.302144219478824,80.89410856605778,-3.2171287789078526,5.413998790488458,0.6947581391594935
-1.4409552067347684,72.86406897691924,1.7543779139279918,-0.5856890248098452,-0.241613208517925
-2.0733150187582092,75.19096047511216,-1.7674341044702018,-3.1405259825110843,-0.8531052141065152
1.3899676119432014,65.87626237862041,-6.034046700923364,2.739823890600685,-2.207886655312638
-1.9804722515446787,74.82060951849367,9.359639637911904,-1.3402434796255425,-0.6060857158439155
-0.884336205006016,79.65275839972273,10.216840751857548,-7.881431598244562,4.18475402694636
-1.4189051315502859,73.89291198940819,-1.2397291016076144,-2.050390651279112,-4.828890399784253
0.5533834635501543,69.74990006077857,0.27876947461056023,-1.566509856833695,2.233599215353938
0.17798178899953654,78.97597917185772,7.376458874138132,-5.238919758288378,-1.0499238864103797
-0.7516918351308075,55.77757062239447,-8.666655434205676,0.44601819445839364,-5.016086041651832
-0.7322369734062995,58.19818957519481,-12.969562472462597,-1.1140200321891314,-3.191328897393803
-1.3316360669878389,67.90928456202735,4.480938158320404,-5.438410936822638,-2.980778292410567
-1.872713612284435,71.91546906614865,3.0764227853955157,-0.029095925799000444,3.0710757466027307
-0.6547824372708629,75.51233127545684,6.4744040451755405,-1.5707644974545583,0.4848020989133759
0.7750109917073855,76.67161697538856,-6.461901408104317,1.1337336821864383,1.584731522285248
-0.8272924048599151,62.09469350300815,10.609141234739191,-5.073605073650253,1.7202183270359466
0.3497756438774843,66.84035632496676,-5.227648654996789,-3.3759748185676837,-0.7606575507257558
-2.213634320667525,72.98476826966636,2.999872488248367,-4.262988204932632,1.6798752260739296
0.3132807408192242,52.4207339076806,-1.4732107281559204,-1.407949774438999,0.2321459802625887
-1.3878219698338097,75.33990270922575,-5.107286168901396,-0.8980470807365688,-3.825833923715854
1.075491316444326,63.09560913195496,4.088035412016742,-5.423662632405506,1.5483331815208814
-0.721852763692526,71.04218824800833,8.462672329137188,0.5423156572244432,2.943898202908768
-1.3785701182430763,63.76111865880982,9.596630851146493,-7.854537885967195,0.011078034468182452
-1.356906632083408,69.59430249509575,4.294174216734516,-4.531797830780013,-0.9488479327897604
-1.2501195639972134,67.22932850483501,2.6409201281013406,1.3567440661807608,2.296140789435781
0.5325275911859574,62.04224031143254,-3.1270499792104407,-3.10915541621526,-2.16120862933385
1.1575729345036225,65.49543735383152,-0.1449792079488912,-0.7089447678273113,-0.8610526653708006
-1.5156153235108638,74.7660893142091,2.609694109331387,-5.328992524189312,0.32985222348509863
2.8112574984770093,70.60861564251586,5.701037601474346,-5.267026135981678,-1.0562541271677224
-0.33056775613543543,73.90997874401486,-4.337595227375255,-1.736096335346851,0.41014750899173746
-0.33056775613543543,73.90997874401486,-4.337595227375255,-1.736096335346851,0.41014750899173746
-0.10058813030454064,62.364800810252035,-8.647877751423117,4.38315208483545,-1.9871337858228642
-0.8278089705432202,68.85662173549271,0.7557538487717181,-9.11808107369851,-7.032834230462308
-1.6744783901621503,67.2358426246747,2.257671375364911,-10.31978699509408,-7.411222605415136
0.07997197508493326,58.75649062687614,-0.7540822568886719,-0.9911006808052125,2.5437710384494023
0.20023428965351464,63.08718473950707,0.22997184451200292,-1.819690913441699,-3.585084290797157
2.4571836351601832,68.39519469923853,5.755782377350658,2.2168140844016406,4.21071391022544
-2.2589352317129667,65.67700987738002,5.961067548576111,2.1754970370381703,4.078659948443102
-0.30701992901941333,76.88175755319963,8.042588837084269,2.1256981556689754,4.0409650393279115
0.10056989527408927,72.7230299378372,8.47095332244539,5.487801645215473,6.147517986742832
-2.703627163384262,71.83494136015257,4.404077875029247,3.1745342270954544,7.6343285571307336
-0.5072299410792334,65.28170304786155,-1.8995420964274599,-9.339524448489293,-4.940593355300401
2.6170514124912976,61.38982912354398,3.0138829330303567,2.166685716958375,3.5862812403579896
3.3963294938215016,80.78934104235793,-1.2437138777858099,-2.604749014848151,2.1424904617968163
1.1647387045142445,74.32699281268772,-2.8314909803752952,-0.026288016225728628,0.13241885429171862
1.3402574342798408,70.61097432692797,5.235638303672593,1.4339842568638965,5.294394608235764
1.3061544357376087,70.53463188755585,2.530640774458235,1.9176860991458078,3.0535064024850014
0.4806670380194522,69.00860891748417,4.740694660053595,-0.5465341230315501,2.5926519454221757
-0.633738094136264,72.02933102990292,2.616985701918464,-2.8720272634118627,2.473044920523223
-2.97573282838411,71.52044648381998,-0.054678503732606826,0.39304680183488205,-2.0487371682776963
2.261417286132566,68.40303244919038,2.0724439793819895,-2.7126426557812735,3.011492450425507
-2.8281788194666704,74.26941953724587,-0.3581113626613117,-2.376629174645598,-0.6153902155561308
-0.3811506352385201,67.48164973480044,6.107728916114046,4.042362983526286,3.607196443946746
1.2434252603382778,68.08848683157682,6.78342850085036,-5.701202498247936,0.5842968535943691
-1.6373688877660746,72.25265664688801,-5.766643541699816,1.4897595637210075,-1.7750260466721928
-2.475050884050989,63.63456840764823,-1.7169533695250054,-4.47089149125496,-3.265034012620673
-2.475050884050989,63.63456840764823,-1.7169533695250054,-4.47089149125496,-3.265034012620673
-1.9083178254640198,62.66688103789851,1.1324304187606336,-3.209233578586084,-4.985727155341223
-1.9083178254640198,62.66688103789851,1.1324304187606336,-3.209233578586084,-4.985727155341223
-2.9024729781967826,71.0892118075369,-4.362803592905012,-3.1248261821812844,0.06934159538302964
1.1663284280473052,68.30324427849756,-0.05739817758159932,0.20836692331563889,2.4911917024672863
-1.0059456808274767,76.96153914273152,-4.293714083930127,-3.1696450713072175,-3.784508041405568
0.27625190381593434,61.11467152984444,-3.092819378739355,1.713918314002814,0.10241726797826012
-1.8991898882792762,61.76318158550785,4.059082550875723,-1.8214778208391946,1.4077691024536954
1.3833572546945794,66.54919084384504,10.507851796142441,-3.3768244191045658,2.789960812046834
1.3154898235329102,72.1313268881712,-9.944001899727244,-0.38763420851837155,-4.4010836800693625
0.7740439774145378,65.13055816339156,1.1617407663741135,0.7531608666287073,4.39745444455308
-3.7367933263274153,73.07100665866076,2.726392076370102,-7.802883713010067,-5.882255361192727
-1.8577284622057557,65.0801490004492,-5.204789039670264,-0.20474466075877906,-1.9500158740893783
0.7331998016767187,78.31922741711496,3.7209992832014356,-6.114423200581891,1.0847985382916354
-2.4112710774151833,78.80952921314837,1.5280684381157035,-1.9881930609090013,-1.5213234929545683
-2.459794480621389,77.64586313894183,-1.100696273990441,-6.9025145333585005,-2.878673020440955
-2.293159181905688,67.15864576150439,2.6604393770201624,-4.967048587959744,-0.5971319409884783
1.009190389928187,60.444685861709424,7.063577085782018,4.3629836875060235,3.635959508758371
-0.702659261289421,73.05823238052352,-4.232416414165826,-7.055591939324871,-7.47684967169204
-0.49218583072600697,65.99343978393114,-4.1946729788288755,-3.824098099857921,-0.5312487948303781
2.2428183943357114,67.90540488222832,0.5119217984799631,1.525628173483565,-2.036767787301258
1.1492407008052812,58.554235657162884,3.144412721363052,-7.129592605547361,3.1576090064484332
-2.721077992077812,77.38723205658874,-5.363743202107256,-5.106907025633407,-3.066342802575901
0.5485081546405302,72.6353225101867,-1.6121916604969453,-4.451045196243449,-2.9052095210215523
0.04658350231725217,73.63175203779207,-3.1662224653273077,-0.7618040807831159,-2.810637047184705
-0.3126505980978329,79.89592288722918,2.3569048630238996,-3.6277497785990684,-0.4341154273030038
0.3316731981650619,81.31629558145579,0.9272823183123506,-4.984293910559675,3.1621976533836995
-0.7465053684278177,72.06024953649535,-9.236870135815147,-0.2992280700404413,-5.999793069604048
-2.5862643919693404,67.16058202012175,-3.7624944933334383,-0.7205822135436037,1.3906777229086482
-0.4445313718931627,55.08969277192735,1.7380251695756257,-7.463917525997876,-4.600176267583054
-1.3426479736285164,72.36020599959218,-6.379643763286639,-1.0781306774359052,1.5516540263163252
-1.914114496063112,71.07723097697412,3.2540000250588497,-1.8222842355455557,-3.619784744417088
-3.5855060110666876,72.61693401885574,6.076711996555696,-7.298373851932922,-1.6205039141237223
1.9320758452588436,80.22333895862495,1.6989862393989243,-9.487925432331686,-2.6013956239272433
0.3380460333199866,72.71456792685822,-5.108645345827965,-3.15908070534135,-1.3917503905014434
-1.2557578809618848,66.51511869837782,4.877347805837316,-2.8773765777992066,0.9853574915971279
0.8056152626529165,74.12940074730851,-3.119092386819618,-2.000996100766172,-0.15164297287063322
1.8213749291156816,76.34936518481774,-1.2542890231514257,-10.351933258279104,-4.280053703713296
2.25858521333459,58.0672176853539,9.352971754451957,-1.128316222993078,2.5703027953798108
-2.894869710937806,81.2910296035274,-7.125436171140782,-2.575172607781121,-1.8794129147811538
2.8405149412689763,78.08564016455949,-4.114783171920792,-3.662154365950658,-3.4890001424291017
2.8405149412689763,78.08564016455949,-4.114783171920792,-3.662154365950658,-3.4890001424291017
-1.9847454889865759,74.16888641832283,-5.996898211052416,-6.873165403829592,-2.8996467195777678
-0.9484984360404181,80.9300761650124,3.1304910010928824,1.273969349102714,-0.14041348222565642
4.054886549354396,77.206597111106,1.8480746313452507,-1.6476561389706696,0.7726896563473438
0.6455715967615308,66.42965322294603,-0.8620346884895024,-2.6832820484385613,1.939557824676986
-3.6911838494462796,68.95525481773726,-1.6202127205467738,-4.034705977765537,-3.0221837467225066
-0.41260189618588106,54.809309707752085,-6.623532956361551,-2.2421682252633857,-6.335886088510586
-3.978850525943589,75.74361778689811,1.6948368735779906,-3.4634872451256844,3.093414083554194
2.545669528832427,71.43305381004822,-0.37801924127234354,2.31755928222348,2.5663889797548993
-2.350534941448128,73.67280670944658,5.190542492372806,-5.14622080039588,-0.8221359862646551
1.5222537021880331,69.08428574264542,-5.941882358698194,-0.33435325216285494,-1.7325235920071478
-2.2189353428664367,73.83622954736616,-0.9835726419758837,-1.9934499535320729,-0.37047981787831286
1.032635659196861,63.82652709257112,-0.37252246645844767,-1.330115420523029,-1.1307116154076229
-2.480844416552859,63.86771654182393,-4.6522367811986705,4.562876949562389,2.0259797148872205
-2.0678169395493,64.1710982083511,3.9436232447337147,0.05668693879000486,2.419444603183405
-2.079153983053485,65.39986878552887,12.664282963640787,-2.871000195048522,2.8894522543015033
1.8389249915250643,69.3164548051669,4.070678060421766,-5.839169503989972,0.943709315729393
-0.46631840276447534,70.72946912194523,-3.815148569422098,-0.4980516466069669,-0.012685760032749516
-1.0008205368298682,63.13757301807576,4.143896189913395,-1.5168817608206115,-0.21223437137349443
2.770034716748209,75.38267238653678,-3.9489235465942247,-4.981684249660244,-1.6254293888111053
-1.7390932089680424,62.31732751975633,2.162340563412725,1.9514664653084577,1.66023810523141
-2.2440555319965227,72.85005690532051,-0.6372822822975905,-8.035716847126109,-4.561752780733967
-2.2192806366566273,71.07799034678891,-3.807826046315065,-2.4000486659849214,-2.401576849266249
2.1820296905467775,67.89493704993919,1.6122473647341868,-1.777229627649337,2.723542417332299
0.8041386603349014,67.80864362127387,5.29061176206842,-5.756369820157238,2.1843179399978316
1.5107027275044262,68.02470903329036,6.559189217761987,-6.5174525915094526,2.194295038689271
-3.134846717465768,72.49286342292558,-9.294471798062895,-0.9493400345726909,-2.6018895624190232
-3.2830293894496783,76.71687295660624,-15.243188064373875,0.5967235458402737,-3.9800451560931025
1.1790917361485747,79.06931945001085,-5.437905301669816,-3.6326898001959815,-3.600505080104488
-1.8254803946659732,64.55576644996124,3.204868949167497,-1.5165196498439903,-0.8589980702041199
2.772172099710847,74.0752742007729,4.892661746029036,-4.660178552675454,0.7006234411396367
-4.326789448803363,79.0385509492304,0.12685892273696942,-7.002319236413893,-3.2976978580244283
0.9856876903609275,70.58759229609308,-10.145398799521942,2.985010073114296,-1.285413635816639
0.4419191816433967,61.579239222092355,-8.593997367402267,-1.649646577605277,-3.054875123926761
-1.9666358673091193,74.95227889417751,4.674080128792954,-3.0630326238334282,0.07670866896036932
-0.31846863122170843,65.8258012150106,-6.53900641154268,-4.014795562537299,-3.8318351268536754
-3.112200733047419,63.287483863227195,-0.42682196855980337,-4.426992068718169,-2.527428343881655
-0.17572467994065644,68.33300784941314,-11.514239174171434,-2.8107444737976603,-2.069717441947159
-1.040185410855856,67.76118231498427,6.253571197065227,-5.2946340266409715,1.852398867323672
1.9729609915902473,70.61083471498183,-4.882483043297414,-4.164186669270597,-2.6660156945208238
-2.760457351671458,73.05788263258074,4.518202570798461,-1.0922058990126553,1.1819625794977608
-4.607174504045601,66.85570093945891,2.4347927633702953,-2.814483248673488,-1.0207024608160142
-4.111162568553516,67.67095814497758,1.8049400364109398,-2.735610435752413,-0.5518552774973446
3.4846300142026982,58.099200751450205,-11.927966902554962,-2.4727199539580758,0.02316158621325526
-0.8663506936496153,59.74473605919128,10.869364858314318,-3.5543757917705,-2.3635720476561053
-2.221130997138258,61.417778446078074,7.395314741410335,-4.749682569519561,-0.21318804550058612
-0.9396569512382891,56.44636239499842,-10.369655825586456,-2.478484876403045,-5.420961975928448
-0.04920844862059637,77.6979819735776,3.8668514669858096,-1.2396996098735675,4.359680684789984
1.0303382122604634,74.6689965946019,-1.17853049153181,-1.080041431689855,-0.8660190058476511
2.7829860329904266,76.3235557857812,-4.876973301144943,-2.17354670493138,-0.9896272975396452
-0.5749612259603754,77.74766728932485,-3.0652614581337287,-0.5901470768344366,0.9579276146659206
-5.0807521780387095,75.56903085684166,-1.9447596378908432,2.883763384869847,-0.8341403320092167
0.23716317184592928,72.09072243374605,5.248914466998958,-7.548613996849706,0.19705046376447505
1.1715933178126345,67.26205019296627,-7.293019816523001,0.7719884224124121,-6.280376039611736
-3.782790945808369,71.798059625438,0.7145315397553542,-6.626967408762688,-4.349111348786262
1.2239680394941066,75.30739171118388,-10.702590227449988,-3.864918798998327,-2.9847560126822894
1.7393959453750294,78.8965198005443,-11.3843624973285,-3.3658373723996644,-2.520709042548877
0.20605862924945795,67.81254293516108,-1.3239219562503175,-4.119638723550954,-2.715130369307282
-0.4104344916863578,69.3192615061091,3.540269805464867,-4.671918649719563,0.36275379197941837
-1.5894988573059714,67.75994823755903,-8.309576887845706,-3.398700181607106,-2.66621585889483
-0.945014242059713,69.45936748747846,-4.775671169757876,-6.2979405640206085,-1.6724007283603006
-1.5937443410624659,68.67163139168147,1.326003902702717,1.8501365259117701,2.1434634071653793
0.02112080734767985,66.79340784891255,-7.315454254344539,-9.710045726061333,-6.730813662496327
-1.3121052888147497,63.28709435205116,-4.655136322777249,0.8196921241246207,-1.9064821369710838
-1.212820971436295,62.14837758638629,1.176396334564184,1.1597167487336888,1.3756191758299054
2.851130845728937,64.20190874272092,0.7055639013461935,-0.059940923039674354,2.7307448605183486
0.712972938672146,67.19804230307312,-4.691743731421994,-3.761139123320681,1.4933790341525046
-0.8184578677371125,77.54381561987269,-1.16951938674661,-4.2036091659216615,-4.443319185164442
-0.5280677092137465,54.35347676567502,-0.7742766938158132,1.5000204583858676,2.345900611968493
1.0246331046601045,66.3973516723763,-4.1200143476611935,4.785844060472768,0.5214866576878259
-2.8836470522799456,70.96872572861854,4.187246268471251,-7.104129800339415,-3.732798472169179
1.7815861794059804,67.72210187610399,-10.242513049118136,-0.4297869216300567,-0.8807219622528714
-3.653400125569923,68.6033261394957,-7.230985208515852,-8.19515072572877,-5.391105878735937
1.3900276585385194,57.34425945653348,3.7286014537518244,-3.2188209584647995,-0.2254208958769448
0.8400347295726789,57.838421271223254,3.3659259532583503,-3.2112673609936753,0.4675845008709829
1.3530955353819494,38.21603193834303,6.324709700655713,-2.757072011896565,0.8442914454851118
1.1020211576993244,60.353993914815895,12.555736662416502,-3.8635557270098904,2.5513954396669507
0.9380034214965878,64.77630042000017,2.1904760395860006,-5.695633450636448,-0.5527482519110182
-1.8624864182882643,72.75657640041483,3.507854008397463,-2.2925525068461052,0.0906307801077304
2.2142239731306104,68.84184027884655,-6.4649829855882475,1.4718678354453405,-0.8836887931232432
-0.46805091999658033,73.77305043911171,4.963608343971902,-3.7136281263086266,0.7636521708161914
-1.2762501997545272,69.42490662801308,1.0442797292146881,-2.216259239096425,-0.647455759818121
-0.8641037165183316,76.45731611071719,7.477378783647978,-2.2684909826737183,0.9330921729140524
-0.3147600207818271,74.04246078893225,3.2184402852728864,0.3014324993406028,-1.0592890186445159
-1.8398691669274165,68.82215634368639,-4.420684938976355,-1.936976125701716,-1.3332800854465874
-1.8713853964371021,62.72130487338561,-6.198127339818421,-0.67428647121208,-1.1118174298074108
0.44332682533299145,68.17317672802993,-2.720257555109358,-7.048332998411592,-4.428590352996541
-0.7539082908565182,65.99949343823764,-3.32362717217475,-6.253522304327193,-3.3111513960046337
-0.20747545450244442,71.49577439499252,3.548995873897847,0.4933364800225677,3.179410131081917
-3.6761835136750625,70.6125189741443,-8.553809024618637,-0.039582609438872485,-4.884436830977748
2.0705003802027013,63.619899490184096,3.682184715590611,-7.024115639221887,-0.7758835352178279
2.0705003802027013,63.619899490184096,3.682184715590611,-7.024115639221887,-0.7758835352178279
2.9563575948276712,53.74346854969525,-3.389861650217945,-2.9774663518809037,-1.9271828473591035
2.7255925937111924,63.93537439194273,-6.391443819650777,-0.07251478301188025,-0.070287783885421
-1.5675863232682528,73.1977953995071,2.690306076087273,-3.416257879204054,0.6845137972873631
1.0127011644574366,61.37195083214867,-1.8569785713004494,-4.228152655837279,-2.726914629972057
-0.8421050835708933,64.57120442217061,1.3893659185238367,-3.4867404031228837,-0.12454158757254241
1.2052507408527136,72.10936122706235,-1.7995408493067615,-3.1151182967443414,0.9998710810931634
-1.0681682120775755,77.03349582409757,5.529618143447195,-2.3382004279756075,0.02768661231301639
1.1885652219353724,62.7223284500059,-1.1005638378135472,-0.7010095075403406,-0.30805108708905404
-2.304129109747346,66.4600791885168,2.394098584774877,-5.220964845190271,-0.8088512735760944
2.0002659716394184,62.243220558234896,3.6975045280817707,-3.0441019052848635,-0.1777348892310475
2.6790183470039883,61.390144173656104,0.6385806230679862,-3.1286072116147126,2.620240555469231
4.318735252914429,59.79473943775437,2.004037266996448,-1.5271645317914406,2.5248060798829624
4.551875227045998,64.50652308882297,-3.818013313305498,1.3631261178249843,3.095873029112935
1.5374676370055966,64.45721883526032,2.8179844253209954,-1.1187862769144323,0.48624370602642386
-2.355320019584013,76.54207039018775,-2.497237698790649,-3.527947796377152,-4.961557269833521
-0.6694620864623861,64.88599579265994,-1.4847832934100857,-4.25122640229939,-4.733335058988098
0.8570624900818234,58.050422140039494,-10.021877051880047,-3.5600762179780836,-2.6289456490518823
0.6536291811067807,78.59369098166584,4.198740198529968,0.6387340883606694,2.8167943154945414
-1.0030794401887255,60.87896182014971,-4.505703523531441,-3.236836055298821,-1.2649928800540502
-1.0030794401887255,60.87896182014971,-4.505703523531441,-3.236836055298821,-1.2649928800540502
-1.0030794401887255,60.87896182014971,-4.505703523531441,-3.236836055298821,-1.2649928800540502
-2.826575206258293,66.16986509473479,-2.976240179065537,-1.649600079188541,-4.834267912879575
1.7568182740600022,65.09055437168674,-6.511807259340276,-6.650868591469874,-2.082498061297143
0.29044155875833755,54.01454413620882,-0.7180083160022663,-6.768244585317094,-6.079636720222929
0.008861190720336865,85.87648886070541,7.42875311959045,0.6338631797570298,0.09064934024593146
-0.09606261225472225,70.42824056145066,-6.387223227995369,-3.9210152706249417,1.4977884886707264
-0.06031510109643001,81.64886532342207,-0.44811622281445396,-3.0456635710950946,-2.095058955025638
-1.3693195277195718,55.62428322505994,-2.1150321694526593,-2.5273941460537506,-5.113946147995998
-1.3693195277195718,55.62428322505994,-2.1150321694526593,-2.5273941460537506,-5.113946147995998
-1.3693195277195718,55.62428322505994,-2.1150321694526593,-2.5273941460537506,-5.113946147995998
0.28618931309480855,58.62847329732351,-3.7790020941187037,-5.675707693790662,-1.6104284838462788
-0.18027041659562015,80.78873320681457,3.6952551768378425,-1.6984877090692072,3.289782600708862
-1.2664025604139342,59.652447180401296,8.451350425477107,-5.002162061839248,-1.3208207916303838
1.4727477716937964,73.19258118295448,-5.67754230672064,2.049583628418619,-0.3614129357544702
1.7485576996901198,69.53182314165367,0.9145724823007004,-2.8476063267851606,2.475723920270453
1.4185912089508679,68.59519436551888,-5.19422987763919,-4.470045022807368,-2.4770215003987364
-2.025415463451954,68.75291691122206,5.372523547461794,-0.9220531081631386,1.799342274075709
-1.0044749138521833,70.87684592255827,-3.7991529841821867,-3.3751995570011766,-2.4222140701704156
0.3119372297092162,68.03707166901803,0.24476440794926368,-0.7653014393494908,0.13090571422269548
-1.0063923744943746,64.91339472298719,7.60070270264102,-3.800765590152243,1.2433094385791874
0.05196454252820848,71.04334076803644,6.164053575735684,-0.901825794683484,0.47715244543427915
-0.7021058751368562,77.56948035384409,5.548739082770394,-3.333786595308955,3.4468965093905877
-1.7640519008447964,60.226762264022085,-0.11590143984577317,-1.4314189331021743,0.45572708041650384
0.15556749305001005,68.30195384262441,-4.087469200209321,-6.436604214170974,-2.2513786007313294
-3.445086399765803,68.47213758663159,-1.965460065644586,-3.4022999658482402,-1.1463506711608202
0.7787721616021215,57.474609042696564,3.2164292618836656,-1.5732062021312285,0.34709924586825536
-1.3829118419800355,62.70989117028642,-4.797604878952466,-0.5351055527776076,-1.6809355909912558
0.5619623276195637,76.15078764218352,1.2992141634966892,-3.142580594715771,1.1423199784276805
-0.8728475932651919,64.43173348546365,0.8364912262519213,-0.47896858501254513,-4.376246075007542
0.35985452453700195,60.022716081236986,6.173236111343449,-3.6584066279574947,2.0330707942143085
-1.2296945687488965,79.41215935936489,-4.547361695172489,-1.9939059843717526,0.20751158827229554
1.3326226526253928,82.8315214098027,-8.312922432811723,-3.0005218967023737,2.8891952688154676
-0.25097507318262013,91.1909584590479,-7.604835956371122,-0.6006472031434229,-0.5308231469800586
-1.7037721513815565,56.75382556564027,-1.4965368367775476,-6.114643389509062,-1.2562110773942814
-1.666814292422563,66.20455884005348,2.0045254642622417,-0.07567062831245305,-0.20946216177728472
-1.666814292422563,66.20455884005348,2.0045254642622417,-0.07567062831245305,-0.20946216177728472
0.9958827911268628,75.03031671722698,-6.327887215822512,1.1065657760561938,0.7219498764248344
-2.1745458166781946,62.64920564447671,5.005407933293578,-7.29071876481981,-2.36241897899799
0.9820725010504979,76.62045282541779,-2.3452688045752286,-4.694533083821451,2.4198208747709087
1.6899919116279951,66.52901585998052,8.234875161248002,1.3284683045827657,1.8502365993143748
1.4814647245843475,65.04702918897972,-2.127215115873645,-1.979756178392116,2.008852742552805
1.3251788881341842,66.99533435697676,5.441783675936376,-3.185684171431757,2.9221514813951743
4.729745730051116,65.02812376373355,-0.6438538105488965,-2.2715714356180667,0.20083052467023754
-0.5971020896668771,58.950044394641836,-5.646927602554311,-4.119686819656883,-2.789728106866117
-1.7272639532117924,73.94748299337284,0.01218562373615395,-4.379586970613872,-2.4069919010185457
3.476561695781975,46.45400974353432,-2.7084591293232507,-2.163260782505129,0.14774977838390813
-2.173075082741993,80.41767868393312,-0.049459564834177794,0.4654863846841435,1.0473540540552742
-1.5999500469830719,58.37164524873845,1.1317521471076408,-6.888859446261387,-1.7393122925029783
-0.7419886436604238,70.26519263368793,-0.38507303227907025,-2.5010545676268143,-2.6215284913981094
0.6330336346869251,57.389649149329024,-6.132118207940518,-1.2327497954923436,-0.9605242571680068
-2.344500484322732,77.56288149245191,1.699095384502135,-6.6515735743686655,-1.6406466841960659
1.2380546627050697,65.46402524808643,-1.9041516634330167,0.5330769041499561,2.184459089008082
-1.1791716964801455,58.9098179881777,-3.740558579294043,1.378127131538117,-0.4418502791656569
-1.2617980601768326,54.68241027143153,-4.210972158477326,-1.3190657263355843,-2.710274827863763
3.065284756744285,66.86710966842388,1.3925444291424858,2.8426993043744897,2.4408605565232815
2.072051942629033,68.02684064696314,2.0953833571872744,-1.9698637091933042,1.1222464957476057
2.269090971353093,60.860213737937045,-5.571765798948183,-1.7253608715044204,0.11482989399978116
-4.79744091809546,70.74280208598515,-1.2024940254948686,-7.731058508359544,-3.6660974300682794
-1.507720505258232,72.50448025580998,-1.3244275335883622,-5.696029529470888,-2.453572225650224
-2.6915955177515847,71.5803793352822,-3.7425862886514736,-4.402601314760236,-4.554238774268465
1.8395931325692152,69.75268506389561,2.3960773055332236,-1.0854838256586055,1.720542880655832
-1.0177925786498023,73.66406447794962,5.273493323884633,-6.602818177420456,-0.4573359750157304
-0.6855477338013876,68.84741799559302,1.8907744508501603,-0.9136977531551072,-1.152914320987871
2.2815158642649895,69.08490009040712,-1.6475828272109572,-4.599336180133544,-1.4075688992364317
-3.2455588680748524,55.022896479843624,-2.4826348873466486,0.13004423228083373,-1.9021006466669572
-1.4503909547427176,63.15684547236753,-1.1640319252886826,-5.01185420935955,-3.5819929347905513
0.08009826887692295,66.29772934948355,1.0074745334687796,1.4432826257750793,1.75535539993766
-3.8363766208593093,66.13908569682786,-3.1709681625249653,0.2173828883674389,-1.0517057276976738
0.9236899267661738,70.6199191606804,4.640015155670545,-5.135719779797431,-0.9100027524491036
-1.6482647020906667,67.37256000208515,3.3549663648483197,-3.8578982542906384,-0.5531376276642646
0.42119059148868354,79.00563903890746,9.994924420092898,1.8012767441669657,6.930143084420363
2.6074472121553254,75.38887909771523,0.8679816864295349,-3.6356649372568635,0.31009069847684056
-3.290017618657536,71.94253884749688,-0.8751115088548409,-1.5796611990340432,-1.0061393422567895
-0.8028201700774216,72.95075460692102,-1.0602735986023821,-1.864022333289391,0.7242429709263378
-1.5378953683191317,64.75209201617652,-9.218265537353696,-4.433214759325754,-6.585059759815866
-2.1527623797142406,49.79163909548036,0.20844511085087447,-3.566998534530063,-3.905315324901485
-1.3240394197446248,54.97870334637414,-0.6884170065036463,-5.109683480995203,-1.9971469808305282
-1.1375453685300339,79.7396052136587,-1.3309366281550647,1.3095801785803607,1.0368431895444423
2.028401334658991,72.70893447791308,5.309183810911787,0.8668171548779142,2.284349747598678
2.401436911869975,62.69143691963342,4.126173295152214,-3.3801587606919314,3.489719625144884
-1.3393622433523364,75.50317164807056,-7.5823080988303,0.14115272532734813,-0.8741888066886783
1.4732290428632908,66.16384608931638,10.394097516938627,-4.069711529735643,3.44969482222533
-0.30617306564059577,68.55144143467712,-3.1408200320179493,-10.08407929603456,-5.892806126241101
2.6002531502208073,64.9336670474613,0.35141035932743225,3.833443793964867,3.6330348977811506
1.9767238335445523,56.5426701129794,-1.508558251158028,2.553374000476166,3.4733665957099165
-0.35818483167591664,58.14172657090514,7.286975373198555,-3.3270234360673747,0.0899392066140674
-4.155363723919171,64.38194978264576,-0.13665249113729772,-0.7369454637888986,0.2766003919483526
0.9038586396142492,60.23486611377199,-0.2730444004711259,-1.4773662177291196,-1.7044392993126634
-1.1782143731484203,79.50685249812467,-4.3238182581290525,-4.809883398594965,-1.0536961273333962
-1.4919463524212198,63.85184461516345,4.27097224735615,1.8920678261170436,0.5950305044815887
2.810593376137799,67.33124433068524,-4.285372270902565,-0.7848972042397171,3.016792792418282
-2.358761114005866,60.23788214571251,-6.471485996876297,4.72818183829333,-2.4458077016143585
-2.29182567533857,63.09028902057182,-5.569585037741808,3.8066495296535603,0.9364385451779915
2.550259513027035,74.31691295063831,8.477288808098209,-8.000821175208069,1.821335415688353
-0.4802105044614553,62.80854243886414,-9.333502221186812,0.9753386764133571,-2.2252689025466585
-2.1695128849846057,65.49012573328584,-6.407368816099008,0.285684390048498,-2.625729881631695
1.9373205904168662,74.74945240618187,5.973615502830228,-4.979276759486107,0.8426745921158789
-1.6466863663839075,59.9731538525688,-2.3135187783460407,1.8825548396221712,-1.7738971814336937
1.8499623484389467,69.55985313174347,-11.105105358326881,-4.575501820181815,-2.486000278210572
-3.3720973839891113,68.767969805208,9.763022249095608,-2.771826377850643,3.124272785193055
-1.8713925885402614,71.04374250265255,3.3956642679096065,-3.024048516860352,-1.8690923294285338
3.068355734014336,80.38806850605579,-7.569012201473125,-3.7938698326257567,0.051369876881937615
2.937559114544624,71.93483197585766,-4.024422190301875,-2.610378070347216,-1.6821088289532131
-0.9951483159743475,66.71079466494129,2.3624635946210932,-2.357175624181868,-0.5895310057288043
-0.28185748924929976,63.05173787424709,-3.751927754788039,1.0092339630008604,0.10038153262546812
-1.2369903894329974,69.80554081469185,0.17456530927783032,-8.403115460354059,-3.5938752706579358
1.1804018340037374,69.34988748284376,1.4454970020697022,2.0195494817529296,1.495569844873795
-1.4956459610481452,66.67523971498171,2.5489286910707367,-8.720493212042195,-4.233872862293758
0.4270914403221908,67.19319919770548,-6.908177289216294,2.384534213007838,-1.1809287350314155
-1.8978637780006244,60.43096114132732,5.191930682487449,-2.6369486776775655,0.9951725777630005
0.21668035231977434,63.57816532065853,-5.128727131423497,-2.4332369065365214,0.3749588861360996
1.4381641764675417,74.96824856646876,8.485229359272271,-6.140932596004489,-0.5066604275262403
-1.3901354531144652,65.70951544776273,-1.2957451298649474,2.3198627899208963,-2.538717779902163
1.9160082734130772,81.65686990125427,-4.073966619978722,-5.1200435230629,-3.3531746150528354
3.959376871962476,74.76018806007734,0.014836979948015028,-5.121972534810023,1.7784886812856895
4.035075107781132,70.65568388597292,-1.2975205579487838,-5.273818044510662,-2.0248762135391325
2.36397742544205,72.00169632763675,1.651602884650939,-1.9711680838172696,-2.4400296225889977
2.36397742544205,72.00169632763675,1.651602884650939,-1.9711680838172696,-2.4400296225889977
-3.941569981631818,61.38064538399595,5.405912664453517,1.3651006052364338,-0.9511671874121266
1.6086201686296842,57.921012443784726,-7.200449345384872,-3.262553304513122,-3.3463136739627974
-3.1389378306710474,75.33382833681422,2.62802466804139,-4.061750964953726,-1.6382482533312772
-2.1322946210773797,77.19611692541655,2.77837177361289,-2.453340377881764,-1.6464376114874315
-1.7509160990484087,72.27808729605289,1.9174166510132942,-3.842147796604412,0.9839495720135298
-2.468966536298957,62.79434770092753,3.45310680926307,-1.6327245825299408,-0.8214155390659579
1.767323581623346,68.61791682252668,-3.3867950171913943,-3.325949968345922,-2.305006264638657
0.6783811142071444,64.35892628616462,1.0033242608671515,-5.5242107082152625,-2.1435119242212948
0.38758325897120544,67.82649967665795,-2.005279443366743,-10.593765097171515,-4.883569702887593
0.07951829694577067,64.39645166900843,-1.912772657254374,-7.199210575313904,-3.837302781263098
-1.575606361748489,71.14341158141195,-0.12197428863423898,0.4906331705542599,0.08202043648675206
-0.5294709520517691,68.50885523254729,1.2280202745896618,-2.3267824977142384,-2.005896418029582
-3.860383012560892,63.46191106971673,3.2271605081595824,-2.1684942184123726,0.8421630556709127
5.5919474585035065,66.668381118636,-5.887266093353388,-4.712588068963541,0.4799296643761255
-6.59503709111174,66.78494765426147,2.1184197828233797,-2.4214434126636597,-1.5424919355482098
2.7146578962967207,72.98882311572537,3.944677363042308,-4.646343196653553,0.8996852963617206
1.5184578757202798,78.32052633873164,-3.279177133496222,-5.7337391645470746,-3.688286668462351
0.6811605013841973,63.6436944804376,-5.844992093875618,3.0586966696929205,2.4169201023759643
0.6054320205901637,73.5608028348467,-4.018309962984423,1.3870366543951227,3.488625118750717
-1.2263484772128757,70.56071393670658,0.8241738909129843,0.014045869651710952,1.7196808909747843
-4.216010183002147,69.14671766404652,2.3882433923359403,0.9268253443519144,-0.1501230613758766
3.6817543460497433,71.7022918980678,-1.475041240064387,-4.462790980626303,-2.179728859994274
-0.6696685104440698,58.06662919089648,-1.7936975807692481,-6.6512241229369815,-3.064236057413627
2.6393192097200826,71.98208548430677,6.997002881031005,-1.851568406558692,0.20585267240503402
-2.818788360391803,61.573217508683925,-5.704649973902441,-1.5427074544029469,-6.5450388853963695
-0.6446999240007856,62.097702769858145,-3.6515339570703667,-4.315279981418992,-0.7813063997126717
-1.0061005728027568,74.63280935459093,0.7816005238781876,-3.399211066836312,1.3820406832627374
-0.7667918752413159,66.19100565255764,-5.161324178094971,-4.942657106264646,-1.5280542434703854
0.20569231923754877,68.70775955300562,-3.6874523911756727,0.8802087592210306,-2.8570779223498537
-1.756974756376168,77.05686978321904,-1.773573886192719,-0.9301931281517599,2.597038612229603
-0.798873800483977,76.82550938176958,-3.3863228742127083,-0.5458617805741317,2.251338487137078
-0.16587640617803256,86.8090269151069,-5.315164663889252,-0.5363271735319293,0.5019721875341783
0.10413725486488373,71.49230251909601,3.043810607448984,-3.536474991812455,-0.05363257897042084
-1.7845198695197089,68.31811378182,2.7996029085720946,-1.4217742041623245,0.3812478300718607
-0.39476412640030933,65.89033171129743,-1.5472144163357746,-2.9063123513439697,-1.3118001569265343
-1.2505546914561396,66.32745283029797,-10.248408883971141,-4.477005848947922,-6.5127271830132525
0.3901056649277467,75.15977595832234,9.946783629379894,-0.5582241464905664,3.934155547086253
-1.7731097082926448,66.26884892470625,-8.434918183625983,-2.468880042186883,-7.677827694013185
0.7974093219466485,77.45083938054083,5.813580521190952,0.6768128245817029,2.0217921528149905
2.091131633620256,77.9194322330784,3.0766461851049316,-2.4309484630979306,3.8026747930924247
1.18163202543778,72.41862936208366,-0.4578630542229582,-1.5691614248119479,-0.6431533232305586
2.906004749058103,76.26126315763528,-1.4138079558742362,-5.489313913382322,2.51489843936471
1.561483575397886,80.70894525242666,1.6312731414558936,-2.649709931393639,0.5618326111922252
-0.4578414855390053,81.47814320375541,1.6675306896609814,-2.145769839869621,2.0642072404312746
-1.8507739933195375,79.94391688146668,0.9103871845599998,-3.4531090483289244,-2.293001297767193
1.730901880042536,59.08897415910144,0.5313032864326264,-4.2655913792476525,2.661269169366749
-0.7049580550037886,67.98165454685392,-6.513685598372326,-5.838222194495427,-5.735842726362689
-1.684560132337861,63.972941538155126,5.953284653219757,-1.5361260557208931,2.4282612077045855
-3.11811201059645,70.69144336892322,-2.4941314826314755,0.7298273126744574,0.21432361102832242
-1.242564284667886,64.77503911012727,-2.1180388087235986,-1.6246584315179762,-2.4832855520769397
-1.1673308316890763,62.012635351309584,1.998714395210447,-4.172488361282876,-0.3364127031730829
0.7028804103040723,67.74944124609388,0.06920077252088164,-6.439881480638932,-3.43238828865634
-1.1544484719806531,73.26819337282132,4.931406700966386,-0.30804318435862177,0.586381821416367
-1.1544484719806531,73.26819337282132,4.931406700966386,-0.30804318435862177,0.586381821416367
-1.509283824517683,65.99662344934781,1.4776258608328385,1.5310525920866807,2.804690383152174
1.0428490918138027,59.75229498939724,-3.906822116649583,-7.484643147646063,-6.1310790592810935
1.3907766067914669,58.862374567279204,-9.477367830927903,-9.088285867806206,-5.453106094870302
-0.49349025019095705,55.30886945973445,-8.230356438957601,-3.8258461742250676,-7.6081633617477795
1.0116752658474926,67.8102111728786,-8.310000076260659,-3.555760593785922,-1.3704587148680734
0.7909031718495521,67.12404292599933,4.107739252377253,-2.952464652572785,-3.723704882190704
-0.6393794271792168,66.68847637189603,-1.4885975475680955,-4.301236377293799,3.276670045754076
-0.3263586459283876,64.32062910699639,-5.863683143520315,-2.1561075578547024,-1.1906935314858487
0.0031043640302922393,76.79311324350417,-2.5485644761601223,2.9089237232223115,0.8121133640791491
-1.410241099740506,71.82162349227735,-1.0113292717824325,-3.149539654522794,-0.5819696091463497
1.6803776635534329,65.30197272647413,-2.619613345098412,-0.3663706597892731,0.42557262069588236
1.3651978087479852,64.26937508985691,2.6482790898484825,-2.931364275529726,0.3972294583728287
0.7881165192749993,72.09806397667225,4.343554118790404,-4.846698142214299,1.176879394622116
0.3209684053970563,69.0731947072881,-1.911923375164883,1.1592664552246799,-2.823590259961507
1.6365243616273861,69.080601097089,-2.414307251286437,-1.7378264966843946,-0.9899445560109001
0.23389930367976852,65.2804144378131,1.1124589687203101,-2.5394005207045183,1.8856799955447934
3.6350067326647073,65.34373863143821,4.276484729881136,-0.6485289511518446,1.254588864907166
0.7487512579758762,61.86834954019512,4.008150370990957,-2.047445099075416,4.293131079394934
-2.369438270198751,76.8372156606604,-4.710043927510497,-5.47784384598417,-0.8197275424973722
5.938004882301052,72.67749059706136,-3.1812117995592364,-5.586572258411611,-4.041276478434629
1.5586692757728953,67.94670113374961,-8.607102616897429,-0.21322115486707816,1.679842317379709
-0.2752730962869627,63.60722275342903,3.3308152847264827,-8.069070056052599,-3.7262671261950024
-0.408895567067364,53.6974216377,-1.8772722925503964,0.06029755755257282,2.030608202927109
-0.1403068939123721,58.691943395679175,9.630316734399688,-6.9457579149713045,-2.949301879695512
-1.4403584792048072,68.44909705320674,8.353427310226532,-7.117597499791848,-1.0143016867795491
1.2114926441043878,74.38453778178554,-1.5836609217085442,-4.492734828061583,0.26005459900080163
0.8020501115780261,65.45759359999707,-6.665901348719486,-1.8827311549308612,-0.8413554595338915
-0.7698003973432856,71.51765396667533,-4.167044447371499,-5.246301642320428,-5.3639917733293565
0.024928868658822267,72.04998620854364,3.549499274608248,0.13982842872108114,1.4803987361824735
1.3304598940644192,79.90825419059843,-3.650501060051361,-0.3433149535697493,0.2832414493411357
-0.18748567969558283,60.529868573244215,10.085971736708377,-1.288155187242861,2.7710179146991267
1.3610905994591054,67.82766830169575,-2.935837365911496,-1.2827356931489364,0.09437569904560905
1.052952771342452,76.75325907737631,-2.457790051008561,-1.5813956248967553,-2.230035707873697
-0.701726557515421,64.14163167402083,-0.7894202777599348,-9.043392266820677,-2.380896799801166
-2.241142645074752,67.51028681228105,-5.64498893867774,-1.3887699708494052,-5.931294887725714
-2.843627918696495,65.59843527741816,-3.8603330972747445,-4.470141479995005,-2.3974070032237633
-1.102248778770223,69.4523700415619,-3.239537080797237,-6.328875822630143,-4.242751443070677
-0.30855219252127897,62.61353843793692,-0.9708067562066076,-0.6284099355894761,-0.20509104767580277
-1.0712158524416833,62.606152731688226,0.3308537939069407,-4.956485449650281,-2.359628074018121
-0.988999785477952,67.6419108298083,-11.197243631918935,0.8033814250044906,-2.158352628014322
-0.6312806425973917,66.42647325171356,-7.522770656654095,0.22037961720113586,0.9940850573982281
2.294376081758562,68.34225603330512,0.42781143271778044,1.1916963577452817,3.2963982035639674
0.01620281009329627,70.50582231766495,-2.8189669281231606,4.228015351298071,1.452402992491347
1.5000120276868953,65.69165408781365,0.03706131802194301,-10.791247806250913,-2.2780995776581525
0.8512702372021734,70.36995420976763,3.330708617127101,-1.8961868804086754,0.45393665874985123
-0.589651856971443,68.54349042274076,-3.331999176600992,-1.909996011149134,-2.593007999112702
-0.7449212174075368,62.56928284565251,0.14758512488365527,-3.314645203245448,-1.5702410589651925
-1.6219478997345842,77.02037827872874,6.1678147428520305,-1.6205674970512196,1.9024246942907768
-1.3504520220629408,79.11416426749423,11.223452817261434,0.8107207965460526,6.01041504855366
-0.5091248872576134,57.08150749967369,-7.3109623389890395,-7.666515208898009,-4.945357408377545
-3.7482749927243586,59.71547767665322,-6.705215348636074,-0.36792034135543006,-2.59038636264374
-3.3339200039728,66.46295292926465,-2.8199836627996286,-3.280044936508098,-5.4740348483251555
-0.7380922013554847,76.66100839959154,-0.010284556784020737,-2.4665070498479658,1.354399889663756
-1.6291135883607848,64.24803439099782,-1.915429116428627,2.0724597065169643,-1.2224642398690246
2.047789551334909,75.04932678749748,9.137226180755318,-4.089798655473891,3.163449693156165
2.170207531044818,76.68047863093183,5.734109057343579,0.38680375129950395,4.974335125169568
-1.9126726271174574,65.08198198962702,0.9215973608068451,-1.4861870803195871,1.7339348873238178
-1.1734127597500246,72.56945281219313,3.334730749255516,-2.3717979419484707,-2.0929656631262263
0.23715435498373072,64.73473047909843,-1.652847595953162,-0.516870455041218,-0.48491154483073395
-0.8613833939193127,74.84920876038284,1.80097158890638,-4.751642539984916,-1.0921844661115312
2.5107235163090973,69.32262469202672,-5.726387881181741,-2.6050650484913436,-1.6378595522959551
-3.0279611298094036,71.23975430272016,-0.7478758246017208,-2.5484604857091973,-3.3342771676619614
-1.657583631976154,68.92402859078682,-9.035558675215064,4.0297669198232136,0.42715134521787346
-1.938456598048017,65.73751269262536,-1.0597368177398625,1.1023059395469215,-0.4383571685641636
-1.2819063401436708,59.350500124567446,0.48516931279009246,-1.242145725174887,-0.8374706023618197
0.04487581985765188,56.58832037291166,-0.348056346455935,-2.0068632671746003,-0.9764307855480383
-2.9229368443683583,76.29556953091266,0.5899377547937539,-3.6996121848667687,-1.7888280878384184
-2.513600139617926,71.65465002522087,-0.8880248892206437,-5.9773551711558355,-3.7979173385541896
1.3137051673109947,71.41472810640204,-2.7435431957023506,-3.1618311598836755,-0.24397010930692353
-1.517069373095214,81.0829876746241,9.976521953049991,-3.6605593763548705,0.6262067109726782
0.6900835997556971,69.26078374190371,2.717697896171061,-7.6283168344354735,0.2516427953634355
1.4624513370547003,60.0546578247372,-0.13650376040298928,-2.7772184715382155,-2.701723089554598
-0.23497109769873759,76.8545222709595,-1.0924951590435064,-0.8896456884680664,-1.6037549964102802
-3.175113816206724,66.56608866734034,-1.0039416345303458,-5.230868122106824,-2.4417218958687634
-1.768546572998371,72.16610848891193,-0.00774934413811601,-6.150631701870842,-4.732566032473489
-1.2697671065110014,72.26706392143673,2.5057333700314643,-0.8787120446398775,2.1401795765177525
-2.5843826272200294,83.4184862389443,3.943025502789737,-0.07192172161064658,0.6753831250070265
2.734377619078203,63.01887412517933,-1.0986899724952819,-3.0117158058177216,-2.090416318161684
2.3576705413274244,56.30209227193127,-5.632882063173302,-5.911918943464063,-0.9769851086420114
-0.8601110390571409,63.44781645050799,-4.419406853103995,-2.6539370931004505,-5.3929376403874665
3.7118798470247247,61.29988694277557,-0.784075567252212,-1.8446783425181321,-1.7883950873189964
-1.488709436627781,62.747864912215675,0.14265479034849493,3.72136714132938,1.1706659997548683
4.107030880523328,64.91779385890652,-2.2441721258724967,-2.3088008664199133,1.4166099346377878
1.0781553713797334,71.01560636400649,-5.1358085562728775,-2.8288301009823305,-2.0077242015677155
-1.4388944026633825,71.12300688737675,3.9346701544164873,-1.3999875951481733,1.7519179710972592
-0.4842094738159196,69.32489045088111,-1.0372175682135554,-4.47521550938808,-4.8303961125198445
2.0921673796206512,57.397808284544816,-0.6438209450531525,-3.20016155675567,1.4642337318700722
1.035257104507928,58.26130845350832,1.3007861132610654,-2.2817795631263014,1.8914748482609678
-2.219844225249778,82.0322972483835,-3.999866539648891,-4.611441074141125,-2.052454134756246
-1.6878660578615239,59.98662214174403,-7.487215277082054,-0.0052260952720337706,-1.6232361883059787
-1.1556564364985098,59.87366816003584,-1.3961347863225493,2.05016964553978,-0.9323014453681833
1.2311393268731146,74.5923650622953,-0.3776693205716857,-2.3732729457529222,-1.41009648591373
-2.1075147526763383,64.71262090728192,2.3931411644521012,-0.3908680319506106,0.9428184211813244
1.8459012449219183,74.21729370373984,2.4565295948715304,-6.946280853227447,-1.8473559536076134
2.4915199716775054,87.57994979551638,0.5200291148155465,-2.1039659135693825,3.454123761847956
-2.6004571247038086,52.00108879077776,0.93096376053097,-4.531735882264115,-0.4830396597216553
-2.963074169889143,69.43078000115698,-1.017681243292519,2.438824967408694,-0.18170825382410616
3.3956746027023765,81.92564285210864,10.713844340358902,-1.3258516975397296,5.554959826887069
0.24874782089536351,83.54073167825914,-12.261332398512513,-0.32956007226473716,-1.633143281117147
-0.32772183183405534,72.57329424759835,-5.666449240034595,0.03380344667391855,-2.290214982166698
-2.532451175612494,70.8375253741269,-11.385706038469467,-6.198647741544095,-6.929797098501295
0.8563995530407582,62.72952395666259,-1.5115715778064276,-4.825197103746716,-3.194584699120903
0.14390456674247004,72.87684290266512,2.720003467042128,-4.25295400288099,1.4134301642681422
2.1966082831343203,71.07702339632446,-1.0159918089162687,-0.9846095896590172,-0.6789810039386115
4.633219886113279,67.26387818293878,-1.7442749960549393,-3.1972420441137865,1.5574347860006532
-3.432153201232796,72.99941190612012,3.958637904643265,-1.5767944474602822,-1.2661117318253519
1.2308533053742148,66.40052860984926,-4.097893931820261,-4.294447935467629,-0.5094623642705094
0.2191175731758136,52.06281850525875,2.770437079852132,-1.0051176195713363,-1.0977327561673724
-0.038279858785800897,79.12831133538454,0.271277905573978,-2.3223219577446534,-0.5640370404042536
-0.6289026692471569,55.98231703702684,1.0885474545044191,-2.3281779168629124,-3.122752936365032
-0.09725098073159122,82.71057317840332,-3.2498333050554873,-2.7443601246416485,-2.9324713141775667
2.356523437203127,57.32672020815867,3.6759886429657223,1.5015821506035407,4.781983948613473
3.4362412680603738,59.804516716586676,5.31724177967502,2.5010057478648804,4.844623341844436
-1.788339232174708,67.03794289106409,9.138404920975926,5.474218618627009,6.559377870707207
4.36145371504466,75.98067158498137,4.456072434495567,-3.702571595487369,-0.4912001678221882
-2.878155004381793,66.13770605282038,5.14609512197936,4.239023506506434,0.27284516306915796
0.3925987887270197,81.14954142134856,0.5492823746803273,-3.0931410076095793,1.6874099905091233
0.33949843076483077,73.74554289479161,5.106978426849868,-0.5325511321038583,1.7860970406187844
-1.9604883330639487,73.28740927387257,-1.2492811695985466,2.736082439455585,1.7439697555578706
-1.352248668716319,65.04381700848965,0.47145152576702376,-7.635695680189483,0.7791444619362953
-3.3378729589232043,68.99234318934006,-5.280273714020426,-5.13109170470071,-3.144696975686402
-1.5991842512105492,71.8332387111374,-8.069434438276936,-3.9977941449585934,-6.900665922252801
2.1452722274165295,66.26304663434505,12.549677872036671,-0.24540179373481902,4.228792980001155
2.0813414841935685,81.80732453990515,3.4146901580964357,0.6992096654417822,4.809411586173797
-1.1345934605055714,69.36516759939084,0.5450832389345637,-1.455064854476276,0.16711644358672917
-2.54834636686883,77.53076576903452,-0.5352497300899222,-5.988302809936632,-3.0701055433456186
-2.317438924641996,78.55885580765786,-1.6256545293588998,1.1022513015692752,-2.28303068395469
-2.9576182151892687,81.10023161564179,-2.8159313908414507,-3.9476743946855244,-2.9325821496963105
-1.9470620398112335,76.3930273431546,0.3581916799250138,-3.2654066519111096,-3.8525783337305004
-1.0004117734100868,69.94015769097841,3.823639669602585,-0.673307474255985,0.16639757982517023
0.336069268482326,74.9988219422056,7.345575525900487,-7.3511782872699705,1.4205103556482448
-0.8648961704157566,74.02871551929016,4.753106702289042,-0.7407623017511868,0.7576819607408043
0.6964188713106776,61.49817592141848,-2.040754418690104,-3.005653270908835,-2.9093522073133484
-1.6635515975374369,72.21967129492425,0.5575559979317979,-2.2664704821464565,-2.4303783863407156
0.667424522459215,63.76969566673006,-3.233485993076179,-3.3664709442502025,-4.8950254521722325
-0.5606650724116271,75.72468224122373,8.346655831587428,-4.492462670633259,1.9467916778228522
0.2501256496116657,67.78944290508834,-4.925542083644292,0.4134912815190228,-1.0592027962858117
-0.7407927576351354,68.74168100489523,-0.4443255352131086,1.4789473746006838,-0.06246945703440232
-1.67090552902695,72.72561735208967,-2.490628665108246,0.6667802668130157,1.3710910899750703
1.4994897431545366,68.44605598951667,-0.9224937062840002,-1.5192250041044288,-1.1372119012693336
-0.936626669475956,58.05999100619863,0.6100736205022024,-1.4094829968483413,0.047716040676505145
1.45841793601014,70.11503150756059,6.053649701634141,-4.554540245204078,0.1802721440294016
-1.454037375651798,66.94686109457243,-2.6820451484953045,-2.9592728236600805,-1.2181467869708218
-1.0281054319501841,69.17035395991903,-10.284780190723847,-5.1359792295209274,-5.830240339755382
-3.2667003349088333,61.47343665453549,-0.5290903934013689,-7.256449215886744,-2.187786567969807
1.2724089464092796,70.85624702267636,-5.789881001646402,-1.903992847959703,1.494208466812033
1.234297631836198,83.42166075707092,8.940581880957247,0.33004505325753875,3.055639540257765
0.5683707683272887,83.96536501631735,-0.8293136150966927,0.11418637032844625,4.070436882374073
1.4484654069934586,72.14969135250277,-0.6365994131212487,-0.7959412919949562,-2.3811508621992306
-0.6986333428319539,75.10444030680041,5.323418872008144,-6.1180542789867385,0.5221410097300798
-2.5758709623253955,70.42701789335986,1.3507059250922913,-2.93430417305981,-3.528883061968763
-1.0023807662052577,68.84694145621395,-9.094639648742064,-4.873121479839236,-2.716904504849157
-2.9198181544311206,65.62798826636477,5.242903332663138,-0.35494916532807297,-0.6600061560309731
1.9429917481743697,67.72633486786519,-5.946849726045777,-5.124532283672765,-4.34087910584999
-2.1967659745071852,60.39383718898212,-9.16934184916717,-2.819811595505992,-4.029053704314013
-2.179797937632991,61.92013677041051,-4.396479751049028,-1.6110905036198235,-2.063038272398737
-0.7475691440017291,69.87269632870715,11.065834362845358,-1.2157021684561637,3.046357524618912
0.9935004931303035,74.03678183991619,-4.874255658724863,-1.3753995320620143,-1.635767942571422
-1.7500019885420735,65.66079754324176,-6.154679110079085,-3.1975878149955728,-2.640637015856313
1.5958242350184864,75.86143308946099,2.986746657773527,2.1403097920689724,3.571525245016078
1.7085242303945964,69.8851326080312,3.884006663735042,-4.110963191753172,1.7139943345059434
0.601739758037985,69.61937116131668,2.408476003062784,-3.1993954332038905,-0.21520814450858583
0.601739758037985,69.61937116131668,2.408476003062784,-3.1993954332038905,-0.21520814450858583
0.601739758037985,69.61937116131668,2.408476003062784,-3.1993954332038905,-0.21520814450858583
-1.4890989434183128,69.28578095164336,-4.281262135550538,-2.354110834738502,-2.998881188470309
-2.6751915899869037,67.10642341819944,3.204682994922229,-4.727045363560849,-3.2423412542256096
-4.073465425693126,68.85797529956609,1.0122175183585933,-5.978755934570952,-2.323428177558069
3.6925067788528825,62.835182285248145,-0.07843985599327419,0.7714267589809531,4.146728776643449
3.485491947830129,57.81601715152933,3.278239457645119,-1.6060347897863603,1.0781421362548813
1.6040130893144817,58.34298569457133,-4.2866408578010216,3.8454230032159336,2.8611152287037545
-2.2246105805738674,77.23164132118144,-8.830164390731941,-0.43404947647645287,-2.1398744951518784
-3.834069020548342,70.67680070044905,0.4444897595574737,-3.1968044648413163,-2.7568747281824013
-1.0873578041126684,67.77205451322556,-2.514482662919598,-3.5991166786839752,-1.8472398263919663
-0.9411941848553232,79.7331189350841,6.2857833698193275,-5.241538431982653,0.6974337504303315
1.3141553020304162,78.57718994112095,0.6415168587066487,-2.801159350094487,0.7330702522231752
0.8799266109234973,75.82838611355491,-2.925515289268963,-2.6747788963741215,-0.24276979171068636
-1.5976068152787586,72.94621941000374,3.119481046889762,-1.3438812934039595,-0.817773245312635
-0.7078992740695587,67.26958539343337,-2.6870081390498353,-4.14853378868574,-1.870184193303368
-0.3504565418488352,63.63821526744556,1.2260374836961727,-2.0909718291460875,0.14821025433711932
1.742246698884532,71.96280601899355,-2.3635820310548716,-3.2108434627248315,-1.5442577225187941
-1.9130686787489612,67.53561979792283,7.409207269987817,-1.3263458823275234,-0.5502519750555783
0.4582238001130876,66.79301710052877,-6.5779503121283565,-3.9572457777441516,-3.415775540462682
-0.3289528200282448,71.03675000283498,-6.801394660897365,-3.343452919728082,-3.046620336438325
-0.3289528200282448,71.03675000283498,-6.801394660897365,-3.343452919728082,-3.046620336438325
-1.652419403738044,68.43231831078694,-2.6547239489480434,-4.71139346672612,-3.445491853970415
-1.652419403738044,68.43231831078694,-2.6547239489480434,-4.71139346672612,-3.445491853970415
-0.4052330317500268,58.72132948823256,5.660830953258129,-3.946935367437665,0.20479854632226724
0.8585198319875091,85.40790410677054,-5.969687985204624,-0.3562808778043043,-0.7267421097859321
-0.20819791872099858,58.731880290733464,-0.01858873113763959,-2.1540338387874574,-0.13494432564989114
1.248592816644359,65.55582341539872,-3.6844668375657204,-1.665485699988673,-1.056125138408744
1.248592816644359,65.55582341539872,-3.6844668375657204,-1.665485699988673,-1.056125138408744
1.9335859673679736,66.33739360227976,0.1183631293716334,-4.197766164485742,0.8609407973739811
3.825194774757268,67.45185979174077,-0.7592942711695505,-3.9672105189493565,-0.8366510388743089
2.2657383801946627,81.38640318726026,0.6095856091366614,-1.3579427029318545,2.551568255568345
1.467028838375224,81.18041425197374,-0.9437782516956121,-1.5946445772179096,1.0251249006246885
-1.7557912795853658,54.806459681029985,1.1356896572830086,-3.0581703823563133,-4.618966883510696
-0.25257614440417964,83.10764483183489,0.7134668230901773,0.6442782176422392,0.24578117128728838
0.3900072062473832,76.40006029828241,0.31692603583949897,-3.77868692096286,1.0977570286981122
-2.0696931362114404,64.7971678979592,-3.0069312428832884,-3.9114545040483364,-1.8332711714144398
-0.21540123613481854,78.24730497636122,-6.31102407841434,-5.443814812518637,-5.06273497032704
-0.2954092818375632,55.09885076460477,6.615986528612192,0.8931598995051275,2.004568380523155
0.9610401652181929,68.71314221679347,0.6746691358226728,-2.360718962546516,-4.801242539844699
1.4444592787037174,68.39105886567339,-2.263592721353753,-4.212443721769187,-3.9548887486452884
-3.9335494406728246,70.51718170625385,5.418773424008229,-2.270127132172819,2.345786710370441
1.9825175461990043,53.100487615402315,-2.0746595890586335,-1.4654393853395322,1.0905259614557241
1.8920998170142278,73.48242115347952,-1.009147483298332,-0.19303711590120232,2.552854388239815
-6.709498544029634,65.06419904334318,2.7985418161931426,-3.4399012184016,-5.815048635009002
1.9617627662887362,74.80824540055876,-2.618739015954897,-2.1727564868149107,1.0497993129570982
-0.30645686121867,52.44337798006009,9.313960238617303,-2.5834184706024215,0.7645061412444364
0.6744234159838078,83.85918882885022,-6.4708296666989,-0.5872307863810715,-1.3512515546368056
5.906953478743843,82.41257159060484,-3.7170833690888934,-8.021773863573022,-0.11495431290741398
-0.08643356228952737,65.13860107275663,0.8510025232569225,-2.1085037721443247,-2.3278129993008903
1.7659831529649948,63.78268878959063,-4.657544807331795,-1.3681700963739742,1.6974081016385898
-0.9496761337854309,67.37095964001196,5.874697336554439,-0.7195286560716357,-0.4457625480200018
-3.1021854925922936,68.72643659656015,6.2389391463899715,0.7944234564777414,2.2760944951814053
1.3208397959087521,68.2566319488052,-4.108209114076015,-8.419805603083677,-3.8519710181977036
0.19896808387131282,73.95438257116975,1.3846031870388407,-4.971894281035567,-1.8401955284828335
-0.629893978402119,51.5091669764855,3.0334731409277556,-6.931322449093357,-2.8452528374796566
0.24716676603498494,60.96204609232556,1.0738113691243099,-4.956507734426074,-1.9431236337217652
1.5273771204283515,75.4347104731148,5.360061117900344,-2.653723910086325,-1.4476216583190404
-1.065691745091653,63.950719106840594,-7.920265428195258,0.4761570368075203,-6.097883075185198
-1.1341927412356219,83.45769522981482,4.268989436421216,-0.6958357685596642,5.169225739101362
-0.00759275393471226,77.9823794520125,-3.2892126057721627,1.197948422965368,-1.8213425146567572
3.4034648903187112,73.59879690398056,-6.6263317216245845,-1.2271167860500127,2.2060088166360994
-2.8748996949168775,74.65504392446634,3.3756753058303826,-0.07544414160504909,-0.5669262156286277
1.0440062096237446,63.40922402986492,1.292917921991421,-5.622133274963737,-1.4723717757132189
1.0440062096237446,63.40922402986492,1.292917921991421,-5.622133274963737,-1.4723717757132189
-0.7864358555685312,62.441558394810485,-1.8396735122893553,-3.0515187894212374,-2.528019107366406
-1.051528616059392,75.49755686538673,0.5067309234618,-1.6243571380990653,-1.2414220447443665
1.1469285360974413,69.43732703940883,-3.005227140000105,-0.35175652679149094,1.5656994003515479
-2.0450419052022255,79.28502924384759,-0.8521640624303908,-5.071851546107052,-2.0143149742477258
1.5768019068774293,67.43683790562625,-0.3380076897876019,1.2167076750527008,2.6082933381394295
3.0260811292098273,75.26999781110915,5.3210941323761,0.3828225993967309,4.151171531721549
-2.8461279423933643,63.69381411536717,1.4241154125817053,-3.0949160858499747,-2.7578479710038493
0.890344031987651,65.64120258715491,-3.964795059943265,-4.493295046755966,-0.2799164739938593
-2.811314711490386,70.99990525636895,6.233283936379413,1.2572677944237887,-0.5601209618519127
-3.369338400336468,66.89457712975961,0.2908924553436609,-1.7910954724327834,0.15262744063244837
2.2181249888419927,72.72003721737329,-0.13796069827209667,-4.48175582645823,0.5734496227429375
-3.3876214459832497,65.81510385171461,3.32550023511687,-5.156609148561345,-2.4653589376438334
-0.5755138068854793,68.87689911039061,-4.128254029641165,-4.649023179660282,0.277560702751511
-0.582694048608569,69.52775252106628,-1.6649779831651639,-4.751866939149007,-2.11448119773578
-0.577745379491803,64.5665284500869,5.133647955717904,-4.690854216609061,-1.5108680219363404
-1.613667804235628,65.16892678092782,2.8649156311179245,-2.973618477055515,0.5174087239745336
-1.541122054574344,60.51286193725535,6.475806909769182,0.5842768481429106,1.3309317232173106
1.611099525804247,67.85042934530556,2.4247214254207017,-4.511200144634028,0.7950625364091461
1.950862087640144,69.17472684805338,3.4015930375809544,-0.32803354036821175,1.875046434986266
3.626683613122474,69.93479595409282,2.566221074769582,-1.1437027277159317,2.5575155403522594
-6.034769498656543,59.56248556913882,1.0921522853283228,-2.2788904299227752,-5.226516702819421
-2.5700570842957555,75.3680784108004,-0.678199512535202,-6.8065324466379415,-2.607810456557269
0.866382819181587,67.4110493932639,-4.86908683605985,-1.2599635219842362,0.041727869274077456
-2.0465026878650003,69.97780904862013,5.066769200143755,-4.8048813939233375,0.26931636472133547
1.4058713309824735,69.32230378793787,-6.883694783793585,-0.3986091377648083,1.1329488177582951
2.1617398825494614,79.02750004907455,-2.02290335567245,0.7773000176328313,0.3625675130900332
-2.8781190310176674,55.46926318439468,3.620873481219137,-5.317587995055165,-3.7227606037140237
-1.267797798711774,81.04177613482575,-2.947291488276515,-1.596770674949883,2.6176267844967818
0.2796617640072673,72.85960084459168,0.5621158886526545,-2.970065562277664,-3.641428243694358
-0.0731403700715968,92.32916448301714,5.099933300760265,-1.2865434375353564,3.124765543147366
1.2681890354116108,70.85617591304907,0.030621295921946512,-3.23555671099643,-1.406278223737757
0.6104865796487099,68.54024470004325,8.470176934982238,-1.0791163227425065,0.8010182195824276
0.23283063210094102,69.63240984520507,-0.8404342674764047,-8.507636091238435,-1.3729436067453418
-2.2609834073623656,69.95309924827872,3.8569472711589903,-5.237480403167069,-4.086534480062645
0.30501729769205377,71.70777097545616,-7.873245167505308,-5.350904778381772,-1.5846115871777928
0.28930256311289365,60.63390168655083,-2.9503606285336677,-0.04725570586044903,-4.650525594153424
0.368762333895677,67.62402280773617,-3.5619195947372035,-3.6756052891763735,1.9325557737529544
-2.5080787118967276,78.50557368216626,-3.950247989820862,0.3301712027946633,-1.4848281485512624
-0.1483404525775458,73.24628921548351,-2.906650964641125,0.7343414887105038,1.2500474442547935
1.0746886563506695,75.40230819430639,2.416991809761426,-4.5399522612845145,-2.286470622879275
-0.48043114314601176,68.32233835367121,-0.9148638917619694,-1.3407669343333497,3.7629422528490157
-2.601664057351085,76.36808716294624,7.874906203649873,-1.8686386062286005,-2.101564252996692
3.2005706005140464,69.87756036851948,-4.566156595749262,0.22805300679092877,-1.912119716090623
-1.2983004304938914,73.06767085610961,-4.477527815782313,0.5749785823532989,-3.053376293759328
-0.8105116070150851,68.89449810215497,-6.519980227187914,-7.369578675315776,-3.1616072921128042
0.30995692345394316,63.15055039666625,-9.24542315704445,-0.20157552105339516,-5.092690556580993
-2.0595191881604062,70.04061326505864,-18.165434168715834,-3.259858506946487,-5.447286939701099
-0.2991940136088203,67.45013140167919,1.884933651212238,-1.7131126883791623,4.478316767677057
-1.176513113232759,67.62024781319694,11.393268703808138,0.5256321301491134,0.3843538509636055
2.35032234953836,78.36297615656557,-4.9821011741036605,-0.6804988564464769,-3.623684826992733
2.190815383632888,52.014452913840486,-6.079565023750401,0.5645987369191332,-1.280584326793663
-0.4438647261660331,65.18318183035197,0.6637992544648119,0.9185294823249497,2.201542118530764
0.10250847039782507,60.41878385047152,1.5869999958843106,1.67395254066267,0.3629612286083792
-1.1744098242859748,62.529379850940195,-5.138336523806112,3.8742806037503086,0.7050241908024673
2.7011547207713793,77.67498477383583,0.24340654968080822,2.8402727046463703,3.739326998209018
-2.7461151415217784,63.37438638640453,3.5524457316548532,-6.705439492223007,-2.845287300712875
1.4153664347620887,75.09692412194693,-6.206758965559386,0.21845397522880194,0.2239467040869072
-2.0175827627046985,62.333400344338095,8.546576291030378,-4.949242591256688,0.7253292324091262
-2.075756548934872,66.7511771593281,3.938855283410647,-5.162718030817748,-2.1457755332463284
1.6638883060930452,74.42801508776418,-3.278841343390993,0.5359127028892503,0.39042392385718405
-2.6636669911516333,66.85943295528536,1.1934333743491354,-6.27512264965902,-4.752668391252816
1.2081777402337555,57.92570702242457,-1.7564033713949003,-4.467376463711161,-1.2103553326767247
1.7278244822165962,57.97281677177991,-5.70718002082253,-5.585604910236037,-1.0831033244323691
-3.424953320312719,76.19133892071648,0.5793199497153967,-2.935072560700678,0.4645329271912719
1.5673121944225363,62.892337010253044,-4.845266297992714,-5.201604445838727,-0.934288204601144
2.2177310486962964,68.84847847923548,-0.9159765457988439,1.633180901392809,1.195087612993082
-2.7151256076700987,69.9102155829518,1.7569892017856512,-5.663409569342856,-5.189570843037957
-1.989616167427641,67.70816693813025,2.1321857955960692,-8.525190338716335,-4.8248078883843135
0.10426903222639705,73.37463862766796,-2.260002606815156,-1.050283632043631,-0.5590590934025923
0.15279412674818005,76.50354596785267,7.773734003007534,1.322330201777266,5.12754612056345
-2.2573525663185694,76.13056983598348,5.810457841417184,5.016772435593218,4.837266730151901
1.1769458762587393,75.60634178076351,4.165874006061735,-4.298115927866901,1.061410316671906
-2.160608520342748,78.70212750490347,-6.410084800745347,-3.9472912542813394,-2.6582046634565835
1.2900404610090888,70.41296567361535,6.172337189813158,-1.9513513820334676,4.404418689688003
0.3061367671838623,69.96589698671193,-1.1710151681055931,-2.1827950418676267,-2.0018420240738743
-0.5323306086024301,68.42794434622266,-4.050358595414489,-5.7458482767965755,0.2588660174485522
2.0001537078277765,64.3050728146711,-5.9653683619302535,-6.5048020577951275,-0.44308649425041013
-3.533583949212211,73.43910239794803,1.1509471390337356,-2.0776324480156205,2.706212714914334
1.082361590816606,62.49313655024323,-2.944443007066218,-10.329257898399419,-0.32586122111155913
1.4820849769801494,63.48660612435134,3.5248231003222634,-7.083230066307144,-2.2668639146253002
0.2568219602130185,68.57715403636986,3.0234075664137814,-0.4527768843785145,3.210281871656605
3.5316425575758967,55.86178615536692,0.5468006784661457,2.6782561324751737,2.100580595726539
1.7663586816806829,56.59195464578807,0.6105613677184653,5.464215034200313,4.302446763544467
1.0472937997470728,57.94604785256481,-0.20695219756437044,0.011695776877211905,2.6395275273425454
1.0691001738630823,76.43976483877431,-3.2725056779728354,1.1915730951436754,-0.35096756682808605
-1.5429937864048557,71.74191280656775,0.03853807303879547,-5.732363440850556,-1.5942946077440725
-0.44284630039863027,73.06501136970833,2.026124847836677,-7.071135764835926,-0.07707905270321946
3.213963070407726,63.47678498644932,-5.042192676795066,-1.626644546755608,-0.45262397954678724
1.712565893299459,67.68094781916987,0.7042818629528085,-2.6499241804816984,1.8471177481110974
-2.9200616270788755,70.69831594813652,-1.615946270476715,-0.6866002507181928,-2.723852885685262
2.254245433871336,67.7123697252956,-0.19730790199011805,-4.719828742562964,0.2681561667489891
1.1056710537221033,70.51427644341152,3.1271063861423283,-3.414809800010183,0.2438588947673337
-1.5761186137566163,66.35770701110069,-3.052052742790525,0.7580965092371414,-2.5612388961620773
-2.2745192879178706,58.744118627151735,-1.4785327236937027,-1.9278565857914465,0.05419833343884979
1.0824762622591577,67.34917810423006,-4.19967486990398,-4.351590267821532,-1.289846070287556
-0.4826157069823014,80.85102560692914,-0.4600855038732097,-0.006379609294154376,-0.434630537633347
1.2514155650584502,73.9186448239265,1.4582744949621023,-2.522604694449176,1.6772786685152576
0.75706680167723,77.12321696762096,2.639622405607847,-0.6329614286623997,-2.4862090961786123
0.5134078573003586,55.350684204368534,6.397708459635835,1.2197594471792201,-1.8799630728390864
1.6164636214499768,83.51843947560504,-3.6911699898764647,-0.9732846044451675,-1.9361000099658836
0.2196268966289554,85.12590624151323,-5.399703251426319,0.2691307916539769,-0.9725486345075206
-0.9294083048052313,55.549368746895844,2.8285733999208515,-1.613031562653664,0.6121644387517597
0.9354300551301292,79.96296194095852,0.31074906975826977,-2.5263548312654733,2.293106196073612
-0.3472954792603468,78.89183040741318,-3.1067329912823114,0.5692457282090886,-0.6921150282336246
-0.4493847662174001,67.40313621816716,0.6676046259179347,-5.140906102309384,-2.143599905134436
3.271598758901905,63.784322636845424,1.6479966116290452,-4.951278301095568,0.6393735293729861
-3.6146587290179304,73.73525888394877,-0.8608024046280613,-3.4596138324352905,-3.199733568206853
-0.8028668033045414,67.94644990458804,-11.270350805797852,-4.912466777538347,-6.654305247825525
-0.8469387359961936,85.76663789039611,6.614677196390617,-4.725439066862652,2.201976897179092
0.47534892187982314,79.90437632396981,1.022661821533155,-2.23086726567425,0.10715178947885651
0.7716499376585069,66.64671577095942,-0.9355403015761983,-0.27230089244792277,2.120207159519167
1.9119638762396083,69.08169329177447,0.27894521700604225,-6.57694361901367,-2.436229365538707
-0.12177057921122936,68.65159869622931,2.710484861609267,-1.0775776844494809,-0.49921262144587863
-2.6344182477268703,69.54756427151789,-2.0693336539924423,-6.453059821658764,-1.0580322718021855
1.553762493451248,75.53974736782692,-0.7945799742873412,0.21040595941886675,4.13615218138969
0.1652672250588405,60.11247396309985,-0.3642249719384838,-6.653896426380555,-3.899809247579798
2.6726240311679152,69.03730954314423,-0.7035856263517392,0.04877026609848345,2.607457286191459
-3.2101781770517084,65.92070393960076,0.036149502104868114,-5.435228134903715,-3.514451140510964
2.2236154300353737,77.76915789572844,-3.924188757582516,-1.1232511790485011,0.0914237078636515
-0.11584720539133997,62.97250747072118,2.7144898268496522,-2.6576170397987773,-2.414167562863283
-0.859921063165686,74.1378593314365,-2.632814129241379,-0.5374437130230691,-0.6265759539876985
2.8739679850215127,56.27765082169579,-4.282462182559307,3.6675700005053766,1.7593773665596864
1.6756443684033515,65.87856103789633,8.645125362524103,-4.478590990160107,2.2313256519770013
1.2506097615959726,61.78471148804767,3.037826567794258,-0.5758550940146772,2.2493590611213445
-0.14791605405212893,70.82850295598939,-3.268406278839592,-1.9998282327516201,-1.0255764552679623
-0.8338003839718667,70.12787831134561,7.741083838089775,0.2534747607837264,1.8867164633004583
-0.8338003839718667,70.12787831134561,7.741083838089775,0.2534747607837264,1.8867164633004583
-0.08126722723625157,69.53912334844733,5.069795267673402,3.8318021517553515,4.851277733181553
1.3489451423494518,67.18183024337564,1.9283868896262675,-4.946587006804192,-0.4263907809458529
1.4225071190913299,81.50412185041822,-0.3878539210661799,0.16863257053219538,-0.3752265740087982
0.7717899267596953,84.5209207014551,-2.3276869151348243,-0.8672638251166112,1.0411300465672793
-0.9102513097029061,53.25270441585933,7.747036059744362,-2.9689881342516573,1.2501044437547497
3.0570183341352517,70.43701862341814,-8.404092062042345,-1.8641645799198998,-2.778660201208391
-3.0799783777686143,72.71382961057573,8.896911644928398,-1.8905136528534034,-0.0992872675765899
0.7936795473248366,80.29449829797312,0.9116742024703726,-3.6543893811849704,0.013241571872474323
-1.0802587027386759,58.4230227626999,-0.28206850453216115,-0.8768614189681704,-0.46647347566079267
0.5277993063259987,78.78819116524232,-0.07511477003754585,-2.354229828555592,1.7815548469810607
-1.1421823777751068,51.68069751415859,1.6309243448842845,-2.9997678937019265,-0.7688203399086777
-0.10267119326551816,78.67820668169915,-5.899556219449609,-4.367692540848714,-1.9427102460497798
-2.2924887630395343,80.34321716608191,-4.3111454346606966,-5.27331547865409,-2.0126653730352126
-0.41641034506764785,81.49864036606452,-6.387259628722142,0.21374057688718895,-3.083842300940386
-0.927880975655709,67.47462684337331,0.5225572551158146,-6.597329148605815,-0.8003322966028081
-2.067551373041546,67.77364479927567,-3.130226197262258,2.2222069644263494,0.051777224451555526
-1.071163566264645,71.95198584982973,5.219854442341152,-7.9525773623430815,-2.807346122006081
0.6729000794411641,66.31954954928901,3.6274982926772124,-2.982975006760647,-1.2013575681103954
-1.7104110281815814,71.3037569999092,-0.27963945546165037,-3.7370472190430544,-4.1295702629551085
-0.08634994346801306,70.12467718563407,-2.2074277632477948,-9.469508173577449,-3.0843141050897778
-3.5582048847673207,56.30343347833135,6.488342898553705,-0.8541306277103003,6.175718151415181
2.0587568037078805,89.44181482777871,2.8440041679049344,-3.246834397191117,1.1173774258240317
-1.0693699358765634,88.98337383984317,3.332516237598413,-3.959008118596321,1.4950705463668394
-2.720921472222371,46.668782326009435,4.220278684400854,-1.7864762834044334,-1.344957339253074
-2.942016207675837,57.48319326357692,0.7634146521415432,-2.667759252564469,-1.6066342492843806
2.2821265584274695,78.40356886933334,-0.34240788251752274,-2.6819228542240676,1.114156271769733
3.400437232042206,77.6708888885469,1.344001461895084,-3.7817582078547014,0.6455904944277651
-1.6761396522434135,71.51752958073223,4.806412698120315,-3.1774151607647356,1.5364156896485357
0.22636120444291108,68.75313478781807,-1.2003749398262218,2.392457530021463,-3.001297024019826
-2.5363278225003514,53.49972606544787,1.4157114203873022,-8.698943987315426,0.13658974112172018
-0.5919188574492196,47.406835581419905,1.5564342961371727,-6.4496435851929235,-4.1984287308301935
-1.5606154503961591,47.39710368813742,6.999428837774561,-5.276163639593825,-0.5084086938552133
-0.7921700692032654,88.32847468126265,-1.6584681072305583,0.06747430656761066,-1.0345734855779423
-1.8163570970220297,51.67614740935126,4.745816411648392,-6.468509403585978,-1.4145551603209
0.18842800336782728,58.78763956381941,-1.9355150461587023,1.330346832106867,-1.130028119164387
-1.5906904868944238,76.37255073309885,1.4945444693563128,-2.63912877467839,-2.201568483235032
-3.1146649019808037,66.33239151883598,-1.8401789739868053,1.0462689546427721,0.8905628778644603
0.42075653275594593,68.8080787887006,-0.8898113595166297,-4.589743689020945,-2.984562242407727
0.7008029202766602,66.45058499613374,1.4567743436933118,-1.9745754887378273,0.5415801790402308
-1.0920004626349586,75.14937105924129,-3.741148188286813,-2.955389369426463,-2.268967437126376
0.734668522344101,72.93011863684762,-3.025589749167776,-1.974918642884868,-1.0374449580398437
1.4525829292195427,69.24658939730463,-1.1681321124950284,-2.062618433689552,0.5109233648102847
-1.937637093370387,67.69753616201973,4.589887492909974,-9.855128909048428,1.6920134786193912
0.6280647743696891,69.99954058499218,-5.176556236513893,-2.9695280932557537,-1.9385510950445952
0.304669739113714,63.927478597692264,-3.3473422526739487,-2.2743335159641993,-2.27754354014124
0.5610520816683366,70.48257252819383,-1.5151943988051588,-1.8559808501035606,-1.6913446443226232
-0.7801091978265047,77.74418892251153,-1.4535048324659678,-3.73645259276383,-0.33867516209522197
-0.0934908909695224,62.5344040171352,0.18974898682460228,-2.4565894526345513,0.9669821255559259
-2.793723905874632,76.88825043511584,4.262451128230946,-4.613607159683119,-2.4739538513544064
-1.2016978267689873,60.742828833771675,6.172130080446984,-3.649643713865477,1.6283414895404043
-1.0846956980073117,66.70798931206697,-0.33431495544417356,-6.607492431268467,0.12040565350576382
1.1464811649327298,75.06172661631146,3.740501979451097,-0.35221711758322705,-1.489370273350441
2.4136021406059696,82.34478604461997,4.212065972962259,-3.0954466589931413,6.644911370621372
3.547199197319788,85.5611211290966,3.861514375642456,-0.2506937215458871,3.840399801261874
3.3892315580671943,88.22901103457083,4.625223061697486,-3.9394947942135117,3.767372081921628
0.6379519025237557,80.07522153320444,6.55689100705993,1.5028560996526217,4.776133443948581
1.0330330523759166,67.243665578394,8.069082044662796,-3.714848228590504,0.41790635944852284
-1.6077190797943732,70.4993373196217,-7.41606879036815,-4.90243057277704,1.1655206759669832
-1.5559411852305873,65.39535575460908,-6.4800673441073045,0.6354379342427947,-3.6338506476991914
-0.3912013071929188,61.66515354272054,1.0143703296165212,-4.089147954218651,0.8331773713146973
0.1491364163858302,73.00849052185539,2.1761372547155022,-0.7202028476158784,4.044491845866639
0.7456958915939726,72.90774292627738,-0.5055653730564313,-1.0782816349987758,-2.460342981243619
0.7880524201558567,67.95095064371736,-6.029618423597329,-0.06900191614203277,1.6583707572293926
0.5612990848666355,77.63885329234392,-8.363610683873738,2.7537010476220756,0.46781832099116305
-0.7503649541515869,71.49807594277455,1.2474360329524732,-4.466207013021497,-3.0499538576790624
-2.6726618404814104,72.35019583152685,-2.91862761552891,-11.471608853692619,-6.52034064736518
1.1587403134422878,80.33619894303703,-2.3377996290307688,1.892541558282998,1.8559177792659622
0.18423284002211093,58.353519184495774,-10.160447140812149,0.5167670169041965,-1.2811101661009752
-0.8922360543846415,65.96483479092188,-14.34272526798313,5.379638965961659,-2.2919923754351723
1.628435429390028,61.813118474331596,-2.8366987903724574,-4.9055406681273235,-1.6870415536851207
-0.026616691229471412,69.21194540516404,6.445391635318539,-4.955429563026469,-0.0075592353411172986
-1.9868441250731093,62.93075986211529,1.066572953126045,-2.1068195621123493,-1.9242673328081985
-0.6327379976896927,82.08947717487891,-2.618011284804727,-3.8409210445390034,-2.044545126918859
-0.22043155531915865,76.20687204055446,-0.5840073737858376,-5.5616785678859735,-2.1829579086944113
-0.8258751628758731,58.27856596509665,0.271361774729046,-0.15662216874271429,-0.5694626946588162
-0.010970927897113292,63.94875726495268,-6.361895594378246,0.6262573190745508,-1.3941297054120092
-2.3060197765774277,71.19983143397756,2.6861951717068955,-3.3887076968399885,-0.6058910048276123
1.3114268856662945,64.36485949863551,2.0626438909777507,0.9563146544844151,1.8486441360951942
-1.0915524993605303,79.08722875221035,1.6436515475326903,-4.272049854776905,-0.9278185945291622
0.5172217153605203,61.39300719452548,6.129389634430416,-4.955595858980558,0.5883087791561604
1.259213308678288,70.25355485395484,1.6481189251576933,-7.482108456511218,-2.205526599574588
-0.75889841706545,77.12570888050318,-4.424894500035543,3.277194795242774,4.207527087697096
1.0223421035539677,60.41016145278011,-2.062719878520072,-5.467359576448013,-2.4612199418264438
2.2892750230119026,72.41253288017136,1.3699429828505214,1.645508353008672,0.6537536492025233
-5.052629249450316,87.4288892253791,-2.5557119892255704,-3.793674761332336,0.1594373741827999
0.4527489408097245,70.61428694310824,2.0971295092911615,-6.262978073660065,-0.806362294224769
-0.6741977328920193,74.900224784401,1.4572491558099303,2.368379188606425,3.4593315332272576
2.882806791869813,80.027095793271,5.839692611108182,-4.254100323045496,2.0504513552465893
-0.4890672851177964,66.03752229252326,3.0201036378235147,-0.9624427042812456,1.9155854773612218
-0.11304750328496116,74.90658205174094,-1.5716802163502837,-4.232770078123204,-0.5524874148364936
-2.4254235054246482,62.99920716411713,0.5589816945947769,-1.7830179130085386,1.5296064535347105
2.0732071755860177,73.94257208663556,-0.6836268164143626,-4.578704662562881,0.5010355407248102
-3.3580340476719455,62.94608325637494,-0.18063187366690325,-1.6411668053871296,-1.0844036753004773
2.8644174077789013,72.0865870943005,-0.277573120751736,-3.690902887917527,1.4922577987400725
0.16481064396261802,63.923727891140935,-1.6170214517182888,-4.209489412406111,-3.0003079684089493
-3.0456735791506286,74.64185899703251,0.7519655821876623,-1.4672728277343525,0.18471818483832658
-1.2076869632693015,74.54643978560328,3.185069482349813,-3.63345496790291,-0.26724473567485774
1.441267784022857,66.80716580792098,13.938354973712766,-7.473759186671167,2.8223774671387694
-0.1308339154966734,55.01575479745263,2.782079713451675,4.59597997517054,-0.9981666328852778
-1.3748232842606904,80.22651758394622,-2.2946083700986355,-6.501803269277996,-4.2922062835424875
2.1755319995185722,59.74693611091722,3.9658525576363637,1.5702397309991232,0.22170298376961534
-1.716024762048181,65.48403077593532,5.401494307328492,-4.614331182863826,2.5795162522183728
4.1607259438335875,72.60195770699741,3.0444723147144424,-4.882855633830017,3.9088698785406994
1.776406052567613,82.60119599612703,10.365888911527835,-4.87392521493213,0.7456335450300423
-2.6169993333555075,74.70008627961549,-2.278414784960612,-2.8154175950136366,0.2708978558709013
0.7677959818746629,57.207640044998534,-0.7542390007064028,-5.5740846379793805,0.9873683482225585
-0.8715823612823916,78.11176323524097,3.0052346881838115,-1.5986707080883713,-0.16069246911280044
-0.42523047589644203,61.286097770848194,-0.49160593614400705,-1.4867428681912336,0.2595307982876932
0.11040545206986496,67.90056866931202,9.520571955141335,-0.7311314502903967,3.377604980856924
-0.7672382554489213,58.72484097279881,-2.08921655940573,-3.987114832784847,-3.700002813900686
1.7027275387310667,71.59433883816294,2.21268242213317,-1.0781299843109353,2.7435463624163616
-2.030453466988788,65.08655772312362,0.11076676793759788,-3.5095265395920614,-1.3280844704805361
-1.8100252872689406,65.55338272868876,-3.939611673378977,1.1247189141308302,-1.0082516176023726
-0.16150767615021744,53.7202578324379,4.950178720535527,-6.019242984883785,-3.1752047890271546
0.4921249604277608,77.3560762508512,0.5638973821034012,-3.398433609270848,2.338133628848317
-0.8845784751702757,77.58867374839734,4.153458161995136,-1.0446001610412359,-0.45137194530761326
-1.5286385539013547,68.45524575702109,1.8183882579871429,-7.895246058603563,-1.2178476206892122
2.5499634240837628,77.3059273163733,-2.1283170196469725,3.0062822585031963,4.624033706593911
-0.31629484419671083,53.20628530764581,-5.146464580580825,-2.1068551861423708,-4.376599639920933
-0.24128081497253584,80.39333996991621,3.526005613998815,-2.832870566937161,0.12643370693157296
1.3962689593304907,51.41175176408986,-14.803357448741552,1.2084120324304664,-4.672361673056078
1.2473904903448423,72.87309059401731,-4.668183001321434,3.9625082494118042,2.7059675034936244
3.204300941096195,70.06027319389663,0.9249133391463742,-2.743813857108335,1.2729979395354571
-3.805524585270005,73.30960303515035,0.16306276222067556,-2.1827661059830055,-1.0329000683424372
0.6489865096438983,52.681794718708616,-12.108419969970225,-9.127425493631666,-7.273126194918333
1.032941928199517,52.73947929245399,2.0488165054474816,-0.7615977592903214,-0.8664035723248129
-1.7885082606120069,63.26075482958005,1.8700570398733825,-4.601103797731106,-1.7334185597889018
1.8007263722185662,75.33945391497825,2.5276309597778086,1.260144423040662,3.005648702175799
1.6837315834502609,77.13036740865684,3.9597616355391176,-5.478118038254391,1.515959129449846
-2.210135764407812,67.89553400104457,-2.488310202737887,0.7305614375564302,-0.37508855003844244
0.41658848939738946,65.0904155084573,4.219003327083659,-2.3752387524073306,-1.6587196692041386
-3.0674780040430414,79.10566055515356,-7.188765504454745,-2.3748436357759477,-3.215257234873337
-5.4177037098093574,67.23100768835914,-7.2704270888324976,-2.7721716924018405,-6.0033111033248705
1.4102337559374063,73.89472233634923,8.270974075082208,-0.7328985333819369,4.74366895073011
1.7405154414190238,69.10512343221508,6.048261082794948,-2.9175805500975924,2.7578542705486946
2.287988656918198,69.37971413896359,-4.955331515235661,-6.009282536104573,-4.727508705929152
0.17432233522862273,74.59203591928359,-2.792663385001328,-5.207903565701903,-1.0362628017844635
0.17432233522862273,74.59203591928359,-2.792663385001328,-5.207903565701903,-1.0362628017844635
-1.3885386758942575,59.6388090426207,2.6929715797081695,-1.2674158662212482,2.249372671607763
0.63593214406579,74.03454447013446,-1.949066667147856,-1.5032141572152014,-1.9707168468974527
-0.8522700129248867,91.00371190101946,-0.34148278570055557,-2.8689613895563584,1.8972752036524283
0.3936216224195902,85.97456706407094,-1.6096368891100867,0.7572029045608173,-1.2285896880974319
-4.4861566667689425,55.273175973049696,-5.173131382106611,-5.231459953847059,-5.519417398800755
-0.34869719903946317,64.12223799388796,3.7105096105803534,-3.7788805301206785,-0.9638151557706403
1.1276698858227276,72.94268822424633,0.10599207500972813,-0.1454184010847448,-0.03572753579190824
1.1276698858227276,72.94268822424633,0.10599207500972813,-0.1454184010847448,-0.03572753579190824
-0.1716362860491487,62.10928698311221,6.541458756070393,-1.484134535629912,0.3452356973823356
-4.977838541497271,59.089375324429966,0.2294341296923319,2.9651335845269147,1.4336667600552073
-6.770585993910293,63.490314788753196,-1.5023941874521878,0.1989147540719174,-2.001495660678512
-1.3600544880435006,59.831132449060256,-1.4729791140740474,2.261806784836189,-0.20929672567713054
