Tº B stator_t_2,Tº D stator_t_3,Tº D stator_t_4,Tº D stator_t_5,Tº D stator_t_2
-10.456065144814305,-18.35487616607317,5.146150861680181,2.989931362948238,-12.14100275170041
-3.61471327624864,21.11615530420326,-9.219524310805898,17.135597761209734,14.039000957091524
4.378753239457506,-13.89407897111337,3.6079249886729974,-2.3527803000194663,-7.687833810071275
4.305320622338708,-18.206914626995562,3.9842812812825024,-1.8717113767262423,-22.81656835106042
-10.541462028018206,13.970127633592341,-0.424993692715391,7.4571004545703286,11.725084521194825
14.75856719073704,-16.54397043807225,4.656046239039975,15.017937574857827,-33.380237856789634
-4.952909258750076,-6.639652536563002,7.6339065712687395,-1.2030724722006587,-23.250913009037667
-18.992687469996635,-4.632563753704986,1.95167087925034,22.892904190848345,-13.807163370987585
6.337308924267596,-9.090359386330778,7.161213844202652,-6.400177018913643,19.056017455022033
-3.171973517951198,2.8313751242001963,1.147987621905063,22.248104853150277,-7.821536284367969
3.0970217533670983,9.518101717720183,-7.779324156439708,6.9212821192149825,32.224467484906896
3.402317707430274,6.720229894286949,-11.212118633572572,2.058252888938817,-36.29915917941031
22.944415694063146,-8.000649241535308,-4.710910105980336,-4.181009832254093,49.03944879133507
-7.343115134043536,16.150245959917726,-0.8477446870661964,19.60391542331926,22.997149987254666
5.851729447512081,-4.583715654867715,0.01405863126539375,-3.653288181015933,-0.016194293986224295
-33.46530740216991,-5.422081051688472,3.0591256210349487,18.212375037617136,-29.850502312545228
-10.03050492167619,-0.34250142011917983,2.5285657442454657,16.157843770817745,-21.099888236935087
-48.13781048543935,-11.17714915907115,7.596624418751037,8.039089871830301,-6.381686353194148
40.33607984324276,-2.6061124360612036,-4.374060177969384,9.57597941613101,-28.662370175714948
10.383595817136118,11.515059515527806,6.259394775322102,14.977016620267502,51.099156892837584
-2.480836725889235,12.347026788943992,-0.8005493541697501,19.282286112984117,-8.443547048724657
-9.797115006238126,1.674679075749463,7.679745806169198,0.29288854884085325,28.435306914431006
-26.37286690077005,7.923094206873387,11.059129625594306,12.605433691820576,-25.47265583156441
-33.72357811883034,-8.7629289026717,8.944662509523702,12.937371471181773,-24.574755351952902
38.32292071216113,23.521467154313868,0.07991591877920534,12.390280478844815,16.138722945008105
-3.0723369543328047,10.873851017955289,-1.4292588698806803,-0.860576478189385,63.71070595871565
-17.19155867474031,-17.79545162503986,6.925654563844028,19.14889783793012,-10.232437354403974
11.135163317938053,1.0829756717676808,-4.515847052830443,1.4597941908141472,-30.521947792626538
2.7077911836031863,37.48230226826432,6.595869037882155,13.178598211716666,36.63241632565898
-33.38516562305629,-5.280411443938913,-0.38260798439102217,4.2221031558345326,20.82002157036122
-22.486337468750875,-20.16570148269018,4.224436037475327,9.892749124163,40.30429733104742
17.227857598862887,-6.568783048650507,-0.8141516933337516,7.086266551880152,-18.478973711057563
4.538485045742519,8.213244977191271,3.3060156993454,9.984634718415736,-10.676476781268391
22.08088671273115,6.5009216215199945,3.537291913776339,10.402507607334913,40.522201551136256
24.4209135542794,-3.2736030376792957,-3.0757426551877414,2.956039518630112,21.959889175532773
-11.243863222353632,6.393842474437221,0.7927066288592863,13.505645594328847,22.9295688160758
10.981454318455057,-5.752007883571543,-6.356765982064819,6.81842790410044,-20.76339647820926
-28.050096553139035,-11.273478710310348,6.185577278835614,-3.7338958381674465,-16.8793116118001
42.1916519805813,16.517738133595245,1.5355946001116605,22.283809820485537,23.6625423597098
15.78333035984528,11.461965964049245,-7.293549975818637,-8.370485769329198,48.807949681383676
-36.471703883426606,19.683804244876775,-3.8578924336410676,9.512270887439858,21.672827666488864
14.744759495994014,3.1908997299982946,8.537592927993495,22.279986820862284,15.430071446209446
15.107820923754812,12.781732220754341,1.9434833355017442,6.050023925077683,14.418793163913413
-17.839194635520524,-11.240563467429883,-2.004453731629951,2.3368448016847037,-39.035653311260624
5.4396627988278965,0.3538384372019312,1.6201668233310302,12.795237456447127,-51.99258502362683
1.5671078897705155,12.279198781190281,6.069473755605803,1.4932099057299077,-27.116813163269278
22.763615602477646,-28.467843774078283,5.2248551316425305,13.741847920016463,-12.379879721353902
13.348753327281226,-16.34957643404453,-3.168298955122986,9.664827519335827,-81.2854634465688
-21.415401945684543,-15.371596121911619,-4.309636552648122,7.3700781375078055,13.823350112328939
-17.71836061061337,12.722232478071126,-10.281642192705835,9.7892797661262,-20.94526701259096
-11.404018481163453,2.2909961404817247,2.1163089028542945,-3.350119051603661,-26.24507714471768
19.295164216166825,-12.601091006588703,11.924166983179003,6.3444895740804945,-0.15645880755119634
-30.911422524087165,23.24895149426038,-9.926609211588145,9.27885196950363,2.036803035928446
37.314030731203594,0.9497869508151702,0.8364702742484873,8.775780277193778,21.179056124489996
-19.242516749293728,20.287004223916473,-1.7846327713597767,5.294777602943114,25.842591092230045
48.83411886633089,13.74379277002852,6.779241426304242,11.698282299900102,10.648772455858293
-6.241425072763647,-16.986034018534017,3.0641858803255673,11.125609020207358,-19.920071824614766
17.884984452384078,-3.2663764933709274,0.6012163903712016,14.834520724877033,-58.82260028985093
-9.857369549841454,-5.545024742691704,2.3465160281270947,26.458384133873224,-11.31199797352864
39.99652050736798,-22.960236159129796,-3.2281797410318003,2.431110016206379,-48.71815084693742
22.632504296746674,-5.132249719476057,-1.2639624812841492,14.330105247617592,0.7204408564597671
11.581302012276442,-26.13917396111726,-0.8097745624479451,6.516317789115181,-35.40594338422115
19.736390097253583,39.87750363054222,11.222184017280837,14.900121529254559,61.484761957170825
17.923741235344913,-13.027322095671835,9.70410458472174,13.033161148482725,-14.280058132214734
31.05929102712299,-10.562008866984023,12.10929944572974,7.899381013829811,-41.186952430925956
25.374390224245822,-14.164263127486619,3.5871580647791586,6.547501463568453,-8.165445240113243
6.358610153947783,-0.11918683884308812,-3.85807874798144,8.018115970789887,-18.814956056642277
-57.2907824420158,-16.25792788292097,-6.319770002955126,6.027706306732915,5.151299371296101
11.821510447540348,-4.140921396537879,-6.9338447112847845,-9.444297224688603,-12.569553915574573
33.15383234894609,-5.242612611120545,1.1717033138806627,3.4874635402063685,1.131926022879508
-5.507977408286024,-0.8138230799979871,3.1488498609329985,15.091722529704004,-66.87667780386643
-12.7640324682103,2.0097742210568006,2.7968339104260553,6.649097484873344,-20.209810027879776
16.85113229849617,-5.2821427724746375,4.9724117122594915,6.089016839022119,-29.759015879492914
23.70460550334169,0.7063527944577297,2.3521667661101127,5.202472550156095,23.56313504407328
-27.4580562760245,-1.6086725944804925,-1.5665828332655405,7.9167942072579995,-37.73592979203096
36.557781732794794,-30.18623122315345,-5.387197600091311,11.030281167975723,-27.34280793963037
11.236158347835854,-16.33138822578606,-4.743358501214657,8.085035490513913,-50.923548983144
-14.623212616924684,29.272206670672663,5.844726089682652,1.2662227336099559,37.409401605088945
-5.054598995480143,5.292688645032975,-0.2720735852064955,13.006839629602737,27.952863406124766
-23.95390411520642,2.918753533162531,-2.37336400717471,11.840158191957274,41.74988178934327
39.57645101094067,-8.316327093092596,-2.9971358617711727,2.9707393769249713,-42.33540809545535
-7.35548845753442,-8.233869593295005,0.6368613475449543,14.863941970905945,-45.29684654094818
-21.393379654227033,-0.2659806909379334,-0.6036344107635828,9.018409161324414,40.21050387717297
56.099026115492144,5.6880583792035235,8.39833918193232,7.89034870733323,-29.731121484263564
-18.33074822754165,-32.0726499365103,-7.6218858588358005,4.742106536903136,-21.1404978286161
-1.6845701130794204,1.6317582926828536,4.685166748055146,8.023944134185559,-4.4760435054264
11.053626547989284,-11.243418357360483,-1.2399643757840417,-1.9197605289584327,-14.77398626819415
-10.44306035814239,-12.551154179519436,-6.9706312540631945,1.6625143943746217,-28.834525671193255
-8.250418049132191,-23.323620984935772,-0.8123618049603278,3.708374530189361,-12.10834111765828
27.66070787633946,-18.694896260061878,0.38295513562130123,7.021217055511832,-75.20645168550175
27.66070787633946,-18.694896260061878,0.38295513562130123,7.021217055511832,-75.20645168550175
-5.4034176447678846,-28.282288669305995,3.7911267709031593,18.29574978915144,-27.894471784328715
-21.125319068374054,-6.141501561840279,6.04636879154775,21.05256115283139,-43.53328523807548
24.91121190733229,-13.552934775845888,-3.4942313463477226,-3.803508960320464,20.23010408176345
30.990500833736952,2.568281364168726,5.113417478435911,1.361299088298984,-13.664329598232065
-21.335306356530577,1.5824466547249543,-5.255265370928152,12.210936082988184,-29.405727431694125
27.69107903041544,14.055771048865925,-9.472276408656437,0.03022075830345372,20.87729445643574
27.97886317536973,20.964902959260563,9.054434527672017,28.598154152077583,59.499575261314625
-25.920444841396332,21.26099288142059,-1.4208734133537408,24.900461574307805,49.163913312548395
-18.840686615038983,4.194950979272397,5.006116636027721,7.830727221292749,-11.187541188497434
0.647268849119051,7.67872429705394,-1.7516858338995744,-0.35405171757154896,16.640201751375287
11.700082831384616,3.458733101762678,-1.4957087336839803,-2.152154382288245,-4.751843706509963
34.21144852026576,-8.902926431001802,5.982280064090526,12.36781699477409,-2.1290049688067008
-27.667542699718368,7.176778111819378,0.9115012692523026,3.9118161949627073,25.966764335616038
15.728962728948218,10.295407071106247,2.9043960414737278,12.32423329744303,13.243729777477935
8.912019418544114,3.1359180451621302,-7.0980670732199,14.039093659191055,17.070550541391228
8.912019418544114,3.1359180451621302,-7.0980670732199,14.039093659191055,17.070550541391228
2.5831192433546786,16.399909528165942,0.592051771391545,4.582989970572768,12.313583042599943
-25.00450298062202,26.31385123917284,2.831125300289165,6.429033875047772,44.924596958490454
37.61155288266916,-8.381574363786426,3.0632790725590207,10.01925922164635,-6.859067675054774
-44.21904025595828,22.130240186179194,0.34351661069730866,0.7622278923244601,31.011955083294012
-4.261585180906636,33.62972631616361,1.9998154148564782,5.8823784162947,3.0797987416863393
14.659083891914888,-19.82161357558462,4.3389222224097574,8.985900555071556,-53.08644921786324
-3.873183517697356,-1.1532092166987322,3.8059159745143525,10.37753402241464,3.1134967633568635
4.824989948371376,-13.427705242811966,3.4821524600448157,5.926722779364914,-8.763642670756727
4.824989948371376,-13.427705242811966,3.4821524600448157,5.926722779364914,-8.763642670756727
-26.35367407793031,0.5094287879728991,2.686610957799709,0.583326785142722,-60.40947486094845
-2.243258067153114,-16.061097407451033,4.18278267784923,8.726217705036502,17.887951586496584
-6.893911533817773,-9.721372450253318,6.938163541948882,8.125382627497636,-20.736697491763465
24.688872134707687,-22.539825789265734,-3.0690021191540673,8.058511109299959,-50.02918992036152
-35.62257252792281,15.055303217562228,2.882423837897174,-0.6297652652865413,31.6219254771796
-31.084738080186785,14.006193257279588,5.258113053611803,20.332110803326927,10.54984656766899
0.8393851601727071,-5.829708517894211,-6.295383107818675,11.102184163978961,-3.1144020933417877
-0.9852700767879554,19.14214838441228,6.200928512021429,4.9267591041616665,-26.661790864500173
-27.663744991861734,1.3614856649509939,2.5789182460303586,15.855529292324759,56.65919957313261
28.27217906629355,21.413034835524186,7.269543500044985,0.9479588316440921,-15.516288817822847
34.14368441892182,9.472659957072318,5.709509583056664,1.3432154934117606,-8.006095752098393
-24.93403299049688,7.82537198229069,-3.8677706388294255,12.966294718021858,43.35362649852382
-16.302708805173175,-11.609779963752963,-0.1755202318589455,-1.5523096316401022,-59.036227115217095
17.522941811815535,-10.533390024480335,-3.142227864048269,4.1197773556305,-63.947148962148226
3.2493546000272566,-9.19688568758245,-2.8030690916292413,5.691680778817052,-37.51666639204775
7.387565005401591,8.652163060541977,5.202368464128156,10.326468662834536,23.771190036739213
-2.909698689376241,-5.31559647577674,0.9523496966685769,15.7575407008621,-23.317765547902912
5.231589879567084,3.7557676020464035,-2.082494163397705,-1.0833825261557695,32.031123243527134
-27.63258555888432,20.872719509764103,-2.0662209463638526,11.54129620299551,17.97750613094402
-11.70829082416888,2.3221091968235363,5.710436923144258,4.703714021814596,19.56111384312606
19.25232233494542,1.9560506490146867,-7.075858011364849,17.140159951111478,-12.626615629507569
-37.301580619703145,-1.1698723389026249,4.675880641767559,6.569103089230026,9.525920064633333
-39.92558106556774,16.998425823888446,7.285140974021438,8.640728184102345,31.266713987813926
-13.172677977597687,32.56984449181461,8.569421414876553,5.822055697141057,35.57111878567162
10.121466637255088,7.446021676179058,-7.545381011507524,7.043535032074659,48.234700227764634
9.665176940591477,13.365125494388352,-2.483500379241179,-1.3133400242864335,38.74878257876148
-3.087993405657093,-10.252000656139495,3.136398566828987,20.377055070236153,-0.8693111698983564
-27.375700510994193,-10.124377798386915,0.6673520411491878,22.352227495844694,14.317539262041818
16.619709232165786,28.460027679293336,1.8491914820406636,6.344384605428859,15.83053671843505
-9.626111400634139,-0.3095620061858986,3.51193688120883,8.650264810195669,-21.498957804700986
-2.9285361063040067,4.950778331957757,-1.9579773058181063,5.7331417313284785,-3.34637120327222
0.9650394103944873,1.8623617547951365,9.917882167376188,9.590339265285674,-26.77782498597194
24.607623996263165,-7.063101551505856,-0.8760013217096434,3.6049806539592453,4.69187160076665
24.607623996263165,-7.063101551505856,-0.8760013217096434,3.6049806539592453,4.69187160076665
4.478303476881241,-1.547110092949513,4.638438692904189,12.65898209453476,-21.699459334413994
-2.7232043146077114,14.505063937181246,-4.89104979718347,2.377795157104538,26.62314184937543
0.9476314182640309,-2.3642601004698163,6.283978384827565,16.196616585437518,-12.67295457804975
-16.311068725591568,-19.903111626851228,0.4473428728220652,-1.5122640829667713,-35.50108731293779
46.85840905602319,-11.587032989292485,-11.419155432717814,8.084631311393922,-19.367248709630267
-16.76072955190991,21.92691916766296,2.8135692405477943,19.87470142153036,46.88034803840361
35.46951023251215,-27.53868475554844,-1.0980069416789207,-4.679056731588867,-42.334848427910615
22.474932378116062,3.681191065083315,-3.5486598070014876,-11.2683624840472,-48.866569203143214
-11.517884305751767,-5.039671361406494,-6.433002231352065,9.730616540044265,28.49869560049366
-40.18906890077568,30.88017227173951,4.635740879686882,-1.3600509325819323,16.865563839021306
42.87327479416029,1.446368425470805,-6.418350912766276,15.001675688078883,45.63213198796274
-16.149796552641444,35.9332388818046,5.5105701732562995,12.94430806873147,33.85020613816612
44.62925864623559,-5.748299082717562,0.23391105146627744,17.766967016189543,27.46128759854166
-4.247868561280477,7.081939603277532,3.325405186686665,9.830301335148684,-24.800897615873552
8.989433244619441,17.395333766501434,1.1319462724266356,7.773443590298988,-15.183952139841901
-6.763865272963466,3.2379999391248226,4.874293014811807,7.526792726154835,53.98394107998613
66.80651791940188,24.81642435158875,0.21706125497117856,12.30940692711151,7.061372980155333
0.3962761014135481,25.887565462108274,-1.625938038710113,12.9034643044019,9.25993939896475
7.466845073297694,2.1742474666820986,5.574324533326106,2.6302017528865855,-59.74822068304684
-23.659178890755836,0.17940591404680917,-1.062216620882884,13.279055943485481,-50.74449471494078
31.270546988895894,9.074947244237864,4.826822702612052,3.0591883712200625,34.54756901500577
-27.532929683745536,17.376220371027387,7.352165891952783,3.3931369296918286,16.58397569596284
19.3206671086295,12.880190840597704,-12.863846229280307,12.471370045412666,28.650218924026476
19.3206671086295,12.880190840597704,-12.863846229280307,12.471370045412666,28.650218924026476
15.287187885066258,4.180045106092322,7.364856317638202,15.171973021957715,12.133023216987613
-12.342995651083228,-10.393358518440165,-3.8175156677432147,-1.2986574381762193,-19.609945436670156
41.753658415238505,10.494735841443193,9.97691806254985,0.13690736703265483,24.31807217132124
-23.736351743192447,3.3086309527591014,-8.460631622777091,7.793849652823975,7.564659886118925
13.518448184279599,7.814663558980437,0.9958962080108655,16.766031135206624,13.692020235376777
-15.881132815162617,14.992467929339185,-3.0209342609027017,-3.690373302452146,35.881272284504135
-20.68853775728809,15.86650450282777,7.152903927845079,12.582216185019668,20.507870366649712
11.987914493900139,-10.184091624106369,-4.786917129298942,6.699673493241704,-15.339158463171842
16.943789314580872,-25.083165112558454,-5.924829290044958,11.316033544271848,6.087695755226822
28.195964829501513,-16.500925483941757,-10.592178794670364,2.362304864986747,36.80483629358439
40.014725513742526,31.06322767403143,-12.915372928464416,3.770494764833097,12.78085733716226
-10.222231565078172,-10.43242637319775,14.931592115010758,18.544686337289058,-103.6502031373924
20.776721424165878,4.854252366381047,-3.2754738642815653,-2.4454639265797633,27.579520324969515
-19.382695894920836,-2.364029897658109,-0.48361361673894443,13.577587661074155,41.854426321773666
-13.839209190820984,29.06882459759844,-1.7037915061592435,6.479072951537567,-22.248587074172768
49.92955335655057,-9.887055671405161,9.80164809641341,5.757548321890745,64.24893797552845
58.10766022753734,15.360601392221316,9.840133526977999,16.231983877796118,83.6166636385324
1.847236822049247,20.347214810567554,-7.56209388948629,4.795095229670169,75.31015964718655
-6.102399778458267,28.0479204756698,8.29793299010567,13.610104099347346,24.563993209252118
-7.640038549647889,22.61156200601002,1.1637203357863584,2.7886469101898452,28.25546215323652
-3.7328514122150906,3.4554917501594815,-2.8999207989369165,3.4459697799204116,28.52787973493287
9.393313075874566,-0.8965472551263103,-2.3900660944794323,1.8145916942934854,-18.285146645942262
-6.068259267438227,-17.28069199485366,0.6949614476700017,-2.429689601977365,-17.15886324525617
55.00777664959479,-5.792852168004284,8.837152269035704,9.879319050319168,-26.769045049631913
7.852522420846476,22.70654363651481,-3.2074327818727646,18.92237683902213,65.90194620379712
-16.7034650913329,-32.162742687222014,3.1570263944034815,1.396100376341201,-54.30564945442619
-32.38611143233217,-19.08123737915389,0.24259667526624917,14.62075928819726,-67.85272309352763
36.987870364988524,23.598758885795906,8.31964671587985,4.351806240466523,-19.709749497530037
10.328498477621956,20.645636918092166,1.2843533193841736,7.059649241972922,-19.28684378235982
2.3822408620132123,13.699467015663572,-3.5086124494122863,-8.073300103427911,-12.964161907132723
2.4355102223588823,2.8283832521460948,4.197338585152581,23.817925263147742,-3.7464186792972782
9.382771859405004,-21.126677755841953,2.376704844411261,3.5405608532196666,-23.725100879821312
-31.843931540611244,5.470803569917241,4.274814936920045,7.16400791873724,-17.752369880226034
9.498518276868573,-5.373565549436535,7.168438732659165,11.257012002368928,3.9815392798219307
9.830289147455307,-11.167657548255029,-8.041942183442815,2.487097723875317,-36.479538671363215
-28.08662108437569,-9.329699524134229,-4.144796400013752,-2.4217623825413086,-14.476552357150144
18.247650439421328,1.6726807218211448,5.083877060325456,18.367279926891282,-42.44633650698245
18.247650439421328,1.6726807218211448,5.083877060325456,18.367279926891282,-42.44633650698245
27.03741251238326,0.125311873222266,1.6053151398509495,4.874876995856744,-33.39863679678786
-13.947106750111985,26.375482092948335,-4.636133469241766,11.933648779844354,57.63314699963921
23.189587013450982,15.922271054000142,3.6653676787047416,4.9303816873999065,20.55734434330946
44.91661365660036,13.806228378942366,6.514014093606331,6.066819668014315,37.21642904489478
15.610086710562374,13.667104456295016,0.4379070713806783,22.267611077178074,44.90196952527913
-15.593554794214374,-9.748720374401238,-1.8993583268754979,2.055966652198274,-39.51025717715685
18.956800752624954,18.11439438700279,3.919122281810851,12.733665094860195,-7.167582736735671
13.802880629734462,0.8476696361878382,0.7267889869066364,7.221460437712665,-18.06425611364001
17.390561371131895,-7.504599067462486,10.172200011279806,0.7820427030593224,14.143040435499753
-18.02191795613267,-7.302614117293633,4.097703452494491,15.028319361318692,-55.23137578621814
-18.02191795613267,-7.302614117293633,4.097703452494491,15.028319361318692,-55.23137578621814
8.699990929953982,-38.605354416560665,4.1938005489549015,4.569880792138947,-51.391580500801915
6.9719363578805815,-2.5044550970140804,7.501344803585052,11.165239399568115,-41.96366469357714
-9.479898315242613,14.802293502351663,-6.653621690950661,4.808595141857851,2.603393371070595
12.444139420410524,-5.050183854706115,5.17287531256972,8.0671641757668,-32.078123387078755
1.2733680428164558,0.43267755444630884,1.6564820018243025,2.345402462097427,20.139600454585835
1.2733680428164558,0.43267755444630884,1.6564820018243025,2.345402462097427,20.139600454585835
44.47750365569159,-15.875139051961341,6.018968133232793,20.432609595800663,-51.253022004790246
42.259690989327055,4.650820838984728,0.9589372818412274,21.995159143758418,29.78697871052602
-2.314528985496274,5.060351194016539,4.733486215725394,6.795041852225287,-13.492480478489014
16.0343011515018,4.779544794211348,0.6676456194113989,4.708215081696224,8.979616296557616
-13.790484162568022,-12.399991270477521,4.358658100840378,11.822946198224113,-44.981903155806265
-13.790484162568022,-12.399991270477521,4.358658100840378,11.822946198224113,-44.981903155806265
16.70206525375063,28.365831495604183,-1.8982480405044484,12.290951032512222,50.506871360887956
35.72316574892195,-21.148303123798794,5.933341535417717,6.563855013380882,-30.81541707622312
-1.353741160485665,11.52465080603474,7.686442058765445,6.004187620705843,7.361210618404563
-1.353741160485665,11.52465080603474,7.686442058765445,6.004187620705843,7.361210618404563
17.38126551287438,-0.5331649525106918,-5.311557949785309,0.27472654336647473,-7.449623398662148
-48.66168294191722,19.17606079654746,-2.210119885705466,9.59660990477607,44.263663755071626
3.40371964878274,-10.60345262228508,0.04060849644853848,19.988147580358586,-38.410356473407795
-5.314553009416585,-15.534350762495661,0.08066301012352795,24.312126600478827,-37.17596161309646
10.66371278258373,-2.6041619199590675,7.169910274299172,-5.7750656523693085,-7.348196729337168
21.778183445351907,0.5638822884797808,-5.743390173401094,17.89106794944582,1.8555119796578836
8.026277445046185,-4.084093558659665,-0.016245426613800795,6.556621342209748,-4.602278528563211
8.62980304980089,-16.770445211788484,5.450662368880994,4.402514822434433,-17.92604023457726
-0.4201293299025042,13.695191043188162,3.595796062300903,-5.385910920889602,10.792551675712975
2.987276840970737,1.426923853649111,-5.626102261142006,19.855929274936145,37.580717384527915
52.71193525230585,0.5403895589717944,-2.77949995575774,10.945551291920989,-24.919697041418235
-59.97466375435735,11.737488768306836,3.751202021555203,2.719884434074088,-4.227939535545001
62.77488172194058,-18.662168179911273,-1.4551510693617198,12.767614571502767,-9.869428506094058
-62.43909811580431,-4.6835321971885175,2.0684225744757523,5.819666661270443,-23.714957884306735
74.9448254978451,0.6408630123392975,-5.147161590081956,10.581439822291806,32.35339363065759
-2.7880348649396325,-5.901520965597747,-0.43282423093470523,4.254832562835363,-29.460343323690772
14.680628103208125,-10.398643326396472,2.2796127401925164,15.320880557947739,-18.44881724460761
-24.332569423122443,3.2782318131810024,8.01404653560659,3.025307142518283,-7.226306068852143
-7.567565593701477,2.4767285622694204,2.615587698151767,7.249992237529177,7.364628576492483
14.355332442197911,26.829405276822417,-0.3048049020893724,7.353501734906019,36.44941732078014
14.355332442197911,26.829405276822417,-0.3048049020893724,7.353501734906019,36.44941732078014
22.795013708605403,3.4427870546000143,-2.3285697494850686,15.897476504349378,32.658622326566274
-18.587856962466933,-13.152498404863623,0.5003343019381408,0.7351324548137157,-0.8517987607281015
-31.104468451844628,-7.7256044731086195,2.2378673557124618,-0.015182292130319297,-65.89977874756997
-7.8299472813888364,-6.153389632945638,-6.359943584405727,32.89704491330131,24.756085599827983
-8.613048117197843,15.390911763719037,3.3742495873433977,23.20558405953146,17.65266102112576
-16.425673353344738,19.64951410443703,1.197139524623546,23.844315784477633,53.12854608845216
6.222177173614568,-3.920254599642326,5.845554796203683,9.393412290193933,-29.866717127538706
2.0978033647678376,11.714056260843382,-4.477355782697766,10.073397545253073,8.249065963134083
-18.58150665410229,-16.094849077200998,-8.897794354233968,0.6961917105033586,-14.635610677214205
-21.752123474686943,-12.73928481544316,-3.5350789307431114,2.3026550011292484,-35.51533081684612
-10.19774414806865,-2.055066480955645,-2.313629588275944,12.865114951798486,0.2265021356473529
6.911453733396634,-16.707925895958308,-1.951436293144524,16.76444859385704,-47.95857400201657
21.053787291314684,-7.213695920800305,-1.6136986721251114,17.82583087245071,-2.071144278609548
21.46623269929234,12.244826898381776,-9.940286605796395,9.55378661555696,21.744661611096472
-26.234133894884316,12.051379333893683,-4.362134791671102,3.5964379728004365,34.73003275039192
14.056891023076801,-10.246112256184071,-2.9159694226298045,4.794393817721203,36.4500687823473
-13.907201179681152,24.45512506662883,-7.125574819921813,5.749459534031166,-1.603713863441186
-14.567763583669452,12.069091928287515,-6.011246861392271,-2.493196240624318,26.482779547572246
35.15112753763979,15.882726332465456,-1.4666711832770725,13.439820537254654,39.51736073929395
-11.908731375630154,24.501087137191053,10.918687165411626,10.202567781894754,67.41785793001199
-14.496681230316952,16.849287212535536,13.603860007537259,8.437900392097966,3.2685647804545894
24.130927464741088,10.220657978479991,-3.414319078028141,4.098290059327713,49.43197915135742
-22.93929835213989,-1.5604774520090245,3.0826738159380724,8.04752905852039,-43.84986058893843
14.240014374707776,8.080559921961548,-10.953898919569824,17.745115753125695,59.34977869165655
25.318112194775246,12.91452331566402,2.454984213945134,1.2259989586717825,-4.976100558982196
-21.951063574980246,-8.905200911784883,-1.4641697847999438,14.174656162410475,-64.83066807449174
-18.314425528636047,5.096241974399613,3.753216754942334,10.59075129686746,-42.00064065031125
43.40494803640917,-19.326771501016847,-5.926285375704478,-8.679844658400318,18.32832315615783
-53.762272043839594,16.09139046034811,7.7334689053761725,25.447800531899233,50.77133905251575
40.16339557792158,28.0458304279232,2.653900730415554,-0.5758266364508557,30.211904653273145
6.619450082758419,-8.587750522324988,6.918593896063624,11.050381832501765,13.185223411121502
-1.1713648975290596,-6.858118932178699,-0.7312572518930534,5.479572828086657,-47.116398550278205
22.568433775943358,4.465885033731855,2.8728268164603055,-1.9194628960858537,45.07472295805773
-32.15991004675834,6.258488899954681,1.0282327436493965,16.68430544807282,-27.615003836863696
3.2536036793576564,-1.6659760739638285,5.487006566339589,-2.7270779123257576,27.079334212681726
7.582659177937533,23.363549473680607,2.6770287792627396,17.203950371304934,-23.588713722947823
-3.4324556199354874,-25.722656736233482,-0.832065601426422,10.71931178928684,13.896730025069377
13.302684436417318,-28.001196470259444,-2.509719751704763,18.562179145545194,-28.893227892945465
-18.60407123834007,-1.781637186201202,2.305429437221015,12.35087420174229,-41.78954187816609
-18.60407123834007,-1.781637186201202,2.305429437221015,12.35087420174229,-41.78954187816609
31.232307361432465,-6.096094808471254,1.0328439514626422,4.276169417475145,52.119345025950956
1.4444272518765828,38.978040008623225,-10.593303998649153,24.726651370870485,22.219897251708232
-17.418335628346444,6.183809339724746,0.6225506951973312,-1.5131563122094942,71.5481752904916
-17.418335628346444,6.183809339724746,0.6225506951973312,-1.5131563122094942,71.5481752904916
-28.052800872966074,1.4974516307181345,1.8988618728668267,3.496883084933261,2.03786248241461
-19.488783100915363,-7.988524913028965,0.12365751872708386,0.5813537504406958,45.43812990718144
3.6524113615272995,-16.674565985859587,1.390078370287088,18.406500206856695,0.6456336978012303
0.6989499308073679,-5.77396963683373,3.1135297194166394,-2.109158656984646,-41.42456273700955
0.6989499308073679,-5.77396963683373,3.1135297194166394,-2.109158656984646,-41.42456273700955
12.220675038677944,2.126367773600446,-6.162943656356666,17.599798619119408,-31.36013939119364
-2.605808277058162,-28.346222789881573,14.546886844039058,24.869844784560883,-34.37504382609743
7.769579428232716,22.413963542870345,0.8108761077173678,7.324841829373749,8.703379167511889
5.220019216926403,8.37269425482556,0.5773813452097902,7.559877463525051,-21.09392215415083
5.220019216926403,8.37269425482556,0.5773813452097902,7.559877463525051,-21.09392215415083
10.469246468767015,8.360460877666297,1.9961989769820696,5.838225881976104,17.24658729372327
-8.007439905809505,-23.44794691919825,2.0493924491956306,10.682433393189193,-52.508171908815655
32.40225298627731,-13.322753185686015,-0.3474966190993552,-4.05326161978566,-23.81386565259689
-28.860167008288297,21.569370993930015,3.6588332449471386,16.932306910641625,31.441382897449596
48.45427901813132,-4.687919728195826,3.232791851160802,2.8157011998900554,1.0348365848138794
18.731828844073895,-16.449625913698462,-8.45692152427931,-0.7074924828460047,7.427005528322184
29.49278499916165,-19.810344486511426,-7.419906170002235,-1.0381259115038235,13.103099040013198
25.69674993512356,-8.105744953803189,-8.983426653455094,5.792071043563558,-55.48041769016037
-17.644276570012643,16.342368882817972,5.22722891383665,11.340098798900227,10.265081714861822
23.38387912673185,5.903115594493961,-6.3212724068511505,10.391136540588352,35.08293913742035
0.025203064802475694,6.536120359817037,-9.271070733972481,-5.522038805367475,3.417511483390278
3.1013349193554376,55.15382665548735,6.439428723658606,20.225979014158263,31.93967060049549
27.28377077145403,27.899070158071094,7.429689424968933,3.1259903557409885,50.82959813051828
47.81941412685959,21.67534201111267,6.202783146790392,2.389660480009388,28.167148965346595
-43.688761827766356,8.19836417471852,4.457222162765715,13.907667239388566,-22.563948430540705
-23.35513729857351,8.7999560394051,4.857246284243134,6.537337406817548,38.53702986531824
-19.329969163482662,30.465376536942372,7.3087494634114485,-2.0791075927302085,61.16101124230369
30.457620757816652,16.512886505787584,0.9807618828174904,0.1689151188045277,15.828190991165826
-19.4423278913859,13.983670494571175,-5.11687029306903,15.758596275594961,-2.6514803751624356
9.808968570676132,2.3851095217698024,-5.278101995817253,13.2397914952533,2.482650045031235
-15.72768160016753,-1.5365645746673255,6.678427018910718,3.5546137209815933,-14.922515586409325
26.732904533655592,9.044138112523859,-8.870722839069414,12.988065743347455,73.55747345514816
-17.37676781600059,-14.628605670359395,7.27845055477533,1.9843408280639894,-5.522143351887067
-77.46150869434831,12.474833228874154,0.1924931155552354,7.546210491453779,-21.230715682486533
31.601602812802454,19.512385983916044,12.042023039050411,4.460886966315152,72.82642308369779
25.365875982329932,26.22739415083907,0.24835819331610232,18.324363127975815,6.610830584807005
-24.88552758289008,-6.121246958279679,-2.9070129192352088,2.442811801711545,-66.2953094630393
26.132467382929978,11.89454635820415,5.123974701333275,12.607216611831088,31.810499407785052
13.165724486989465,-19.750719206452864,4.011907135449769,-2.3541575255735703,-46.98045272353818
-24.614750639547378,-3.301491421638259,0.31665627793227413,32.92861912284655,-12.925812765555179
22.063530108643743,9.748815253060622,-5.020061332522067,15.685000730963807,11.84186826663322
-25.228890374614885,-9.867580929794046,5.072439020881457,-1.0608773040852841,-34.742268345939756
-10.035728804119639,7.987612901762546,0.34460506654020007,10.233849550639592,21.497504872046363
31.846373643784673,0.05143920145508929,3.3607360867668703,7.4421547251836575,14.419869258896327
11.21615933896182,9.134446376806924,7.991471207360898,-5.223496733720681,7.96871614247039
-1.0836540176289553,-4.29123665482137,5.825143489546285,12.475869133278088,-15.58472258249982
-1.385198312648832,40.619639087972644,-1.9949932250567466,4.739018212474356,55.50322691249937
15.90662181655502,-21.058459765334494,-5.736936016136774,7.425167821997784,-9.39201891654282
-21.37815629948359,4.267132109232664,12.994473447629144,8.502597495783409,16.967845380580812
0.27064604476681353,-6.799863341835982,4.34462535794534,6.589973391737164,-5.603065176776724
-9.266157129439282,-4.466738029348045,-7.700719232122174,19.85117172202181,-22.266923351725943
46.587643520397414,7.319513171522933,8.973708418201273,4.976617345151407,8.74654335294068
-6.229079776757622,-16.349487444824426,-4.393798716103033,8.813355077741214,-25.009166271984068
18.991669814675728,-27.837401282878453,0.5055873810917246,1.014592618430135,6.4627642207819385
-27.56253777743495,-4.099965967170711,7.418730521630068,2.846961583656231,-7.554846574594986
26.728546205072714,-4.454747791024629,-2.171906062056256,12.986965464977223,31.985767427966582
-21.694365267028004,-10.800875170300412,10.109149001709872,4.538724961476845,56.95001156854303
-9.552136429782601,2.5077859630018313,4.924492226761768,0.9497444286181898,11.627434525772145
-34.68838031127739,-8.79704365865341,11.050236218140155,2.556411724342584,-40.586889154319955
48.025593349581186,12.898514577633717,2.209831720156103,8.75251923504943,42.816636952877865
-45.26319838378636,-6.429721083073016,1.8775472082055238,-4.34887972971222,-30.568088757302895
26.718203302476365,-3.2214349813838146,2.2986704355092424,8.274406811922699,4.541091637517766
30.82090443252646,-8.830120356011896,-14.954294779709638,11.552462564928398,-16.51147381636407
-0.1719083142289186,-27.969582739915296,-5.333894177152855,0.43689531677536264,-46.46031163062829
21.858794546849584,-6.029402093431642,5.805833187706095,5.551888431431239,-20.753415091118214
29.608545957894552,-3.608284367799369,-4.5358902310654505,2.717686508753322,9.396100749261105
-4.370873793421151,5.392897731955047,2.5891240328654224,9.151286602552263,22.38666324164734
-4.370873793421151,5.392897731955047,2.5891240328654224,9.151286602552263,22.38666324164734
1.149521730850271,9.854508721869802,-2.678492330288607,6.343979310299418,1.235683383335406
-10.104494929703323,0.36265680580699833,-6.462670570167429,15.3152740955621,20.46880567481534
-28.872927743930244,21.96482932848866,-2.2184035002510445,14.334088822757181,19.29594757553585
-40.07489338172056,-4.659252098735866,3.811646705328202,13.62102856188124,-1.1856998998433568
10.476022278752659,-1.7653262752315562,0.04416727355141159,14.260424119513763,-1.3903965361294177
-11.001060717573402,-1.8430119492531531,-0.5370446355249885,0.6583468899331353,-37.57087498995598
22.96601500603633,13.194792619799745,-0.24964528744568448,13.447861272028522,32.63584836350316
16.087456067393898,23.540766270036762,8.389373001144097,17.16880781864286,42.41688293775423
15.687402561818441,23.75767641484344,4.3649503601297,8.238192048865487,52.65834250833339
-32.28757338189447,10.054230464862975,-3.367011898227228,15.497122291482745,10.951505016284806
-50.6556612157173,6.478665923404367,-3.0690989568744174,11.389471988788495,-18.467650143575888
5.781233358349432,-0.10115058812156441,9.515823810655785,16.55211253140696,15.09941725713071
-5.443739946618646,20.50508186780681,5.495901473428243,21.668341768956516,9.377631212708089
-17.139330828326155,16.487097776110605,1.305834211883985,18.695109410650808,-0.2094173922938527
39.66614053476194,-9.69221312823947,3.325956077181389,10.441834494216335,7.719600990075152
16.413077583764874,-14.807697332332772,-2.2955194704042885,8.3694304057772,-53.77409036778573
-12.312938718971155,25.795493402816184,3.922253280177219,12.460953494780508,24.239143411339988
-21.306411716409887,-25.7415302661345,-4.532851551880287,1.2488957743048275,-32.09400677825735
41.503307111051726,-19.37065268131919,-5.260762385793107,10.434180186731586,-38.16236683446592
-33.07904653592725,11.180928507117386,2.3574635490370204,5.944232767050954,41.21654309392635
36.314392147603144,5.064353424777085,-2.6913315104388404,9.30749721052569,28.79522792834196
20.180446198615325,-17.680769999404465,-0.8687172341782459,9.061802246523763,-47.11728810972737
-10.770744392218079,18.211924790321653,-1.3088122784606266,2.996048125626597,-2.0601379671214533
4.004163831422353,-13.375694997949651,3.0819969191181613,23.831113065592263,6.281409085124423
-10.204694833299603,9.499182275034055,-6.72452425362459,0.11052494913093724,-17.832094534400202
-15.669656244470396,15.485921146106527,-6.3146116826630125,0.536410836769724,-22.50500271717299
18.482791747200142,-10.03634186580658,5.182159541665755,7.118815171875832,34.75698086986128
-17.856369820989624,21.480191644134845,7.5096396512057115,5.48129661169324,-2.6079170476448255
18.61356753378745,15.28182967293113,-8.781864056537774,9.91926146328427,20.894425531006192
50.3661304112832,14.580281472178385,-7.858740174528247,-10.407829276595296,65.96250331562479
10.154152545918294,6.538404322662625,3.6229483450917437,15.232137237458641,-8.180022526860517
26.339631353773203,-10.599841907643128,4.462282610014823,5.912251676307302,-0.8261003627325039
-16.59068284584676,17.82912668911577,-0.2654593218004879,15.810836396338448,11.451044846953153
8.28228135929136,-2.322637324218558,1.1349621740976408,-3.7107155923024786,17.71917990366711
-8.647214721995919,22.701461062386873,-5.408731182489323,18.90096769238901,19.129141039524804
-36.021998152964166,-0.5159447300260425,-1.8715506750085495,4.75730207970795,19.391559047205035
-22.8977765141292,28.879349120872256,-5.821712821326966,1.0917184088089225,34.250938508662216
19.783041937898354,15.622447375292795,-5.714001905778826,10.199979473750833,65.70085781632646
-17.420420152436463,-4.051676152581408,7.202599422173836,7.87282154041084,-15.736565383775098
-23.39603387425778,14.84558113459953,-2.7766519812278396,7.785445723447895,25.863609572923615
-19.834767063287085,14.327997100775804,-6.385962680717909,6.6099840146150735,32.676535711028905
7.816222807336501,-9.274394650111311,-9.400904456162602,11.428963892946605,71.08994343773058
-17.980198982231233,-27.760977033600806,9.090191565569562,8.561754975583995,-2.550615738143449
-11.35424697309675,-24.023507691078663,4.312351857056052,2.1903018369012175,-19.495028117248197
-2.271483868394384,-22.343732680603964,1.8349317879044187,7.954723444481795,-23.346335071584214
3.135288243183464,16.17769207442518,6.592192803424917,10.857839577643164,34.767707959478955
5.490277833839893,1.6655287167390584,-3.7476333789142604,4.591719865561983,-33.848891445291876
39.4571686066802,12.129088648848649,5.701583313500491,10.118960124769487,68.29765428909334
-21.944788078139336,28.468301345418705,-2.2224348428236356,17.00457078966129,14.548262312959558
4.41656271098309,-3.392789996174642,-1.5940625897121392,-3.109178738646321,34.85190353131165
-15.860077375966405,-3.159250507067423,-1.4614261816999248,19.41243027698106,17.615469968567837
6.479943531160373,-7.189375196389869,-7.571733483934462,5.831803502311363,29.869913551750216
-10.394129547512854,37.355115460483916,-2.282705771009266,7.238612917943408,37.64788000155308
33.00706035928815,-5.319052346250164,1.0046299918568216,1.196017643814797,34.852357240021895
-38.91790408831792,4.8340000177593545,-4.290227407003197,15.233452773848697,27.001381109750646
-18.992683840787173,26.587230956920415,-3.5394174023251055,1.869516747585779,31.239373128630387
40.720975148515336,14.835606194605303,-7.616316267316453,19.44015750058985,63.58475160397324
43.051175181772344,7.810239434411759,-1.45481131076654,18.63744823586314,-3.9490836844552533
43.051175181772344,7.810239434411759,-1.45481131076654,18.63744823586314,-3.9490836844552533
4.879822111282067,3.79451032478495,-13.339912492497778,14.774720209734781,-14.092623148653836
24.780346087916847,-14.917205385862655,11.396034465515783,13.683941033304006,-8.180795065708946
30.016957801417547,-17.060445303695523,6.398174742486218,6.350267447482976,-55.239791597734225
-14.569648744510737,3.292158862141907,-2.5243608388511167,8.559592183532184,-15.707167132962503
6.889980276363907,-7.656258532221727,6.777761995161969,0.19541324461903997,-15.070380921112367
-6.170733033380664,-8.863166210941953,7.241244141969853,-0.41248538956936676,-52.042737095286185
7.40539266334662,-11.573699586213335,5.404810332682727,18.855990436212394,-1.2060441607469983
-18.866237939940792,-28.140107131830796,-7.6930714793047645,9.989272799697249,-90.80407400445549
-7.540837905086812,-9.892892513274207,1.7748564751746834,2.4560618009638104,6.729193954145018
-14.11837316360306,-19.030651404681656,0.0711635008457443,8.383367707773173,-34.083787962473025
-18.463378867293006,-7.677897312506458,2.6429098809358758,-0.0796013369392039,-73.66000645279311
4.194705402878498,3.480855960660165,9.880981655659188,5.115675863737174,56.9412068054125
33.65757020762774,18.816826229882068,1.3497908353069024,5.818073098567584,-9.701925507709568
-21.280882446471423,28.37006923883562,-0.2457718561588682,8.01423781461526,26.91093467692663
-21.280882446471423,28.37006923883562,-0.2457718561588682,8.01423781461526,26.91093467692663
-13.804762944882093,-3.373738226568097,2.9960088493168904,9.069344071540474,15.709512292977168
15.653885593350783,-13.369324994275534,0.5194406911609519,9.569600112432031,28.345285431789172
24.40540067775595,0.15813816925077262,5.735503187969383,14.370997832749206,-1.9624903187651803
-18.130625920161272,-8.883180780030887,-5.888781028060736,4.558520011152401,-18.076416762157184
8.002829085159645,-13.789162401384367,-7.434341800143708,1.6346319957973034,-24.77664979557766
-12.714636151238457,12.103859711240766,-7.0080579493849875,12.137181841310289,-4.282305668551054
-16.77227031555776,5.742040488420819,-13.364857904978164,8.462645638367189,45.938172473628896
9.765684559814487,-8.511368874622644,-1.8875378145686739,7.5785001491567225,-46.956048371953784
26.96101319882702,-42.08190470938072,0.5678744188597176,25.86152671177859,-59.84267461962122
-23.808410070672302,-2.342277172514823,10.906703470151811,8.045720424851853,-47.16914083342642
-14.736002750642573,7.869335642805362,1.8421246081664,4.74339064153081,44.09391553160536
-23.20281641679875,12.23546076940499,6.482853227265553,7.679102077655262,-15.094350914422028
5.83415015641031,4.798855422009877,9.944593300935269,6.191051651869922,-1.565288602486417
5.83415015641031,4.798855422009877,9.944593300935269,6.191051651869922,-1.565288602486417
33.6560225780969,-1.4603251716316823,2.5168510489187774,7.585520857366091,8.39826844296276
44.073009427137855,16.157541457086175,-1.505207187689658,8.042330553526387,13.398592554657618
3.115702889076985,10.490688959238657,5.71409489399497,11.626062735433003,20.76567581098437
-1.7400827984090403,18.89749565562905,2.2092763230345485,16.973058385044947,7.091752050119458
34.50658960938884,2.167127004265147,12.129791199901458,-3.378677305257373,33.66594154605289
15.32013660544434,8.139364722632772,-5.336990491594529,0.2830413051067211,-2.664289577443185
15.32013660544434,8.139364722632772,-5.336990491594529,0.2830413051067211,-2.664289577443185
-7.837979587647418,-3.911729941202454,-0.43560029316622195,16.938122229393226,-11.248066949572552
30.816631543701277,4.452574728556277,-7.981823916357987,7.9977268884468256,17.28370696301982
-43.116792323464615,8.20938529480269,3.220266521395793,6.738296904283734,7.820421633913003
-1.8628592690309986,-1.1331752311281402,6.609859767060502,11.310732031835133,47.63714912409372
-2.6898470416639846,6.423508034745611,-7.698859192730345,4.119536832938163,-6.201581972735209
30.455018467340153,-27.9792467315303,6.054550742588861,0.67215415066635,-32.458984280027934
37.94454348321763,-4.354522542018395,-0.9440565407831105,-0.24120802435355415,-22.74384196637361
-43.30777995332558,13.038378596315265,7.7532999635854125,16.65148503421609,-7.955107391203134
28.292739512562317,11.209021453044707,1.2895630426688767,-1.4717016560659832,51.02175955169386
18.879475830680754,13.463759526848765,0.4217090207515938,11.178331668515874,8.223687200852055
27.338073728997678,-9.5156990871642,6.288955168337837,10.428249960814886,1.2924406125203713
-3.516981327896236,-14.190547665090127,-8.054064062088717,-0.5813766248352366,24.76685372076475
-1.965025861043344,19.85740788077397,5.092780233952878,14.651610663022574,12.804744245515682
-34.560945940971266,2.8777510908151385,5.85156593529652,1.824221380565488,26.255102826055637
56.52700842742577,8.423040754700134,-7.51539115073953,14.575780043710363,-21.415184319542792
-1.8686071208789627,-11.840723149584608,-4.476284934006058,6.980471820124095,26.6631683255861
3.856703094734746,27.586550178228585,-9.507352617948694,5.774362940895786,11.73294170648384
-7.192210820960762,10.690295843100952,-4.870539390547958,5.79056846537303,-12.286482073920693
-1.7442483890539977,-2.9980869924579716,2.8753364154739987,-3.0373988047380953,29.033180269033608
-34.62382451159605,19.237067253905675,4.256149233808479,8.533358704786098,-4.495805707447364
-25.755484178785338,18.851812813286063,5.438974347875928,6.161124336085758,42.83711479629342
33.66321419601897,-27.67832019244592,-3.06702957074536,9.552528118663353,-74.40103811158242
-17.16571235621776,-8.606069456533785,-4.999560856256425,13.76178249705561,0.09089530266570023
16.998968098634126,-20.52531213663878,0.6394614667425,9.177412125003565,-63.722483054272786
-14.59711895991739,10.785815469978283,2.4326377136076878,8.028063904559687,35.17746666193753
16.25355806366038,4.901721133374982,-3.4990946553431486,-4.478226600344062,4.611642340854438
12.595454293097836,-3.7427125479137278,4.076301813898788,18.59417352464237,0.14788816423655504
37.86465012002916,2.304720273082932,7.566341102689505,14.996387736747177,-3.5334850415151617
14.469327258120455,14.449995733962455,15.958208045798784,15.496528794333374,23.45853192648
6.0606155767911645,-22.707390679600778,-5.554191944975983,16.0329674556598,-49.60175103678371
-13.416368526432969,17.475881564526656,1.4722412404895242,0.3231677615100832,37.3039494178463
16.97353016039245,-12.39167644883003,-6.373447609290581,12.563486709546854,6.8908738095744795
27.3284502134506,12.074812060128266,-1.6695023750297917,15.259577048482566,47.11564844522808
3.4667824457635064,14.1288544727335,-4.3700068149900435,8.886424173371749,34.18672405317423
11.227234741642242,-0.2695844035775803,-5.024527989124368,26.910164585852648,14.75097828228937
-21.855541271205816,6.80614056706106,2.65960095935898,9.934281616320135,25.642974453791684
25.353666916026455,-7.584220712448503,1.028206331223252,8.267730959661819,5.763249651523244
23.515792901198665,-3.2865124327667434,7.201757245452651,10.454091209257568,23.140330058360576
10.98110588274399,0.31493497046223506,1.3510503961586506,3.9311030900734796,-29.34022910086682
-13.416708517705747,-7.205180430044929,6.381222572752167,12.820999708100713,22.096492437034975
-17.935997501053155,-21.567114852370008,9.769671493962607,16.82461148182425,-103.61463200410957
12.007353999757338,15.790747889994426,-8.788747521110889,-0.11718527002889445,47.1971803870199
7.139675924022676,26.929935251240927,-10.838000224452145,-1.0192536968365924,72.03042427456825
2.099899826203565,3.098081782491967,11.756857790028814,17.387249505781238,64.605426382408
3.665597776058302,7.69484490782731,-13.158491191939738,0.30434368791663324,46.55842388751054
-50.922151806194464,-3.158577121411108,9.37383455976392,13.627446813779617,-43.75706770818452
-28.384215768082253,-3.605999631184929,1.7984818308534596,7.880484733616097,-59.14387074151293
24.041678753094367,-22.714057222647824,-2.73702783319994,9.644710850707574,-15.329940205886992
-28.020126622089432,12.037952357003444,0.45068269000675176,4.581202712451411,6.8643131826251
-28.020126622089432,12.037952357003444,0.45068269000675176,4.581202712451411,6.8643131826251
10.296580552415588,-9.759300760615872,3.5928874060966294,13.5929072219621,-10.147956060908864
3.3757597179465257,-16.3350726117886,-1.517793404743622,11.852907570520731,-48.056020792818835
5.37630277516921,-2.9126787225223225,-3.929993394038382,8.031774934840978,-20.399197356611815
23.99861289104071,-9.494908694750638,17.797450405889187,22.298432740563847,-13.534309227465107
22.098535358935685,-5.934410959520461,4.900700933364236,11.261578809179177,42.70548499341857
21.477212913688398,-5.1627690062099525,-4.297794067147423,7.67685064135735,52.894110285235634
-24.703124704462873,-23.31780755827872,4.060518409101348,10.367835334845111,-12.93674865050226
-8.429074500811701,-17.622344052417482,-2.4992322314152764,8.062907985902372,-52.80191933938017
-8.429074500811701,-17.622344052417482,-2.4992322314152764,8.062907985902372,-52.80191933938017
23.665293636028156,22.141208485998032,3.3038430506715732,2.0047202855732547,36.327698001091555
-15.302264221747716,-13.506179696627212,0.14004420929628392,4.999474835368936,-47.29038580474413
-2.545644456499513,-5.029488211869113,-2.9714481337339698,8.242755109651167,4.16899251721717
-11.366149854102943,-13.6993952754538,0.6895965789044367,22.65683492658042,-51.0748411260054
16.833357401327525,4.644369736203515,-8.45296867197429,12.517634799676758,31.119713958293403
-10.369568271758714,-6.033277678144292,9.008715790880458,6.143357990062862,-50.83924165882478
14.793572336132929,-8.179207953443548,-2.994585401169564,9.531372279960081,16.972342951122666
-37.80171656527362,3.3820539016317053,12.525386402719107,16.054286596979765,-41.16683226818225
-38.58928384864713,-7.008166153832096,5.821305527693919,3.6532521763189,6.414030436531675
29.10601767657547,-19.133302474209284,-7.759606682953862,12.91363521488082,43.81872212022715
29.60876449235287,-3.021878159927528,0.22731287491924057,11.056003881406774,-30.170066658492217
-17.96180366381117,18.515836950341605,5.299067335672448,5.150579974316136,10.927810665806714
3.625654255446605,-3.7503428281856195,8.620937734218003,8.626793524475431,-22.382792665964327
3.625654255446605,-3.7503428281856195,8.620937734218003,8.626793524475431,-22.382792665964327
-32.657374606036655,-7.810075457815115,16.000392186900022,10.11168942034431,22.261561157779642
-8.814842443744734,-10.72707298801301,-4.04963779618854,-0.30653849776449205,-77.64022962598011
-19.54552870174571,-37.99961794927511,-7.59608865101918,3.805399761489408,-24.858988378509935
8.604747602685134,10.570404483909552,3.0622738171263935,3.7626888342614624,39.416206837466774
8.808515805227792,1.3915908072551826,-1.6959519950658803,12.245992250943846,1.0737072481597298
-11.502560965345705,9.182699190936964,-7.677992928006954,5.971568988946946,28.337330888886513
-15.750764920921794,14.102178797914657,-3.937121979300618,7.552687372456351,20.525143496637227
17.62576738075546,7.363617464776771,-0.2520812505859844,8.219036429481713,13.272786752035856
15.39718387345086,24.971741391696632,8.656935561457365,11.021891074624566,5.739066360120973
-19.316915210907148,-23.423183788439687,-1.696051412166855,5.475713789550257,-14.479227865119835
7.322885532820997,41.426277534103065,5.669779043550937,22.642687507833408,43.46684398051467
9.209373865826313,28.284526773218573,4.346373831736745,30.849690307347394,52.10405948647319
-21.554841979243356,35.679691419646886,-7.008430566113744,-8.632816956036685,79.14911505889921
15.255303683624351,-17.09878424166452,8.774676840231322,23.626136430831455,-42.14724708263135
10.51017415942912,-35.299007907537515,6.955776463164391,15.812482638256768,-66.7451718478288
-38.53080935570789,-12.233819391837878,-4.598592674102919,3.265544057161006,-44.3964530191807
-18.04531786072552,-5.7561824095943805,-1.2931103680156473,-1.2582677570051386,-17.441052419947038
40.29511284600628,29.5006138222222,-1.403060865118658,17.530870248121794,71.22827027357434
18.82496901414351,6.912434483998375,3.5221455735692127,-0.5131147663604629,13.855912005910625
-5.655435317936572,1.764467424002186,10.007674918762874,18.576000850917005,23.214580518688905
-0.4603712906066795,0.805797048438908,6.225015783941702,22.27892023452418,-11.2529283003325
19.648835794668255,-4.585179862793639,8.163533429352182,23.026449993788095,23.57487605131754
18.085740166869016,-6.718892665445399,4.719728244147625,21.341835634867135,37.99462014061406
-33.24834518674169,-4.7309453103661525,-4.231506984109226,3.7629368748083483,41.74216392614671
17.4491658910129,-7.494461916989972,-1.9277890353661387,8.284905876748947,-68.19332119985751
-21.829281087283174,-34.98122046230908,-3.776863962243278,2.8978355573937273,-30.686704990859482
13.572277812790947,-31.083914502527286,-11.167556952161005,11.895445374193745,-60.952923382834264
40.41171620403424,3.8619094158231526,0.6279475317006469,9.740263171171556,14.57098337993007
40.41171620403424,3.8619094158231526,0.6279475317006469,9.740263171171556,14.57098337993007
-19.932062384456493,-4.112938221900712,1.2469140507747576,7.024581850732027,4.935279106344906
8.109195132722824,-20.651794890819485,-2.1886144815060105,2.9757168635135187,22.50333188258255
-2.6352244836113634,28.5778679513714,1.3835844209197092,12.711030653440845,-5.229272856280108
-3.3303671427043877,17.562079946438796,-0.9057993278087966,9.505957947829307,-1.5431776800739745
3.7418661550417127,-2.4964396454067943,-2.604695609544871,7.08125538205604,-28.049783835131574
3.7418661550417127,-2.4964396454067943,-2.604695609544871,7.08125538205604,-28.049783835131574
-24.372725928365735,4.155329157243768,0.6739287129305744,15.106783607966475,25.32683150458163
-4.451873204126489,-3.851546643000658,2.650756777988687,9.533882301993126,43.51288928175872
32.359103971343146,1.2450639506030825,-1.0791312109934634,14.411184544374965,35.650476409428094
10.236394754859301,-3.1854422580555646,7.135502464237939,4.360760004158872,-39.28347629356852
3.468102343442655,18.818314261491107,-6.970093471327296,5.8536451935941125,12.261264901588145
-2.218928000123605,-23.634639989768296,4.389628778435808,7.14821101138585,-23.028439024451423
-1.2616632028032857,3.123228823866855,1.010541063011777,9.580375607112986,-12.333405276024152
12.55442352264488,13.4409562865701,4.727223848857301,16.306567166966587,1.1355570829884556
-9.222659597823606,-14.1112727829644,-5.639775575968815,0.4079799444793828,-40.39514442813001
-17.637680881322254,-3.19846620359632,-1.7896044902628971,-2.7189745808115244,-80.11182332557408
-9.015993772754653,-5.358511994207447,4.303141854036031,4.626529183453025,35.20175840844736
6.57847993194814,-10.543341190813338,-0.7364828293635224,11.823191007636138,-41.82763334549354
12.80081549023796,0.8239085184041972,4.114727891948166,-4.474194120843405,-42.12722862857396
-0.6853060565156941,11.124706299317065,-0.7629923613693093,19.044700539191293,-25.5451554009071
1.0574355701204166,18.57523201357092,5.019852269326592,17.08534100135849,76.75352384377672
-13.706925525386799,5.207244124538779,-3.6192328861015337,-4.578878471623032,-30.88397362192532
-11.851576014933313,-10.520213779406701,-0.6423035394207193,14.385896665925696,16.75588315519259
-8.63732863556617,-13.350172336155577,-0.7662219098326671,14.68584302097905,-3.056891976681573
45.101218471517875,-0.3397144186312113,4.335395694752279,9.597790768585414,-26.138929137842883
4.131098801462976,-24.573536520315965,9.580670881503265,9.635691209796189,-28.204608061445292
6.008114288902636,18.70277032276629,-1.411096867100773,13.995553613845027,52.0987101768514
49.906185526064434,11.155905203262783,6.83130791470517,-3.8960556186141613,-6.63188125489134
-9.825944608773217,4.169937237505736,-3.1437427101553865,17.209198332943416,43.41557675355294
6.202717971500167,9.72094835280154,0.32469700822202063,0.03402116387584364,-14.454545068645345
-16.763811908967153,9.284637473169138,3.1297683585545943,15.262487904189733,49.67993615105556
29.59194115835637,7.491616015260599,-1.4377664176981835,15.508340997607188,-19.044257317380687
-7.502212792100064,12.87686327116326,-5.331811116785019,7.519389518136384,-11.462351805951833
-5.2137711027440155,-10.071749266110194,-2.035272884659664,4.134541742840757,17.96720681670414
26.442800831558557,30.464754490593137,-7.8228460021835895,4.664756493583683,34.00321918259247
26.370622440268736,27.28379768283051,-5.958906932532433,0.610800043018993,47.17109940253743
5.181756778089177,-14.995062388772194,4.045218476914625,10.170770649196685,-14.97051686608376
5.181756778089177,-14.995062388772194,4.045218476914625,10.170770649196685,-14.97051686608376
-6.547671101846162,-7.8117697679197144,-0.42902559670210083,5.412172106976122,36.5623173108519
18.08131834058774,3.983782569454526,3.678483612094366,16.50448512798341,-46.97683824192803
24.50740613756575,-4.594839583516668,4.789059903855068,20.003022163658216,11.484576762541309
-26.461969800008486,17.19822295250447,-5.932096257143095,-21.687508822745293,18.09490287087687
-35.74588473933416,14.910520618681351,5.793155354667456,-7.054156539107625,56.981135518304214
-29.09226503969159,18.878500349474358,8.189042829575344,-3.5596895787270837,-17.368724962553927
-15.981773680777918,3.548423790540266,10.33311918153736,-0.8699110338688922,-18.37585545378862
14.761255746180593,2.540115577982114,-4.034211133797495,18.21156550066944,64.15645015234792
-23.716255573403643,22.62744458027127,-2.7292029577583437,13.829819775921862,27.849886943348864
-17.6631092647246,6.66011379992327,6.244512970921518,-0.04507351045254637,23.188135317534528
-0.7642127760703268,17.90443214163319,4.761382993742958,5.880382536440045,-12.118114504333537
10.104087298052349,-2.0914270261433288,0.7859271015412306,7.6569966089643495,7.0864604053544475
20.589861869944926,-23.272568123524,0.7543828013034576,1.4634462622660216,-5.271508251526967
20.589861869944926,-23.272568123524,0.7543828013034576,1.4634462622660216,-5.271508251526967
48.20137729361403,-16.50061666018521,-5.583355531618572,20.54516862580083,-68.18245567624352
36.81021717081366,-9.582765352067657,-1.150608478709871,18.446944099145718,-18.362247066990804
-33.97575512741767,-1.9619698635768241,-0.9596601840654122,-1.7501020730474846,-4.294706267332906
33.49307979619073,-7.722531175884465,4.560659551721449,17.173828027820292,4.014950923899349
-49.45358756416333,22.161162503491045,1.101333314629683,1.3983713275441385,18.347860930264
40.77364039982564,-11.38335083745902,-7.8959622890876275,16.46148061145814,-62.713155827727434
-26.3265912083992,1.0256594038946192,7.465128822558031,1.9689936650589317,40.233513359327404
41.97695527647003,25.456924309894745,1.353571078803058,14.486145048738365,12.252221852596954
-31.484707399872555,-1.3004280768800753,0.1478955637973498,1.673418632784685,-46.82450079839873
-31.484707399872555,-1.3004280768800753,0.1478955637973498,1.673418632784685,-46.82450079839873
34.69894352615338,-4.853609012542799,2.5147010628930584,15.879509101253744,-44.161337170113114
75.3153291167588,12.132129335917648,3.1266292399462756,13.163835816911655,-13.181387605363764
-26.559309909998312,8.09569303430712,3.0767570402013416,1.7678415030432584,60.12812620501025
-13.451811218361762,-3.1964855474396217,-1.56571470475247,9.70480407544185,-58.05104161256889
4.19822170265763,-17.862165049580568,-5.5231657340054925,11.245546687433755,14.705549981887394
11.819648922649508,-19.436360105420448,1.674179289827121,-11.928416040620728,-87.19299368813077
19.171555757089756,12.424265128444333,-8.10987460798998,22.142727020851865,80.16999922531971
-12.467309073725795,-18.34839025155433,1.4810246983423507,-2.4040975591404106,-54.41089774604604
15.539913291139037,12.460885680333423,1.4107177236139605,16.54146843157638,35.04923660331528
24.003678083447912,8.4266832743631,4.052908641177093,14.147198719372089,4.912213213765938
-23.3484320137406,4.846283918232917,-9.499216185960215,3.0269736470359447,1.495083896356192
19.692743247038244,-2.7504016869827246,2.527592023076557,4.930159957851373,6.306454070087714
-15.239222567875618,-9.16401612856595,5.627864578628128,11.21431811584924,11.016011529432298
16.898328221195225,-21.588520454978912,2.059526133528216,2.9043543616341463,-81.62948885346498
-6.792948523502618,-7.730880646597066,7.786311690576344,0.46636092204607493,15.796436946776723
-17.595355831679946,6.960455362446595,-5.537749577136728,3.6986614876902144,-21.31970733773349
26.643983356742034,16.667932063174632,7.310609010174608,12.701715397204481,28.419823646647636
-24.397258934029836,-5.558538416646629,-4.47412216756652,6.472321330962103,-20.443508994281174
34.23665765278695,14.871426720648493,0.08890014199302865,5.251476702389942,7.5730367070526
50.60527658737267,15.882300645814448,4.447307896332511,5.696363550819751,46.657416423876185
0.9982008992420788,12.797670207509007,3.2616852593058185,14.166618405182092,16.459139856146464
18.195779354461493,-11.798055687921154,-1.2181835404096182,1.9042457793873044,-14.097849716872282
60.159294715918115,-19.173206148531516,5.8119925436381585,6.805719223098275,-17.467449248739207
17.240587650266576,-17.547460278375116,0.5733432050096283,-0.4324719118610849,-7.622256318780364
-28.16022824936597,7.01751387843429,10.455923520863308,25.252492125280646,-26.181574846317694
3.3313209616271067,5.3672933697908185,1.648416000732996,13.057914326811025,34.252354447917
1.0722687110201283,9.942081800058777,2.808599822082962,4.193801477873821,-50.14392128369695
-15.364345698497292,2.865311126335971,1.9950870319785103,3.2925286152370274,-21.673128573404515
-32.62925551389012,24.140695202768892,0.5486328644480347,7.86057479620179,66.33853251973892
22.382925712145106,-17.346144172343365,-4.40837670609182,8.185432580965532,-74.51186725774531
-29.89832333146152,29.851235561968117,2.8258182761753585,7.750138027149712,80.07528721673654
34.98501724356407,22.861857831145738,-0.32629565555881634,14.015986178601663,27.631614762438698
27.44271927940253,13.893765569372217,-2.8366213092863735,1.208951655942796,46.12259046556893
26.579470816911115,-1.5603749231394257,1.363732317828725,17.000722876346654,-11.928966279771455
13.314570249262575,17.86012843107593,5.326481140469758,-1.1297405896637862,19.499712126218988
9.039510078401918,-0.250754249741302,1.1772375008699858,-2.324432435757507,21.472583142082552
16.01363828283418,15.26040864289566,-0.5218690643648263,7.75259609887361,16.247250059536128
-21.707604440173068,-9.952448604613073,4.80637857577581,6.800498221844168,-37.65107575095243
7.670581260836546,-18.021762112773224,-5.807683906926014,0.8223799907359721,-23.630376130129154
16.48049151843975,-5.091491872054373,13.248476221661246,11.659806241239915,-25.885165588390027
-27.324616351294736,-16.63132046715974,1.6923115305928018,3.536550507118328,-3.6044716971900392
31.631857626237625,-8.315353841395966,5.885886977228137,19.902940645934045,-4.259943043596943
-50.851577045217205,0.3876943995446034,7.401597627682364,9.75398286607307,-17.10057598841025
51.63625755596834,-18.72165961596906,-6.2225650431325175,5.665893796484224,3.25531430228261
-52.4074582430624,16.80974695919084,5.505651406456501,2.5302744700732855,-6.733397730482775
0.42061766586770943,6.941898744241049,4.429574075543652,1.2204781792474153,5.069326171029118
25.496588798825247,10.427017545500094,2.1794251537402327,4.1365845287690055,32.413437873866044
-41.60608462211475,-11.429870564739527,1.469741700690359,12.91839496805938,-28.41338144658057
30.09548143388431,-20.665983753447765,-5.413918376273559,7.8421621219032085,-42.055641723188955
3.6367474693785624,-11.682556447195326,9.231591912630476,-0.9917591910751267,-23.716526674170765
24.987012685827473,16.57843417691466,-0.1645739383197098,22.71031906287576,30.20485186856316
43.11950046761322,28.812997881727977,3.8999165344053286,9.261635347070916,71.57334621202224
-34.30237341283582,-11.485772531866516,2.021451566363883,3.030615294872396,-48.13892260428632
27.43683227514752,3.0627248289171574,-1.117842942542791,12.819610026921382,62.90985031205032
-36.51851358759153,-3.8960401886968263,-1.974615567037307,4.679873613697568,29.3257010650081
-24.204634154584152,8.755781813872732,-2.2524157867861714,17.68982606877339,-30.852996418058495
-2.119427497625722,2.1033543824398455,7.10495582713393,2.831374229770704,13.29828753038133
0.13252036749834095,-0.5561418424652125,-5.94289607682925,1.5506130184485345,-11.040028662684378
-27.331685762173972,2.678136158802844,5.80402429150796,10.314411460563498,9.966789533302993
38.20569125206431,-24.48700932475288,-4.51129198636219,11.110987936737482,-59.235560427822136
38.20569125206431,-24.48700932475288,-4.51129198636219,11.110987936737482,-59.235560427822136
20.70651510564794,-8.396308926363673,-2.1448642853067006,9.823212411223007,0.8562769435590027
3.3826024336015053,-9.546160918252344,-1.8613429250303812,2.6736918393597797,-22.39012325728142
9.609107393857604,9.791152688310925,2.2777839620158895,9.428208402872025,15.102135388974794
22.02263294377412,11.324435593452717,0.5180018427467856,8.302997883290034,31.08031654896464
-25.240562556840548,-5.427558608219826,2.7094144173111685,8.488925080212882,30.109306710725505
-4.618787214737182,11.236123191472085,1.601497976777772,5.936657690466849,22.378500728167694
-21.74696147588993,-0.8982362879263182,-1.6284509282351876,13.09079240129199,49.55264797226694
9.721036945583073,13.052422602735582,-4.23205809967388,15.214707253656526,8.995017014970998
-42.052153695469265,-5.48874596127753,8.405445950864134,7.025013518121787,-5.382303330499479
3.989023337744058,-10.976981353962568,4.540843051594594,17.32230177928888,-22.007474685878343
31.56395589515205,-12.184499179866844,15.605536367690142,2.4790500568983234,-33.803830967833285
45.91400924742289,13.630990428790838,-6.282397961479961,-4.379250262733433,50.61224158790776
18.82923049552422,5.573908299085584,3.443051326065869,14.114623935875784,2.53575844523818
8.183536462103262,-1.3867267291382706,-3.5839000497434053,12.177937856640817,-10.316987234456024
15.689585346016287,-15.886948325450634,-0.9279964792206759,-1.6828016055189057,-20.13028960469171
-18.529212551109246,-26.02675646851811,-4.606237932401353,14.495570807178563,-67.75982326159169
4.453494434896957,-0.8896124973120756,-8.153876593365403,7.531834454137546,11.521610666037041
21.651934749061027,11.043783591589731,9.933524162638374,18.096528001472166,9.087261640151949
-36.63331540922468,9.847610339585101,6.5033469003668705,6.270555584268941,18.95078713502449
29.16996223472721,4.157584002915575,-2.5274842781028966,1.6483430408586268,7.889244348374362
16.964728145939542,-3.8133494889495143,0.46408089339824476,13.275920160439028,49.35849459543525
24.254371538401664,11.715479658797243,-3.9913753240178793,19.79792167726329,-22.914432543148813
-21.21615507783261,-1.3778684999428172,9.146372551657521,-2.864839665902318,-44.53589086502404
33.36317893339427,21.706711090774405,-9.65815171291834,18.313050229478748,18.196801096810482
-8.95449248432567,-3.299111187359969,-2.330356185313218,5.4612688129235565,21.42568655174993
17.865881596460788,6.621622301198518,5.746069199534599,10.571706515082845,9.39750112106013
-19.430435763661603,6.557141779111609,2.3984596027752834,-0.6962322352520625,12.58731034019234
15.542783374422429,6.0655097068209365,-3.399508423822216,13.950802227475283,12.437732763328363
-12.110381086024338,-6.054851355680426,-8.782871129362363,9.6478763206054,-8.545745333014182
58.220429324410645,-5.940551781865577,-3.0725372403944355,3.7496156801923934,-4.087563601551675
-49.296489502621895,-18.63629791899639,-4.433426491231061,23.27513435644545,-47.43500824952882
43.06507838017221,-6.772915728703801,4.271110359123574,4.25577552054439,-12.712517169679977
-44.340816285835686,1.529717580412699,-6.8428966393066375,11.492312638745503,7.604997675783347
-4.739719148934704,-8.752343131458028,-3.8425177885385606,2.261618807722541,-27.95916276388112
-6.9831200087403875,-13.633719094312223,-4.313267955663954,5.076248079468799,-17.718301185028842
23.006081097758624,5.002223907584749,3.0530713620251144,12.69629219888296,0.6509019955844919
-2.691463333284066,-0.10754818240168829,7.648094988927218,3.6146974953191355,5.599103158091983
-19.595245317198376,4.001706812531175,-5.888804231399375,8.156019759960717,16.362114957386424
-5.630806260509983,10.44816392026939,-7.103267489399064,2.0091437628706244,32.514578757259955
-5.630806260509983,10.44816392026939,-7.103267489399064,2.0091437628706244,32.514578757259955
-1.9917714459567435,-9.745789413743136,10.31622837343077,13.43628876032604,-82.87097843701216
-1.5770997260382043,-3.071706217201082,14.880241055099312,2.484908342896791,-33.87016580528086
-38.29126948192955,7.655724712393697,-3.809304457624652,6.845544134966556,3.709241406241919
15.20846522092232,8.874351340751273,0.2680648698870045,8.403060592844525,27.660178341912967
-3.920675109692535,1.1018875070163143,-3.447410257008239,7.343600305423652,-16.58358265214552
-36.83486361414241,-5.683120754197336,0.8706567153828977,9.897675846073817,-2.650278401948185
31.134937186662565,-1.2161543814519225,-0.17004360340623936,6.032695270244792,23.989238303109587
-17.23019296767215,1.6463184655598049,-0.6605507809947672,22.985609922028843,-24.325146486054948
10.428378022522335,12.427897888745608,-6.063901556030594,1.1315612634679297,53.12565236320336
-31.540775493292276,14.739373998939646,-7.160961470990947,6.111111573495512,21.59348782876422
-14.280171641842085,10.414419434300704,0.41517290137385654,28.78744582659028,-17.361802726748838
10.39220346388803,-12.446187401288592,-2.7002693397098767,-12.05748919756296,-51.15332984071533
-20.76574753633401,-1.3893504057889974,-6.962054046753018,-8.132674883011074,-36.46462791337198
30.350690044006292,-5.9677637686226115,1.6388347468083087,18.1843352797297,24.430255250181432
1.4998440847678012,-4.1849167919283685,11.470743323428167,4.034486999591143,-22.69626303479847
-32.59879282459945,11.903192739696397,-0.3831364519074274,8.558212648010523,26.474240713545193
-32.59879282459945,11.903192739696397,-0.3831364519074274,8.558212648010523,26.474240713545193
10.332227266538087,7.40642148177824,3.983824808443252,19.643302455209366,4.364962801716324
8.590851567688883,18.70759279209859,-0.732788688109578,2.2297708466032518,48.99539345529159
56.33571758656931,20.78801254516518,1.7276927583584283,-0.44718265740407537,48.57518998819241
35.191502832423154,14.001646860327401,5.70152118329988,-6.477662802164204,113.65203023567909
21.60513797111645,35.50672675355993,-5.8814658305825915,10.90291553426691,2.795986529253895
9.256111876010559,17.70926769353114,0.23726248224344282,11.579350709189228,47.55362027054338
9.24797516566429,20.101785458574504,-4.957237047335405,18.873784929785632,10.760580780110232
17.970531123690467,4.367981070847252,2.346660346851303,20.11166893819795,35.709650941067814
-18.94582257299816,-8.945661397828266,-6.765500946280988,1.831362071484703,-47.58126043695359
27.76859342170053,-0.3271955369371504,7.25183705702003,11.366443356782515,-36.782502130637795
28.23439235772708,23.019959223784213,17.253946229056886,17.354300787059305,-51.70323086510467
-23.94924543704444,-0.6689438469510414,-12.437361457383782,-2.273432947013715,-33.759898288453215
32.77515801188106,10.078040307243063,11.239896352202376,18.62230004200731,55.35158018687394
5.273991692331755,20.570925106696183,-2.164371654735529,14.341686911765452,-14.778291645468734
7.778785435092892,10.572901514103773,-1.1650875057389554,8.984090541042157,-11.833665868649415
-3.4673380783322294,20.750994407484157,3.6196642386543285,11.2010258683363,27.24629619987913
-6.002529922219244,18.639418295886614,0.08544114994295349,11.024600782863931,47.49313775570894
19.053641086165843,16.5966148269982,-7.309686292429564,-3.524077537346691,33.99521017947857
-2.796198514847589,-9.936030205604583,6.284125646387774,23.277583276310736,-39.558648267304434
-9.218591910502237,2.903550188857201,4.892373975110138,-5.307595710384891,13.80968858197711
3.646158008079678,2.0263580087203126,-2.698563585301371,7.257465150110542,-4.8225642212667506
20.095707435867173,-1.4956397160715653,3.2854132232673994,17.965049847402483,6.557044749896583
-10.618688266804469,-9.848288859271229,0.13112668548555995,-0.9943066441273931,-32.656060692655274
-10.671360068546567,1.9884751422373537,2.9097470347116006,-0.09576366440426565,-11.198341093458605
15.670357192463745,11.877896593903984,7.290345443721293,14.314415542039708,18.45482318215293
-14.588610226181292,-17.89768506699133,-5.7870228888521345,3.2755815544108238,22.996110739824058
2.133085973388763,-19.787834228053395,2.2833883125891568,11.522409908280231,-16.420375085693394
55.66463732320787,8.07283350663203,3.831411038373057,6.226571368976087,-50.53281285830795
-9.026727467077222,10.287088199648993,5.377663031152627,16.286358099957113,-42.38351734795753
2.428682739012693,-2.1925933774711126,6.945749486557615,18.252349853682237,-21.141450141366203
8.026938789495443,3.1686992699260577,-6.4708711096767155,2.2914801759316195,0.11644417219099523
15.7757124525662,11.196736331028713,1.0088792581666786,6.427796844663516,37.635565182075425
24.79819522055659,2.5795120278107846,-7.0066885056337345,2.6774660087819226,2.3629816361347125
-3.769851492380699,13.432217137051614,5.977673901203511,11.358251105093613,33.04929429404999
-7.679763499955106,11.70553219463438,-4.13779234365176,5.886109839104911,16.037701804669396
36.49850705367746,-15.709557693349659,-4.394635286066556,3.572314826756172,-16.404940875074985
-35.99452897041738,-4.185984272329285,7.988942891199151,12.941484262989249,0.47991699340469296
39.69995010808651,-0.6697616340411354,2.555228943486272,2.9495809528535375,-24.08524116877581
-6.683013378816494,2.329692080340396,12.75321959613485,15.412155766685608,22.646987861786794
16.178946310350952,5.422648093355469,-1.793667475245332,10.150764807593724,-14.182802606108659
1.4629536915857422,12.83137779802005,0.2861925809286632,6.73679724334907,-16.229464196534092
1.4629536915857422,12.83137779802005,0.2861925809286632,6.73679724334907,-16.229464196534092
-22.83984027703284,-10.390169087153964,-1.7364851414617366,0.6098099263699104,17.70956453035632
13.042530708822746,-13.908658630637827,0.33574459920706046,4.3379444769678575,-2.5489215332547523
24.29736753386011,-8.496690863984062,8.607335430811917,16.502425623560736,11.15633558167853
32.21134066639666,2.8694042411415595,4.90349580566885,6.487809213520704,-25.792225084872104
21.219284771914023,-18.129427638894555,-4.739648183662345,7.015528757927509,3.9764945190636887
-31.040022000540418,8.428736633258076,1.6344926846340577,8.868358046614476,12.324666592786535
39.82047325896265,7.391885906854067,7.05476740205807,15.379164881322755,14.30516345162315
-64.36769378675109,-18.98236897606535,-2.3854624915036267,-5.7978609957233465,-47.505460363561475
-22.484180675148416,-19.01379973250203,-5.3057541819250815,15.180190559050608,-2.6449396304484267
-14.57870217735486,-26.83476474011153,2.8689921304868236,-1.841372758051957,-31.20160465421088
-32.728623538667854,-5.103834443431734,1.617183768937655,26.47538802216026,-52.90354022541513
35.44453859249812,12.159418691614022,-1.4459464741145482,-12.071850200830225,26.856691608224136
33.902832700711926,10.35470207172581,1.1233879729403664,17.045043330346022,34.28865829263557
3.739708405030111,23.27374525090042,-0.3913761891754408,2.847966792961076,2.5066761256271235
12.295725033753953,12.878233697593071,-1.6917368082836104,5.534100289647123,16.787319261984837
-8.82557557771216,16.44399913984269,-4.641284166698427,7.371826920671609,48.473125001247745
-32.602897569141284,20.443213492258675,-10.930339901902983,16.1209900649242,33.18149377806039
-8.165685938077793,-14.23026310192616,7.379890306568877,-1.686764723699925,-27.28167121250556
38.607419619577385,-11.707645152312383,-2.5519872583472623,5.363227159291356,-23.910264576541685
-30.813086446337177,21.55869565812177,2.8791675238807124,10.746225739942902,-9.770174658429637
11.206197888477172,-8.455503597311449,-6.8883149954644995,-2.8688616594373575,35.16870194656562
-6.30863305693045,7.04774336958315,8.149476201459922,20.902048843373212,40.78864342304348
-7.12448027314489,-12.09917228181665,-8.023484280118122,-6.462954517854454,16.390270976726057
-0.5679586625473698,-9.51512074796719,-8.101210932918187,-5.3804298950511855,-4.82531350318941
40.77063674558896,9.580085873338376,6.472889532799905,18.22222581856787,11.415284419687257
-61.51516271933171,-9.218940166361929,3.9545448766042006,-6.631958196546803,-20.659883422050783
23.389769728122296,-17.270955088256116,1.7513523024434927,12.422337625713897,-46.503866710549275
23.389769728122296,-17.270955088256116,1.7513523024434927,12.422337625713897,-46.503866710549275
15.490695194848684,-18.825992496668867,6.610862425063821,3.360032931130145,-28.227566358178464
-0.9192099942268968,-0.3203801394301795,-7.151676743140541,12.524035549657807,13.008915795552237
50.53739659224668,8.999518326831977,4.09051788149165,2.9758188778206165,13.22579259045541
33.29210104120177,10.778999034546821,-2.0744843744581773,13.879972528440844,41.54962034147113
-27.030888127515457,-4.406646385134952,8.767022167731374,0.0233081999939575,14.86157381072725
29.100656077958774,-21.08183193288071,4.884278789667536,8.687194626884384,-77.46703657085376
1.3860546756206595,-9.036177623601857,0.9914955382187207,12.267662140119961,12.357624622322213
1.519131406837349,19.937756542941802,-3.282005782877031,1.7014959725366046,11.399046930065126
1.519131406837349,19.937756542941802,-3.282005782877031,1.7014959725366046,11.399046930065126
12.927496176346203,7.333131655503472,4.8500319333822715,13.043944721263355,47.53423377498544
29.17836837430304,11.062689462692653,1.1295155762727442,3.5880638927830244,70.06366460008809
-12.44939725779868,17.265425260892673,1.3494566295300179,-7.784839946764613,-31.550935090764824
1.9860243595355893,-16.467594351662765,-0.427540816443184,7.3785257393127015,-32.23997893929007
5.94710842457915,-14.849349482481786,7.007904406729887,13.499039050848314,-40.24088481292726
5.94710842457915,-14.849349482481786,7.007904406729887,13.499039050848314,-40.24088481292726
6.709369000578959,0.7814806126396725,-0.45313975329142586,-2.2954055096376393,8.489787252724259
5.97617582937162,-17.236803080622053,4.032648967905065,11.84124928637124,-44.014781414983986
6.003227833929079,-9.271836364709756,-3.670685495124952,1.2822255167775252,-11.377774051296564
2.1896937913902335,23.742116156906974,-1.7887839048505256,16.046983581917168,83.85916196735253
-9.139267073042836,21.067915214237004,3.764903509987436,-1.7126341509492384,7.093643373831426
2.749252648181411,21.661991189574124,2.2730452588726013,19.02015521833183,78.66770363370046
39.91335660596827,-6.749815543208374,2.8633878046148995,6.370578318842243,-45.87434370598394
-3.703635214928049,-17.887691042914728,-4.534062913485177,-0.06904817962918708,1.0206820488544714
24.32989568561195,8.900441327572185,2.7497678902628997,6.093247094688106,-16.014475276206067
-3.577071333892734,16.415671601703032,-5.076723226075432,14.226811402393045,72.35560764599286
-4.981317140189478,-1.7150010661532207,4.15266106407292,18.527410125215276,-48.81482760512637
-33.1867815181977,20.35926511402718,10.064526085557365,-4.872091029012602,-46.95824541752911
-67.7645919805961,13.529350309277564,4.6358396082527635,-6.086174340832822,-11.10949152185077
42.45968282525078,-9.266516228178116,-1.144094305593589,3.1194057043942607,16.43474177562286
-8.63796773529269,-1.2976546290744202,-0.23118679048451596,15.749621030681439,-35.08492230578289
47.00107358002305,-19.95936521001856,3.770546960432619,5.75785599699385,-11.412075606861709
17.70536216943062,-28.13462964714732,1.0173637270419085,8.703100051860623,-17.90878206935324
-19.91768241236867,-15.357644809097206,2.553954364610998,0.37796450114981295,-76.88441968641769
20.289867191878187,-6.441277520434813,-3.5140311872955494,7.613744922777625,30.844381647473284
-3.394026134583063,3.072613436773131,-1.0826098413362883,1.2028312262540723,-32.823009537788614
0.23590519843283753,-24.394889123848696,-0.7841337423934137,-4.221328492913511,-16.629883231433435
1.2902891842614324,-0.4607547417993061,-2.9162702924324106,12.582493131669551,-33.78938398232275
11.397705179214686,-4.69657001109141,3.395324056010502,10.122378788667195,20.995386924349884
-24.345631232916112,-1.1101413899301669,-0.6123507767380936,6.125097579541123,57.98860663354026
1.199971959771723,13.536567609380208,4.636633326423687,10.635124651219783,13.153866412402337
18.323544831373336,-8.253447273677429,6.5738703427753595,8.535619500938314,-7.624741437981422
18.323544831373336,-8.253447273677429,6.5738703427753595,8.535619500938314,-7.624741437981422
21.79240376211427,-10.791218503291983,8.953699132772378,-0.7947648137779173,-33.704187338889184
-20.249400223468278,-14.428520883159756,0.4816859735977914,17.77397838728348,4.1694720424448235
47.79914183007304,8.700316969920694,6.080883960794811,6.0110710461474675,-19.580210060341255
-33.04293587909561,10.137915380291473,-2.538845745502915,6.79789300522831,43.99957414006409
32.98126479552291,11.573798206498056,-0.6180779334827462,10.366552996267831,1.9504598474624828
-40.0095641820961,20.170345071549836,-0.9575736042947227,-5.973089847525198,66.46000659438317
49.3392428038756,-2.9632271722510524,6.324305452586968,22.156817239203342,-21.816464648183263
-40.285984617676185,-19.75811462869084,4.893574296576645,-0.5241385126719607,-34.51751313843765
49.08214669942104,2.4634529600564896,2.4419078463421187,17.62254293202129,-8.267523222182533
52.47725646542058,5.448718008309428,1.6911357639826026,11.503195823228637,41.396977670380316
-2.891908676358966,1.0523998176051883,0.6523918079659397,1.2014805959756418,-21.874451918550143
36.54216797352674,13.823616949824524,-3.360030854539754,7.930679562993464,59.78633775548981
0.6877838788588662,17.05727382564572,-6.010861106965804,-2.842199584854636,17.148148653740986
18.454565996466254,1.942237604507639,-10.523816084253637,6.977438819040067,35.90347030669075
26.873661692153366,-3.5803581187266262,-7.317295964950513,-11.746585596810146,-0.8511387623711713
-23.346793252642836,14.69326134962268,7.29379358205099,27.906637773690726,-34.229980712743654
-15.135291564478763,2.768069409191593,9.210419803820294,11.77766862404679,-9.851260779187903
14.186520543049369,19.30033520886753,6.03096758582341,10.295434646993957,47.29093265894263
15.467460624017082,11.157045569301149,1.0713416265702511,4.914102465459733,79.97879734121025
19.688405491464216,28.391153343875445,-3.9513306156566346,13.753575765094485,6.121877215601785
0.9689085658738819,-11.537635356119264,-0.24263275334528256,2.1786711440855093,-44.426011861347995
0.9689085658738819,-11.537635356119264,-0.24263275334528256,2.1786711440855093,-44.426011861347995
3.5183821809618636,-4.32053273134812,3.7373736098162507,4.700686020758111,10.48278703375595
4.389359569913207,-1.125962132058893,-0.6256991731852888,11.631102176933867,47.237425312790755
6.438925178870132,-21.55115871277662,9.717893177005811,9.395064598816898,-58.384662677627084
-15.28076403424728,12.881707115526954,5.261794806193096,5.600383420547435,28.49486557234652
-6.747614638640613,-6.540553581007689,-9.433984180343533,9.855766372476442,-20.045016828163327
22.636120145073356,15.060074044263128,5.526013065316559,3.6229542077917922,41.709868038452576
-30.900070385751874,-15.25721657161638,-1.3435962309241676,17.24548047893385,-32.688244460135564
33.255500877803556,18.998451480890466,-0.6239618257672523,-4.351160250371445,45.68636939617416
-10.09360422609248,14.151703004227471,4.189995951062416,15.466222446839861,26.85553594490144
5.303581719608046,35.361397261620496,6.32910173638852,7.468559823880472,68.2717217109107
-30.362631927702807,8.481892792230706,5.199394294705446,8.324982086246854,12.872681292318958
60.52766662225913,3.745878956021292,3.4208807622530557,19.742557104090988,9.306722655250514
-15.07200060059128,-17.151445585508746,3.9030743654735254,13.185659686659122,-3.3252506947994895
18.036300076379923,4.415635291024238,-5.8601110297949734,3.1149134396026943,-12.766593843642074
-5.396042409080202,7.834169607975117,-1.2161269375562451,-2.790347710570935,47.58258981720218
-9.667681604091463,18.309702299068228,1.8818636298941307,13.96647857547601,2.977334075886983
6.992707178492871,3.181797466356418,2.2309374400799236,-4.564290494309041,9.969116486004467
9.149714641881964,3.60344035588715,-4.359776966122064,21.193229629076697,-2.302413871627973
22.04957762316167,-24.530347385086813,2.062490135245808,9.066928625839191,-41.09184378928257
3.8257614600164622,-14.974365798798557,-2.9598492898446684,10.76094000003808,-41.40033311041157
-5.316093741383703,-28.69147309991098,-2.0140392788921355,15.580763873041946,-60.377596404905276
-3.3931295221986435,-13.93486302100372,0.9587939375089061,0.921167218816054,21.9924966815301
-28.93261959144425,1.015323436021955,6.730675747663885,5.326712973678815,-32.73693455700117
26.341336965639247,5.037357554610294,-9.336317331597893,9.015860216949784,34.05356791619838
8.040670384536753,14.739344405142804,-2.9548593933552247,6.143739190109693,50.84017584333939
-5.398784598127024,-6.40246830892057,-1.4971457968474384,8.606764520100056,-33.88852870621583
3.194166145356453,-8.4942431114338,2.160133309260651,9.75443085368353,-1.5047385322891405
-9.435524977269242,6.939791287392088,-0.44619973496330323,9.227648997832285,48.97909637855756
14.446254776492356,-17.333585310521244,-0.3894306140312125,6.365460557305463,46.325874356381355
-17.57489829280062,-15.561213776498782,3.7766313414514325,10.521616776913836,21.16427840652051
7.640957367986559,-8.38250254289034,5.721611232027444,2.295855785171831,3.917377909782367
0.9354621467668043,13.900003262510877,0.36083595183616346,13.777782402432322,15.286652310053325
25.680100250174032,-15.506027326684986,4.937255489373808,5.990348189183983,-19.779072370402574
33.190640139186876,-29.85301345731608,11.693606513364188,1.7310237422899437,-94.32289839217285
-59.4951704261399,47.98052806586215,-12.440387285486771,24.403306001689657,59.514206541773405
-3.8081442662606335,9.350373256287632,4.729051843850052,-2.791575697651682,51.687208022277225
-19.02290234119684,-5.568639145459645,3.2427056978514472,-3.2728116870965898,-0.38935617582815496
15.873531681235093,-9.940617696557641,2.748729276129783,19.51185019083333,-0.05008597272908588
-9.178871473163642,11.35975631938273,3.470321335006889,34.13684783090324,0.4277180085091382
-17.760007102063355,16.60315201979302,9.576995534468022,20.001265614325497,-24.049545911747174
-19.5980042367002,-0.18683325242746918,-0.6371569485014792,14.584874652076564,49.59387792388998
7.40299862160267,-18.365095315154434,5.921441638570494,0.4749087158947418,-5.393123764916822
3.460921518199509,3.6915404876692683,2.2127765562808386,14.077612452349555,-29.241824991216774
3.879679835690773,3.438819427790692,2.244962366355288,1.614301068170858,51.93398501553578
5.638299336346666,-20.31471797969323,5.806804587844894,20.244089169753334,-2.5151009724029336
-9.827926639276434,1.2077174585481103,7.811733555933165,1.1978549245131482,-49.50974692230467
-11.909488175463494,-9.745674341360823,2.6981861919976122,13.482659836557005,-46.347993047197676
-15.53487027061193,-11.10573680941262,1.34238111343801,10.138681152397018,-0.3418831099048276
29.70189215130062,20.478152346689964,2.6991209121751303,9.697249319006884,17.053471450354436
-35.474122344991414,8.970501142332651,-2.7511254169072994,18.577649536469256,40.002539477659
35.574962712732564,12.4870521820048,-1.9556749935046134,12.610479723093437,2.4694539592631877
-15.601888292785556,20.548049388662655,5.205745658068989,9.98627466251023,66.19948859571474
25.60758066577094,-6.94132141733574,-8.305326886254132,7.220921816396262,-11.648694658532019
-1.6156750411227918,-2.542806513390863,-4.210018439277246,17.64097977023986,-1.4713801311718564
31.13236132367714,9.934418405740432,-2.181866802595735,0.6707774308416461,23.218558106626915
8.560097293478918,-3.382428009333651,-7.8400385141912725,-6.163272767976274,17.769532665119645
-21.920007122670064,18.672378215271095,2.30533801560877,3.47588467216225,-34.303164266245304
37.47873892640338,15.590305589175529,1.236377909422452,9.950032380903345,-1.960671655495247
-36.495680776165194,6.226844580148466,5.321003006349045,7.567735520179948,46.143895987490396
33.43802898177037,-4.958945550881603,-1.4344328606591286,8.681786937080817,6.347628616817843
-4.133278908464671,4.971365278263033,-0.00791556805314908,11.38106550282235,-3.4866073735854077
-23.201701137059725,-10.40800553220451,-2.4776372329462917,-3.57446432085392,-11.689466254968249
-2.6054914824843713,-2.8586764780407714,-4.014311037639414,16.165883598314018,17.628227760419897
2.919784881918086,1.9262019116942177,8.743604670417175,-0.5952698126512108,54.19485499639218
9.060569851248296,21.733073170760502,3.976966663804604,13.017199091333971,-10.550303310447449
-22.017923589680343,-17.06301025704742,0.5935643356006297,4.210060526867384,24.83886500186499
10.651455373712318,-16.188849818165398,2.688493989326175,13.087252654372937,11.720771020185822
-6.529921117518196,4.086384307366272,4.106868432509461,3.0096363355292115,-20.342941253751043
15.797819904882266,10.090789707920402,-0.22877837801765466,13.330761040150207,-3.126073471087075
14.443332767546236,15.596384854761542,6.593294360312102,3.5306533845997046,-11.471049630475314
-12.560911644090561,5.747808909904503,-0.8139661096442623,-3.0956476896925564,-22.366086031015616
28.299606414995505,0.7282182260924905,2.1145044565849034,18.010735160548137,-58.856730232083216
-32.36761782154477,-9.826175714340643,-5.812409724778423,-1.7712594326408269,37.77225137746998
9.855921627169124,6.095796530491052,-0.8835612635838785,2.6544995557661286,15.042559750510968
-43.80100094040087,-3.6843197775441565,2.2064415732457316,4.640460337246225,-15.984660931338041
2.5920704822225034,-4.00873597003144,-8.366172382578634,3.877682709598668,-5.131204620645228
-22.76950502827745,8.43186017740604,5.434103454321105,8.895629840040872,10.428136149066045
36.74679347303486,-3.484370518461864,-2.4303338036452917,6.2080734242107285,-0.22134337421072026
35.55196239332251,13.081924639166926,-1.9533276374857693,6.701770004348207,-9.794333982668944
-21.620693879477894,19.445334512959786,3.338831995217804,8.40510326286625,-28.08471417756997
1.4777342493577095,-6.028280378647066,-6.036254762858435,-3.6455344962095997,55.39581823223648
12.361938508373713,9.40972229977567,-10.064376511342196,7.056951805663607,-45.08555309340748
13.557313820408815,18.163448453592373,10.91872660452199,8.266340785052195,58.18803702745746
-36.27387578582666,6.218630933556634,4.583421184517726,13.893067376984863,-22.775798359907338
-27.659905605682333,-4.261864549718361,2.690896732942484,12.054016840730727,-41.21896118847975
19.64751837844802,-17.614428067231174,9.759175815138626,2.1084428826218318,-44.61706207700126
-5.627587339192694,-0.08167915772577317,-2.7875521852400755,14.572539423073522,40.68740354208166
28.694780502444324,1.4582369331153568,-0.39655729125541916,9.997001213269105,-34.93390314009552
-8.09537064121168,4.839353557066975,1.1741197280778348,10.61069658911312,1.0999718738782605
-1.0500126691463887,-3.6102055349983324,6.872053363830864,18.129582572499015,-29.193491490403357
2.2270601014565727,-4.047087843359348,4.064182447252888,18.789475924980703,-24.94345981762227
-25.6750178424392,-8.934256066616957,0.25568798612233223,11.863228853479862,-33.97278875028394
31.532881225444047,3.8845712050868357,-0.17080259897512762,5.611681684793105,-22.022350960658702
30.99575678400484,10.733270730999749,7.61689130900761,-3.4330722500875748,61.102151950262225
50.82980953196267,17.570636349017104,5.949426136817513,7.515171545584817,69.31108592705242
-27.21377727817834,12.247985247667696,0.6372237291068572,11.27596807277928,-7.7567045873173655
-17.948025605657577,-12.060817876761899,-3.806910872832189,6.42065031047272,-0.32437521569873695
23.06902316520603,15.002080998328413,7.4912022674868135,-6.687385971996368,6.808418766255851
-1.871676504975035,-4.253785368045802,-6.1395289615647926,-1.191114003632448,7.345548618251861
20.126947449145668,0.5087880380463927,-2.4329503560407497,4.002623130455783,32.40705522371781
-18.207301539154344,-15.36198423439496,6.774369771166744,12.201191803078345,-81.15045864969112
-2.6831093759557714,-4.875522852602716,1.876719923486312,11.442226535014992,-29.26007307071154
-2.6831093759557714,-4.875522852602716,1.876719923486312,11.442226535014992,-29.26007307071154
22.98263460738334,-28.186280353530886,-1.2372240448953709,14.516013901829258,-43.58947466946155
0.31807092695765604,31.58005786078885,-10.892725317209912,5.877739342111127,58.99540559744736
29.516186356755092,0.2474385745695038,-2.271279917609296,0.4989359132500317,21.685423506889613
-0.07360414747898147,1.268269323712194,12.30904642730091,2.396619576060319,-17.197754678914027
18.520780990957327,10.08820120148864,0.6441494081789134,14.026694842293,35.88330427793262
-16.299702883275753,1.7232471498332984,-5.072074452501157,7.321950640256276,-1.403820712061444
11.759324779134571,2.4297746939282465,-6.347310629925247,3.101303329695539,14.05522924695748
5.052875140340085,-9.876781158789212,14.363809657414201,10.373602489888079,-32.264509494218
1.7920080985686466,-4.998794699045187,4.300574224793676,11.172149773620768,-96.07479857378189
-33.10712688279023,-23.714435417371686,5.107356240429458,3.3936686473794335,8.441958143169956
24.07479707103345,4.271898062563372,-0.6974177294240298,14.489853051982342,15.644413855041556
-20.333446386759952,18.498221279575095,3.370486670467747,16.365448369191263,-30.9889100338753
27.42941842073467,-3.837712924058131,-2.118658883294855,0.45706190047733664,-48.53115505389058
-3.4881904218694046,-11.430786153731681,-1.1913366833473265,15.06247166778898,19.69402038005211
