Tº gas exit_t_3,Vibr. fan free_t_3,Tº gas entry_t_4,Displac. %_t_4,Tº gas entry_t_3
54.33011263247026,0.5935607463234649,49.42970128115982,-26.895751209822993,-140.39423439656574
145.78333362062702,-2.303660554686565,20.393684338764928,21.204994980818217,-100.0348808726365
95.17316549597209,-0.7947126932740318,-42.018652995682736,-6.5854478107675405,-27.0981764377743
92.8063560598741,3.5585823840471393,16.174340161357478,-30.433465475556105,59.73527041901798
38.67943087603082,-2.7352762738568224,-71.29851028723692,-16.71340951895648,-92.60856499498378
52.787057184119824,8.170889241457743,78.4232986447399,-27.246344409620953,39.76310040536025
15.45991261757844,-1.8119058327109698,102.44093767706804,1.7763923279236344,47.36542805571325
142.58896181493432,1.8034597333930975,33.35452888337465,257.9038707284383,110.1742343010345
45.21422080236263,-3.248812314190117,71.27273650802066,-189.0806737940922,-146.8248308169316
25.094405976709545,1.7926746256313293,-89.75393946458101,90.70487231925388,91.05884762370239
85.41077899315673,-2.523426287375313,28.85744171168355,1.6650133604743758,12.184912939596117
85.41077899315673,-2.523426287375313,28.85744171168355,1.6650133604743758,12.184912939596117
52.36269700765169,1.707346929266679,-43.37612726034436,7.96758853189354,-7.1302816287252995
102.8662793348156,1.7921559191773968,50.87265336703176,33.198720594203,29.34935303066988
81.77958798937445,-1.3870481148463132,-13.50719419653717,-67.83483318133247,-25.83691631831993
61.027675730610376,-0.2942863423971849,77.7411011882056,60.15712446831246,32.311064958344076
100.32511375088676,-1.049274130289359,42.10989536809423,6.282745109454304,99.08291430441828
59.97628367341234,-3.7529380106731565,-92.05982796786795,-9.722797233418458,-61.82119366641578
67.14060689837785,4.198107504889041,66.07988010471871,22.48890610242546,145.5355467918592
57.34954757107472,-3.0055196925725363,-62.3188395223345,-53.60991338314292,45.27003648680716
94.38629323464585,-1.8493255708451795,52.81069710099063,20.078679205772893,13.380201403987307
-24.390274376208893,-0.4998328574982239,-0.22609925424380428,-23.89268195569939,-15.324207347317284
77.70223651557639,5.385895410368893,157.54158278281653,47.90215517856922,37.727018919112375
125.64264420528261,2.7810680333764526,200.39000530120592,11.852948580540698,129.0607450333784
147.29482662731277,0.837452694808446,214.60430212111493,-43.99357239350475,178.7707981450885
147.29482662731277,0.837452694808446,214.60430212111493,-43.99357239350475,178.7707981450885
194.39349435744109,-5.045917584544004,-18.610055650336093,-49.16788715159301,164.04502981233946
191.59686813544818,3.792310335888895,66.22463653081509,130.33386253650042,132.873393369518
77.97831694119476,-6.702426333318712,-134.97837434132109,3.419513527509025,-9.490583900993158
136.16826563252653,4.09151080129541,-17.100783952324264,-20.290394665129615,-14.987593213955627
-16.38810813750981,1.4697225660713382,31.01306552937588,81.29031895565245,-8.151263806176956
111.79701296810322,-2.1800822074325366,-25.193133184183473,8.283456146286326,5.741017168320507
1.6975637364523495,2.0158400707981894,48.40236553304332,-30.581297925940838,-20.233772920896
85.93205516405176,2.709438207538978,58.30275552587769,-2.093428493317063,27.07974476735327
133.57278647763496,3.316573531906223,-91.65705080847277,-14.004719793353981,-7.388316715900771
28.058028574463627,0.9790388846654068,106.7817955913907,125.84147330742431,37.93044072745532
13.92274775427103,1.3570272580155622,-77.42317139570879,15.325853867311409,-81.28718545055781
127.38326233670361,-1.5937997500767906,90.33813014582702,-44.04736320562645,116.89609839084926
46.32212947122223,-3.4147611299492584,-52.197212451835135,-22.471838710258666,-24.37942396822072
57.95566828531359,3.3544216418590143,46.12612009669425,-35.53901090541959,-2.6484606446219416
25.13443234494803,-2.392445855100836,-99.83643527335188,24.616340205507264,-5.803922046120277
47.662933297645495,2.9585156386660305,6.900944534225658,-34.557436091930256,52.637573790134695
47.662933297645495,2.9585156386660305,6.900944534225658,-34.557436091930256,52.637573790134695
47.662933297645495,2.9585156386660305,6.900944534225658,-34.557436091930256,52.637573790134695
84.11705137796277,-2.4457034688752115,-55.17773622935242,27.660623842410015,-14.225014401378772
28.6911041642329,2.9358562025721993,66.36039619248044,-72.17206684505643,8.490523327542551
59.806641255141976,2.927992272279144,-78.96389253377812,-22.008114837588337,-85.40630875888435
43.66686965046807,-2.0581092396474174,35.216529583930836,-71.68229819250783,38.29861951049213
103.41411796770933,0.5766334080487545,14.573112208378275,61.03181209946719,-92.2596917331569
46.71679650252241,1.8108164633827606,-74.61588844185478,-67.60973864918354,-21.674656639653307
88.79838834913697,-1.699683240520243,-34.51303528934385,-18.96342437440662,-15.554938262054804
-30.69112999077356,0.5425887253642785,-64.71344588442473,-64.28519896849332,5.562190244126006
33.20059693604159,-2.7873807673541284,29.68789626484366,-74.46547083821386,-129.3457481853481
29.20429006791143,7.306489170498098,-127.0700028848358,30.90909823858135,-12.981866533050294
62.975223304582855,8.557470710139192,-108.83866710359646,47.56585880772903,2.715299182546726
-29.376074601807183,-6.047013084491005,-9.963001055798166,-86.5486329941761,-61.592379009081554
140.76741038733184,6.147343119953263,-77.74654038639241,95.67533894760035,-12.016511970907189
-32.99550040317121,0.6729965422826378,147.543539826046,75.87136371875198,26.97573176822713
161.8855148751378,-2.5908950479709776,-132.68757755166035,-149.41903178056845,2.8628693902049527
-9.919763913102699,1.4529574222464303,128.42775738633586,114.67079378545382,-27.159091027482532
89.84854798531724,5.996538589188258,-13.07123740731764,27.037927650524352,38.24317826081142
59.76858471010917,4.766323359520209,50.019340727022595,-18.880543319104262,75.93486048010485
119.5962521846615,1.9107792400792043,79.48162891881248,-34.25029811461457,-22.311661729630202
92.38413447763374,3.7529000760794586,41.1455443726138,-35.32441707543634,-32.136445820218555
3.6914406668479813,2.740790553305358,-63.73701047468473,-20.641496009143996,-32.670514424497156
3.6914406668479813,2.740790553305358,-63.73701047468473,-20.641496009143996,-32.670514424497156
95.7605572976871,-1.3157815584394068,-32.917149358637005,34.627885142526296,-41.558292235556095
82.19470607060063,-0.1349233087422026,70.8636749795337,-86.45235405791954,-63.45937116589964
37.50034595634057,-1.5440462521542921,19.540709177291397,-52.349541815231966,69.47763690739022
37.50034595634057,-1.5440462521542921,19.540709177291397,-52.349541815231966,69.47763690739022
141.71868123113921,-1.72045866104589,134.20980612885907,-12.874790809543413,14.204862737682674
78.63687428118917,-3.6986845208521317,56.53124028710546,-29.128351342864104,114.33761090448503
164.54510758872217,-0.7410784433670079,98.7828914223899,-9.626889087243828,117.1371051998744
147.01400018978794,1.3821582882893417,110.0940707514516,-10.587359380031689,184.15549665305548
147.01400018978794,1.3821582882893417,110.0940707514516,-10.587359380031689,184.15549665305548
103.45628372467425,0.5086940812838763,-29.02070293259888,-119.06047217126971,-23.11821677677146
12.091072358968244,-1.5180961396038586,-25.35154518896917,154.08552886720585,-7.827128604562219
109.96465540356718,2.7821225724490874,-43.141374005780044,-157.58333398934116,-37.23085298387225
92.37955172532342,0.09474383172339973,-131.23979276549503,84.41283942420121,-26.65426304376274
80.611576817738,-0.7958201853307203,209.99157027100148,-69.79922653091172,233.18091976469412
68.06825200890898,3.0664769090394772,158.9057054560035,-124.91661173387291,127.935364878494
14.928928423345702,-4.206694213873714,-64.20849389759795,198.52836427310166,-72.92392233436107
23.954931007290682,1.1525815351268305,-91.62808874665947,-18.263879996133397,-13.836816556731868
74.50145037955433,0.037546038747892196,37.25481145465873,-3.105798253078855,160.47958317024415
82.95231126617674,4.454704839065603,65.30337297739712,-2.3098118885319936,6.932629106430539
40.66685669421605,-4.792692186621817,-13.63575024602697,122.1271801181351,40.516017229463415
32.77512205914349,1.9454513161035072,-7.975459745059939,68.67031613119532,100.99159103258194
88.78877097808126,-3.9300323991363415,-49.7905968529419,-85.13927994880034,54.18291491872096
87.24550210801776,3.458320007625809,23.1445283869037,34.816956980443955,-22.4936251567228
84.29294129255996,-3.5133167993606187,-37.05332010221065,-56.20650898772506,-17.562970954938677
74.26333710339375,-10.585815679505595,69.49804723869056,97.74697235066655,-66.22368841898356
-48.519715870979404,3.5420884292343784,65.82862097639124,-33.98487586426684,128.0277556069447
33.47988610579183,3.205116119815338,36.208290790370825,-4.130329405016504,79.53278381430877
183.1822718824313,-4.683570548851261,-48.10162664319358,34.02953738102456,19.16683401772231
56.42429655558196,2.019845698261394,-0.3976942721666461,98.578618416447,92.80565965577098
68.111166171557,-1.6232505676807143,-73.04263231471444,29.338722208746788,-117.87951994051485
10.500506063695202,-1.717632138693989,18.685318097321037,-41.52958434319248,68.73989159537015
31.980060639421676,-3.8523066348971646,23.45659328547746,-100.28696249287162,5.385213387589289
31.980060639421676,-3.8523066348971646,23.45659328547746,-100.28696249287162,5.385213387589289
-10.656611600836808,0.29007847209912363,51.38088073723888,-42.568565504443214,22.011888751848645
101.99349683132127,1.5307755474301221,-62.06994644559907,130.94113980678958,-42.282714318253305
54.743421733822046,3.632698680046931,-36.49700075629573,71.68416899003614,-129.87124217173198
10.792583056620972,0.7541143946927202,1.8067661427202673,2.2285417685979354,46.840605015268096
7.798147388865194,-0.31944051523873074,-15.890016392471171,111.41830590603294,-141.64454182733522
58.343616505945306,4.350265196591092,-84.13495398815836,-62.50287112819498,39.04260352851654
110.72001354808998,2.270216023261523,136.41507927428393,18.591893639592826,-5.713884995746199
106.7134365495048,-3.6460982712402945,67.8796325291319,16.66045480185683,56.573716532389334
62.86968880336328,-7.391078474116206,-28.83913529672668,59.65967352721226,82.44919455926518
-7.390895864241585,8.508513018522937,2.6631442644938446,-83.21587890878115,-175.23719851583223
2.074293963513206,-6.006428720322507,-52.757767091798854,-34.87996977899156,0.7290785034495002
48.03389408812979,3.3577980783132797,-84.38802844805804,41.63414347136887,-132.50997330345558
25.064917494883442,-0.7515354907130196,-61.417288796466636,38.704895631765986,-13.451264758655991
82.3223631364044,-3.5035668237355315,-49.5454227287324,-77.94130938137124,-37.24043884949815
60.6034397176193,-0.8098035172451423,75.81976809649296,32.73481408516271,-34.24612174444305
76.23231307253282,-3.276255583977965,28.2569985835665,41.235206663406416,171.98113173043288
66.4362907296392,-3.431162306150825,48.80949335940842,24.100442117033896,173.50812509639417
74.12901742135809,3.8382193408749936,-108.92720709109683,15.814874844509557,-186.41636006647244
58.88477548161087,-1.0458865154612011,-77.16320261256615,85.84594544053041,-67.68311780028543
28.803816458957236,5.912318691532043,-19.198225442179076,-91.29548651875017,-39.457008006753526
74.27308446181837,-7.380313202416522,41.1662990700283,-75.53095420036095,23.654241776195217
-26.652663739207533,0.8537570530207299,33.17837251879544,27.36634947627526,-14.863866656769687
67.24770406846264,-3.4321591338702184,-46.17562882517009,20.45070875924088,-37.41367681253959
92.16910329376695,-3.9483348756185275,33.88797387467917,-13.293651100543851,75.72061550408533
70.05165986505878,6.456018001475458,82.8047839986832,-79.02223075640728,18.483150316248086
37.16414881370961,-7.049756790174363,-95.94498100195115,66.35394644930378,-97.64998036760966
183.67209424884632,2.197625312579947,-42.41856345513767,-75.3957024992243,137.81759997093297
-77.87848509061915,-1.5285452698509854,51.639825099221234,36.95461226230326,-115.3870484662665
65.52861747705107,2.798289798950013,-24.07098085514956,143.26608821146323,28.65232729381576
117.00468970071424,1.0098262664973432,-94.46561932294951,41.096978029582544,-38.3378886759971
94.97262018806343,3.2162979824068074,82.7521481343208,9.433956382787091,91.41600399579916
107.24870689802944,-1.0384186138208846,9.109994655882232,-62.30031312535408,34.18709375099015
107.24870689802944,-1.0384186138208846,9.109994655882232,-62.30031312535408,34.18709375099015
45.878763396180894,0.21723305110606517,112.7304684953,65.75642279548654,87.11553726420526
55.624467278821314,-3.045715541554725,148.67533794109488,51.070681885312965,42.81500627882208
106.10365583405182,8.074839156580673,39.38476360406645,37.64921541929197,109.03530316003517
191.34340933291793,-2.458397406563236,59.404137063142706,42.70327596901945,62.77957836503157
166.92670698438593,-5.06177938726142,-12.088972409488925,34.2831054797864,119.53161487192794
86.1717358606788,-4.047682635990387,-9.918501385460683,25.613756627600544,81.30826847105835
64.79757376916807,2.580083950149162,109.84215278210337,45.714636592618106,30.51418336917429
24.250032029442558,-2.31387221512163,-80.63100212365805,-41.50382870904616,-96.06644038223138
88.19275810911162,2.070723363283589,96.11377582849127,25.464369000882282,15.799641178396651
-20.511288938722686,1.0902884836703273,-84.97068976428707,54.949110168964694,-59.717621882755836
35.99896015099509,0.5364629069128947,36.60176141942213,91.09571169549804,-96.27530479179629
127.47631800379963,-1.9499241798058409,46.45119882855546,-118.77924773317295,11.62506604918542
110.17446184420467,-1.8641504073774398,-32.89972406914919,-82.10550937246217,90.31034107036118
125.71379159537919,-4.085029656738868,69.65627910299825,-3.84696644726003,61.712708935151454
125.71379159537919,-4.085029656738868,69.65627910299825,-3.84696644726003,61.712708935151454
53.49602381209185,4.100750708501446,-62.38178535461392,39.39315543824573,-142.36597833442926
44.25596199853289,5.2265100518033005,-150.79731294466407,8.395742600435604,-85.3632549565489
125.38408726791016,-1.4050185241980646,15.246903085440934,-83.6967485957532,-14.249321060996408
-19.30035696781598,1.223965138371043,-55.766375167291955,67.17149471202669,-115.7384169109475
-3.7319369117118413,1.649729276780314,-20.32818101966842,-20.004579958800605,-90.32585901152254
159.8597651561014,-3.722557569674069,59.14798192886901,-1.0926710111203164,18.275598771714066
-36.83859257557635,3.8601061371770777,-31.108266078571987,-47.12766348668357,16.825651006644456
65.78548333625878,2.5356054657122553,41.38638245708219,-21.414738549833693,0.6630520911665911
-11.832338939681264,-3.1241518386836504,31.467796690396828,7.82750225980196,65.30296546829135
89.53722414741893,2.367924343264451,41.44278728772813,25.278070387432564,-39.4212648472487
76.62400778202189,-2.5170498892733617,-114.59149533826101,9.656424428117234,57.42317359947555
57.09640343722105,2.0577775216568694,129.62798152948756,-8.959506968636646,76.1728974616909
78.06785927714516,1.2868430722642206,86.06690855627895,51.37579758661019,-12.455245670406995
78.06785927714516,1.2868430722642206,86.06690855627895,51.37579758661019,-12.455245670406995
82.7897233471918,-2.5459822992299546,-57.125634434028186,-50.19837766880369,-69.1703975133388
-2.9062418319804335,2.7603651307893013,-13.146081069072125,1.6323893452651532,19.392408480753005
117.8527420613967,-2.087610932053136,39.95379360479731,-11.153664174995146,71.89211680460785
-42.35467770101186,2.3994112810198924,-95.57496149190035,-28.035612357024537,-60.392468383775544
146.74341207321012,-4.329299516860728,26.585391526709024,26.927358632853867,15.291247524513722
37.96208867981511,2.269702657631891,85.87019559006653,-11.122879012178299,-35.064497680369726
50.43032331220224,-1.2119119586013891,-37.3523007809919,-62.894327340026905,6.140946418238869
75.90122157771891,-2.6127719784963013,-75.15987445434287,42.453319434442434,2.203066230662708
116.9706498356463,-4.984703498360062,-71.50970042099378,43.30281070724464,-38.74834920388261
-28.525715101604007,4.352997650319729,80.80123031818053,-45.62994765292649,-110.33369689278815
16.089016142973904,5.303998981597723,-80.81875974736947,-48.202085905614275,-77.23527723584101
18.78245183074469,-0.0253731004792348,151.34781934321768,18.82937566332226,14.33130234805082
-0.2549041847154001,-1.17439851045539,155.46688371330941,36.19881573035468,2.4273583484158063
70.2887905500736,2.0421571033977015,53.81261484668589,33.548450279523976,95.48913488547126
125.34409005522583,-5.571524082668413,-20.369310739979298,-55.690726293265904,33.0965729510135
-3.0937006866250982,5.221192098671069,6.39326490750166,-17.682013287569532,-120.47415898083753
108.62488508002642,-5.793360976898186,-55.21192631379749,-14.497196888843991,136.97161586274228
65.24556154142856,0.4171026560076916,-60.93107095091973,152.50789743223714,-96.79129322701124
-9.969367514214298,-0.3438973255166064,-52.47524858262088,-61.4007367266904,-17.81138491966378
18.66313561382279,2.711626626954725,-44.97823913012817,10.562850156328935,-83.09861676052094
-11.285574479838427,5.332622043057442,-134.3594648137127,-46.115472046770094,-97.56527712153846
6.428255369085846,-5.737547090789949,74.38189620122446,-101.698169740098,-74.5737921284423
73.51499277152027,-0.33335030118811737,103.51638559103384,-87.86505753518144,176.9356477820138
54.01965175290515,0.17752518755648117,-70.99442798915328,29.282968620044684,-108.37891679115276
46.02874378819457,-3.718903716039185,-43.68113231521754,51.61694261244859,55.28102598041528
79.24410032582531,3.389023235709658,-112.65383995028999,-47.22055720634828,-152.17231303922364
75.52385050018678,2.854531635350963,54.24793823001832,-93.96121209113346,99.39235351849634
56.413810909783585,-4.993512306047861,-16.15196531124127,50.46678205427071,-41.55527376941415
24.35905288241562,5.5120743121036595,-31.18480273485548,-29.745418476753755,7.932137372364288
64.26072672133941,2.004205127650777,-54.383338483781756,-1.3151074870630808,81.92920766255378
44.89851243774764,-1.3408706740163439,-7.445288164000807,-9.743475648196537,67.64624520695682
52.02200645124024,2.2367323935471815,-49.918820836845526,21.65163319913343,30.85085798540532
117.08146728762958,-3.5855644975882752,-27.830121858208038,7.213349666787771,-21.880036080780275
120.98918798292141,-2.9163551155617733,-46.862071918508434,97.31912669486414,41.417114479090685
-8.403346265728828,-1.0614762495195136,76.03537421685368,2.6365052647312837,26.356356267039345
172.19256143788465,4.353784402068133,-40.3846385794635,-30.709532076180256,10.698771482270601
12.940945413710068,3.8384409373946,-41.97992958592763,87.48109025588118,-42.102799546071104
117.84535545574519,-4.949405155298576,-36.37307878609238,-31.398523776681003,89.14126161283896
0.10607846804257548,4.469932240427746,63.92796297328609,-3.607543615841813,-12.896379068604976
127.23590861523148,-3.062620248303445,-70.81201049420389,-74.94737677281879,-2.53658685272017
46.95855704734463,4.317808019092833,62.652592130367346,72.67499472387604,53.20856960744379
158.14670119507693,-4.026466653233454,-138.54544894755614,-41.078253959133924,-18.09923134094936
34.519050763930565,-0.18073391206802736,64.79115256125208,-8.72451762180049,62.4743718379783
157.758789014783,-5.465906991813972,35.792610391949935,-35.027229772747575,86.44805601839431
-15.839548106548783,-7.076220543358882,-79.64506724426845,25.434587358715294,-30.407138954493405
24.436267911150928,-0.4046626196381551,207.97702535868538,-44.352952235753506,67.30934241963234
74.80645787690773,0.9621602775682603,170.8767464794687,43.876088760082055,43.131817305264406
65.45734333687356,-4.4640766601124335,59.146796525321236,-172.1435527458804,127.56005091417407
54.862475194195234,-1.9700667907273193,32.66401970013223,-76.88110450499744,114.65453894866224
100.02268265621521,-0.9298597803431345,141.33301037250266,-24.948875258170794,93.75254987642343
26.261038856435135,3.675874395074926,216.92304951040217,-68.72200603953252,-37.41708901144749
99.36952631361318,4.08958975970884,99.68515309368871,-145.43778996325986,65.86193158260309
126.48998678843935,1.6388497553314574,105.30850993936781,-56.80274842156378,-2.552903305476306
97.32595933008328,1.0223928638610804,10.420065494776566,-29.460243961951203,119.84059231723661
26.931563782384085,-7.820372988917817,23.273581991972684,-124.00358022326044,-82.34558374225062
-94.7263079365514,1.8847769846248106,-43.704545415681565,-31.113224010821725,-84.55963867226025
-83.72779209818103,-3.13455386694113,-72.41594414821196,-33.567580079351515,-123.6468379352734
138.62035773257824,4.762216606848074,-26.883611477071796,-97.26273472386436,-44.906419937857976
85.11322680092047,5.219193061832659,48.47789133277685,-5.385742515555009,-101.38403521978658
63.42443974021276,0.9961567225518246,-2.0650948184445355,79.93748863723336,-11.891265285674038
154.79802008226883,0.8035848316518803,-102.29248085326306,52.21706770439758,60.43978162538964
103.69650306658582,3.581950307074269,-128.5157107929306,29.068538062172415,93.89583319365016
22.85756729933898,-5.836560295477495,-6.928148536704015,62.11525511249947,117.83861796412785
96.91061945872077,5.459070261771284,60.23454049488106,-85.69980161609641,-53.074907553206046
37.839382828821485,2.2936050727489796,-90.10227970497195,-3.58948051268338,-10.549596893369785
54.996736274702194,-1.3564226821807712,104.59236573249373,-42.80101224274762,99.4812778186692
60.52296283530576,3.2473587441444263,-115.82462478922935,6.7762862419945655,-65.3352539605251
39.21837911781197,-2.8146588865246365,109.54090523242017,-33.01441345447188,-47.247109799476426
39.21837911781197,-2.8146588865246365,109.54090523242017,-33.01441345447188,-47.247109799476426
34.70340999456528,0.3427159887122033,-154.82614794427565,-36.94065938789322,-15.271734087377425
38.702751169945806,1.3759685511045712,74.78015189090388,28.550016490735565,131.20462801889602
29.24348154995321,1.927512278615831,51.2352924018262,36.80129295301455,32.73240074763109
-7.3789531147338465,0.21773908240246254,72.65953449125499,37.93470191143031,-47.36748189440467
157.116033702691,-0.03698305258103041,-18.80374254253524,-39.36068235795889,59.425615116611006
93.8844218937049,1.871184948495094,-87.65854987185281,-113.52140447183609,-21.302705032503347
106.11233643541811,-2.9180321894318264,-21.475176119261995,-29.8653709733087,21.266228363616314
56.5824351299718,-0.05997165763663048,48.98524954427153,7.832647670739242,20.845682991629683
10.779181901158267,4.004910843701348,-38.69425831339826,-37.078314093148606,-75.39965880166531
86.75634240398422,-4.186605899017638,48.2845283077904,10.363471712136452,16.895064130775932
48.769070462576074,3.412535043490853,-28.196669291117914,-60.53193890859241,-15.925785209366332
28.266848138707513,-2.1516879577080736,-54.908861652360436,43.52124413453729,-10.632535168381082
152.25794162364488,4.157421605873549,123.23589055875738,-281.16469564357527,60.3078141324776
3.7952199005496823,-5.538277408254014,66.34835936862643,-169.08662403783464,17.080499049904944
153.97273622180768,2.3163602286528406,-104.72794479110016,86.05930110549458,-7.74858969606052
-29.627817586801157,-8.557902628527764,1.0427646527080583,64.67961088423336,2.818195977620535
48.74976361134027,2.8281292064520507,-12.455643465030718,101.63110811558158,-12.596351922348495
46.184430863551256,-2.296362881153984,-24.557995095467255,-50.180978346216904,117.79777474339504
52.4682336156422,2.6600974615255994,-64.07495954763185,22.196725101876698,-164.74042146456117
9.455833360022517,4.224274798959978,19.451069468276515,11.421524875480696,-13.333119559534765
45.11249948263949,1.271807012255597,3.903451654764053,82.81493254636594,-37.456419256767006
45.11249948263949,1.271807012255597,3.903451654764053,82.81493254636594,-37.456419256767006
88.87012791047788,2.537246559493932,-82.19523623863846,43.50929122495451,8.231173003051381
-8.888391661201354,-0.38701476647179156,-43.81555814814324,15.882539655755366,-116.80937830400885
50.30621525859619,2.6735648553004707,1.5155835836570333,134.87122071149034,64.62214871590334
90.91569060642748,-2.0934141236632064,2.8935650451154302,-146.98795034525835,113.87147810326701
39.95836375372859,1.36627949569022,38.78153240803795,144.09369832442934,1.1306121415348755
69.9589833722661,-0.11539956290033704,-67.84238738606716,-160.50097200756974,-54.177585707980555
109.05498742891788,-2.974517563259451,-42.83605226242746,21.19545674648758,54.61462440762779
57.50830357603229,4.648000729283944,-5.676361577491279,-48.59881186207709,-41.91937881343292
-20.062056406398224,-2.743921551050034,-86.51960554949319,-4.955689490818379,10.663198728233425
131.79616134677843,-2.7930694297077934,-60.032432189028015,-51.79257346570897,-87.27273619756873
2.0527729633760714,-0.727599948132752,-40.17407460356603,-67.12755178572965,97.69439879862684
105.82112064843689,1.1985905598074251,-105.35942094032079,-88.85879470970175,-225.30315785259813
93.8733376695304,0.7079598026373997,-130.90373321540534,-93.07525218499241,37.7280411927033
25.831332633263152,-0.035451636172664225,27.78093660948791,139.655292990955,-100.8739082507773
48.29380848064592,-0.00484584771540076,79.78967591820654,68.9069603525538,0.3058119514217452
149.5571507616362,0.7121754696796749,-176.30134092583404,-139.03487561892888,-6.7528113760360355
-77.86739413327004,-0.06075242729761232,142.45583709664643,59.62655543451854,93.25457277625924
-91.20714436875836,-0.6327643787117484,179.6254748047441,61.12131600148683,61.200109617212306
56.48485472389099,-5.5742870143788155,62.82958404099844,-15.746577454540684,80.03843557023015
57.68461741561981,3.859750860557398,25.704292566356145,-140.5414084826583,-24.22358674464379
108.79185514531146,-1.4587501441357582,44.720931199965484,113.89314358994712,96.11263732696094
32.04422691928417,3.076240582656104,-52.17492914196004,-145.7264006620733,-98.37375476556701
95.1457471377982,7.348529772858909,27.736038448231533,-47.05290267958958,87.7904007903262
142.09801840027083,-4.808569312920187,108.08717830734,-55.132566986960725,96.5193435028388
20.21300677666635,-1.8987191909217516,-54.18354975513717,-106.49681367654028,-17.160954295482156
13.457771378115023,-3.5607658991660593,-24.381675788725413,-77.18331721843556,34.536703904644384
122.67146259624154,3.31959487785945,-88.3054943602915,66.5096532282232,-58.51781380717132
-11.770025821923603,-2.885220197514752,51.2449196575369,-144.3191664853794,-14.154512151258384
9.208984698135637,-4.277680574858124,-41.848228683280155,-62.46595581537761,-166.57958953760303
20.122613964612082,-4.113909671306172,38.342394990544705,-95.93769129710239,-80.50172673507912
136.8324173883549,3.8698533452759034,36.6630997158957,21.812106148774788,142.42711269504187
90.50904618073787,7.889219071097717,42.583944710384756,20.647884057749344,25.398044096563027
50.88260429643587,3.5664354822332305,71.3472380638379,-61.12153454247035,93.63306710129673
58.148524831506975,-1.9735533315183265,-83.09335008471791,118.45027430858964,60.056465131268524
135.0954631335365,-3.7825798834266013,82.2043821134971,-175.98461203902139,46.019701044580636
102.35745826037461,1.3609986224766057,130.3556854514295,-113.45987424610544,63.484191284839866
102.35745826037461,1.3609986224766057,130.3556854514295,-113.45987424610544,63.484191284839866
46.07761133054774,-2.020964901165017,-3.949762137042015,38.40008503239544,44.17760830513987
88.41420664880516,2.4229097487589755,16.92489648931227,-23.94506302377414,28.131967479460673
49.20187450704038,-1.1739734883600068,-35.703501969972294,-14.782377783007,-29.77121499812671
15.343545727618423,-3.4175110275442284,167.70132572814106,-68.62340842146952,90.86009358599136
90.20394759842132,-1.6145599086628915,180.95157738756953,-87.15615056658874,202.94797148749853
79.36786099046896,-0.9923815735558836,112.09620171598795,-151.2991749868541,37.75858013792481
-32.625453798268836,2.708348378285205,-42.317257654565594,21.763477701868254,-85.5610164224473
120.63255993519284,-2.3494443834507117,57.19761621652406,5.560017355233796,86.62522684843017
-27.700613293905125,1.8947201581259439,-47.69666241580429,-22.4552078892156,-37.443343932419715
125.88596362117137,-2.9512564338453657,138.86697276617656,-189.7768160959462,49.13735069861954
119.4710109682267,0.4414945003180537,108.95037719534527,-169.07308190644463,90.22474394120567
98.01250996514764,0.9176103000610951,-15.283956394788007,84.70480911681229,55.49362306644092
5.758922608778377,-0.45963480047034677,-208.9146821629909,161.97741391276816,-18.512570647166342
159.4027785049099,1.7123818147852425,-15.9962642454025,-42.52317955563058,43.58564232281702
12.205110251180738,-3.120053615605359,115.26852014715038,46.57577973846761,-59.36177433171578
39.446739841811365,-0.22127770983214035,-57.94980693412219,83.73274560036123,-77.89180749319314
15.437850646879312,4.965695063608839,-17.444429437504663,-48.693146692974324,-45.5702699822711
106.57197513679884,0.05919667265207185,15.225460601712113,-5.19926006193824,15.296647556110969
20.025392072990712,-0.22698957484080495,-0.7810316520333149,11.212035818402548,35.8502574506589
-19.15666613644852,2.814943955611989,-89.22367986123393,-23.09509455029594,-59.71291942675529
71.05814615071714,-1.8801361303019015,-1.2525279391678872,138.98375073582238,-37.02992847289258
79.90952169866112,1.3387848700155949,-178.36856819263934,-99.40259163509631,-45.95370228524535
-24.933175572010896,-0.19988213322645265,92.69999901701222,37.906081663242034,71.89592627785761
89.70346821837953,3.556771670731982,178.3157744128708,-35.48858608095465,43.82773294859792
-55.75135201274051,3.470504601321137,-33.699815779092376,-27.100405297712832,-66.47242250170927
39.065008493856155,-4.072332482544621,63.012672340066665,-18.14052516231206,-31.412351350166134
31.06188979702324,4.467295119289301,-46.028291878242776,-14.034696665430257,-59.927401511616395
57.33682170810136,-8.408518956571564,-100.22632043856082,-164.77032463782416,-53.98620312963478
1.0003029646566972,1.8926825159825205,84.3174561595187,44.499898202987396,18.996293753740574
124.5297715661387,-2.2507932462655624,-57.171356504006624,-100.1841648684792,43.68325880031608
4.225473118346926,0.8751651232810747,73.47650517040285,-87.83457603094777,-36.22251371590368
76.7572260160085,0.18565578250458836,16.515215336859065,-91.56322731626044,13.272554620482985
5.805537492726678,-0.1772479265950162,-14.784711647297662,91.9271642619563,-19.118980741932035
13.282944786816918,-6.240877736603278,27.729361760552138,14.916009651169801,-3.3486003954487558
204.0878267867433,-1.2336831194526656,-10.740514146858644,9.537579315263297,165.04646906356126
34.04818577895,1.2584758152576492,89.69374117075941,-2.0444799320593265,3.8253084200546255
51.47682229799831,-3.3291058044312907,11.42253308729089,13.812262540347357,30.46273278820371
38.99350233798483,2.7030642348841396,-11.868333000764903,-104.48356906790085,-69.11366040781623
-51.334445017976684,-2.5576635301367943,-3.323496371816214,-18.741463035863802,-209.2892915145677
-22.021558433660434,5.7122932792402015,-94.15429587311581,-145.58028163826202,-144.04870481691785
65.4432233691427,-2.7559388796337156,10.597961828769805,77.7056779259955,137.8934577443459
53.06604694053047,-7.023589792535788,-39.660176829880626,92.31072449718069,83.39174724275519
99.00325923758841,10.180161139198137,26.263190610786626,-113.56502718494917,-67.53378251941791
25.76836501717861,-5.030607015909219,102.59620413447246,145.14582644799128,129.65198850302454
99.7991086003176,5.985963374662835,-144.28676553147875,53.2738109264065,-127.81324854178885
8.46960706417866,-4.356814682542377,-23.468795475677794,26.26693063940631,18.742650231605126
23.848503877034364,-1.773287327090853,39.353068313248684,-82.68335863837379,-42.77314483636006
5.931785569700345,1.4465341365940327,60.79754766123298,-21.92752001986657,20.720039416037835
80.54653530294789,-3.217950625557144,4.927265613235136,144.1178522640334,26.734953371322163
40.56143399313122,3.3770035171061386,-108.17797111425443,18.668465481350523,-64.30543455890172
105.09976077084386,6.556272943642912,73.42927672142785,-56.320423361092935,-6.703478280935769
128.51720575374995,5.106429475301234,110.8526693747291,-15.486046319288178,63.701844446698416
-13.424480149276633,1.261420701328377,21.672561281290967,-23.471526914561654,-17.3989867954863
96.8978465665145,1.0970311516188724,-40.74294540169608,-33.28098502662166,3.943295669142227
139.69388989856108,2.8130633097079354,18.222518294360793,118.9669588512912,82.32030801786509
-25.452036583357454,-2.3138259001675547,15.65955017040875,-118.05104559788168,-23.680137290942966
53.18417682307644,0.27011730858153093,14.581616940033033,-139.2519936769433,25.82356072386468
25.92885172417742,0.6901413208349729,-11.497060321099383,123.77461146748207,-71.66077783339965
38.958662158886014,0.1303168062317832,85.6844382001596,30.654092892116566,79.02260774980859
49.36257352514873,-2.9816011629112653,-117.66222932399508,32.09166413451987,-89.74242407567542
63.71475881077795,3.4738702105780677,67.30680356464362,-3.4826250382633503,104.6921493660131
63.71475881077795,3.4738702105780677,67.30680356464362,-3.4826250382633503,104.6921493660131
69.50058878576718,-6.12397450919666,-31.859113640858972,-24.46797401579282,-67.9668234091389
32.979641276375126,-4.67771890077254,-10.160479993288074,-5.347493800683878,80.27809546385058
122.45084491974512,0.8747569610407187,81.46038177423237,-23.981395849015588,167.4158941587017
128.37568991452807,-0.7863632176352637,127.92854765123955,36.669620296335054,88.11075537496532
128.37568991452807,-0.7863632176352637,127.92854765123955,36.669620296335054,88.11075537496532
61.44304085797144,4.966080374721214,-38.3256133897214,-41.86670607530714,7.94585579918099
14.675391137250642,-3.5150098008092785,-29.35017343591064,56.085135543319495,12.789439923403506
71.248303511008,4.155665392995951,-30.59629866031514,-91.57324212103859,13.31869170120774
86.954581617352,-7.076075823956062,114.67505112971739,-41.890865173737296,97.97789223047123
71.09175287863262,5.797808936321663,-80.79714733697375,45.98469168221597,-84.47695973415907
13.928683309180208,-6.099984770621339,80.70547745116433,-64.07295170980291,91.16549308150377
26.390585090208162,-3.1348707837956717,112.67439275807538,-36.843231695903484,184.0547521765497
62.3056759198259,4.124352731296012,140.2894974089156,-110.13840894637825,31.26798128117838
129.6032920060852,-3.806713405147729,37.20179795283626,-78.33159040012738,42.25360832928486
61.4115461740254,-5.754626828454394,-19.671238387728273,-104.26189300398642,-70.11967653878618
190.51025386130001,1.795371315974954,-32.27449787851947,-109.32995138979325,164.83773364785077
-0.8374711702232673,0.023515013128151963,2.1129825754679814,-159.04450107237818,-150.37726378074348
40.90339225285062,2.9121438066926464,-109.50554005093423,-64.4001860628162,-28.497970366114174
148.1671335108999,6.172799695362169,47.05775562827283,-21.691750910554013,-12.269647098962999
104.53093615058437,-1.323901807256484,2.612643326369053,155.56448329613005,-75.34575817945961
96.69814678424807,-1.2847424775088487,63.52507100562356,-131.37396751079,-44.50171502315254
88.77850696110829,0.4922602807844605,63.38831180556272,-95.37641367178558,3.292211501127447
56.46462216184281,-1.6375074258029807,-31.190344960034942,-69.16396260222676,28.970427124572012
41.36152474824232,-1.6078187233154648,4.143955973376237,-62.69871518841651,-30.96738677890899
40.717098426425565,-2.401085102764605,-126.62278914243258,-98.37712145787287,-156.920085491648
134.9957912565888,-2.741680846668833,82.7853368511041,75.14824951885088,103.43568863776862
98.7379902744421,-6.08802127386949,105.2742292360521,15.60623781702288,106.31297766455891
42.45503210836052,6.093828907293786,-61.98874474557461,-12.456275319759808,-63.64985434513115
18.61593693422057,0.6805410622119581,-5.74155319220219,44.56048648971334,-76.03228513708561
63.11802934934023,3.231292986504347,0.4613052042436969,20.91030738455038,30.22371735014238
162.11158071948918,-1.9109584363487908,-50.0471094069151,-122.00214164201292,11.287813467328206
30.011140107090142,-2.73428768349618,50.8607302415084,-111.23322139096702,60.611289002791544
81.53924261075274,3.184791092306456,-68.37997812712673,-53.74238637967632,-102.65682006583475
-50.63359557871462,1.3249557524967897,-86.93991396765816,-75.42778177249573,-107.57318420809548
-50.63359557871462,1.3249557524967897,-86.93991396765816,-75.42778177249573,-107.57318420809548
11.050515008484282,-3.352244650199302,-71.29059462632677,-108.0882627410214,-189.29209728898712
36.208384780261255,1.670598229763727,-131.6359128501936,32.92646023035847,-9.497796690016813
36.208384780261255,1.670598229763727,-131.6359128501936,32.92646023035847,-9.497796690016813
-31.021525209252687,1.4245070560569122,-7.977337315866641,-57.35990692506902,72.7954951065054
51.448629032727226,0.08713916956571222,-77.40878585074108,-0.29352697319156107,-27.93196992081488
51.448629032727226,0.08713916956571222,-77.40878585074108,-0.29352697319156107,-27.93196992081488
66.44621671356354,0.4212129937684477,1.3047667611049008,-28.59326923959169,-45.39565066369132
71.257784068489,-0.5810722321848445,20.31041721867063,39.43037031019844,52.68945522774538
59.70314732113596,0.23659113318040026,-17.138943958938057,-31.607632025214553,-113.1606931219932
100.22560286098106,-4.298299183496484,36.52539267493557,66.72052801362524,199.37924094229706
118.10377255540567,-1.9288820374451237,30.82233479549798,91.17041748117515,36.95412152525009
19.132222265412565,1.4167685317910683,8.21577017318019,-134.54750430067253,123.53328653915136
109.2814893585386,-4.932767691824162,-11.634059461800387,-58.08506035507493,113.13556576952877
109.2814893585386,-4.932767691824162,-11.634059461800387,-58.08506035507493,113.13556576952877
74.98088916093234,-2.5831228503474524,51.762069201228556,20.948227316274092,21.376761339021503
123.74136408946124,5.628766795382881,-25.776112650066427,-48.11291920668219,48.11850240561147
2.095911475011178,-0.4822928453783861,77.7181962498526,-16.379024292485276,-52.76433734146221
-14.032108130967071,-3.672119808180152,25.14844283196237,-133.43992131731716,67.21193644354678
8.801722635243287,-5.134030033548502,81.7637188037139,-58.55189131455667,16.714665097119173
105.18091774937194,5.29517115784283,-61.966624915770254,37.37581900836522,120.76441885723787
38.73146025404712,2.3555940506386066,-9.071024344014134,5.759067463933384,-63.971488627965925
32.04173435569566,-0.674601658670795,-21.326588297054414,17.502279346027528,-0.489214945353325
68.22891766801247,2.733492219106825,36.41618207385599,7.5718316495870965,-12.121345522261556
61.94959980700062,-0.14610770199485756,40.45806111777822,-7.481768205941181,55.96119823789042
45.48339467798178,-4.224128282629858,-48.09593245284337,-11.175637384521089,-48.64065278046915
86.38707653757838,-0.7676264949253793,73.84188705727036,26.654494336189025,-40.33728010307512
9.25074133417462,0.5866851757567508,41.400054122891575,-108.44347278787163,43.961767974514025
9.25074133417462,0.5866851757567508,41.400054122891575,-108.44347278787163,43.961767974514025
154.18613173064608,-6.1676665592115345,42.914656612234175,80.51633125639393,93.28733280737347
118.01397499397264,-2.535308121816203,-44.65955893480737,-0.1346993570705024,80.93836733555077
118.01397499397264,-2.535308121816203,-44.65955893480737,-0.1346993570705024,80.93836733555077
44.2657622636227,-1.8463754465810218,141.19492726502412,-37.7645105399374,28.794439195307973
45.97451718221791,-3.329748557922904,-66.32384451997197,-12.387669288681153,11.642479055141749
66.41209004980398,0.5450180776852211,57.66762948590643,65.45146829128437,2.343101222952532
66.41209004980398,0.5450180776852211,57.66762948590643,65.45146829128437,2.343101222952532
75.19882125315705,-1.1410887689652198,130.65968364514686,-93.22853134766653,135.5401842768301
54.20314756781998,0.31575662376253355,-91.98220908959173,84.52745369171612,-10.831889969380029
103.94789345734577,1.1884147027313796,75.45028424361554,18.311536136408293,53.76916971908385
52.559098923690684,-2.94602616920304,-19.632940484914762,-22.23383560832695,-30.731233012348767
34.31172848428531,4.642431641742344,-33.52473899108462,-58.3226941293632,-26.30127918342105
86.65235244223902,-2.4065311410242947,-17.405533312771738,34.88069101272584,-29.138096976284928
49.4830521876459,2.987101265495779,-55.83574527025967,-74.80407840897917,-10.167292210651123
51.7568835282423,1.186906168514635,-40.09014620140698,84.07419321777544,-82.55648557936799
75.19136771057737,-3.183094301291405,-2.8609755825714345,34.24534098324962,2.842041847778347
27.445601876084623,-0.5953751454313534,26.956105428297313,-6.392106377738177,18.654484752509333
36.38928699762825,1.8859871748964938,-82.5316940693251,56.95500994343388,-77.23068376409927
52.88393346240553,-1.1644168708049216,26.566767381640304,-63.71941871030251,73.47031354717099
27.698567437568926,-2.7701805551629333,56.16395427410087,19.74319674110877,-37.48610293065955
127.39661708439351,-0.9379811651508123,23.113324399707494,-61.145380732290015,147.87365756590776
6.980178452228202,1.6494654486735056,-2.0574909420685685,61.98859808889934,-65.57068415563546
88.36908516394972,-3.3793659585305598,33.92648504162553,-116.23323765360702,58.07652547239953
83.86086109411033,0.8063000752457532,63.330890070211325,124.04906727613894,70.77990000124619
55.25866214258593,-2.3185732821823235,-42.52839187945911,-124.33800462384875,-101.10733707262322
109.81310578938059,4.765580980133937,-25.946387625173152,69.6138958163376,79.35204794331622
86.15742423196419,7.4573243780126015,22.76557419644466,80.09121819324153,-35.103236561295574
28.776963961771308,-8.587633468982645,9.866961981113125,-66.02057927619136,32.28893547380118
58.30137493940891,4.549770249235178,-91.9807717925822,65.89792108373479,-89.67868219484969
23.36272638349737,-3.360280371574358,76.25235472367491,-45.6462970398003,130.52600632628568
98.87930487466265,0.5984300989296423,53.11519827471421,-1.1792414016840524,49.91652716972085
5.063701175634847,5.602872787052355,-18.351718007567072,-133.91848697036016,-75.3294539679269
-21.529834550494563,4.783751434688636,7.062428332263028,-111.29872039048473,-64.89780147437016
58.98819599156045,6.712377789045722,-70.80282467962685,43.87042136051294,-125.55553697844498
52.7534621342148,3.8950060288607116,-86.18984171270912,8.635270831484682,-98.61492506221325
52.7534621342148,3.8950060288607116,-86.18984171270912,8.635270831484682,-98.61492506221325
8.880269506371526,4.847969957927878,-30.604368099913344,27.78393053454945,-86.59164212662752
-22.50348559630715,2.77114060604891,-42.60442140149185,9.847654037763224,-187.80320061335928
124.13048215828906,-2.4308128777080404,152.60563250962025,79.36911723422327,92.16671676784077
144.83447505675815,-2.2424735312093373,86.70050825145228,16.80889908992149,26.506170726894553
151.9821659696813,-1.1373927201875735,88.56642945850598,27.811318901019924,131.05286148191385
126.20160846714067,-2.5500219143908742,120.25072609202168,29.90083361719897,130.62305328296063
77.42209202146842,-2.428534504737414,21.65045778349156,51.06569848119936,25.33473575480788
17.294312519340686,2.342270408626085,-16.61343038250007,-77.20175108524361,-118.00179807523907
131.65638192763606,-3.2825028485056906,38.03531084365383,126.30072114415015,76.5052855482694
30.10965622673353,-4.073093708081455,-104.93350319873582,38.95418993442395,-81.55026233176909
22.35607153735001,0.7626548400944664,-26.758251139596275,-136.2760223008189,-48.43271968749646
146.12539736025008,-5.312426682570148,-41.26038497382509,-42.86728212702464,49.82758793724536
33.11931249123598,8.866059388201426,16.379534363671382,-14.48299313969099,-71.14086597292768
33.11931249123598,8.866059388201426,16.379534363671382,-14.48299313969099,-71.14086597292768
85.67055041924725,-9.000960934798842,-24.487948112958012,-5.2120223399780965,22.827694960853414
-4.465207811537049,8.872788146176696,5.067804440772762,-58.442635895128134,-71.70792577761746
0.7817853674981947,-1.637186604326879,56.565650818595,-82.09143250820527,-51.951921396473494
146.3474928190476,0.9062067585313733,-13.34335612630126,36.686614438081364,205.812949493566
101.43370102869065,2.246522549529711,112.57941722909119,78.09129610961385,-36.374652841580314
121.77073848012085,-1.6264172254172138,-114.16503059915172,50.04215818819189,132.9136391635521
75.81195935838892,2.372118686856327,59.9659644435541,49.25446494677283,-95.2881315559739
122.91619145252538,-4.467055693053105,46.85514533815321,-39.41317083734509,53.47123946514188
71.46674815960826,-4.588161981807057,-27.94150841601214,-100.1584617310734,67.65956304810437
34.724849028649594,-2.05896781173766,-16.694530955233656,78.82209773576996,-61.822763656110546
98.46251005370463,4.347165559940021,-152.76582142821002,15.816086922582372,1.8041656271479383
94.70735003775302,3.512578276038055,-2.4137281568896753,-9.54050948499702,-13.713454243976853
37.25481641368147,-3.882963573066653,-16.733129386472577,14.322930927508425,12.158356640245621
-83.07403098749599,0.34478123291784435,17.248179901640924,40.910862562535875,-124.34705880359454
202.99601518427744,-0.19400819372160227,-74.82646496598257,-4.99694325067221,83.9582916260938
-50.76767317318772,-5.806747737246154,-75.14495128508224,-146.48056722864325,-130.92898208122085
133.16868478634316,6.069847902396215,-11.728595375411881,29.005818420837713,40.388348600276146
69.46354309460699,6.209731465192235,20.252563476074823,-29.293603972197737,11.341956719055212
56.760113097603465,-6.898251533838989,12.560785878668817,-16.599508398898934,16.95497574645051
56.760113097603465,-6.898251533838989,12.560785878668817,-16.599508398898934,16.95497574645051
64.43784223858306,-4.687845386367268,32.91720336488081,117.42903280247289,92.74327957178083
19.17933115623081,4.1205664919033405,158.61625385438123,-58.81895586817331,25.41910482124159
85.2773392197251,-3.306384897864007,-182.03322647131506,-24.545641832911542,-137.17763561714233
74.71767476540846,-0.060119172259802234,19.785479127731122,0.7063487278782894,85.09584040277481
33.984949145840105,0.040817886189871366,-41.33452417699416,-20.866042521412325,17.519320841380246
103.85778977589894,1.1688576793028618,46.41874030409669,62.20571802304504,-7.866372466726844
-10.44341817993358,4.572602523029701,41.81876022135234,-80.3306920887235,7.632677112757726
133.00487157710756,-0.46086802033359175,27.675501241274915,-16.449420699162772,21.065019280179897
133.00487157710756,-0.46086802033359175,27.675501241274915,-16.449420699162772,21.065019280179897
8.517377242748985,0.41160994123226535,-26.850684509867556,14.181216329460042,-63.47560718250345
135.0911467088097,0.5249711692954223,-26.121105050833123,43.188939189319285,64.74146394566466
100.0322717160281,-5.683807056149832,-62.607136542111455,-49.496363887906064,10.330071494861045
82.59829479762516,0.3898473360403383,-102.10370655092004,20.505503708605627,-16.33540306086013
39.47189650382026,1.1197411998480833,68.54041511214642,-68.45021082824391,30.104171984573316
79.2256791684928,1.7825546141026334,-13.094085848565683,-56.93775757598841,-8.628453311060056
45.84453277389168,-2.638451236725816,82.96945931030416,20.179590085771878,46.743917915393965
58.68761714632373,2.8106720304511543,108.51779934478981,-94.24061792526228,56.731192285553036
-6.489296457165853,-3.2814992215160967,-35.19401025998458,8.303525681415053,-79.82557142385467
49.99067767405225,-4.492730716878369,-76.00546820049314,-56.93189603652294,-4.5764767230184304
99.2053955533822,-1.7020853092485897,138.0707142357448,-120.6181169643294,94.84817465690563
99.2053955533822,-1.7020853092485897,138.0707142357448,-120.6181169643294,94.84817465690563
46.69649758759536,6.368279501207502,118.65196023894217,36.22976173927219,62.017813362099815
44.51237696509203,-3.7802336204727505,-127.44761773663753,34.90446344402315,-27.94340815550588
-21.196234667547277,1.5136369658884075,-82.98602595724154,102.22388467219966,-153.31812817589383
100.50515005331235,1.1477162544063118,-93.87703930334239,-32.68291461094374,8.494161713019054
74.88378133459268,-0.9815862974645742,-82.54864836876355,57.85466378685848,-27.6444222239596
-32.20234718535516,2.996880023460156,-20.07846632843946,-28.363813684289838,-127.105204666925
-19.439209147925805,6.6933906522329485,-62.57491510768546,-65.34307171701725,-110.85895699938618
75.9029754985765,-1.768410176051285,23.971111429801155,44.16600455451165,-7.694782014753213
100.74959803532629,-0.30992596250344295,-44.37873452739632,-3.4586836064711406,69.30105042690592
212.61320310490936,0.4054067995807338,30.67915276744087,-55.96746580228381,76.96562249820825
-18.666346095463,-2.0349744642011265,86.88976257813916,64.52790638985678,-46.197705970508736
118.76530324826629,-1.871251305960913,-214.2392225820962,-71.72662312073632,-14.258095228026349
-1.5354943388772995,0.16460548151435617,78.81277518591114,32.586872530372645,-75.25579386759685
26.642026735090305,4.40917296963202,-134.32392041048982,-125.95228293540004,-83.54719168295507
-22.31969522273559,2.0364659713771363,-97.3039965307159,-117.11751013470645,-99.11453503865302
92.4085558483217,-0.977721034177359,11.203513167190238,19.212326679960228,-29.860907708813542
42.60131488790897,-0.6250006552185243,-83.42774502192196,88.76920577566251,30.42610888383622
29.606498274922394,1.7231099319645033,32.916856385361505,-91.66417261742234,-5.2853934019486815
85.57482567874169,-2.4323351114752274,-110.00314090731858,64.70637283779108,-43.28869092560563
0.5554023821557266,4.074108850290778,61.72874330117658,-57.67521076251558,30.031492129223736
155.20120731097924,2.613661959279369,14.23686613853691,-24.1929853511053,42.94503750404374
-5.05961039831449,-3.4623777688409407,33.901076435331184,-15.747174326593608,37.56498699022803
74.31130705621817,0.5670979859758445,135.39783050463555,28.291501397231592,55.88563217864155
116.79414893876552,-1.2693632564346962,-44.95741064472173,0.19051252646476868,74.40896900698758
100.67197766347174,1.3331650871830627,43.88306147999225,-58.61780930046949,13.331620026669249
98.81565366221173,3.6750507109573696,173.015296457109,-104.4345665396853,164.71698313196976
54.81466702413839,3.174636764694347,79.89936929624268,-147.4542291954342,110.53582288250932
39.76005623221374,3.621573628348694,85.88309639757954,33.17194657896401,-79.96685456371532
38.54126040009389,-2.020856472501756,4.895283391348052,34.0775133511205,98.65610808848481
27.36043911383325,3.337585552989409,-80.00272392225799,-20.907692702556403,10.17093712962459
88.09281675375324,-2.5069211053392366,58.07854344244652,-10.393184660831906,29.61681422081446
9.292677224218096,2.4519101831676706,24.401852680639244,-165.1027771807506,-9.704058824421107
5.689231448333585,-7.187114063088446,-31.28807792911951,100.38585479543637,-58.3828255297517
31.18413890478194,1.2033442395185299,93.64935883325776,-91.65688093135324,60.34979539459752
24.711836842324214,1.4386767109402472,72.68321870091847,-71.25807506927879,59.452470354588236
41.585780437734044,2.1543174728795895,12.503155809713789,39.69171750810635,28.89044049892903
-15.121427668469472,-6.919044549272293,114.48991273650233,122.270000540418,9.36698187406894
-5.867981317772001,2.5133497186272766,60.85048482326772,-14.494144313993004,-90.47222286986023
130.00613484853488,-2.6171488668862857,-74.63527279357679,-20.41113088542631,99.16877273119903
71.54502954730565,-6.504855809746058,-37.696738866123376,96.42987750532329,-24.32477100869931
69.58085382323488,0.9963293481474347,19.92262703908102,-70.15078077074098,62.66880165310821
7.253429518631009,-0.945083365584446,0.125607769877913,-4.013678589275784,185.62263292679182
-56.24194127401164,-3.5522412831075947,-13.278830021129343,72.77061263281664,40.45113082534181
72.61806944935189,-1.8240047208809345,27.888245204315247,82.2308809715105,1.8741768303525461
103.03772503386422,-0.4437832098781678,-38.43402330905513,3.984167163260082,57.115834512269096
22.907432815388105,0.24617991785055748,38.824285425986595,-56.050640966016495,32.63192591510707
-21.525823634921707,1.2057661742148245,-45.3403484095247,-128.76070996416442,-47.57769152967433
51.56077159244548,1.8920571350170965,-66.81066548547274,-21.179474413434278,-13.609063109347801
84.24873885556596,-2.7839730148809028,107.00598626995315,-45.004783963405515,40.85252294578272
46.25918091978279,-2.6327202870030377,55.389025702915504,7.7281866016432375,90.3560554082031
50.07327133639356,-1.7144840315485568,-7.696736658006412,-69.528975167123,-66.11505774317715
89.8510253258118,1.0836465426830912,58.007271965681454,109.17617765975803,-46.02936831659364
105.45483554205481,-4.455446170832975,-84.4801568263536,71.7937980190709,-43.98448444281024
82.72954572748121,2.13720400175979,101.26022838365282,-153.5456156556785,-45.387556558100016
19.658700348878426,-2.307089186233129,-81.52527372763811,150.3970073690591,-118.72910721508447
70.16098802678259,2.857699090407147,62.37285621690439,-126.99083488899751,65.22180459307837
176.21969336697632,2.1496532131216606,-42.28305249882694,-105.49379168228201,21.86271253663142
25.290235899516617,-3.2260578891229814,-24.306321548027945,54.5028257317086,13.566839663411088
126.05880438050878,0.9574720070105327,-85.98404876771946,-6.598602282069663,-32.560238470562666
31.35075946276075,0.4568377154143273,111.84301438997471,-110.04497633666037,60.85957542663997
23.807844534463054,-0.938073192321253,-25.52768555337677,-103.46441518729648,-77.2863437254351
33.47138018261595,2.741236750372591,-60.4156307274894,-31.96015194254352,-57.31792053832615
106.92861927184637,-6.354215608966436,28.9431627294557,128.05337964988334,94.40302373632107
163.84374009877982,0.9067448900274648,-31.497910640977295,-19.991851134089714,94.9566303427227
65.40805819040393,3.1732758703193884,-66.2793199755275,103.98532769681532,-48.92649919303429
49.418864250655105,-0.80992279948308,81.4223762948401,-108.09289702427745,38.93917579612293
73.26785048631267,-7.7076341641126165,-9.951354948515878,-10.020986130865722,38.786252946021236
61.394433179407244,7.349186614905646,21.911834714567128,7.630410679014696,-55.45072829355637
73.38866799338143,-7.79773457372424,-19.147751617605365,-33.346745846662884,10.670088624274456
-35.37823001410319,-0.5639696818252418,-52.541277623475175,-35.94204963459403,-84.88250687080587
-22.139667268650626,3.2761440126098194,-56.17356222953125,174.1505739522618,-147.40056840250412
-21.179611788927645,-4.537214322539178,-54.2511070987885,-107.26980202989981,-58.27798525593682
91.64516289522658,3.8582652277465037,-12.213329553510214,16.196574622608487,-20.086805550458763
98.53117780196628,-2.772896490500762,-27.129446033494844,-58.79724352370086,49.3261755553282
86.32793960313964,0.3772842258348814,131.82996502523372,-103.03029835339551,76.26400858332508
22.930877917867434,-0.9499748074077491,95.77132976493607,-62.84391343880756,48.54837715128501
158.4220342146743,-1.2291296412260606,-11.971695558490694,66.41657686157663,-61.31620822315544
-14.07298604350455,-0.5391557114486512,14.918889211359527,-86.78884270427476,-120.3844223195397
91.99823531182318,1.842056460726915,-100.38929831932579,50.61128513117613,33.24830213820394
83.37369145666572,-3.9150117981993136,9.382655526058713,38.07174589460713,-20.124285068238237
85.62731514983737,2.4083941649522,-53.545181425877935,59.91077421081374,-60.59057909741548
50.25596749144711,-3.6443207605527803,59.14915882725179,-60.93491513549775,10.568874372219547
77.7297464596224,-3.530240442931951,20.07942037702822,-13.27166817060428,28.21767578079121
138.81715033896086,-1.2716485735650762,-90.34364900360973,4.41947969952323,50.077952687567226
80.90164640645699,-5.209350358023481,-24.50273257192501,-78.67345914141357,135.70568580941935
78.27051697975365,-3.795982125524244,19.049435087399516,-81.14452605897975,125.7258588214691
16.68317281375716,-2.1053094001201167,15.9300836110366,51.305777825827874,98.3017421817726
100.83751274493522,4.067240901753573,104.58135228453398,-36.95512233860735,-38.09368922447035
26.435749857787627,-2.1081700355575936,90.82413231591887,-64.68485977165521,18.513349622485542
123.78880504871537,0.8862701014098349,107.221312873721,-9.752151085780284,145.07021487987907
82.47616176752919,4.5595803071041185,77.43888030123159,49.16167112180929,53.01735161619905
34.55497957126243,-5.33034863738329,64.92964884733871,-35.269326845144334,44.46337728345272
129.36199596447466,-1.1434319767230656,79.79874587427764,-50.36646051582906,123.5926001963165
138.93576850034407,-4.093080103924894,84.6786637344297,-57.36157282315172,124.35860831499343
53.938876055738206,-4.236406965935968,28.563454536835263,150.58435857209687,74.91248897121552
82.40886722957435,2.5177112228944494,-20.928350456002452,107.72466013081902,-11.708082309494117
-19.26308581860048,7.261315853723155,91.415552998362,41.67816852176021,-30.628819132413845
-12.25239478967319,-5.700139999072975,94.35044676091643,23.40446371839768,20.153005427508013
51.56980535240825,6.239983463553145,67.80926421207735,7.382103591670489,13.736481446121957
62.056190063913704,-6.434817791871291,-81.2739255231403,-2.328156981052018,71.09787974031934
51.98643612430112,7.018160244390657,63.32648729473139,-13.964530654511679,29.284171621446532
129.7751209804432,1.1114285877441734,77.03031925187929,-17.54917615957034,90.67970074969179
9.385756791909436,-2.4370505551304342,-69.85732051422998,7.323201188074613,-13.222237514242998
70.94374130572776,-4.060511964600431,-29.872921391070832,-79.51099892303077,-16.304051824231266
-5.233074179021074,-6.549003182574051,114.87610392144697,-84.74225431738992,41.8597802101042
73.79769090812177,5.343975331337038,43.67581584025979,88.99930387353325,27.84130500375477
11.855390125549825,-5.770936126342851,-82.42283331492848,-38.00600811163453,-60.482211411825965
56.7614090557111,-0.35595470263306606,-2.3040531496832415,28.66149143030752,2.3162606208026375
19.11912107492199,1.0423548316506546,-12.982164711377465,-62.061981888648965,4.074785856806628
82.02512694173102,-0.027423386303214947,-6.341058454519086,5.128000125507199,61.956459379422924
83.83690810539032,-4.062579801787343,76.02374482163626,1.9689782304911407,56.71870202896572
59.15889053012938,2.985828673505344,-40.88972979737238,-3.496399393391961,-58.579035839398145
-74.80537207366322,-3.8378842578417203,43.21632783664654,-11.216047668703922,-62.71472740212117
182.17635075932833,3.053810180723321,-37.45246697822278,14.2290776031132,52.11822498023784
-59.43269562560566,-7.177899328972128,25.69161415928039,-69.3065548878055,-74.88557104157529
170.67402293966686,7.480514857041336,-11.824162440102434,7.106628178321685,170.2919620771695
93.64541418254244,-3.2401367563036083,55.610999377857844,-64.5255160507693,-31.268058540808184
26.95928903380569,-1.7599680634669894,136.83366902259613,-146.16528889139659,-72.88989440236534
83.92707127096925,0.2842817053682416,-70.67539787276394,99.38612784743911,108.7546863940443
95.34707516038877,-4.11326158779489,15.87070446003866,73.32837887726214,128.37405679626517
107.28599080666494,2.4164180696872,94.56148630462106,-52.12729293181704,-89.85360085420422
2.336457997255593,6.047863014483244,56.48407628979726,179.94893421964963,160.64827724082167
91.73232558698487,1.2601047818791926,25.54014238450662,171.8364560524784,-70.39619936190081
80.81413502339623,-7.6357237707370835,-50.78493430887575,12.499532410522733,-128.19844267022205
7.732343215473776,1.1653165782212405,-18.29696799721966,18.165848371888096,60.01582701335249
104.61730417222863,4.272842332790834,63.86354830217014,42.077888005872914,27.499049987138825
25.8699529658204,-4.220180486520938,-13.771245542424708,-57.339704058952584,-8.340685816482491
127.07443708877439,4.259437930609731,82.14681499662365,76.8753011946869,-2.7268877624885164
75.9704448503553,5.532621347536482,5.72326523614484,-12.887363133814944,82.11910298182721
89.43391579042161,5.9308296447331745,-39.39810548349503,-23.379267299394503,80.58141247451267
110.85378433054636,-5.588829329699026,-21.359673089309577,-51.30212876151183,25.95026776890345
45.82699898708529,0.03919361837397517,-60.21376787266435,15.55985360209295,27.78084104651789
-20.53964456056356,-4.346087690377015,54.81876506591816,134.49493914888717,70.55988330031903
10.175863043696324,-2.4965445012139242,65.86935563820842,77.54717705406713,-15.536647025390167
70.99423201037118,-2.0920537036301146,72.15354208675728,-15.952408064574286,107.58154037986765
8.669357380677859,0.06588570186010667,72.61202039818053,-35.12254122297619,-34.97335868030561
141.17279293878443,-3.2228398425212657,-50.27668634939728,-83.06099392911199,75.10724748580985
-36.723478495148186,2.819318691331324,50.14079154646248,17.810774425434182,-88.20001072891637
72.30442596813384,5.1739103955596,-17.18511423670015,-60.05581762883033,-11.977001945638307
-54.12500607401125,-4.4717792601595,29.617194640357194,30.881076837696156,-71.48940580437753
33.15317710025533,6.783553191827341,-9.005051801223374,115.65745377665202,-35.446072873203796
71.34161869390715,-6.514024734259492,-69.05284740181683,-72.18664755942046,-25.22278252624423
185.66862336749242,-6.713970896046863,-115.68261053421139,29.974306586998296,113.49060121112507
95.2617090377297,2.485103992347444,3.1102874654046957,-41.60215160403396,-5.354741112208586
24.802369596482777,-4.710843933820739,-6.295005554338346,-7.965754047031801,73.57426220657759
171.39882461193207,-1.446865848607798,44.082759217152116,-54.61652571709652,83.18650612983022
14.504967178471702,-0.3652590435274643,-75.95931563554726,-23.251086971125453,-86.78401652439673
-32.65835130145838,-2.2743797209099936,68.02224427716057,-94.94136264335039,-31.7537602861957
114.84126656934016,0.8397792876429995,11.703488309486154,29.610621052934434,48.083581806122396
80.01301644202327,-1.711300427597276,147.15378133004918,6.640759953835822,139.15573041450713
95.72946348392784,-5.282407270577479,13.017559177231774,9.084534792099216,67.47785828196196
-30.957154315882278,-0.11102130860350012,107.96921488324801,-24.464353741632404,-1.4663858034356796
9.347894206941234,1.0743601570578836,115.56760734077147,-31.649989862485782,-21.616602015193408
88.753088904973,-0.760446890379437,-57.02914181547036,55.09975038121881,47.459481736404335
35.18964159106994,1.8347163464587366,30.003626493625163,66.5846948763836,-49.31603933160736
-22.927744464087652,-0.6197232818493603,34.33587482398614,-45.99519568430324,31.275043770038906
108.49217455460229,-4.1703449700678075,26.875564319367438,-131.74923942403194,-51.09756669517819
59.967530349282264,3.2504730505491395,58.10605794494208,113.24025148412238,167.00811368033942
103.22054190435023,1.5538925459882926,44.808775017689065,114.9188478641297,104.09761945578569
32.6595092645794,-2.685587957849339,-39.69821848811008,-69.59528636816336,-198.63020983327993
49.306120439855924,-0.5937714278025834,-23.350745622490358,-52.09930245230703,-185.39957141115744
48.71286512216243,-3.4517248945841574,-61.402934352445136,-77.8476245328704,-32.16107354990203
105.05515305926487,5.022763055660237,-71.37811533137958,-23.575478682658186,-41.057039443284076
50.756672368969475,-4.7617013568799145,74.95787368024101,-6.239646842552446,75.4077551875341
123.06637173949262,-1.169961854438788,88.68335814437411,-23.273802302311303,110.21084488689887
3.869662082250933,0.8094010473485953,-75.88691269811648,6.315123586545055,-124.27553157999972
22.163147202236445,1.702747740858722,-29.050960639671885,5.71627029434914,-19.088707218134832
55.62786047701664,-0.4414390424757215,25.560823325497573,0.7028851865839307,67.08418721958687
101.05809566339515,3.0896604980660305,-38.27411756788151,-28.72353435958506,-49.073651676707144
87.4468368864193,-0.01406123496424394,-130.63290380676958,5.5397040697598,-16.005445613549625
-35.06111954395596,0.5991203752518319,136.8999239481874,51.38828220247097,-24.46975049352737
91.52401180179066,-1.0428308324283868,51.81923958889618,-85.26792521131816,-48.2235560103457
64.78013048233548,0.5251335627935565,45.18069045066658,-61.31869562486656,126.50457198927195
130.45963258409893,-1.7488076076807313,-26.60314014989668,64.81550036946805,82.25179162041994
78.15676120271284,3.0711187085535734,-87.57727707008708,24.41703203831996,-82.02628553706802
78.15676120271284,3.0711187085535734,-87.57727707008708,24.41703203831996,-82.02628553706802
1.256576393092132,-4.861412675143738,-70.47210677078291,-23.016040021946935,-31.918911883798103
14.053648535277402,3.7795456548811046,5.750933596369805,11.540509704108487,63.437676991340794
15.489031311471308,0.8049533134085607,-12.722912470563754,-138.56062866593123,-192.82179607060453
95.60178505540875,4.94484245616506,-205.87719063867561,18.301002803357278,-1.0334402691995876
99.01232809420232,4.686865410916377,25.995212476624857,167.56223965404618,-81.1416809282122
68.22441409285238,3.8607480020135916,39.10583027578444,30.096134674055406,-145.61875022381543
35.58733449912813,-3.9131056557170605,-4.200008932157235,40.24033773374943,159.94792864678178
61.060785920938116,5.268238760639246,-41.83236643231548,-50.747008465629314,40.125017953110486
29.841934019480746,-5.1689347629400615,-5.15732926734694,78.66911942625306,90.90472385743095
40.97527260193581,-2.6768855299180654,52.51697057334792,-46.349959842397354,-46.41247991611878
88.21308447912445,1.3326950190620055,-20.77878001722233,78.35247092988854,-21.1870583904823
108.56358470149401,0.46579015216790687,-10.020396486977427,3.1419888094409316,82.19936370204029
39.41728691208069,-0.09639286435041727,61.46322673775253,-101.16240218729266,-43.75781676332615
21.747415728399403,0.4875252207083699,26.398112375528456,-11.793378167075318,-56.16651678218783
20.042129914072746,-1.5381810753951926,-106.79808601421385,-36.98687321274678,-70.09629911290097
82.57751544100618,2.3327703901025236,-110.25091379741951,-12.148138921058187,-99.66762934957723
44.32462232231205,-3.239695366608786,-37.209392599836136,121.2776122744152,25.96108285546066
145.4936240570791,0.7280483378086595,-20.027817584638623,62.69092203343777,-50.48692361332566
-21.596216697508453,-0.10748532060297541,-42.826328650554416,-177.6124781838894,5.734377667435254
-42.2324542284621,-2.8825081156791152,-81.3685233769055,-56.998840416310955,-74.75499811995977
28.500577193675696,3.027983686247496,143.28646969422132,19.66463915168758,-7.281527785355635
8.69296225616451,4.517261386987245,-62.949236670987816,-40.2840573088869,-61.927904924984446
47.55923585870446,-0.7661409086885955,-105.60409785848117,45.797989316435476,-120.93243682785206
114.60415062151912,5.210522759347262,21.383751460398805,-13.125504999400434,93.2982323060831
21.2005656995032,-6.510233567767016,-40.88032881503811,-10.799086403588731,-114.6113943857483
83.75912422414399,5.896215211146695,-18.65194991632074,-76.66572324334128,60.27000393072609
63.88854859508597,-3.739361001762408,63.610521502437905,65.5507181688902,-21.2749318962546
89.61559228318059,-0.35819007092586297,-23.560895000296796,-21.613861818399556,111.97593183979143
186.93347131138648,-0.4169389787322061,-40.34569135764134,24.778066586185837,25.683885575091125
-12.387268848410201,-0.6346799695262317,85.01312408470498,-45.44452745704483,31.664557780672084
84.2976789570148,4.370209536093011,-16.11023815147427,5.459000706308775,-53.18925711467335
-20.42056193261019,-0.03713052788636917,-71.95547902752179,-58.680325040883936,-77.38920586196404
85.05609828054752,1.902936395385655,-36.30244002525306,69.29418978880108,34.65700827534235
89.64616014366322,-0.3269512320313077,100.37139451591838,4.052402050475671,56.07727439381904
48.151438262337685,-0.5456752603756363,-101.12146329479444,-59.53762502782779,-31.44629544586177
71.01098435983968,2.6381976267370204,112.97940132934319,-21.795917164302484,35.85552274422099
54.84950821108449,0.8677867849103227,-56.68321530037875,26.03371423716782,-88.9211707868408
69.42501159091958,4.545517442487139,14.097088736755992,-24.731870423706532,61.2910151632407
43.766947180266094,0.13034983026390767,60.85572078371044,5.320459048349614,-31.97994988210624
43.766947180266094,0.13034983026390767,60.85572078371044,5.320459048349614,-31.97994988210624
42.03851838953488,-1.8643364629234709,37.72506424292536,-109.3489306859246,58.30158305803596
25.17331841758123,7.379461286244382,-11.031252760106469,79.10403621741838,-131.34447369185682
23.81586436552389,1.810840469681552,-11.220031164975259,-76.83533735900576,1.2773115349265254
45.46767227221544,-0.6709692508361196,-73.08545046358128,68.12988318600358,-122.4887031758223
12.002539798960397,0.3445201276296561,117.26529750758277,-36.871592312178215,102.35419981557325
100.16254385592336,-0.7325218797359134,-114.57317568184537,28.557019862534315,-166.43946019416632
47.717360233911485,-0.4220910542473417,118.0309800431867,-17.709341736722493,167.06843214648148
116.08834020647586,-1.2556437523772503,6.232009106411482,129.93089324114158,72.60659677003218
16.81775921039683,-5.747746702869557,1.7094525852979947,42.140189737936566,-26.566922612891858
101.07369403244672,3.803712126984477,-0.6246002813325973,-112.0714545415271,42.234540207308044
101.07369403244672,3.803712126984477,-0.6246002813325973,-112.0714545415271,42.234540207308044
12.560851531110657,-2.9956369388650925,-21.754400492761874,124.92821386550122,33.79045089442623
66.39089497258114,-4.267219982764853,91.93005543019808,66.63222492215736,48.95658942312993
8.879334984386453,5.088485103071124,-117.46104890790858,-150.3803042503832,-62.12878920436905
19.587545137867085,3.236729143654375,67.36146567359201,-20.828283182907953,-121.61210170628996
5.028971369682301,2.457079955672773,71.77325348373314,-14.07902143492723,-66.59366822251695
35.70802259826959,3.36840764079658,10.007727169460821,24.513661588160268,-101.4275689314062
132.9169078222892,-5.924040063885166,45.74501462734634,-48.327618116475016,63.49518711463736
46.132260674290606,3.3521372619965617,30.662139732848217,84.86928535563163,-196.9013118336175
89.63760731490962,-3.8349774556957867,-33.65067134228323,-56.307865447164644,63.930923357773736
16.51818451336598,-3.530317934910892,43.304233719770295,27.97627869572331,-29.76146669450582
106.99279541453416,-2.0088904200138464,-37.248080883683244,38.35689095671259,86.26410903173884
57.452895805132144,-0.7220087171819358,93.08572668502731,-40.870237787779395,7.680505088886733
55.14921587501814,7.846882432996889,33.252018147441575,-152.37057214791565,7.6805624906670715
80.09911566287536,-3.4615460305980514,-87.0126483751719,23.383656902039945,-77.44330596980001
67.70401079330841,-5.161798583358353,36.81643807825034,25.698785894953772,121.1503247976421
68.47970735132802,6.652409229661466,69.56213583710417,-23.52108110550499,-21.482150801575898
49.92533908318131,-7.20685859523694,-33.774211287935785,-14.676898626698545,-69.39674994460594
49.891679525397024,1.4913877954063244,-79.12714875615453,73.9628192068181,25.705805431530926
30.881406095522678,-0.8069371916989557,42.471814588257686,-73.04096452046565,-83.350495154776
77.2866921254185,0.5119267218569437,-40.71993377672554,70.80315954311925,57.9315774651624
40.32565043473987,-0.7601059175229605,32.37137985043587,-62.11459654709655,-38.01651220939836
60.23240687698525,-4.306533113972064,-22.66137878807669,34.67420538456764,-13.962286753659686
60.23240687698525,-4.306533113972064,-22.66137878807669,34.67420538456764,-13.962286753659686
73.68063344079043,3.1512231423291324,53.42323351360635,-70.31164221710213,12.280068616579307
22.655606913269757,0.5204699405013544,-54.92483828958469,5.525839533081175,-50.32368006604301
102.84011074256509,3.518444755592072,-88.6379357411111,-86.16690664454987,-31.96677717069265
42.87815867251258,-3.722222095896433,114.53480766823839,47.16307005590833,222.3384735037095
90.46030997433556,-1.7348276609145463,-103.54747512652892,-59.80013471064535,-8.200850192902607
44.65909637686124,2.9587180352042797,28.8463734543664,-8.747150976433431,-27.33626699474638
40.692070937841436,-3.8937594126286763,-43.785085597385475,-8.673424928847894,-16.083533606580303
-7.825595584890735,1.1926582941875186,8.28769349331779,96.29576483294613,-123.92846780600163
11.366277358129064,-1.1170608780607543,-52.12935036524274,75.24692980028566,-104.89601636014015
8.033742921722862,2.479850421727702,-38.19085655152351,26.897139869177387,-18.187475277337057
8.033742921722862,2.479850421727702,-38.19085655152351,26.897139869177387,-18.187475277337057
137.54741969674419,-3.4935528847829596,51.72755891294298,-2.4144175970945554,-81.2799870938164
77.51385652207102,0.9456021920512234,58.943949475903366,-39.84119008149629,39.18222146773758
0.5174850887526254,0.020713525960929347,-109.6154343200389,53.803936852938804,-14.093616369310162
29.980237624357994,-0.047690170439164084,-95.61199759691206,8.568671000075334,-38.64399363524781
28.657653249531776,2.3102170802646427,-4.056091559219482,-34.09434276933007,-97.84741457262265
79.84506841616547,-0.5637632821802465,-86.32800876466789,28.769895767406382,-71.38833054638658
112.68584944160936,-6.506804560886074,-56.707685934067996,-46.03926986242338,-60.03163568764857
92.02589307380515,-3.086794319957679,15.294391935366434,-82.78133483843666,5.2149556750667685
92.02589307380515,-3.086794319957679,15.294391935366434,-82.78133483843666,5.2149556750667685
77.95002617853504,1.819681575592309,46.39169643420231,68.54699916875326,95.60120921722448
77.95002617853504,1.819681575592309,46.39169643420231,68.54699916875326,95.60120921722448
50.294107022388616,-3.108602450305017,27.847322080418863,-29.008597241444946,-63.462583778754365
76.78466756414828,2.734270773960797,-38.69248440721152,-27.729923457562634,-2.5753142353913994
19.08144115815639,4.302551658038848,-14.824037981227079,-1.4080329364315922,-105.04674573869977
100.5253973836526,-1.2139129302819043,107.67934631768802,-81.765453868992,63.214048036291004
100.5253973836526,-1.2139129302819043,107.67934631768802,-81.765453868992,63.214048036291004
48.93563772142329,-0.47564291185314866,-10.086494620957097,53.763910688117065,-68.1862313368488
-21.53459169635242,4.673909104223797,5.660598773171984,86.35542349961366,-13.073574907736315
40.70500923267204,-8.133377624479433,-84.94767717739121,85.1585660874893,-97.65968416951199
60.84819272579277,-6.316764021568364,-54.50828389323233,103.81203824193722,-13.429467037595842
63.331227740970476,5.727730561161059,77.77693103111122,-85.31305693916089,-86.30773554794973
46.4603247769462,1.9341635963727386,-105.497053668472,-54.34296288984669,8.838744452956433
50.54367169414914,3.267178120452615,-62.58380107259308,179.83001669501712,-55.767676890410655
35.02896332190403,3.8789586453246976,-106.73607888549728,53.957948876197705,-72.42612897800814
80.02348870947688,4.013252155882173,-86.74540069347394,-40.240524699737676,-134.35293317634245
29.368414781372216,-0.9264615652213282,-13.251918631725005,-117.39595333953905,67.35212325674809
10.263581854028295,2.415836684957304,84.7175438706585,38.42566207756619,-113.71176895524715
72.75059019295874,-0.32594991973132403,-20.03141650033487,17.99024661742458,42.9747664118984
72.37363004729501,-3.730351412385813,134.73452712407266,-0.7622003337818395,77.22107662072824
39.3578627315512,3.8823067622961998,-89.52342762605485,-42.49324424940131,-24.280548660964627
57.359953813162335,-0.16020316919886968,-3.0860425056732197,-97.68113578972266,-40.30106970439691
25.300830076097604,1.5436634521324915,-40.04074961085667,85.86587151684323,-24.904067820188025
25.300830076097604,1.5436634521324915,-40.04074961085667,85.86587151684323,-24.904067820188025
35.44083882662704,4.14214119626815,15.38300854091765,-90.26256204912444,-15.520180207389313
41.55790701050894,-4.084772736627201,30.90643843784327,20.896380569955674,2.514265663368974
101.67464689837547,-2.0554435013505716,51.42285494631702,22.87627677207246,115.04533547059246
127.6293560139067,-1.4545926922805412,81.84398758670683,-2.8043164850266784,31.045543817781933
49.504307997470065,-0.8373885797310603,-11.250984605053036,-10.436954094509154,-19.094901942860645
12.689988743179802,1.4639083053014312,-65.20690271012809,-19.64443552685347,-83.49723170436863
100.6509465124335,-1.562080474311251,49.30790962746973,17.827679992614033,55.63317454244865
79.98386074239774,-1.3704121847948432,20.25512922490931,-66.25613590294327,31.617882516014685
50.38111212782889,-2.6138621069551893,-19.555753090367716,37.731141456592006,14.529377856519815
60.10789973141318,3.147389948466644,10.140562956658894,-62.63961374248415,92.26272141658296
97.39020843023087,-2.752302231643915,-38.16702210238141,33.26379660500117,-73.945493146704
97.39020843023087,-2.752302231643915,-38.16702210238141,33.26379660500117,-73.945493146704
8.958315025014606,6.8656004966881845,-21.229826607169684,-42.36563011351342,-6.085743005238015
81.80295061841171,-6.131947720537936,-31.190672237637322,-29.388212603296708,-53.84491808917467
42.77752205851258,-2.226925741315525,56.27965019675863,43.537462026985324,-3.3689253073296257
70.30125689542938,-2.57834421417286,-107.47429847346774,43.09496628304294,18.033424435045955
52.095013567347195,3.2169333477150435,102.64789821598842,-47.87881730628554,55.51818954035292
66.57460428077145,0.15463050284160085,-109.25676270573311,44.201928308438106,-68.71837466306982
68.95190363408774,0.17674526962864884,-116.40710713794351,72.49550224413952,-83.54733056203807
11.85327354395347,8.204866011877193,-71.11745814568754,-190.36692276893598,-141.87239807993956
139.67332406563634,-0.8393559862128335,100.0135791734408,-112.9517096023692,203.5395696736957
109.56579580622675,-3.296994067663885,10.618618640790352,79.90093860896263,8.159323327475732
45.88851503644657,6.357701747626826,69.31869124217789,135.0126152626522,81.09303376558347
37.93859208048018,1.2503658050543924,-54.28685255501005,-25.25889962729832,-120.98926545231382
53.334946384364855,-6.014058813548671,-29.30977396452041,92.71658684891631,79.46839622314081
53.334946384364855,-6.014058813548671,-29.30977396452041,92.71658684891631,79.46839622314081
90.45466680493149,-0.3751268707048956,40.73740063270356,-153.99156368117482,-2.834852406081154
55.48545194460068,-0.9858839061313706,-102.84896968679554,-34.36567281246383,-26.204454414411497
112.03664119381536,4.520426107291277,62.80043831320182,14.04895845038337,29.250607666395858
-30.239681311500078,-7.83252423459049,44.24699739837624,34.17814411534064,45.28107730911494
138.28233481161112,8.652049895690919,-100.12338683290798,-79.04037355795435,94.45522821074351
87.80233653971659,7.963217409894456,-125.94397247397539,-92.24311749575901,72.1865494983427
33.843325181578685,-5.097984137955104,-69.79593046051946,-23.592799755195628,26.016717228528208
-51.84813137976338,-3.0262089851130325,58.96553709275455,29.72527495950066,-91.71564143246475
163.69850313798025,1.497202581169422,22.664031151289308,-56.24736989589584,6.275879956258208
35.58490601287707,4.678693096809802,92.43123383254124,15.831608444343356,108.33035133578778
77.44895906955401,5.233553194026584,103.47452518911112,51.21917641643506,100.90124298665519
45.015101378043234,-5.481990214828823,-88.01571778675171,-74.28114335649815,-74.12120879856002
-34.673887341116234,-3.765078403632926,-37.54395857592778,-66.7842378534833,-78.02393757249865
6.232858669153288,-4.2511589487056645,-119.28994888585947,-31.54963058441092,-27.253269179942308
54.06214440514752,2.7336748388119805,80.60512011559072,-98.57208085726333,-50.3348980770541
22.249399111184857,-0.20691643804985138,-20.98666959729468,-26.593261197450488,32.83485378401434
26.592131339300664,-1.1538602523998187,65.58111853550301,4.956065111784966,58.64059925890861
-5.831591570194703,-1.4344564583770698,38.67248340771816,9.159680380637099,100.88434543174296
117.83197800836214,-0.37783946611803776,51.43860785201289,-45.41803797262038,-41.19550646657386
31.364452407483277,-1.762277214977597,43.03993641478015,41.762933170337774,-89.0475311406143
63.346134746133686,-2.033932184278324,-36.753321642584346,-6.350212405050961,15.989996611193774
109.18271242501555,-4.342969340295097,-8.89923786163303,-82.74865720976493,52.59687083745471
52.08830380941225,-0.36795284762386515,-0.9505435621407443,31.852971741750522,9.067119029511902
37.086198013230174,0.9636105406558952,37.979204261350695,-42.96016687682166,-69.65631427313188
81.21993250616325,-2.7915694165794376,15.535901340212792,-150.2424510423757,87.3947077848809
-12.313858700725273,-9.470793049661589,-32.06850062105305,92.37242237317807,-75.9263163086579
-12.313858700725273,-9.470793049661589,-32.06850062105305,92.37242237317807,-75.9263163086579
106.23282489045047,9.63404155167294,49.58794636597773,-116.27564600849149,60.753567680589626
98.93003342163911,10.238467200429993,55.32821490615983,-122.6344203105094,27.85562880891535
78.78984721520851,1.675378458242399,14.142793088384288,-186.28741557418277,9.51819202989245
109.11766494328089,0.36948861336184957,-106.05453099972996,-6.881843956110089,-55.73455004052215
22.491881107558534,-0.23841182322335863,-52.47528194783881,-23.19836094898379,-40.967368802653766
22.491881107558534,-0.23841182322335863,-52.47528194783881,-23.19836094898379,-40.967368802653766
22.988895572148785,5.207386972073407,100.90257402046055,-34.99133333294878,-39.934475061839066
39.33399785258084,-3.8994949864537416,1.076338440142365,-121.79158387750476,-99.03693352321474
19.609929307140376,6.19223722305714,-24.670953261497615,-118.04528743669181,-20.00486799998326
72.56895735307765,-6.369974703260579,-30.532516030607052,28.14625815158108,133.6154853344261
211.40625142220063,-2.994751174138295,-56.21396908219178,83.98993822237702,18.70737841355023
23.14293183843114,0.9650930175942292,78.339802331246,-109.57268815847797,110.46851245234097
77.15222959883113,-0.4092205736610234,-74.42296140397806,161.3121730533473,8.213979930116082
21.793391064516612,1.2671386743625024,16.088242814825122,-207.30743577958816,46.75847142705267
153.40422172391018,1.008584198206341,7.873502506096656,42.31775022354489,-4.821206513967608
89.60207846983762,-3.9650026434446723,-38.37748706178867,-15.868723197189379,118.2807656492837
113.04058133580637,-3.1646600250574144,26.97101896882893,52.67024608659041,9.119880424226125
106.32367136015505,-1.5982863243071512,-24.807609241979563,69.52962037712005,90.87764742395663
72.37859678660932,7.242221620042386,-37.63628257985067,126.1785467882813,32.964853368143146
30.20461330278325,-6.875705972232061,42.20690234117264,-142.16607328897976,20.188843815993756
100.92135715208623,6.735134049166317,-35.79349550803412,132.30698896923442,40.969409505565
30.090009227622645,3.818824462030141,31.165064579891755,103.52224517415009,-50.14063929988589
18.7051693533261,2.387119773341632,-68.24952498604978,-6.4458958734735035,-1.1934590590372807
56.875254032751364,2.978841142983258,-32.487473264856234,105.50682336628397,-82.60184218377944
29.002980158936438,5.604389547075932,18.36675422738719,154.0174545032111,-106.06244440521928
75.30103140080232,-5.720204118834165,-41.07702989939217,-173.84612400611286,123.65978611848784
94.9152822476309,4.726835509343924,92.89827296516512,188.94551985410104,14.715670718074577
-44.18154132671373,-6.073181140785143,-57.74300262424947,-130.9509503261387,-28.176606139862336
98.17461519685463,7.6135555355650535,-11.959601651932008,111.18656149613105,41.40029217554391
10.708416949411074,1.589094720579519,-75.38842460148886,-33.39437662595222,3.6679187047634016
88.71735177753935,-1.2902140962733673,44.314119770150334,98.57604748909262,17.398785424936683
100.13834289011055,-1.0281089100754603,66.43930486750801,19.630565404298167,142.84543629667843
92.3283095244058,-1.2149544293779537,55.62484272675374,12.964797576199304,106.59320585479692
61.62429869263986,0.9775176378770645,108.81689313183048,82.42553809285958,52.98998558868085
52.88482037647408,-2.6244610715316705,-59.06991285730294,114.68800437463284,65.2295200915338
52.88482037647408,-2.6244610715316705,-59.06991285730294,114.68800437463284,65.2295200915338
52.88482037647408,-2.6244610715316705,-59.06991285730294,114.68800437463284,65.2295200915338
21.11871674003487,-3.3435994944901752,71.80646031586707,169.76094689995003,68.25933713933223
69.13061768020437,3.7382920929836967,54.33583397481815,-88.75785266888349,-1.8170456336014738
99.5879897269053,2.3286623865304383,64.19705661662702,54.49090032208531,-83.3007121257503
61.763354592020214,-3.8243613215994876,-6.4136246663980145,-10.750976385227005,-49.101110477242486
29.35220829818229,1.9692288450071178,9.740677676479699,-22.198031023111813,40.312575512855716
20.137244951522792,0.5708206646926155,35.783701074909644,-82.39224841146017,-96.21067292601153
26.293682041544997,2.816820093214807,85.94213265843887,45.80104373391025,91.20871964105176
61.63359524569847,-6.668785220508582,11.321354045317449,53.34616055764428,-16.536470946833198
53.80952639325829,-7.296868674747532,115.93233475876748,-36.8252312861288,43.267894697279154
110.34807289817495,2.675319971455597,86.82977342977658,27.962376818977486,162.82102524801167
167.4980945401935,-0.7871815367250561,-3.4836111238295473,-13.467532911828378,37.19016652147711
-35.120786196647515,0.009563055480437122,41.418676058398205,37.44436323396368,-110.24662474623386
172.99455711318967,-0.04041404300999263,-64.51185283642894,10.44644309129825,52.6735082364644
22.953954340579486,-0.5900870062236845,32.84039205449014,67.35556019109444,28.03060600021645
82.8651474446246,3.4171302227842153,-41.43409635772473,7.414637493618457,0.5193634388639978
49.63840611684101,4.218429604295735,28.5819440790889,111.00118857686711,15.81142688658845
61.90017595014432,2.067908912071034,142.2182296682033,-34.48552503078304,46.11494687859698
137.87243615313486,1.7400178141103804,14.994011299859196,86.79898972170993,119.36975534661202
112.72940505949958,0.4904493680944624,-29.02719609245691,16.960536196574665,20.034873314020032
47.49953860740783,-1.466867166412756,81.55981100401831,15.348503097104697,-36.97855484973557
70.32240077915179,1.1340430509966446,-49.58649426476184,-7.596627132490767,13.12498554307038
107.16839779370446,-3.2018731760670986,153.36080886707404,26.13436702079835,20.382038831487776
73.17692977999357,0.718698201691685,-52.87279496098373,-35.04915348810265,-184.04387781101417
91.22154040083913,-2.261638337551831,132.10650605600313,-37.38910266396644,117.10889351343592
15.130060597441556,3.186274679234889,-196.7723940638406,44.51850631269239,-87.06396427448047
8.943400685789126,1.1884402301562282,169.19790564281828,39.61657319097369,-32.0696674175173
8.943400685789126,1.1884402301562282,169.19790564281828,39.61657319097369,-32.0696674175173
99.8542532134883,-1.6212406698706916,-27.108980742609816,-72.53404979060959,123.49560540748057
23.82839411397191,3.280364340538627,25.975888355995757,-63.23463341281812,7.772677658075608
25.039424625697457,1.546770362517597,106.48582487525042,91.15013868013759,80.84888239148438
102.3818860441196,-2.1958141127628594,-25.381648345214273,-125.54804684823911,-168.9077416827842
89.07714532769982,-2.8436182319562557,-11.422616968024293,-22.408377725677298,-76.38371778241873
95.43608849663384,0.616294980550453,44.980447820783674,43.11352414811687,170.7215413003885
50.90109341558737,-6.904734673728892,38.737124223946346,-46.478723973587336,-60.873062355030385
53.399299105537935,5.951766482726302,-171.24770546213676,-47.594922244587586,-50.463248294667615
-6.322938190274042,-3.8012182688056333,66.12258225665894,-73.98560449508659,-63.353639214102884
88.06996188989959,1.7088736070457733,-154.8641867275125,-24.85201013009838,-22.636316635640817
100.99017239634128,-2.6015272332259296,75.04312357435462,76.68148579278875,46.88919032016004
90.77986176434995,-6.005284123525559,-54.45434179931907,-35.07641909099935,20.654744029765848
32.5028643022188,5.514559592755186,72.64159572211895,-50.52062174914083,-18.393384385008375
78.41313588953221,-0.7652186944963493,-157.95137591930032,6.760055033007294,-64.39910985440955
-91.12920644114106,1.260569772833775,67.90809213601602,-116.65322397727999,-118.05484071030688
201.90360101149113,-0.7227438431083584,-91.7748720760404,89.71971904643337,138.8975690426808
121.94479378426472,-2.461095439162528,137.25654659715576,170.80049663022254,8.020733476546525
116.0055715915857,-1.2923784424629914,48.563619820011155,133.20574816874196,105.82946670325089
78.62804190574488,5.364838538724636,22.672037687304254,-125.31425587786437,-3.0599181616753537
68.52186604355327,-1.5064677629394918,61.45465253894835,-59.12813036449896,45.800187951189564
68.52186604355327,-1.5064677629394918,61.45465253894835,-59.12813036449896,45.800187951189564
75.87227992374241,1.1039369118285667,-49.69387363126063,25.023963585637148,-86.878082664886
54.354594151610684,-1.254091499207926,33.54443982231926,-69.1907866480376,67.39312895608833
110.56782572164437,-1.3417801940490373,-106.39281835240196,-122.54656646515943,-63.51903489347422
-62.00961867034866,5.807563933439155,85.44032102322751,125.85895495772787,-30.951443040836267
164.32347606982813,-2.1750861886655946,39.075591800614035,-112.49967103431274,82.56987030211333
-16.141489859064322,-1.668145505863479,30.905929784372198,89.34063601464362,20.682135863660502
71.76571186030318,-2.368831979725485,-58.13294548288348,-13.529786277610171,-56.925928861236386
116.62208592403137,1.9428454297863045,-72.29468876731512,54.659434343079,-63.08418169352863
58.23152449140474,2.9948656393034545,41.1362137742137,33.27317642002348,-146.40982659690454
129.27920605614588,-5.414130025150911,85.96131712976569,-21.72997783264188,45.454111993726855
24.95868937605124,5.034655618103858,-78.60823003399003,29.381853493105407,-71.97979523550248
130.50727641737288,0.40649727710566896,21.923820761364254,-100.57028450964148,24.188344619107852
130.50727641737288,0.40649727710566896,21.923820761364254,-100.57028450964148,24.188344619107852
71.99647182909034,-1.5675946824555973,-59.19931193535156,-140.29233511506843,16.23858660711891
37.1566599252252,-1.5827169497195062,-82.21872110668711,-58.90881545999568,-43.13370019134715
104.16162515085269,-2.628861740041785,-88.48257982884589,8.430170710727054,-28.940194662266162
-26.694159612427036,4.086852653915846,4.819958281399721,19.511783275332352,-60.26322649061368
78.42373074255252,0.8359475305237813,23.108537915436656,77.57694296993668,14.238542105265225
47.21729471136118,1.7883877902497356,-117.47868847152648,-37.38626419322121,-60.42973118770807
9.573008768426348,-0.26773713490693574,91.72249146848655,-20.215178700880784,-17.328174728578674
127.2244062934462,-0.0009774969931095612,-36.90262077842912,12.186242723180737,21.231470321475506
67.03510566371963,-2.7148776144338256,-107.97025953016293,84.59438395027244,-42.74621221560373
103.90918086794096,-5.581813343641773,-92.1586458089441,-147.07865193010952,-4.5408094086094195
59.46704411056567,0.2879854329378144,-36.173992283978684,113.08284999827897,-2.8538264082118445
44.16037749873719,1.6077303245773034,-82.88883029865369,12.709092775578881,-21.709418198286023
101.45098322172049,0.5725286721798084,-3.0069596364517395,-36.195902983229544,-23.328074690377235
24.38219394024869,-0.7876108659697985,48.51918797641751,-7.138559165204313,183.03793853260748
54.953887421609195,-9.483270267628223,41.09657540900001,27.27193956684853,-42.46676720483279
38.01876896165086,-3.2718479496717308,-119.82469107822648,62.222938462136575,-21.6606664264433
18.386700570396894,-5.250855093229818,-92.84481644073163,-14.320137779253123,-60.665264969209936
75.18988005791547,2.3498196855251847,120.05415950727058,-139.78748791293157,57.81702227190351
66.79867271858254,0.03593254080451613,8.774922271457413,-11.937579086350482,-27.573790980240787
32.86647143510815,0.8571054388723847,79.46662946239988,28.89304335065239,-43.48692567555885
62.22808490140519,0.6224268418892642,41.033297029713886,62.260576947829954,68.57317645785092
13.909576257920257,-0.040476743704369156,-73.27972379103417,-79.79833249913446,41.80334974373517
115.64383725324637,-3.619429135541607,20.4705801053048,-37.8800156291185,-45.61656467100119
67.28962715449143,-0.4484518381925273,94.52281697987522,81.39415174608396,-28.071033532652603
118.55167669674226,-4.396616843247595,-26.60441896864247,67.12755778007656,176.73437894995106
-1.943376842812782,-0.9004351687939662,-73.27400496929513,102.31692793283139,-170.60605246169493
99.60729803202992,0.9078050377763376,68.3057355373173,-108.40176045661025,26.695186007129813
105.1115169403985,0.8235351730520294,69.82234741442466,86.21474805964087,39.394353606285875
161.50052091430794,0.7769786330588088,1.2048201695253908,-2.4747538922772634,67.73486310878324
161.50052091430794,0.7769786330588088,1.2048201695253908,-2.4747538922772634,67.73486310878324
105.40179741809757,5.427276938372235,-124.12836724667662,68.67482089913966,43.664946166007574
77.9201664667985,-4.803377098743189,106.29687828284219,-146.4606679357529,-9.253309661258285
75.95961910940964,4.6673263787898644,0.8447811548982358,-63.77843588811017,83.18983018543088
75.95961910940964,4.6673263787898644,0.8447811548982358,-63.77843588811017,83.18983018543088
97.0221536986931,-2.5332742070971306,65.19790545944394,-39.44840918357151,-11.957601370081633
37.879070986821034,1.6143269428478058,-9.617050359136343,16.506574142672342,62.8419708167003
92.16406161020075,-0.46097974850498824,-39.8385934890505,-75.7170735966795,52.061408864038945
41.83430419983999,-4.412297552781686,5.093286894959419,-116.33478370959367,-49.05314561352657
77.02345643908698,0.1904718244610657,-53.498555693558714,91.37828252458766,32.388211416635706
78.08029668138852,-4.502534660074566,36.33148302995571,105.76507939536936,42.70587359927258
36.44284616400139,4.426008784528927,-30.735832635156093,-81.6447904861394,-45.79159306727739
87.12515520664634,-5.412127161234638,25.023129845163467,51.66542211133432,-69.08540461637594
64.74910441751948,0.569339399055643,74.81222372501483,33.97706508626774,-54.73621936431137
103.77244862384406,0.5061016591452665,9.24765135783801,119.33321653788738,80.45138014823372
2.9062992198424027,-0.2219157307265318,-9.083350993764192,-127.44548506919796,26.47763846839917
41.043695395461455,2.5740480594158397,44.27883870364235,-40.672613223528714,-117.69366025434663
78.93584809789371,-0.9134902898995878,-10.838308882245233,8.760415672331668,126.11920702818115
78.93584809789371,-0.9134902898995878,-10.838308882245233,8.760415672331668,126.11920702818115
53.36189793159251,0.33844101653072145,29.40771882154337,19.36708986832258,-165.71913431638458
149.31709384816355,-3.3973943590785662,66.48465729107578,-4.522426034496899,74.55681684507067
