Tº B stator_t_5,Tº D stator_t_5,Tº F stator_t_5,Tº C stator_t_5
76.6777561942326,-4.165343764824522,-1.5595751463075933,-2.722030412828679
84.19652732579175,0.8136358543422144,-2.1925701030075118,-3.794402912444384
70.19087633211284,4.315253151845109,-4.821887563758587,-5.208668119444236
62.2248709698319,4.729630271037163,4.3363760491828724,-2.486802657380354
72.74081020090065,9.288195587918436,0.5583735715935703,1.4480945121396225
71.81141427426023,10.729850244826372,-2.3449238273739756,-0.3989095794097661
71.91625448615106,14.070665111366125,-8.158964543155394,-0.6034538960166566
75.36289952126496,8.927531979399006,-2.401143530396955,-0.5788802402813529
74.67850303088241,6.775974130720296,-0.8221795702792654,-3.5424180767792914
66.59125375561528,7.132886115732473,-0.8642117690560891,-9.805675480402805
66.59125375561528,7.132886115732473,-0.8642117690560891,-9.805675480402805
66.87768889105894,1.527382935228358,-6.769002265981999,-1.8984335028998167
65.57063411112505,8.959407346608051,11.474247071682168,3.7992993190248914
53.99256930236048,-1.0110772968111714,6.0835649102820755,-4.635105510507753
73.29858739555937,-2.0530194779301665,-1.3446501953227408,-2.7227396543801357
74.3096116737983,-7.893867699778831,-1.5363315998407827,-0.5666436884309847
75.73374615803608,-5.200876306335532,1.4238714998389572,-4.401642985625051
67.74927251053067,18.912233643718153,-0.16723437206902636,0.5714734719587639
68.54762778589064,10.233112188824155,-3.8523245875925682,-5.332151713687038
70.3687429784901,15.357571066655911,-3.4840314509689216,-3.279929016038837
64.84895744466638,16.19307025109957,-5.938790850568844,-5.579212391114571
78.25606418355837,7.329196080342186,0.22821621854424556,-2.5725096063006427
70.17667763534637,18.293637940304613,-1.3158733686143096,-0.3957663325862595
68.67867032347621,5.565786846865006,-1.4773166695910815,-2.8226827577456124
67.21805190426811,16.91156392032871,-1.8754562144617544,-1.2421506350464995
66.99932470598415,17.64462455419194,-1.8743773452429608,-0.9618206238376825
66.20643437332632,-1.6374046012508128,-1.2456394456790738,-10.494282122562456
70.48556694491313,-0.07346207169106811,-2.826151238443436,-8.670859773867752
66.18730092803196,14.116753023474347,-0.11518389997138678,-5.877923205140618
64.43109628167298,-2.2683454459743113,5.68670736429066,0.9918528495213068
69.47299008548178,11.991967609526526,-2.4782034398538664,-6.456822938507601
66.41380704250487,14.928448862751923,-12.36564382924941,-7.531290429407011
52.28280798045262,-6.446319629845931,7.8440685785454045,-8.152540483364016
52.28280798045262,-6.446319629845931,7.8440685785454045,-8.152540483364016
85.8574029524514,1.9302073289845456,2.3235471018165734,1.1343545725088051
75.7516600582751,-0.991866400315522,3.629453987015626,0.7946016355050856
57.695349467281716,10.61556832567859,-5.777580058396054,-3.361140066124422
83.55714744519625,14.591356074231319,1.8938822778413864,-0.5059035306174566
74.67765802540868,18.197865300124054,-5.289508507640724,-8.68456378407869
58.10966577894562,-4.013029026081663,-0.44418157076326725,-4.096628726912854
75.67840446947304,18.177131122746875,-3.640910300400364,4.929231961778944
69.25049923486743,1.4970081818385221,-3.7060701783047385,-6.384000684799019
71.26314580903274,5.822610521014408,6.845759231883352,0.31813582175992616
71.26314580903274,5.822610521014408,6.845759231883352,0.31813582175992616
67.07192107222289,5.181031748715207,-1.3784268120539651,-2.511487397680832
67.07192107222289,5.181031748715207,-1.3784268120539651,-2.511487397680832
60.104237804217654,8.266782440807813,-3.815647397389094,-7.814760471431491
89.38731630712428,-4.257573873309002,2.480396460329247,3.4807561425720506
62.146741732005346,-3.9581274017121473,-6.244864460679575,-11.761202047178507
70.50297659145885,-0.30024996364475065,-6.686865178291693,-7.309068882984392
55.822238758134404,8.509517815800118,6.690851732996099,-2.7795186500912745
71.83724490648204,16.01467069793754,-4.4175430679352825,-2.263912570430593
65.91637591806133,-0.14259237052978607,2.4179832745552545,-11.470418933835811
66.3388542216928,8.916184274125506,0.5994022464332707,-6.686733391253958
83.37862161697386,22.96178762150544,9.413296428695272,10.426890958946654
65.99416406013964,1.6164871179061144,13.929442436882873,4.691792011435345
62.805058610947064,12.55061927157045,-11.751038626549665,-6.516179953376033
56.94605928360426,24.511691692786627,-6.2634900116349135,-6.586213632763739
57.1487578864684,34.5603485079404,-4.89368793437898,-7.724111956805142
54.99762758404164,13.74631226784998,-9.14239751344849,-8.967834750871127
65.07434291270384,1.2845339748688254,-1.1176773434118903,-5.3089296681102525
72.32775794725985,-1.8896003521827258,-0.5623244343358851,-6.67017218803673
63.810345916782325,17.65401296396331,-6.418795092727552,-4.357653545785475
66.57937912429746,-1.3003582758277012,-4.7972332402878255,-5.187970525781928
62.85031685185176,8.338768597240207,-1.9960573274748752,-3.362251745548373
72.35736271491955,7.267448890815168,2.4589013746037205,-1.8310109860573216
61.22092413405379,22.506919026328735,-1.02879457747522,-1.6609586903734783
81.9549673615065,-2.7016520986232635,-0.41989337813286554,-1.3932185983037986
70.94015108699317,5.559761611343122,2.767780974277666,3.044469278328493
64.94200686009944,5.351992995378139,-1.754394950169504,-1.0692770231443458
65.48873266683793,5.123557718354234,-4.5419688594099235,-4.9129487746946605
70.79394724255857,-1.0994676943790784,-5.39251075257255,-2.910422206412358
70.79394724255857,-1.0994676943790784,-5.39251075257255,-2.910422206412358
66.53381436332818,8.401106806011335,0.04560357453868896,1.032159478726193
69.41233293159544,13.265542861325258,-0.7698929057870834,-0.6083480756656281
60.35978497627866,8.707781312498012,2.853442995957719,-0.25638081380665234
74.40959926997999,6.317114263268276,-1.8191228853556662,-4.99970926096692
61.686102754810655,2.583731908000476,-2.5965503167801063,-4.521278292245848
62.25945414650867,9.157400185046365,5.875095947141992,2.8827022224948444
60.77892515402277,9.611369233905023,1.9298197164337174,-1.2505759028962817
64.63583929856483,6.044805875968045,2.0200898784478216,-5.784726611010731
71.59681191253127,15.893707744115735,-0.5861367460165372,2.0039077795261058
84.86397404207163,16.366579516186015,-4.686439282207413,6.351241611314373
85.32772365017378,3.450869072202215,-0.2948696917841147,1.1193664469171356
73.11455300697212,-3.6378727723724005,-0.3592588656930267,-5.877194033246477
68.89601720486199,9.36184959679106,2.0315494696605563,-0.9771872808235802
72.86906178177935,5.325294989722863,-6.387606706080874,-9.16521429441856
79.27988313879369,0.7230437328696668,-6.219955394425727,-9.654826855685227
53.23782409339268,11.611336485914238,-0.533908442450179,-9.12897452739016
55.386447623010504,13.134414506219365,0.39479395029810005,-11.134421869204266
56.03474375874383,8.342271862331405,4.677467296773255,-10.453866878940936
80.48349011235872,9.958650422905077,2.3533116689317786,6.084825338004969
66.84279221502283,18.93122474083753,3.2872915871374,3.2774820194758845
66.03133996331465,11.234243699983136,3.5958842430180327,0.9172913250036823
60.19704339703501,7.37570465997141,5.907232844715409,1.067238934679156
67.47726977884267,18.833496521882026,4.4160152299029525,2.298197311505802
67.19673039142492,18.400066126615464,4.7167822686901895,2.137159509494507
63.565069977907505,8.42843552857171,9.499941354962406,-5.945843189791143
61.217682139266,15.70603656936007,4.0495737859812015,3.3848454738338964
74.9055119987248,0.9615275531125835,-3.08714923461872,-2.2026426151523695
67.72449184017808,6.482965530605986,6.815022086125641,-2.3422066003604147
70.44286270211872,8.625087460560142,1.7160639403896614,-2.369869748164625
79.71613736246043,14.296287845572284,0.5579982355175355,3.9584779269952186
70.91542679221186,13.208423506835379,1.683259525324325,-4.710478756772497
70.91542679221186,13.208423506835379,1.683259525324325,-4.710478756772497
66.53489615962884,18.43330540943325,2.399867829005947,-4.272153548205311
70.6135525375336,0.3462731947349441,-0.3762091952396118,1.1756025003550494
60.109646878634486,7.139323736724467,1.5423862997422841,-4.10196262394751
68.0556146286376,6.0927891523956585,-2.2822633335408185,-5.654759095302115
69.94822000367306,15.140544545608396,2.3868262463898438,5.134931336388625
65.18454465615216,17.619516578976643,3.590051311491541,-0.4486572920233306
73.88705652079597,2.873484329154338,-0.818368469825235,-5.152490188746272
68.1388817733226,15.03545927692195,3.700032486210993,1.0451003315851877
79.07046265797642,4.194183613282449,-0.20572390457120937,0.05776752840174959
61.370454978962506,12.078159965773384,0.6764535064932544,-2.7228258480263694
79.48575953634014,3.9757300744633715,0.28149808853905034,-4.451061947484963
58.534627610915905,12.557798134199372,-1.2978982104194736,-5.523935651399085
79.28539578419047,20.99096338181285,-6.1134725299569315,0.897104598385674
63.75014030718266,2.374008108777627,2.543145506972089,-6.384302296870498
74.82635930134383,2.9368522352098907,4.3895325202390865,-1.5018611616192525
72.94104112662137,1.555141348309148,3.646021961828163,-1.5126421564647834
59.68752440726228,13.40345704783686,-6.918051124580078,-10.329594952239864
55.08263400926947,14.717372654677867,-7.775577783122757,-12.063036241230805
82.3915379488029,-6.879049654210535,7.949703844624776,4.270091831560779
68.19380068061581,10.786270171526343,6.597852379950517,2.7412740436634278
74.81302652392677,6.727640939377396,1.454290721960545,5.213472706498775
75.58371546878139,14.18058223233959,0.4160516474618623,3.780210917973795
65.70183774610675,2.8375142812411474,2.8594738804634705,-6.328537585726543
70.57266481995981,14.321467869596821,-2.691407713976256,-1.5363951223826815
66.81796247230943,5.076361838305507,-3.194793476605966,-7.617380994015544
62.84602605725692,-3.122465281036539,-5.15986959494455,-4.087669233582357
67.68981655080174,2.4887222464888374,-2.9862825513957323,-6.7343148277042975
69.22277356999385,18.383095081233193,2.591138749459149,1.3425125893064607
67.38778204422037,-1.154932552912344,0.41492401239078536,-5.860541722307119
64.88614245593351,6.768564146106209,-2.6413417093480174,-1.1192430739522496
76.57812916626801,16.1168215228767,-4.561728587689872,-5.528686314963487
60.108452772108855,0.050138133618378156,-4.23618749293734,-7.541746601138474
56.5820041551652,3.8025287066962585,0.7081851576881766,-6.674217510697641
56.5820041551652,3.8025287066962585,0.7081851576881766,-6.674217510697641
70.91769609836408,1.1831806141082564,4.968096232589742,-3.5721939011493355
64.09033472203038,12.012392440677903,6.9854093876158,-8.84596459780777
60.39369923907916,17.010744430669753,3.853793301968296,-8.228270421573345
56.64986182791291,21.603510663529644,3.5634900174172985,-6.237586934816544
68.85400981831,13.937271072248087,-5.779966572861123,-4.715875090156111
72.94442227366433,1.9694562602942014,1.4098619982144747,-1.3041895310702525
70.81435161890292,5.097021338228168,5.009757573767326,1.9183377114101086
71.62203650870177,1.3705860377831798,-0.6578430535178135,-4.907406579642426
66.48841067307652,9.847015708684815,-5.476341041274583,-5.637477349265643
64.03437399365309,6.425044588533227,7.020973452586712,3.5245811936594884
72.34881630896213,13.809369246497846,2.819334742011071,2.5650176139457312
62.57965381095653,5.468216705179408,3.5552335539711013,-4.550964284021834
66.89218119785836,3.9489992121382667,-2.13525282041948,-6.518083207078869
63.68223584452147,10.892515803375055,4.562148916693403,-2.405803187233537
70.93121041947153,-5.865475282219416,5.2410490650965365,1.443175872710408
69.45908363631553,6.502219723869973,1.75597202690855,-2.2227030049439898
75.71184744543024,4.144975802443662,-3.4435472298200005,-2.0661264344819794
65.47974021378026,3.4205271368464896,-2.171355433123811,0.582250516652568
52.63187679624681,2.653324584190961,-1.0330276864538548,-7.140819520582476
52.63187679624681,2.653324584190961,-1.0330276864538548,-7.140819520582476
84.14979481350866,10.659055565524167,1.9572792452545094,11.728108230323937
87.82740083790092,10.989558920385178,4.614118955639877,-0.8808599268064761
73.05854909757022,9.466931802445831,5.045796884291223,6.678909516459742
72.52023350469024,4.684204782406269,3.8128552471174553,-5.899186371333807
70.43422017094792,14.695700255334268,5.458568951043054,-2.546465526859057
73.56709864644785,6.986943079760326,-0.39991720909798323,-6.94175710723721
55.83472200773488,3.4956009544239635,4.771942834516198,-4.805175197355772
55.92207209349809,-4.606567246546607,6.280353680593043,-5.552527040051734
69.92396898030762,1.3042163832902691,0.5527868040299073,-11.353089658728596
60.59508498268136,-3.912543386178953,2.7595584382636273,-10.70339426208602
60.28523524054339,4.94041434262833,-6.711462645452526,-9.954308499329295
69.98467852299595,7.1607061506356375,-2.9778670847509647,-2.5118164737681052
69.02528141415323,10.823702620486136,1.1542102870584992,-3.4177348994065695
64.78154036976663,9.091840259341895,1.8651155528810315,-1.7123701369054174
73.68861694794583,10.31785335915246,-2.0670892182098477,-5.255579601246347
58.44899265473844,13.178007357958766,4.815488323791201,-4.278462704146069
72.15982707637446,13.368289192608993,-0.36336195054072196,-7.364726220743689
67.56471795368176,13.280621736492398,-0.1469669107787137,3.471405846582689
81.67565590807548,7.791842003459201,5.400932863631512,1.9390561740860073
71.1073923197367,2.0435410025281633,1.4473266489108778,1.169037429477101
69.07297624528225,8.27548432523548,1.276204257172468,-2.5040974417586623
67.13760721397713,14.131808825819544,-2.794238807044033,-3.6295489786081196
62.83877903489749,10.108719345954857,-1.9302490530476262,-5.478813990101225
78.09897605321554,7.263216489545872,3.280278641577505,-0.21304575841349926
61.592989462455385,4.004595431019298,7.253998899445298,0.40369600365736424
51.531994449314745,12.572561406893623,3.634196445799056,-8.085499197810396
66.1725895998784,-2.8749893132333773,-5.648102594005174,-6.637186616635735
64.62939109427364,16.24436866897612,-3.730271480147631,-3.9965939836806292
72.61508816697597,4.2275846404847615,4.6539434288057375,-0.10784457825245553
69.51502026178034,13.10477655178356,-1.4767936933908326,2.659910555195853
58.73399914884534,22.24687700859298,2.782573077346214,-0.40283361929877604
72.49304369942867,12.797033570303316,0.7581145397328872,-4.309563697283428
64.36091225775561,5.356448513802395,1.7470480075776207,-0.9077474294580972
68.5120245226216,5.030924856242305,3.110496038900141,-3.2519716009657254
68.5120245226216,5.030924856242305,3.110496038900141,-3.2519716009657254
62.41409178877535,11.374070181983402,6.4167513837962815,-2.7678707851747166
62.41409178877535,11.374070181983402,6.4167513837962815,-2.7678707851747166
67.82435902450453,4.454989651974629,2.534388463301922,-3.2406138197348353
70.5940266666227,11.152353811646886,0.20484347230983024,-1.7496611322029332
66.46288242877706,9.024090108505268,-1.6656709190929304,-0.11736683019456828
79.01129352372779,10.476051209503739,-1.7407055674669198,-2.6907268767440167
67.74120512035717,15.111506935093338,5.587286292180394,0.5111546980135899
59.75844320197221,11.5533163596606,8.518936850813954,3.31434836494061
74.87706646742905,-3.7922908525123784,-3.9142429288455176,-8.113758217602971
56.26181007098077,10.538206206401693,3.06972487634477,-6.094696006845616
65.28068298496459,12.423013737130297,10.461701903672422,-0.41160795449039966
62.932221242831574,7.025463902473509,6.2850947114743825,-1.3651356701031503
67.14837523324086,13.41302452022243,-4.616772441887728,-4.593898050076273
70.05080710666914,1.9883575643323566,-1.5710061353585796,-4.133850464942229
70.52603488553883,21.162689847360202,-1.2908746620290268,-1.4287098162491363
70.52603488553883,21.162689847360202,-1.2908746620290268,-1.4287098162491363
69.22935421672061,-3.6906370304318554,3.237347291380331,-2.6404141413225672
65.70691813984922,15.119625077409143,1.7089423439317477,-1.4207395186043668
61.65437409438938,14.765303640977598,-1.2002906343406028,0.10263522350163612
64.67312594751348,-7.817727151073621,4.0346359704748656,-7.120238485492799
76.31195716118955,14.054605775471105,-3.4325914291820214,-2.5863306608734473
61.29147848489544,-0.7609768131591597,7.624530372422779,-3.860658311901414
65.15108755909945,9.262845006366128,5.621047482552708,1.5609705744426154
67.32189755054927,13.316773240087608,-3.9016957661142064,-4.557966217248321
68.11785743604194,2.297554696798946,1.2775642570233297,-3.30895830572332
67.58921075494122,3.040295466136134,-1.0323528556488686,-2.598457183030118
58.107292507279986,-0.774602378313507,1.1728092231672849,-9.541287792775952
61.632292637832975,9.413192370003618,-2.3641691026210707,-5.812445700679405
61.632292637832975,9.413192370003618,-2.3641691026210707,-5.812445700679405
61.249901999211,7.4150373702672825,-3.678549219659731,-8.97752335700526
62.83501762225419,8.249394312399229,-6.869603837165519,-8.08827547661838
64.70164948717364,3.5542127116340794,3.7151329600806586,-4.285956289243308
66.9283148958369,4.264522991487715,3.3390226801759852,-5.264263830925736
78.17224538598758,9.424446270214204,-0.5347582544333171,-0.33912238255634586
85.64900789511775,15.073250424657147,-5.1399378479204,-0.6343268358801735
84.99042732455669,12.602743318834547,-3.8920467915296517,1.2679457543614843
60.73639994644951,2.828997376553659,4.020815914804847,-5.086672871200957
63.66764446889387,15.608914594230093,-3.7221865355481567,-5.419393522854753
59.88831868715583,1.6392105378572799,-0.19336265819036935,-8.272568793027581
72.74150786717978,9.928086295677412,-3.904361419083346,-8.897622585009032
77.05152096515506,-0.42153812049462935,-4.1621093834068645,-7.366111810874169
67.44414911913422,18.665962197117693,6.254069707503439,-0.007162301821235673
75.18760274722842,1.4809873995671585,-1.8455744693020906,0.5112527965519287
67.42117654008386,7.365222164523619,-1.0550898482706583,-11.422487384708813
60.595623071866726,12.160239809050513,-4.465675594017613,-12.740939055272193
68.2924743116378,18.38350506363239,-6.644335441490205,-5.233817852500516
69.63608792605723,15.714995804406126,-5.653616789195961,-5.781695361903441
69.63608792605723,15.714995804406126,-5.653616789195961,-5.781695361903441
61.353234236125466,12.307239267108525,1.102253959013209,0.11615820252160258
75.80445708940586,-6.339969241508532,-8.027838005452894,-6.92827153953723
73.62917188705613,4.875127715136552,-8.782563343524952,-7.126205096611118
56.56313125885373,12.368661643581818,-6.121431194697665,-8.211500546817817
60.545399626385866,12.501832295902968,0.23817778731279549,-2.907440138643219
64.99896890237768,-5.446858265631427,9.043029728133297,-3.802213914279643
61.914398188090715,-0.4203884863056411,9.62816270108993,-2.8400661808770513
61.914398188090715,-0.4203884863056411,9.62816270108993,-2.8400661808770513
75.60065015537843,10.899580972165095,-1.188695655269763,0.9215201421670717
82.18996410561977,10.198552161697178,-0.06771499978816775,2.386673439630613
58.8703272477241,13.599379211397533,9.959170894404924,4.150294495784676
65.88176416533322,19.96712453221883,6.329608511306323,-2.4521539670301955
63.88213503068902,13.72351411158541,5.476916548251277,1.2221849341488973
66.47223956556165,9.509902006607357,4.267479703793757,3.601796579991593
66.56390473203636,16.819495544672712,-3.7119463209429573,-8.118666355761825
77.98096341701782,2.5847367273411654,0.1803536223420572,-2.894474644137853
72.4814538584763,9.377640691090605,2.6848618521531002,4.650155094932514
76.39633136927723,7.7710519986366835,7.7938656485463085,1.9133771683348884
65.51105737945451,9.496211356491647,-4.641922509413995,-10.146346179100613
62.95740096036954,7.8260842691231804,-4.907825917220339,-7.661101666841901
59.770147034804715,5.1132054107603935,-4.878405619010588,-8.651561863828737
78.2310850086044,-3.2267533398107173,2.944252236834945,-0.0697639659187097
58.44875025216906,7.972166673741634,-7.300163624744415,-10.325449291532
66.00006662193942,0.2628890262025516,-4.914689943744609,-8.04106913588094
65.98026029511405,0.18517924836955374,-4.134408944815891,-15.50110260850196
63.0607805416985,4.785959024392613,-14.206721015092652,-14.322914487469532
72.28599362678442,7.066624751098251,5.954762811583423,0.602991203819168
68.85388806508428,1.0765351629972257,4.343388179079085,-2.778698025853559
73.4714340785688,3.525126439789224,-0.9448014713551318,-0.16115853235259436
72.86911043312799,10.812511487766312,-1.7463994974266461,-2.53070289830125
66.05876530319699,1.8191186810384141,2.17579278916928,-5.612604448568895
63.59713135778768,10.946168492863391,2.5672024954410073,-3.068622045001346
65.52564933735307,8.50114089221566,3.9454699927499366,-6.461424942125463
76.58464889387818,8.983427167074968,-5.912085539351411,1.4013100308683022
67.68627499007718,15.366227839957954,0.14343007281092657,-2.330209948024416
66.89990638252965,15.46244282542178,4.321470888544142,-1.697140645289439
77.00551588886292,8.765752679401626,1.5435405087864318,2.0451009691641397
66.40038201399071,13.4157442515687,4.085684218302663,1.8192269833719619
64.2525565108439,7.138910301312592,-1.2895404875812284,-7.3350135733177195
80.37861175470906,10.729284576517783,-4.690336750014664,-5.152067841101565
61.636069023238576,5.70961263426008,5.275968016479915,-4.767894808170195
65.54477951841034,18.38912413939143,6.219861522651145,0.04484105805864225
75.54273657901116,6.497168442099474,2.9684880195278507,0.4044974639542085
67.19222460229363,11.279511442684306,0.550501559936555,-1.354495850390014
71.79253386244922,7.026541805812721,-3.4140678823477146,-6.540938321225208
76.55026455140096,2.433460440787848,-0.742968654012599,-5.08869352068666
60.22402305970891,12.21185305671391,-8.4179692211383,-13.010543026086415
66.21419968594635,7.627603063210896,1.1597411963565616,-4.701768045000116
64.93108937213678,2.309179813039476,-0.6069541798668203,-11.290546847890678
76.56447921904065,8.42886488531261,-4.633584952450687,-8.234489824718988
81.06331413409501,2.2246782177409945,0.07844765567139689,2.414788155844762
66.36328389215373,12.794987087212725,-3.233046374717296,-2.767036754747573
67.8243937958265,17.420969093424855,3.8431223817029605,0.3037647297002475
66.3478387646058,9.77456142002259,8.730807744695028,6.290614670949434
65.21348551269003,5.8309139170350255,7.752866888605092,2.48965667176478
78.11303240454593,8.583093079357257,9.069943166630962,3.8506240665362297
65.18176990823477,0.7126132452270308,3.7167576313599016,0.11284737870566364
75.07271319065293,19.890808775012527,-2.386018611290776,5.425509128011644
75.51544946737053,0.34677961251304446,5.88014620527688,4.79401912006943
74.54842916236224,9.153461343357716,-5.4436915685354474,-0.8034760284479723
75.50049260129755,17.547431721312137,-4.690948138148206,-4.138708007415667
76.46657693511571,2.5837410396383778,6.4537359900437,2.6598269852404437
78.749010782456,1.3044698030812503,4.5892841210710795,2.845085357096659
72.81864948356292,3.11892171009666,-3.5616562794265008,-3.7189298346805733
54.05700712850776,7.36674218323939,-0.9136988993530182,-4.472689988062789
78.08724008168022,0.7424615784357944,-10.395030378413647,-4.7205954751737655
61.81504146003245,-1.03428000707058,-0.6272896029908885,-7.710101213579893
72.23747593651395,9.7705517507128,4.608125769731069,3.340879608874896
83.08040428644192,9.651743258866812,-1.6874476371372058,3.2466149996372464
65.50857969194718,-7.155114969677021,2.369809299999673,-8.15932325648685
62.69041632814665,7.890456323149319,4.076630574638639,-3.038694823372996
72.02453746515356,13.997667149759724,-1.5896366581118146,-0.26232527299068176
70.93952554097228,10.673089064528904,-0.21000059240373314,1.730191271372813
67.18544423414224,7.282649212126336,2.2420657880286035,3.0758877557450695
64.96573119004915,8.368420802590288,-2.532969856396753,-6.229597746743455
69.3925407734722,-3.599965498952667,-3.5195015139017105,-10.024687595341286
74.57970725728576,15.801090799716137,-0.30912570111946547,3.7844549801626512
74.57970725728576,15.801090799716137,-0.30912570111946547,3.7844549801626512
61.934101669282015,0.7316248275822952,-1.5416049235988023,-10.11722359463949
65.7547647186442,2.365374588495704,1.6991015978747865,-4.266323186827485
70.91752600575781,11.0700035394992,3.1910050559986196,1.0102530929680866
72.60381838144066,9.35956674258139,-5.231485090703031,-1.1311471076769735
72.60381838144066,9.35956674258139,-5.231485090703031,-1.1311471076769735
72.60381838144066,9.35956674258139,-5.231485090703031,-1.1311471076769735
69.21989960740767,13.776594048034333,0.42469464105387233,-4.93061687232392
68.23280547224962,-2.61226020472483,0.6058713500924042,-3.677166154955549
58.25101426842049,6.948822373165731,-3.0068332275980003,-1.7613340173249772
62.21880816943739,7.2928593513743145,-0.7177295003138222,-2.1281792945792484
66.35970156285164,0.29747625428355107,-2.3504020172709286,-6.30549296840797
71.79439594226486,14.122956869844186,6.4328045091118,2.84260561996613
70.38741549120199,-1.1348983881472021,-5.956599875978769,-7.605192721864061
75.25997193038742,1.7335240467072306,2.9046226673960183,-1.852990374242621
84.81169648036501,0.6399612251074629,9.23143923248338,5.99986415696331
75.10810204710127,2.551838694587941,3.2601420815419075,-4.000352922921177
64.26295427778759,15.210235231511138,2.6474683276453854,1.9352174575463508
60.085143710076636,12.498087827927742,1.7763342669593922,-2.2726319795207743
66.05394457318641,-0.028139058766584846,-3.5717222507047612,-8.510235047461176
67.72659975319425,10.600494889049546,-7.209429751747275,-8.383197300322209
67.72659975319425,10.600494889049546,-7.209429751747275,-8.383197300322209
75.20722498268415,9.42207365188643,5.939638258250432,4.909131666022038
86.52994369832228,20.66026610078262,-0.08876490499738132,6.736975756631898
86.52994369832228,20.66026610078262,-0.08876490499738132,6.736975756631898
87.06054554859931,20.826211986134837,-0.3968276635138064,7.250796290823269
75.82065471141821,11.788662361838341,0.6244060588934914,-4.390920819734189
76.75444653115947,-2.602403329346562,0.3474581684964355,-2.5751933136626315
77.1646164537507,17.51893480916295,-5.159385946339471,-0.6400468860918063
81.87329719143501,-0.019804423529921955,-1.2561196392821241,-5.0030204933952644
56.06331161663994,9.04388241377697,1.6185901053547964,-1.8092305352511682
67.95157274853398,-0.15197873086082225,0.5682147977534093,3.3643991150059698
66.19738384714022,10.720727070973203,2.250233753024014,-4.546868745369929
67.86783752379935,7.500614445748454,-3.064858736644412,-4.066248012530865
71.11610384691103,10.380680388614001,4.748569590977077,1.3474609172518148
73.83087920959181,8.825310621540094,0.3030171991481092,0.0024097005458916243
65.88820490799999,8.918362504017038,3.5316405263859285,1.3561056420398425
65.1580134209392,2.973619195728724,4.4389911018787505,-2.4937791953697266
79.63042135870465,5.1380629639849325,-2.8385390287708474,-1.2540411600682964
79.63042135870465,5.1380629639849325,-2.8385390287708474,-1.2540411600682964
74.6999411419461,2.523360105676643,7.1200859885181185,4.456750432239444
70.84002798483101,14.736937443154414,-1.082417190444442,-2.69236817244181
70.84002798483101,14.736937443154414,-1.082417190444442,-2.69236817244181
61.18151999881123,22.431380142642883,9.83671615954888,10.19651587478618
64.40810023161228,18.15181250060514,12.756908050048843,9.383116032428102
69.0787227791697,7.052816857235072,3.325852280653132,4.150805325409511
78.66965572772735,4.4998396108157195,8.670947219300832,-1.4433573714063925
76.44942130673306,10.407060488992503,-3.751395290366914,-7.061181218107276
61.636293529263725,6.844839622602033,-1.5948318099076308,-6.895186658750325
66.41692293309028,10.158876895640823,-1.3960060477510448,-8.169125565218726
64.48456973486263,-3.957889032880093,2.3016612255367144,-5.441768829677898
77.54821230348922,13.860252048159673,-1.042612757089143,1.663196782632717
78.2907235699169,15.326108422207417,-0.4735884491529069,1.820531068959797
81.98337044818919,20.067620503238675,1.9003750407755362,5.627131695116714
84.97329498655722,2.5389904763082516,4.327416381257363,1.5561034208932067
66.7789792283718,7.301733209407452,-2.179878598361265,0.26085600328366976
68.80484937619214,10.01701851023516,-0.10061656549944953,-0.3114310112387899
68.80484937619214,10.01701851023516,-0.10061656549944953,-0.3114310112387899
67.70382840556002,7.68323733222877,-6.453420982412235,-7.006704269401936
66.11236480399258,5.815540227116188,-7.571747153492046,-7.099572613513186
58.161224962412135,1.9632516061724181,4.1060382005719696,-6.5707324049609985
72.89735855204316,18.065383077304844,0.29056281866369105,1.3912844671094082
73.6914982977459,7.259833441424344,-5.1081508181418425,-7.259776789336703
61.70500016746177,14.533249253434631,2.790194366402348,-2.057166900753019
76.62973735820184,3.381773542141993,-4.690833586987434,-7.7358122518336145
69.33359773036084,-0.1000442934468384,-2.398842525755785,-5.310853160384608
65.79317841438295,18.68610595296372,-5.027306279663236,-5.371987750573927
70.72303141174955,11.231682345881342,2.096622932965213,-0.21913861825736902
70.72303141174955,11.231682345881342,2.096622932965213,-0.21913861825736902
72.15987423899084,3.702044261752995,1.4679597466841625,-1.8289418142716438
69.84307800986376,-2.4233536900587955,-7.7852685797484895,-9.15737724084364
67.36808946786111,8.470151393435605,-2.8660841879806793,0.22083059790644022
69.42182542521704,3.7050176827595793,3.0738948125928847,-6.853967010967256
85.57521338161334,6.48258559679527,-2.8088288487100517,-1.7815343427595294
54.44140101659703,15.479331279954119,-2.3441985066941555,-7.10591180508806
60.86623178038153,4.2301009925108914,-1.2081312391659909,-7.3925050051454075
81.41744795009696,9.089718722828566,0.9892419179953666,-1.5023869042114368
76.65044872785018,13.93426159766455,-2.6612385607224507,0.9542456350113486
79.38820013283863,20.883421195746134,-1.6340173506655613,0.4551591538145971
85.03143530909011,7.505069921501857,0.6612455074540271,1.0193233209336532
73.4734954329652,9.663300878854804,-3.101325578178443,-4.286075835763938
79.01720406387106,0.687201986207963,-1.1132242526451361,-1.6706609489632795
72.48578797690483,7.067252036037617,-0.8047729325622028,-4.998752741228864
69.68362075607068,12.72515835331927,4.548648585221482,4.468990328635687
63.50565680556953,18.924089294930898,8.672801619498275,4.155522394938348
57.6768391991826,8.600015640785855,6.842395813401111,5.037844221858364
62.82658368119356,7.560377314523622,11.919075235150089,1.5451712941037785
58.43167930921456,9.830173137258711,4.078831899392748,-2.8559705392878145
67.10627108389625,10.134440978532997,1.9954674660015073,2.9009171142614383
69.58676785197666,8.535614077344205,-6.790817498776095,-3.688056104739208
69.58676785197666,8.535614077344205,-6.790817498776095,-3.688056104739208
64.75350239942244,26.668815426462984,-3.266778749214877,-0.49571668327980056
76.79379965912263,20.9562517792466,6.202639507089742,4.71536171232196
77.55749312277538,29.1792451382251,3.10435761096101,7.207583054021471
64.09443777357707,-2.9930299365002178,7.334972828726576,1.9971752708632495
64.26453687619038,10.161266861879033,3.867689853494846,-4.188089709187782
73.20595470961102,-4.06102795851478,-0.6322375699172893,-2.416446228410418
73.20595470961102,-4.06102795851478,-0.6322375699172893,-2.416446228410418
63.548177004518735,5.607286224462715,-2.1339771039442184,-3.7445965245840895
63.548177004518735,5.607286224462715,-2.1339771039442184,-3.7445965245840895
67.91627747849033,5.698179400869514,5.283112634775145,3.3369998525240057
65.76054280460843,9.641477064086091,-0.3810376902530832,-1.2894774492081043
69.97203362671029,13.743655945559022,-1.7793616317104044,-1.4948128272870504
71.14872923823562,5.9106290748633725,9.352760381017816,4.5331491119240415
76.57116724317284,-3.1700064068957428,-8.450818134960805,-9.954288071785955
64.99230762270793,15.91616687599474,1.000728888738819,1.2596757287161848
64.86138831064599,0.6148288300029172,-0.009215017379677004,-6.656711738159667
72.66972256589442,14.228019383152805,-2.665657510355521,3.055032792260703
64.5132334382501,14.210118843673294,2.5720015886269056,0.15823745674469114
82.26448912163913,8.6817170355528,2.7323928838622367,5.041312588985625
55.295175387186866,14.042018340837894,-5.448026818514362,-8.265511040237548
64.7388903103039,5.209086631304553,-9.555839950291181,-10.19961518810682
74.53268644867609,6.249809842500481,-4.999149357425299,-4.106239983434861
74.53268644867609,6.249809842500481,-4.999149357425299,-4.106239983434861
71.29715294341135,9.889360150027759,-5.6608127766726986,-3.1971458036407188
75.6380539610184,2.352134345419337,2.104292382842968,-1.66922612472536
74.10617345867102,11.074474998767439,-2.5017332060741,-1.9334642312396824
72.72890426140015,11.695875699224342,-7.415185795564305,-3.6744509546101676
68.11061849264577,1.8960778767289845,11.658736160410985,-0.2420221056286591
71.82210991017914,9.829815205355203,6.461521834301105,3.8659328474075343
65.62116077831524,3.3152809823381357,-5.834242645120236,-4.325466249369594
63.81197638670465,3.1231748363545657,-4.9095340281631845,-7.8361264770185155
76.79068764628768,-1.8200192668711348,-2.1403327030609107,-0.8505315684992034
54.28404854513653,18.654831839473726,-3.5846839290137282,-7.393657350608933
63.53581410672517,3.9994404656475417,-1.5390942743442348,-7.279621226342563
58.8351946341502,3.0435815555985264,-2.6172627402300477,-4.379640900612809
60.66767014016276,5.16172734373041,-1.0071056088607955,-8.05111698284313
71.18280055617996,1.7813755173949781,0.12008160159226833,-3.207529052480106
59.59160581980579,1.804184968285199,1.1267192709675813,-4.15237115230377
72.20878209103287,8.973129505204232,-1.3774530155856857,-0.7739354789632067
72.20878209103287,8.973129505204232,-1.3774530155856857,-0.7739354789632067
73.13731946272084,6.16511179419667,6.017865079952671,0.12149127165257778
67.3783369712171,6.2427725439593775,-0.11420436759827357,-4.268157645406641
68.49600809045928,3.411821887484124,-0.6862509047032943,-5.5545986932389795
72.45785971143857,10.151467626269737,1.369094971033157,0.30920406678102896
68.56498964961482,10.000974963465923,-3.364874538880456,-4.9393632860994
68.56498964961482,10.000974963465923,-3.364874538880456,-4.9393632860994
61.542700522875464,1.9772315058340868,4.674947163916773,-3.5820638933604387
84.83174948238621,3.625205543175104,-1.2828566984794652,1.5559488602710738
53.52841508315433,9.447315494268533,0.2504798689306398,-7.315341405850352
59.48430219866156,8.717214857057236,0.7473021476452391,-2.801478001684141
76.08442350718084,14.957157136036903,-3.413154971227999,-3.125764348881356
74.40059313627971,16.25267619397596,-5.169312762477606,-0.6053950776451451
70.75326098918269,-0.8549281466603758,4.524558551174416,-2.822732303919501
66.81365909116487,5.886268843403641,-0.7700582393147672,-4.072298580094749
63.1493424318191,11.220969410985619,5.0364772404345235,-0.9757964931471226
67.63844616867864,4.110195708398297,3.646006399552218,2.909702932856681
64.51492382465554,0.7836376686496624,0.6738201500767307,-9.93059879388981
69.6946596386268,-11.826089940515379,2.7411914205607255,-4.0551819804688565
73.04932423178902,0.8638769149968972,-3.3745751317622763,-7.799622877483442
79.48531925752093,1.894549588649241,-7.723919236993588,-7.222655831020566
75.47761231674758,14.087248396139861,-4.922387259616896,-8.165556635867711
69.33408747939842,-3.9476244542555765,-1.6561165150001642,-7.516558214743782
65.0360709137887,5.226532887913081,-1.9312800299309116,-10.003705086175987
71.51727184040239,13.8672842659589,7.5419928462874335,3.2794826320289494
52.25281077898971,15.48210542925435,-4.414051679504528,-9.280875325385992
70.25626320534948,13.661604143875628,-9.616294162914034,-0.6267725485929212
71.15329211906884,4.432685283087634,0.35744484388748354,-3.5103144753834097
74.77819022983249,11.60063799140679,-0.26265357912050846,-2.8619265819962934
77.08286013476585,8.842358937526948,-4.757203745373571,-5.202050109542717
63.68778836025687,11.418956929283866,0.051687944369591676,-6.407884029260968
85.69601694307902,13.328600241610921,0.4624822151528769,-0.8898923017033185
81.17502517267357,-2.9409342492920634,1.2659652967921753,2.661200205343438
79.60375811020765,7.484977470496952,2.4796355075427985,0.21633446112485322
73.41571049878432,8.675819772587632,3.4636364958743706,3.6460195231420838
68.4004952690078,19.076010732630465,1.8483727510822923,1.69252722217428
62.35778209551676,0.20986978128891742,-4.417325515499949,-11.731528821427819
68.08232481769316,-0.5353752646325889,8.014698329849454,5.513536487843791
71.5766108801747,5.519023760623412,10.963978031921705,3.3986991545527676
58.91723292616941,19.924005912024164,12.968387459821965,4.492719634259837
71.19699700789153,3.393758061012793,-2.09296822375396,-10.948194771883214
66.8622478111385,8.227328225295588,3.0826784523516793,-8.896669953316835
78.37810874605913,12.718832131549272,0.4063364911612479,1.220410393430687
70.15238471891077,5.354556380462176,-5.5154066854761785,-4.395943948940937
72.80719070994961,9.062494273991714,0.06692903512682527,2.7528128882138665
75.51808963171904,-2.3509679986357366,-0.8845399567875619,-2.3005984310434355
62.90644623580369,9.481504052025368,2.093746840455362,-6.6889041307780985
83.23467890713115,12.25571680527381,-4.84524411603697,2.738141829865149
70.28597424387557,10.384679121354669,12.702393515693227,4.168573077380984
73.92447644016104,5.61342291926314,-7.867661955520524,-1.1699162913372962
63.377872877113354,10.193064843551207,8.911350325334272,-0.9040689814408056
75.9735513653047,6.577528139012289,-6.65040744477534,-2.8251845390897317
76.27805934210407,12.893695469947856,-7.668308382054549,-2.6109534568529353
65.04931700384145,6.879078417229428,-4.9897356690107095,-8.536556026054496
72.59570179519676,7.72858645256062,4.567988255290998,1.3375498605806095
65.1082887218913,7.2402720700954575,-6.083237951279361,-6.489387678433636
56.96699507144969,16.324109459257148,5.717770276983634,0.2939610195224134
90.09162057925634,3.502434360059744,-3.4948005669453184,0.4699055529042777
76.79318987295119,9.915127582283592,-1.6959537591253682,-2.2761763467769485
54.90642472474197,0.9807721738426798,3.9646159437838673,-6.542527433889245
62.741029251596906,11.484179834731236,-8.651206117195366,-12.238206370931652
59.98611281714047,7.331734727132689,-13.960893737484156,-12.850211426077525
71.70112915219289,9.81743017355975,-10.796165206485774,-8.753501005538025
72.11669863327094,4.389510578648431,1.4187002076693043,2.056518068734823
69.44769960604133,15.53932144237414,-3.6863254023894525,-3.4056699245622886
70.72153498002012,10.01271756467849,4.519771013894324,0.3783473507343067
69.65793784605988,12.079160720044865,3.288446153032382,3.4949943041540017
63.31227135562512,17.075184237648305,7.109857636352947,2.3341965953214405
69.55105936875874,6.345374890427101,10.28359599550725,-2.861356680463322
69.08956782494003,13.124887604774237,-0.776107351866103,4.109615610710093
60.19707488910642,6.581240263326459,4.387633744739453,-5.364140290947241
65.80462799298463,13.502066927461428,3.0608269824973595,-4.021013774797813
65.57706849063034,15.774715083188106,-3.980892555907752,-2.1769343973825315
77.58065371373937,4.340356970059215,2.0806669746672353,0.5862432945834106
59.38177334696457,23.248130895350766,3.7110085508716177,1.8288469072007034
65.29656122867256,16.25844140397217,-0.42166967974391767,-0.509358315757829
53.560362516034964,11.946633372127991,1.479762722496047,-1.707309583467608
64.58491078085163,10.307930990799893,3.973083414996855,-3.55210295737015
78.45487501834636,-4.581921897776885,-3.835270953329259,-1.9612003420460327
69.26984236139545,14.064776925892133,-8.98635305413729,-11.338754130291216
69.26984236139545,14.064776925892133,-8.98635305413729,-11.338754130291216
78.5639501323549,13.029462930456065,-10.154933190557266,-7.207926814766081
67.11659962855822,6.037800339447092,6.683214951847123,-5.235084896922977
53.33428491944482,3.336748360870111,2.149658705960128,-3.7897915836860463
78.63881552075384,18.979029901810783,-2.6701818837486044,-1.980652460534582
65.9859796410771,19.03803245258678,4.176535689381119,-1.0253152087328572
87.82701158405848,-2.847183042584051,3.1106595142222524,3.9720597557028405
77.86049427930733,-5.7269717132572495,4.990467218804834,6.855115155963951
79.71297562936012,19.504455889261223,5.55608443227853,1.216795714985114
76.95744237236619,5.595872472855171,2.9481755830690846,6.941302536621327
75.30782143991948,11.425683926605544,5.259080381362573,1.8701604473097162
64.59284395333226,10.306512338423744,-3.775521476281715,-1.4085295196615721
65.61960585034151,16.97341480458337,-2.286809251059003,-4.988546845060483
85.45246956681082,-5.920243666626753,1.4424135820623185,4.698258773792836
74.61551683553225,26.68425371075761,2.8167215564317365,-0.8194348907283011
62.221256741764165,4.148113423625334,7.158619392632159,-4.3523752749584474
71.00655629290814,5.927262890974037,2.39350790812928,0.2671472294151931
74.48009157086186,16.2928455692098,1.7303813098895624,3.2451481998701928
79.61359656949234,11.99695177125312,6.040331616534675,4.068564255547227
66.09711149894748,5.332449815425505,-3.855675076882939,-9.845403291374389
65.20384300950589,-0.5207457603442354,-3.9790772080119114,-6.668037581889276
65.20384300950589,-0.5207457603442354,-3.9790772080119114,-6.668037581889276
67.99595455916204,13.546407107454458,2.980492612506222,7.24453280451243
71.79985040673905,7.836787100137814,7.626815574104004,2.6073223413305158
80.17416359982505,20.195692605435006,0.5233938854397571,5.80426119857432
82.62895369258838,26.657827030422162,0.12507169625281672,5.11432849492742
79.48753204852842,9.637336924535434,0.932123456363783,1.127436647645741
75.6371591348833,3.94878982237076,1.4305671845753216,-0.8936931887578496
83.59064241618765,18.494688156409573,-4.022751782914364,6.622300241662117
79.08924162344275,9.278184650457296,4.438038996232195,2.3117721026030313
79.08924162344275,9.278184650457296,4.438038996232195,2.3117721026030313
69.22160252132564,1.7161589370706745,3.6529373894845647,3.195616193284125
73.08725042659495,13.658846077562586,-4.175827062400087,-2.1042257796715647
69.81047680972799,11.7455480332946,2.4875530262524768,0.19069841021660094
62.4987219129588,12.748624727568968,-3.4773838407021467,-7.2968723918849605
73.85744737825398,10.194082067467232,-1.9400826562480784,-3.8911579069970683
69.8635100521587,-6.93070752987705,-0.3347748829357675,-3.7203149848310995
61.18899054252308,22.61555081201153,1.0695487990682448,-0.06818406146087863
77.94396837937606,9.861427485231957,1.0659320367490754,-1.1017895598491791
61.17982822459068,13.785991451370187,-1.376773032791251,-0.6150735124603104
72.4481892195892,-7.7366930071187365,-3.717440115311441,-4.568121314703296
68.67307327106819,24.153335235362125,-4.603252146535021,-6.701865111486583
73.71538227518245,16.510861612798163,-1.3149733624944995,1.6356070330622434
69.32120775277218,-1.595808440536561,-0.33224130829567333,-5.930973147162981
64.891410711942,14.646633774806986,0.18595118492302265,-3.442224568290238
62.655161144341974,10.481426831550957,-6.152461444852249,-4.204525668438692
65.66573877232057,1.839484495304602,2.9502203868239296,-0.3673369108686213
66.48200563833572,4.400830840942116,5.310272006478724,-5.950822133819512
60.42486943482585,10.792002953244353,-3.6926707923041544,-15.279587576430117
47.752826458884016,11.530986358187933,-6.473268607029656,-9.945698304665916
64.5176340640782,13.163706366492686,-3.414182471790666,-10.061846808951701
66.2550830207497,1.2687293162116857,-10.37730548547006,-11.233697136256394
86.08640392087804,9.694806649008557,0.9531339749685932,7.917780042506606
83.5260288241078,14.500763995321009,3.9176132339807275,7.608644773844522
83.37329159212057,12.412711916636527,4.9923856615823885,6.489089169729899
81.69601311974989,10.781844119647818,3.2692145670919475,6.818384464511647
57.17527344033656,6.550973019847381,0.33071777642096833,-10.90465783204096
82.6982882473586,15.374443170186504,-0.9388660447920794,0.961672720653391
82.6982882473586,15.374443170186504,-0.9388660447920794,0.961672720653391
65.62023026767908,7.930592348849584,5.0783018436964085,-7.4763945896976995
71.33515950705979,9.243822532186355,-2.1983798181426786,-7.610679240943356
77.36222854224195,9.443222427988566,5.422661306432925,2.8315366811206806
78.58427115848352,15.502946598503843,2.9157191309689585,5.823201541988251
81.18440232108347,10.49630973489672,7.66808199398844,9.695183728143379
71.55217610613462,19.090142808380676,-2.4834395671886664,3.3514417085581263
73.81601438844804,16.880683338174947,2.410099332086305,4.180585615614245
65.55279357569245,-0.6807610298834055,6.605072431234911,0.26903776060221185
66.43263899985782,8.676782475848654,1.0996781647929894,-7.591176824327675
68.3032631842743,12.07417505034515,1.2867732471064062,-5.437217036132148
68.3032631842743,12.07417505034515,1.2867732471064062,-5.437217036132148
70.55562936666011,3.7506266198629996,-2.2638302386300038,-3.138209713913768
70.55562936666011,3.7506266198629996,-2.2638302386300038,-3.138209713913768
65.18568907594958,11.719417471724565,0.3128872182992861,-1.8359914890627735
76.7957626882325,8.950748918205656,-7.10207801746858,-3.448778353172815
64.67529313793474,1.2548352315538478,4.547822210922845,2.1628184316609556
65.7989105105428,-0.597060984939382,1.4720097230210842,2.2999273379031244
75.0981342989454,-6.7004909219614825,1.6133375123885587,-4.490500219519902
74.50528810423644,0.04122823738343584,4.705562779398457,-2.0328578814324842
62.17661903888036,19.075736058439038,-9.375589806004708,-2.6543005964990343
63.3423651478369,17.426396946210367,-2.9820637415248763,0.18810654079775269
80.937888121552,0.5183451532759964,-6.408496120782575,-8.4348762048812
71.85136018430248,-4.0225825170023715,-5.389073658856993,-1.1842194636894305
69.46537859894721,21.133755650720442,-7.262196561479213,-8.88622032685707
76.69872868752783,18.75377618410684,0.5761758582006307,4.291666655739765
61.02530050581507,9.574536014817129,-4.461911857841133,-10.463311446748829
73.17050674725898,2.8520335238565107,2.1763607058844663,1.0878393374654598
67.46628078003373,2.5165224915594697,0.19661760759380442,-4.284258365711392
70.62308639258755,12.619528312121691,-5.6730104760862705,-0.44731216845935373
62.025312207140274,-1.0350798330853221,3.3842788089879994,-1.610265290027448
67.03165862629085,9.99271798103533,7.292115123794379,-6.105557129310565
77.079273079397,2.8578378526303916,-3.2892214034478346,-2.0175234941925964
68.61752697965083,12.796958231421286,3.7515180930884773,-2.965017579667705
68.10707205242377,5.543422937815844,3.0152570695076046,-3.000171413589925
68.10707205242377,5.543422937815844,3.0152570695076046,-3.000171413589925
74.07608733690401,3.8200958011181365,7.803452117071821,4.932520344995091
70.96115789085889,-0.019530320822861214,-6.711806405521321,-9.486318064556261
62.86329561767713,7.915970995149739,-7.064583448377465,-7.9585739732832295
77.75743870757205,2.6072779963040182,-0.9403251926614522,0.9644324730833764
65.22149354892031,2.498735094754635,1.2127479258705909,-4.66813583999472
74.95134297643993,10.597460892676125,-1.817183613145656,-6.172021258106791
68.12231829451855,2.136243747827299,3.451934187223884,4.814528329232172
61.09182879887546,19.747460532996968,9.497630780351862,0.6953444772840673
56.01904159345139,15.228542658154373,-0.11007194832579303,-5.897089131949367
64.97266358623227,17.77036312107478,4.710329484930065,3.023407681749699
72.75292889832821,14.556359561952403,5.30871974572943,1.3429939069670818
82.80562550934745,7.448170613727864,-4.622187262212437,-1.1114400399761228
66.82619662551978,-7.717461374520816,0.30204902915719156,-0.38775576042797244
65.87349356015112,-2.193411704570135,-1.1296645408013952,-3.152395932979283
77.5559045827669,11.438509524721333,0.6949374338586665,-1.3925987793486172
69.67959565335713,5.5391015670873305,7.990193183397307,6.645684947666695
73.82676088102222,-3.439878605436686,-2.060127164933968,-11.952514648210212
70.90635311134545,4.280422831745454,-7.912671641767458,-4.56480738592829
56.36597473430876,5.814960549607386,1.221718288933761,-3.5032313338470606
64.40335841735107,10.33231071845778,1.1782080903055059,-2.3185101486389286
64.40335841735107,10.33231071845778,1.1782080903055059,-2.3185101486389286
71.73445367835711,9.483410990830373,-9.377282084890108,-10.463988170933924
77.42752779509145,14.769487525507742,5.327694044925381,5.810261969681459
84.56620482328233,4.2571781804200794,1.093448680406298,6.287044925488028
83.40966895878458,7.080795830563152,-2.1119451978103383,1.5026347973054297
80.08286632779733,15.574216767797028,-0.9035402089110582,-0.018743167572843333
80.08286632779733,15.574216767797028,-0.9035402089110582,-0.018743167572843333
80.81032118921334,6.907882519268615,-0.40782508237888004,7.783319907788992
74.91117043751336,9.803944302146993,-12.281809838073997,-7.717406565171536
52.99750403880249,3.0678877543086296,8.68613397782662,-2.0963652177080547
76.19919512795055,14.472549533565912,-1.9621859778399608,2.159810864453992
58.066996426683154,2.5967420957733847,2.3682394804500713,-6.8823545955088115
77.96392786168755,13.210344814275363,-3.8429856236257347,0.6691417343112618
67.43929109527765,1.7935361252239455,-2.0350692515263997,-8.101162961386239
71.91807124375298,1.6640192607889552,-0.543060400541268,-10.044469785089621
71.68139324286052,10.558714291945856,2.1650918732239752,-0.9967657878927998
70.23611592424977,14.019611319341246,-1.9513894190518637,1.6288029631370382
59.93682314775171,22.773983000390427,2.4854638397345328,0.28458311272452885
65.15208041128487,8.799383451042642,-4.413816636628196,-4.991730635485776
78.42589908407165,3.50934954284411,-5.341944923619165,-10.514746331897788
55.95467576387972,10.339508532726478,-5.389879336195076,-13.505869214889083
60.50142916907403,5.830348069281374,-3.305911656807378,-5.561265348174698
60.50142916907403,5.830348069281374,-3.305911656807378,-5.561265348174698
80.02594052794298,8.180794624576137,4.229790107962597,5.289197295628409
64.15798147557322,12.378264197944368,-1.7160932846194705,-7.017561894041446
66.69262435222731,1.594574240021732,-3.356956176627869,-7.743368618486339
75.12949970503058,12.222194407884096,0.9729270242992112,0.8423702158498867
69.51709902634254,6.1589339984414195,0.3080689129944327,-8.173718985539345
66.31067371715618,10.425233159509183,-1.3236771966376637,-8.805315184561287
63.89703877007021,8.930882863620878,-5.253920754857294,-10.111887120776299
63.89703877007021,8.930882863620878,-5.253920754857294,-10.111887120776299
67.82073513124793,10.514068025776663,1.7945079364659717,-3.8685381881128285
70.94057514267989,-0.4099497815158424,-2.3083839602469047,-2.6130456210472595
61.72551110185389,14.243696341452466,0.7396104709841538,0.8808864868141026
77.42861193840965,-0.5510176506899915,-6.387993003565567,-9.234536056290358
80.9346967919415,8.96967376032043,3.510682059424386,2.932788258635914
82.80085143805111,7.911634942531175,-3.0273348793846107,-1.1709964287524768
72.86430471005379,10.125674646085606,2.804538574259887,-0.7761441853713544
66.77099816860922,11.856755255331747,4.859080571325097,0.18917195164423806
74.94303416147844,4.565566045262591,5.870288549076548,-2.2427529649507996
85.5372692715278,4.371700149580703,2.2282058612451063,3.699276199897559
85.5372692715278,4.371700149580703,2.2282058612451063,3.699276199897559
82.61403444800563,15.079611094503743,2.121070527968268,4.626271730135281
74.91101454754366,13.071515644031994,-5.316030636315826,1.391829012115755
66.92575418045033,0.5071142107617019,0.57337336682619,-6.540205713638846
64.51523339719678,20.64188418019289,0.08293490982236973,-2.309584568670834
75.3601378563699,-6.271498617341816,-2.880044742977331,-3.760754486590745
63.64875158292818,-8.49968245468453,-11.16942260382341,-13.743682468162856
70.90418174160237,-15.097631247068193,-7.273717071555943,-12.525949188762752
64.52457356387158,25.507215466898778,10.902230518035982,5.6186705346900245
81.69132851771916,-3.7342272449889204,3.3742676916847083,-3.7409244878278827
54.23101978698295,12.572930920643197,-1.2701554969731,-4.352651521153723
83.20308330584963,-6.590532522463186,8.545223561492769,6.9251075733414496
66.08744693609931,12.368211154552736,-2.5241270346613884,-3.8357504284869215
60.74171669182548,18.097354273368126,-2.2436879752874552,-5.771030101090114
64.40255875949009,6.093259721337848,7.299623923062699,-0.4631201362762125
68.37650245280894,15.298290205940567,3.200828878353621,-1.3107000605392667
60.25738935916108,18.366695902991626,-4.170913640677086,-2.154468418854452
58.75705092860698,11.395846089149197,10.64224521534873,0.1401631850320939
79.9336979331107,4.986088429625305,-1.61127729989665,0.18749480093042514
62.062306589187564,-0.23679870734751152,0.6281510854668721,-6.548175220818451
67.61951513504843,8.682444816508173,6.667420167593295,0.9053624885554834
67.50886107649256,3.2249575890358213,-0.0026291612192990144,-1.4996598372294407
61.61937725396355,16.613808016553136,-9.43287554584564,-9.8343457696668
72.12040471514366,0.32428110741780536,8.627274051701376,1.176441069909076
68.15593128118324,12.401317694987242,3.654321501962233,-0.3196217518832234
66.90679995095786,-4.184897102433554,7.522214010712885,-5.688139748919237
67.56392494904398,2.027082010962131,9.253357708217543,-3.5065810047784503
59.174806074504815,18.831075044294867,-6.4168584084544396,-7.718508623406761
73.27525582739739,7.1876427517547,-0.5804290291105332,-5.387262649379721
68.77746005446669,11.490498674010178,2.752748018268142,0.48845471497714454
73.17583278349944,12.61896623779319,5.732733611751085,-2.6774161929395537
71.46877333125502,11.000284189126173,4.006023245442201,-0.5142070900407312
71.29115721416107,6.112555535116123,1.5640196055885285,0.9663435011255225
66.60013051049715,22.101004876615974,-0.2572677722074257,-3.0124246207922383
69.79864644975522,5.480159084109822,2.13614318377338,-1.837993453112385
67.12232531908224,-0.20645603580648775,0.903913562259842,-4.1362651321673
62.54126471653436,4.08497864927234,-4.398879705812725,-7.868329239930716
62.54126471653436,4.08497864927234,-4.398879705812725,-7.868329239930716
66.45347883586693,8.492372209595045,-2.8220337133054896,-6.358178572561512
72.74155604984546,3.0771150752418066,7.339820764948111,2.248258598849155
68.74066740079945,8.208733314852815,6.013348488276465,0.6981737531902139
70.93367367181287,1.2606297669675295,-7.147953632959663,-6.807015223985796
69.7314014423936,-2.2849822090761913,2.363324444780773,-1.9762904607917573
57.72452824328568,15.671091042053648,-5.281156080861749,-3.280008976893444
53.1888253051379,16.705238685971604,-1.9923726570954443,-5.58534785432377
61.10916903272348,3.373511383150591,-0.13884971441355676,-3.646909807109786
65.63133446102707,-2.984704854504744,5.715990384023474,-3.3870725666350814
70.34853412277158,1.8657129578513016,-2.7909982623852083,-4.532502851743648
70.34853412277158,1.8657129578513016,-2.7909982623852083,-4.532502851743648
69.36416642504626,0.4517094677668736,1.1883522932187307,-1.412725321061174
61.69372127841828,11.804926632446577,-2.3314805638614917,-3.785131318550392
64.26524995041272,8.03227498712525,3.8032129114029987,-5.839115180220477
68.14369765450321,10.506596005545223,-7.815415461060664,-3.872453684466509
64.63952343396586,18.646577024203033,6.773314509796721,-1.962524638346765
72.50162176922949,11.377910327314527,10.064921861095147,3.8237588843401937
72.05817515203894,9.056565423180874,7.743573850633213,5.119929643757106
68.87495536663198,9.895870532783674,2.6011879767554285,-4.513441114388118
61.04293504386097,17.11867442767699,3.0557055369271153,2.022085230564997
77.64332855081408,8.682098402730045,-4.4855657378386855,-7.38825273456608
67.07910548853303,-0.4131302503918356,10.69871277314451,5.151901518154854
75.09758299379486,12.713181749189678,-9.022117089796987,-3.6446097635359305
66.54927081598801,11.308230303820501,0.03565559803673146,-2.655007625776278
64.09545749930697,2.705531302663781,-3.0615443710372023,-6.371116822859369
63.00636729333301,8.097104261027656,4.578554619206068,-0.2804202099814308
48.60528419308236,3.061822687278018,9.081762939715663,-5.886607597033953
67.04140910853404,4.665487052108611,-1.6183266804934142,-6.941126792323169
62.7159495221185,7.884570555110396,-3.6817547709896843,-8.958210208291856
54.49348811317166,17.063933197014293,-6.388821588963356,-15.54391340398505
70.22921784684262,10.86450817694703,-13.47224630318415,-9.060287832212516
68.88165072014868,4.113761886152107,0.19303132316742921,-2.5186015343814665
70.37980483868729,16.60692071884551,2.30065873868795,4.499342989778814
65.75726873176572,5.262782049923292,0.44830450759109747,-6.308325813037626
78.90103046725118,14.722951350857718,2.822458387612378,4.418560159220277
69.51694619032,6.2257901618813785,-6.037712373229926,-7.2459922301020985
71.827978914587,16.600324590583543,-5.781876587060704,-3.2974128536537517
61.851053653600815,18.79633873851737,1.550371532066972,-8.893982365489235
75.81836509896411,9.476259596444741,-2.8528774653879845,-7.951216103921583
70.72003820737662,9.245780054352304,-4.694242444177174,-0.08707753512005745
77.42452625691874,10.319248688213007,10.102163265610665,5.6347291665060055
66.85572926615919,-1.071496457948225,6.1105442942009995,2.6900947269336224
71.94888836939401,10.463491651246887,7.157913931837621,2.408662466224572
64.90015385109479,3.244713334500293,3.896347018289247,-4.9813412799435905
79.77276968978684,17.54144850413264,0.3180425341039345,-0.7561182204921892
65.95460060060687,8.078425618229891,0.897001121271849,-4.774960088493206
89.08722704731655,9.759663273346135,1.1189905891757699,6.141436363553359
85.06508141746826,5.6905439894998535,-2.3599811237066377,2.3565543537223546
53.8424761976745,8.504288449539699,-0.24480318334676365,-6.571624639731676
62.33767107571677,-4.269885458803891,6.549504678681166,-11.241788978268918
60.60653223574375,20.872482940709894,0.9659635349449589,-0.7007874346000988
55.95037853780476,13.384545887135328,-5.493144012008914,-4.406136435256948
56.296085109369784,-1.3751062563656387,-2.035100514002739,-7.3524304865543755
69.27358559689208,2.2019769203768025,9.197239125964357,-1.475335527078439
65.27284565239563,16.100859230082452,-6.783851178087672,-7.551507364079
63.79445123152798,14.611749774900204,-6.235513504947417,-7.612937988210158
70.42198820091478,6.490512756046672,7.787252116572702,4.189324220002819
72.86117911427218,17.522417770105065,3.8779871109179758,2.494699649485949
67.66558531358191,0.28187234047335785,3.3307813006362226,-1.3901810994481583
72.41544791110853,13.019133316230556,3.57180414060081,1.889068338632878
68.67240109166427,13.45266259299547,0.7404237313908628,-1.7814233728355613
62.672973670523426,13.058612618859332,-6.129007559998486,-2.3750847671822557
73.14215894905534,7.444962708555615,-4.14827039704158,-8.319583648957124
78.67264731500794,-0.9864353685698948,-3.6715248614329274,-4.135037379457694
67.95758695657011,16.42727279134711,-1.7221246394931895,0.6308403397648763
67.95758695657011,16.42727279134711,-1.7221246394931895,0.6308403397648763
65.95631948345131,3.7211562007269308,-5.262250834884547,-8.462375076985081
78.26353717231726,10.231823785598483,5.309246301400889,3.672083946380156
79.50541106567567,8.034400791231539,2.7672119946989246,1.2786981113624085
45.08825686409648,7.056563286074388,-4.5804886854034566,-13.289030894848146
82.96238856692202,4.061742448074302,-0.6665450594335516,-1.1550003639469288
77.58103702487207,5.91655322967201,1.465243360079974,-2.684505795859896
55.697602374061304,13.437392869250477,-1.319723879723259,-3.1471921828632503
64.7775345205071,0.6292729627753015,-2.204829427394298,-6.36151585889749
66.13849026407823,9.163338831618814,2.2844272741691984,-4.148563349514379
66.37305183218672,7.800583445384985,-0.4698010073204708,-2.1073096766352784
72.88262903890201,15.297880502069846,1.8562861519079616,-0.9931762732573046
67.64831943472583,6.142811369782278,-2.4142611613203315,-5.985678857772578
77.45434423297907,10.485998496858192,10.331616267463609,11.735062094901998
83.19657622254029,14.531835418306507,2.543671233594633,2.151407420040478
56.35176937127983,1.6986427074762078,-2.282266919197159,-7.2656687020259465
65.40752632116615,10.717666807589483,-9.004733663616962,-11.503856669531833
65.40752632116615,10.717666807589483,-9.004733663616962,-11.503856669531833
65.55893763257662,3.3067737454450876,-3.7029330409332895,-4.754588544955105
74.13624959382479,11.112777222504246,3.4986104115859735,7.290890790963251
64.21566167366501,6.023974823369648,4.137202990332058,-2.0241451360932308
62.68393383967164,13.526955514203824,3.3530506739280987,-0.6019734567615662
80.50278243642316,0.2335154126582779,-1.4040240535480497,0.7503311586300789
63.21879244484844,12.77679780534035,0.3654789432781813,-5.156665565417637
57.46070141769722,-13.431916031335009,8.2415673704535,-3.6748663115644877
55.1825386406402,-3.8821685796964562,12.870065592136918,-2.2308798200682665
67.99713981182589,-2.682344211355929,-1.1919979102779727,-0.08457370383773899
84.79969226065454,3.0601967466271383,2.9615185184313266,-4.487030108828645
82.56323306399462,4.280961863952236,-0.5010096988150536,1.8148807742049975
82.08465428508816,16.64968502304289,-5.632176849293369,1.4635705202351508
60.88280893761308,-2.4604637469935664,4.458586367487376,-5.742055396866016
80.63744213470575,14.660958743370482,-2.306746149399613,4.405785661783959
66.0817939757974,5.445795717318525,-4.121341460837615,-8.868771883031574
64.85810014207462,-5.123454179902524,1.7253912456069433,-3.8608021137071207
64.85810014207462,-5.123454179902524,1.7253912456069433,-3.8608021137071207
56.9301459629581,7.9450038395124905,3.01397530082466,-5.562755975115968
56.85416472462012,6.057112974731286,-1.1395773761669106,-7.945242788246597
68.46368242077713,4.467295283666957,-2.8167580455963304,-13.801533699172621
72.39247247385697,13.250229988471634,4.170036907161942,-6.236585002575806
63.7350742297743,11.447654563719713,3.7998038839997137,4.250822627514317
80.07208950375423,19.61170769768634,2.3985191924845384,2.05806719936484
55.91885952639183,19.097694221400715,-1.9380255683703256,4.740448350440328
57.683148491404,24.625954693026944,5.040544677497481,-4.497778490577797
69.40003010216503,9.46375022276493,-1.6330234935019718,1.3773458943033692
63.97736509026103,12.732227501880455,4.291627449648833,-5.727421555803045
77.97541883683557,1.3630720390769735,2.3979430969453968,3.274690635420064
71.82607356847612,5.552574937022129,2.8496838182596225,3.014408012129407
46.67412187262927,10.09733686724552,-0.26621790955374447,-7.550641212212136
60.37824872384301,3.4999810766783552,-2.5730712915430907,-9.625237189664828
55.32026414507539,4.1161939986263505,-2.9918008880061455,-9.985571747101583
85.75755979132171,8.243676677255085,1.4047999729745082,5.472368600617758
84.40395090931159,10.184694145136614,-4.73923528509969,0.8961581472091575
69.79199541581573,14.365772818106645,2.520272170226149,-3.1199683317333626
69.1777843533508,-8.480106701207944,-1.3597891486934275,-2.124955171549831
65.13944627916098,-6.298110525082002,2.864111314666488,-9.99368205579429
58.40970065612127,-3.5323494346373874,-3.3685825356518215,-7.125584081159534
64.0984025196122,-6.988625899192307,-2.55769682238837,-7.242537977946216
72.99600005189609,-3.0494189399481293,-6.349656508681617,-10.939928475817794
79.60406533495087,-0.6947597120791738,8.324850546816412,-1.7601868155849845
76.70000461670227,18.979644968316794,-1.622197335003675,-3.3767781735027684
62.39472702940225,15.581899400342534,-5.68880912553348,-2.2084451040070188
68.48203502706576,-1.6302850688063995,0.06982899294770828,-0.5515788292654733
77.40608853253039,8.04803141109964,-0.3375753262269776,-3.730045587193022
73.52636003813727,11.405439401383864,0.04029544031348076,-4.244101218279599
65.46304927098643,23.59884981476529,-4.1368804506839325,-1.2217743795218192
66.86973681894351,22.750728088786733,-4.352652333961248,-3.8155211426429427
72.646339299201,1.4155439287513456,0.21885919821191058,-0.8655873807257735
67.50814498894931,4.626385927872809,4.389305768256429,-0.7079626769775064
71.09748381960216,7.049519267171124,1.6521146446910326,2.938560726210277
64.37524844787629,10.283729118865603,-1.7848330090768063,-6.257699122587456
66.63193308062213,3.506472186200038,-0.12216034134332503,-2.1672885025106483
66.95739787906123,8.77504954382332,-2.2562961530780155,-6.143973012449176
66.8313106245769,0.5748668401043631,-4.086081632323437,-11.349910489637681
60.38983307324282,-4.759424465959604,1.6106334354382255,-5.327229845069422
81.06104686200273,14.73878909329343,-6.081815674580903,0.11026612340186137
67.60687673647513,9.530941256734298,4.963610725415978,0.20491856109832596
74.07310126029017,11.408760432698854,-1.3117362734930067,-1.6073990093298032
70.95120400919625,12.400730102354862,-0.4928347358508929,0.8920296653500095
65.18908966575479,16.030658969815555,-8.40022745984856,-5.978936067820629
54.448475226827995,1.0944305574089679,-4.7658473196944895,-12.894100759734298
54.448475226827995,1.0944305574089679,-4.7658473196944895,-12.894100759734298
57.66712258728043,8.686366916043486,11.827394140981077,0.5595674142817861
70.19090203009904,9.656978915227473,12.34844587560021,-0.6190792350436329
77.90414417079104,16.01798498306006,-1.804467516481035,-0.8284091160341758
58.393491047517365,9.307621626249047,1.7341138031550751,-5.554742048980548
82.82247328145378,11.965284524640975,-7.212920635260561,-1.975307699314119
68.31685632888275,2.715606389863182,12.02822372402199,5.840015666225834
76.68176136164233,2.37169758832205,4.227527462407694,2.1749504369334285
71.54925393582252,8.520180593113434,5.409688403632206,6.817446169534591
72.43392806145722,11.443408163914109,-6.824444906007859,-9.170751755296948
63.96723340012584,9.875265843176134,2.162418720134731,-1.6757786213037342
72.84488557595178,9.063218374459904,-3.645733594944094,-3.528009098923038
67.81738149534576,-2.3469639305921888,3.502388180619481,-2.820416007768784
54.737796239209075,9.501093044245682,3.632257092363804,-3.53934492356591
69.70927219851232,0.9293437413861643,6.537892968068781,-1.9015735483434153
74.032566884169,3.1765118048253855,-7.525136674171372,-5.1219137602458975
65.49918639353211,4.700971411117792,6.6976686020164475,-2.2072381667643226
62.011997672072965,14.619955597490527,-0.006683695199231288,-1.242427317287911
70.82371907028136,8.40250877279683,8.858036606870286,3.5319041638201982
84.98570115502986,14.620307703847077,-4.01304381467563,0.14565588441169108
86.03888659187771,13.883976168518263,-6.6167324494781425,3.8085881604541214
54.39332852808693,-9.29917272893234,3.2606466697910763,-9.685613170514836
85.46215909298543,25.301883693310316,1.6463612200612552,9.973513805307684
81.67313433846027,-0.7799593988839959,2.8442977631567805,4.348027206069803
77.44326826933758,1.3834539961191465,-2.345205854387113,-0.41606288721395845
84.71854917239278,8.310925971443194,-1.9182472642586692,5.60514475398931
67.49492090959268,8.858312754871596,6.487634492212887,3.313803824846269
71.15142135954194,11.301655847779598,4.328552756967391,-3.894364312284503
68.73890319019799,17.1364831294697,4.745410472250004,-3.165855793031953
71.275568784155,14.886204633520876,7.715682905951326,5.772487738737582
68.76809256949161,11.732108425152948,3.480558569481878,2.5464995939835156
63.08738853212671,20.81846776725916,1.9933366633673977,-0.47454472189054225
74.18111073247239,7.35116259990753,-0.556984841057496,-1.9609144066859807
65.01734270213683,4.161940117108026,-0.325290493778242,-13.402982052974117
74.95532678880522,14.023996589167314,3.428067207166929,0.0010096277150637434
64.62422787813615,6.605122295689918,-2.5937664551732675,-3.7438316677117127
65.24724886721404,4.91251950887257,0.178216336836726,-1.8698208166240655
64.45171055514979,13.391421099770998,-0.006146909078055707,-7.023323028505211
64.45171055514979,13.391421099770998,-0.006146909078055707,-7.023323028505211
79.32296736406379,8.443969571387091,0.23369410889632825,5.206850555379642
73.13765833076718,11.366075021975325,0.7176802887493829,4.3915746971790055
77.35064380436904,21.31174929100839,0.17210757808648103,-0.9303246882170866
60.19117431641773,6.793890980978596,-1.0982125215252174,-7.078737812232234
62.142906962394534,7.678013113742882,1.5197600915472798,-2.5326670817204118
76.321364451113,-0.42899685774674534,0.42974429053833996,-3.1979220211373933
67.3402953793305,-5.197711457293586,-5.381150075706183,-5.261048010310433
70.23550755340115,8.150542931696139,-3.4796078676308086,-6.145403383917828
70.23550755340115,8.150542931696139,-3.4796078676308086,-6.145403383917828
67.15774871538366,7.553240885526324,2.9654421108618667,-0.999872089928147
70.5713215182298,-6.422962702034659,3.4027455314291117,-1.6120411710726779
65.19351615144399,17.26728610152906,-0.8374120618038183,-5.72235568661989
65.19351615144399,17.26728610152906,-0.8374120618038183,-5.72235568661989
67.42136373746531,8.241600703748821,-1.167702376950372,-4.550353870136323
72.19057732636637,12.61434515815045,-3.045116829840121,-3.2416363532667973
69.09724062670176,17.40587491851921,-6.902576825931147,-1.1385491603738158
68.40266507978173,5.935976813606066,-6.81863915170926,-1.2614235015696864
82.18385724297777,6.854454132395373,3.7326139275528534,1.4275684019448156
64.12165931735956,0.9062754099203008,0.9102808409873662,-3.567705466587761
72.22686096348876,6.23160576936953,-8.473500403970323,-5.500924046581098
72.22686096348876,6.23160576936953,-8.473500403970323,-5.500924046581098
66.3318038156434,18.46846875854826,0.8983150427337394,1.3926014201423371
74.40464502935396,11.690640530494989,3.6934764347649693,2.089464983424854
58.092217247966815,12.711748520298377,0.8132706038787412,-4.568513380526468
73.08273866968736,-1.579604053213747,-2.9303382135182607,-1.7000475727058477
73.26763262734237,18.708070755752953,6.786428505263286,3.6051966523179892
78.89001546291409,-1.7103936333623118,7.818121251165952,9.592378967458895
82.69963060939169,6.063347699813786,2.730720309748726,0.29414175480275917
61.41241718324755,15.106241923910318,-5.2206937718322415,-4.5567882235367225
76.72292698713603,8.740940155737933,4.666238186948261,0.15781204539721283
70.81866131467116,8.641675483611074,3.2622659900792623,0.8914534639214224
72.21620843489984,16.58253270415096,3.3234640445356907,5.784394156479478
68.78334382223169,3.6515282699794707,-1.6581740438495587,-2.3539663426890205
52.45723368995829,7.635063943717614,0.9640489243917909,-5.450204063706876
61.95061688596288,13.836770227702738,-2.8163104794216096,-9.333421064919941
69.83920721683906,-2.4675926017799936,-7.7495352114952585,-11.726492010452704
64.69527511001901,-12.319903941913338,-0.27740555717928705,-7.108920142395711
63.328833472999186,-8.589127223531897,-0.5167197216440564,-4.989112964477961
75.0005100096433,17.827334602713936,2.7365644262898052,8.100385771915175
72.39617865104229,18.301687867747553,2.416912135712357,6.534235362183494
74.6461613058346,18.30157934971938,3.4257950069882437,3.745220887611253
74.20211973582082,6.400278014648308,5.311832198857357,1.9931434143156883
70.40016117096057,2.591176653471397,-6.079232223494659,-5.404230226389861
63.39111433957776,11.128555895353216,1.994521108836243,-1.2181241923064285
65.18674054733306,-0.7594665434887999,-0.9531037109173686,2.5461610574475477
79.64597729731122,6.963985803561198,4.349178821165987,-3.0565496133189045
71.79186671502771,15.135922484430903,2.423064284517903,-5.399515799437385
76.99980627459914,1.4716517338748627,3.720163296976679,-6.054720338866468
77.46527471645129,-0.23965458045599508,0.52752187858937,2.7011035276861697
61.0479759819882,1.2904477126371727,3.466791222552569,-8.742519258702828
77.43002335481887,9.199738381882087,3.6561874132996826,1.4676650910311724
76.95218891337164,8.852474736903817,1.6012482181040184,-0.4870807370648149
71.46023157540216,8.938620389396595,0.7511070782731388,-4.020891652003298
88.60032583841232,5.150877237974019,-1.9619576699864285,-6.963291093875637
86.63185046353006,12.9202681813607,-0.9642004036223446,-4.985374699439704
77.54204780715382,29.220015216009408,-6.712268000065113,0.682952904559885
74.06280008023064,-5.960048441118406,6.589654350098876,-1.7094393885790442
60.45958550593514,0.24484616298231732,3.9063441082288204,2.0063636279542765
61.59766145821118,5.849650748212109,1.007879970582458,6.604897935713079
68.53703483869445,8.597832720815173,-2.2129170822525577,-7.330132584593176
67.77079573016813,8.647906616911841,-3.6971652537923028,-4.860873201981219
58.5939032428557,8.452141222097676,2.4641472060663947,-5.232441870192154
58.5939032428557,8.452141222097676,2.4641472060663947,-5.232441870192154
72.42811737733746,16.850926805546862,3.7465359820140476,-0.7398583278366108
75.5768920679157,12.981397475302447,2.7661464310434707,4.348351940102592
68.68254136613496,11.80139001528709,-3.4958698859053383,-4.922354363732133
69.98619383641127,4.344973930106282,2.6063235767234154,-1.607521957179583
77.08348335421297,16.2837067235781,0.725213190272971,0.4943287055949761
79.61023645124463,14.938989347816591,1.0084128143945317,0.5557920901433426
79.61023645124463,14.938989347816591,1.0084128143945317,0.5557920901433426
79.61023645124463,14.938989347816591,1.0084128143945317,0.5557920901433426
73.21434172958708,7.972966127936555,-4.4158308729032765,2.3116437124952274
78.9270227357535,19.54295873401551,1.8662097935737894,1.1491771998097398
67.22917808976142,13.70225662882714,0.8723969489495066,-1.782799448034615
73.97231849432374,3.4886209938717956,-1.7980698349431417,-2.140623038309949
65.16842998665044,13.719676747431917,4.133907000956336,0.06763173775370479
76.22291023355925,1.9783610694803542,1.8410205074349064,2.6110974787059953
77.24946135541053,9.15932868644277,-2.7873377762627847,-3.3929923689314574
69.80099424401782,11.465586153979459,-2.087022999483223,-3.8336618380809777
77.97637648931921,3.6605871376820955,-8.728905972277559,-4.427637445530236
78.21756421251726,10.888108454355908,-5.164177169669964,-2.0099567895829
57.43973424045452,4.782177261237177,4.965905769772385,-3.701629163380522
81.0221569978644,-4.0423385774384055,-1.4222677550207985,-3.2571654720526615
69.21420587630104,12.311556974724983,2.496401684530112,-0.879953216165568
69.93324864722706,15.229867454083516,2.8366943199811883,0.9274446487594932
61.91976720010002,15.444498719430735,2.8650694846829476,-2.0853953819593007
56.90040077120152,5.976355620151594,-0.8541241090735264,-10.213131181172493
47.885803937602894,13.193361157687873,4.287138799099989,-4.962018074014713
86.67297207882929,11.167515122295473,-2.4297025308065585,1.6412304530933013
53.902475657915375,8.971716935473511,3.3660685214484714,-3.864810078126521
79.992679284452,6.169023887005327,2.42542402144369,-0.7994419631176974
75.92148626428744,-0.6919679620236279,2.735438117429864,1.3825474467117411
73.3320681445081,26.832210223860056,0.2554062755958865,0.8531979591277454
62.98585414848742,18.480059294688616,-4.954365870575742,-4.209792343117013
