Tº motor coupled_t_4,Tº motor free_t_4,Tº fan free_t_5,Tº fan free_t_4
6.0445368292113075,-14.072608423160922,25.625776509162684,34.24192842537586
8.102671948702051,6.888791444996915,38.957092434287155,-52.21231989753995
7.785222185455995,6.268826256506748,-28.69844453307963,-27.944010892042574
0.8509655758905099,3.5445895297178596,-28.377870187596987,-55.831103357521556
17.68630012250395,0.494973684777508,6.664936737197365,-50.14948739488599
11.910888454803478,-7.213811499115419,58.0321396087461,25.180076884440403
13.08246146041332,15.353629590243138,53.724813552107165,43.00958202451832
1.9679641561597911,10.002925384115972,34.64436028195468,-19.905658852916726
10.736788784079511,4.325552889272673,-9.155781730763978,-10.939385379632647
8.627789670843097,-5.158064612380816,35.07028419696236,-52.39154134862734
11.655789259717533,-10.40011639176554,36.273662302121885,28.158980765770963
8.012714498489569,9.02505799990842,15.320161597734764,-37.226205428944795
15.24576106732994,11.992056774802823,-1.918146793100334,-36.28913546770633
12.160375673419686,4.848452653319844,19.3675067755537,-25.814730769586667
20.798774318656843,-17.561051943036418,30.712300737174978,-2.3302381668143415
9.951481768141655,19.317774210274926,46.81109111020714,59.63509065123698
12.894586295342126,-11.581053754111664,62.35283893993847,57.23834078151499
10.418793077630975,22.05245528648753,27.620783816032848,13.01833308853579
10.767707126565728,23.336202573901687,27.02341225651323,10.18907657034581
29.916341624344277,11.086016759565114,29.680874259798436,-30.68007137345488
16.729408699776286,6.7976296698389795,-1.0908938477868002,-20.79136937365492
16.175497545407783,-12.549541337378702,19.306911390722956,-29.100023102240115
3.6292688188955182,22.738600750369194,-1.7866752807124016,-76.65773738746965
14.140429539315097,-12.008990993906611,40.73699914840596,-42.84645928698825
13.570289378034186,1.0931701721532558,22.34432227260093,15.28497139182732
14.499545998217164,-25.876315739322727,48.7769719899064,-19.010469556685415
3.738113794759382,-9.436239047169039,21.360857612086,9.059394724892831
7.191789090475279,-7.109333839037445,1.2779561937600512,-14.510613563339403
9.145034287603147,-10.053251690938989,71.23164852488604,-8.639375017161363
13.876418640416613,-3.5542169327327313,78.9686579886751,9.825487969956527
9.600195378493082,14.798876864052968,26.82760738568834,27.67538202598493
12.799289530301936,8.113927705208251,15.80044499440062,24.777271346406636
10.949990201952172,6.00030388361063,27.168573733199153,-25.393953536236317
1.7578878856225373,1.0615068887023966,36.84455230717106,6.365824733292225
9.664858785443304,2.2789017046337574,37.652694131394256,-12.923983651138649
24.242226904946357,1.5595480780045239,33.28347530864566,0.6467580642113475
17.85667310710961,1.753576976804989,50.634642851743216,-13.6255965579533
5.950426629729834,-4.283479301548487,27.324371294632535,-5.949383624807217
-3.962880957067135,9.962035267067556,49.489753192576444,13.13670460487264
1.4970130870244107,1.646134678830098,51.54308185356008,19.579673127193217
5.645748519753443,10.626989129832547,41.721112931112245,-1.7161232914348403
7.50008799183062,12.446032894252529,32.038805037483066,5.034731268326794
10.89589619284597,1.690328031126632,25.730835593553504,-24.29613539241715
15.781431481221098,-0.7354396053587591,25.450074031712308,-8.172676917318663
10.516076172238042,-11.71191365235331,11.216823086852422,-15.247289922324917
8.454925447490664,14.639585913319536,56.12328524829927,-1.0182470151104361
4.629144414932831,2.21534032545034,70.82589922575282,15.645900078373543
4.629144414932831,2.21534032545034,70.82589922575282,15.645900078373543
0.104659534694445,12.173005123429961,46.06112207266793,26.449098611085844
7.208926757654493,1.7712580588492557,53.43577926364213,9.55243216018448
15.758472879905973,7.109426280527254,18.504441208401325,-42.12227242059117
18.78672163648384,5.3201356770077,17.6930990159257,-23.680824783145002
14.995763858269934,1.7442511018946658,38.485636331326525,-3.0595655418897394
10.911629927200092,16.2793306376559,32.06047405791327,-10.571628997574471
7.225795175559835,-6.103061129059446,85.1628247767321,45.32878676621842
12.021090133529114,1.788152684832414,54.5219649723525,42.04750391661872
17.717152964504574,-1.4038228964327772,63.25353530532796,-0.03095671917220777
4.522059924024449,19.137209869857937,70.19163953020887,-10.821739219297179
10.037895894864658,14.169317210697775,75.13804593700418,0.4571982719061989
17.318926565581386,15.277766816722156,7.027283638792573,-21.66794313916278
8.846607092396829,-4.258300883507408,-30.814956016502528,-59.649607953213646
21.811018807117186,15.742245775229772,43.09463368009354,-15.78064216350949
3.7267196443697514,10.787707068447276,-0.216650032990108,-4.7176388841674655
4.915888145011783,-2.106268502362502,-38.6145101940394,-57.11601820613833
6.858939477519193,18.66462210814606,5.082888834938771,-38.794864152808216
8.939690924686746,7.726924460623367,31.18062408755852,-47.44761248731721
12.800893732603111,3.79538148492618,50.95273800231976,-34.847656384333824
7.017485668531667,19.577329239950352,42.91535705732563,-10.730130205419975
7.46665567778852,-5.6834685910425,24.663571366193352,-7.60709873293986
14.218988459236327,14.31200328117512,40.8224541040515,7.91337477025688
18.478453223630922,15.912946977192178,16.79682100276784,5.483000553602286
3.70148494162183,10.991674692178492,26.324685909821113,-4.724422302363077
19.790002426284083,-7.6468341307493475,20.689106963322693,-23.401945283866876
19.98653223892252,-1.1914130760409511,31.218218424209866,-20.244754450455744
6.713050027194026,-5.687107567207548,10.036667196897856,-5.253614367843634
12.659967426965014,5.120454489293715,57.49276878209541,23.23235328445235
9.132073918552623,7.44330626768087,42.34798813621296,37.47119874931067
5.110189437646512,9.869107784410325,9.150273235197425,-0.7288780254177789
8.600848006583067,14.851496562927624,25.61506053657814,-42.78525825925533
6.352049626554632,-2.0185110711647445,35.32089820700876,7.813214630082523
8.278454201542814,1.1759606919623171,36.555386467042254,-5.45731177441739
17.42335010710506,1.3668974033830912,13.916330429073044,-14.425299449809097
20.933524346857094,1.400484169477521,36.53850132220396,-13.407092326243736
14.912318723540327,18.479601696897,29.643360408773248,18.046425416243657
9.205826680799035,22.768009960404854,28.350730365091117,-28.692242763668542
14.548068501358118,-10.321860641888595,-6.099908499382082,-55.6245287455581
9.160401426417241,12.553765338454683,45.27965060217517,3.251306179994913
10.379850532838088,13.379689394881135,37.72777044426372,20.103937517430314
17.762824422219456,7.129401548581891,36.52130161114981,4.535913351452152
11.053704168445773,12.421109901707725,55.67500476603624,7.789780684592635
5.741006336354305,30.14460716393338,31.677906351594395,4.848016436314921
2.605822532407566,15.171081667334953,44.24536136754333,11.919157074390775
-6.189298926211849,-7.78810228529491,72.54288197110466,53.01405084012584
14.32084067253485,29.52284656862173,-8.864335499454686,-48.650760839821146
5.5066131908297935,7.372196902633803,9.88351606895532,-20.21504278830665
13.545090136980825,7.643869054993126,35.383173967452464,-19.125972632875833
5.793309523930211,4.932820158950627,13.70927585229878,-60.82597921771212
8.526052215928646,25.20697548800283,-24.999452772343794,-28.871550975283807
14.340785363363825,15.635321775442735,-9.000228424155427,-66.46047518778916
12.919681097235669,2.338832917569251,29.115745043715673,-20.709205903454944
12.512217410299122,-5.992118570163045,18.496469466315006,-2.9954529494421682
13.833048637768172,-2.4660891518955834,35.36874816452877,-7.149071866214939
9.368218320410698,22.50865563351674,45.866714590652656,-7.40503449368709
10.764216138719824,-9.696750897635185,23.98830889772059,30.55955613543584
11.540254270316298,15.415714572881958,1.6320945029795695,-24.41668435492187
1.0645777073781502,0.125399237586862,81.50538031934198,37.3064364034032
11.332556967362233,-13.323258001847092,22.668545029370975,-8.46495378895808
10.859477444795692,-17.81790337082358,25.51112066015346,-17.051473067259757
1.7104195252268042,-1.3126327489483813,11.06842730803605,7.281925151115683
4.703471635948954,3.3208102464620675,38.13127018053599,-48.9865541600621
17.71312579904687,4.17850207243713,17.866235555166273,-32.74142766058546
5.582467150610906,3.092809756230282,35.7049931635456,-2.8835557706591732
19.32346094622089,7.029019721378847,18.81612500212121,-19.9223002664451
2.09347646350439,3.253624302003513,38.049595127867704,-18.367124600098197
-7.085345122576111,-2.216330670892816,33.25585632281508,-2.8721744839291823
9.685674686760864,-0.6441282061497557,10.587147326372186,-47.42639016929028
10.445383712105583,9.26007968534088,13.916034223078373,-29.819677625701388
14.226357024098963,-0.024093220251838687,22.768352137894745,-8.372407712616337
-1.013379174085034,2.1432318825127465,24.7227692163325,-1.3234787022521033
1.465039094635669,-13.657975267120793,47.21155484821936,-1.532358528247022
3.4557289946366283,-2.972434228124973,35.510158749534305,16.127275052499144
16.208265688751673,1.2849802998356736,9.339937723723569,-8.481597774405238
6.992935212473272,17.33208422572804,77.20002350516448,43.483633584086675
5.901370428629822,21.970746461401482,90.05827085327661,58.76956007415826
7.97639949223287,7.381311764951571,23.59490152412247,-16.29716313796014
15.647981413381121,-5.469013969336828,44.34271392917876,28.449515313282173
15.647981413381121,-5.469013969336828,44.34271392917876,28.449515313282173
-0.2342633045493553,10.100151445902883,4.324566999300567,-53.54656920645266
6.89411866075364,-3.5334180259060552,8.572172100562598,-21.496102636479854
-11.534931267939747,9.83425103602804,41.04116795426761,-10.368008616901847
30.31875350346763,0.4902096529736202,48.90754041662818,-2.4878546898592884
-1.7099483614663313,18.33657128216536,14.588188194757771,-0.6713177594043787
6.96212208991933,17.269327417477303,36.66044433212662,10.741758921740082
16.482365981463907,19.00581620708703,43.719129834402466,24.304300917804884
0.8535701445958397,-2.2627003341767935,54.467874211857556,3.9505299890481
-3.198125110712329,22.107023391918077,28.342192879861756,12.105029154182956
21.15237717462869,-2.1785435658519514,68.79408573575071,20.155236748601066
17.940000947492127,17.02030392636157,23.998302109126026,0.25401879577287945
18.096612275782352,23.447701219114144,27.75218026480728,-0.8780280243157685
17.119278584720874,22.215646207287477,28.196452438025567,-16.590413488500815
21.803667600717517,10.434831041989039,18.65326846594562,-11.195017692535725
13.126643056488103,-1.5699435591257165,16.810621130952875,-18.629955552508473
4.8818589745958825,2.044552069597641,62.2425782542323,36.27880660912542
15.188572428978995,6.491543948980045,42.01712433461331,69.82026264636696
13.130143361332301,-4.379853649505252,52.17849601147313,32.685439439021316
24.1054237705709,-1.7765132567416684,55.639565777965885,0.7056582117745602
7.295110858314622,-4.025976699878829,34.83678303692169,5.841068708381767
5.752506966005552,6.6655578115036755,73.08064150582202,30.28432562474794
16.613317043858366,4.409967435941272,17.77567868503006,-36.84536516127927
19.404046844060066,5.554194342793969,36.001661185244515,-6.637276152667653
1.1393005902782214,4.836100663975346,-8.582310787432133,-57.06314684564078
11.806463795975976,9.682155082124732,62.04878862119271,32.12795162591728
14.603651043838784,-1.791930453390843,48.662601750478196,3.064800920695351
18.19895751208435,16.24243878840742,48.85461654457749,30.98621956564779
5.606734601184963,-1.0325577603957115,26.639515776472724,-12.205523699512888
15.98109684503775,10.535998241881616,29.082458642851513,-4.320990889967
22.13588989517502,8.3173391164099,44.829311543326696,13.872140945950614
-0.7772649349381063,0.8973621183052565,5.62517478224203,-33.36329017340775
-1.3573526904784625,19.70554349731785,75.12063902382585,12.624361762694281
19.047001313000575,4.568466279636441,74.04319554895207,27.552251289602538
16.83002478040177,16.05903549499476,62.75889507730432,55.45041659531932
0.25120031526031283,11.689256994403593,88.64831482588316,31.526935534744737
17.91445497769341,-1.0820285398236411,54.560949161312486,10.043957993988435
2.812774492142464,6.867105544904678,46.994190453265745,28.727766302210583
8.340470775117515,1.6198494470236198,45.25201635090243,15.475834211528365
7.684945394099414,9.300236407053502,47.69446784808696,5.967973816607058
18.749323785652756,2.2504667020699416,25.58943004924692,-36.30581671087052
16.09693542325982,17.118409448904593,45.83246818468245,-7.618226583529356
15.336930350459193,18.11399351670361,49.97418550034099,22.43583027733439
14.355840216410499,-11.478634662714365,42.680895408188135,-5.474495631610038
1.4318823423352924,13.110338438732677,92.14061231758956,50.00878981722403
4.727342121438944,8.305514235293147,54.575711674514594,50.755380286244886
19.145674412889832,3.4021181155801656,81.4233476148443,27.61191638838593
1.55470305543232,7.104706246671186,15.646522897335759,-36.609808761981235
19.31425435315841,5.389413309317883,-1.6254979966362448,-51.360518900597924
4.222013972543186,3.83942919437552,14.204223344773037,-22.932687525181013
16.602178029411768,4.996451870636267,10.016321813534391,-27.818619324472238
-3.8150861977019765,12.326216615408839,38.420096697089235,-8.649813408598803
-3.1774620668155906,-9.968843121235773,-5.7502581070857275,-27.347830388608326
-10.924636279104877,5.387853646178093,29.247909757205246,-35.36260157721233
-8.94402837773407,-5.210438677447937,3.8896754610363367,-44.411883764854835
14.823100114058182,-8.476799893444714,1.0218767779387008,-38.213873427272226
2.4741056742910663,0.5362446116119628,17.106550881389055,-13.229467443911096
13.556053920400892,9.772006513723353,50.82778249220703,27.223466222437047
2.966836923335113,8.047443027725043,68.38984452286834,16.092964476157768
21.68482484672647,-5.309890214837932,53.048613721485644,20.75883353685119
-1.5466487613261144,7.1041247221191455,69.2932767004692,14.391903379846447
-2.6963617817104395,4.325833846984278,77.09922362522828,68.45572763232369
-1.6577177811968213,10.174068606772593,81.05000183923481,51.20914858260677
0.8139080078308876,9.797581002860138,21.610906482560047,-18.11727140392949
-0.3589393915739585,-7.5680781142663855,61.12123622504077,-1.236127587612316
7.008383071833193,-8.654668514299349,42.246241058000706,18.354012990945918
11.556896353612363,-22.948851836278333,42.48557361334879,-6.388179884659339
19.43117885233066,3.4828411770550893,51.621137168461495,15.141079936874632
2.0050307328847046,8.554905936041479,40.907913482340476,48.78678200026003
-0.5364517473261721,7.474298915942282,93.92501271262665,26.394661014613206
11.039068918993905,-1.1324755321978253,59.220796136078185,65.17759846250347
11.364263730285808,11.177233797134983,9.03069674000404,-6.994094962383854
-1.2434026305195358,-0.13070358389303482,32.00677446169237,-38.72309558786596
14.069422236892624,11.455707318195017,-6.715443460542371,-48.66788051745628
9.580542610195797,-7.900252706487189,-13.3985186477148,-38.481610337346645
10.396764137138058,-7.39060515439005,13.182581091835319,-35.600536032529234
-1.1197940484168925,6.035278317704248,4.363786017937535,-17.47090397108252
3.9817743142508553,6.1948828045492474,31.654178123810745,-26.47809120196198
-0.03869058657437119,-0.5783329157906776,40.968202863854316,15.695458199292815
10.415932954680827,1.851791960019335,43.30853079123163,-10.344584254515096
27.355470850558408,12.141861415287437,42.571026996332776,0.8572177245878319
28.69524085505097,9.834601053072246,13.41639620925595,-23.54392984333068
19.591408520190523,23.41252485277663,27.736419219369736,-7.929360491473776
-2.9906341259210567,-12.566372904309615,59.70350199563022,15.139347220676514
5.41829748658772,-10.187935631770724,56.066174608380855,12.006983981214397
-4.705425771013529,14.960821678504827,43.63622551764788,11.173181692275689
10.002513036866599,13.88309001044643,26.108171086209634,-18.25093400325866
-1.5921706724669886,15.738100582553912,7.2883250431375854,-14.596115696400624
-6.385864286861345,14.21068659963008,11.743840411188055,2.1243676606523394
23.398758118838842,7.718226396481123,42.106491308633466,-31.36317786134269
8.193139158234569,7.040327146544147,57.899826106698015,29.201995913981285
8.725555575415317,8.251333132060626,19.766247783850783,-1.6019837282314526
11.090891267229914,9.199899417795402,16.278387328524662,-2.077183352630768
15.029314404261804,15.664871127609771,47.33985421524423,-16.481198751456674
10.272553057281335,7.517756937391118,42.15553577451519,9.526566212607346
4.503543666864892,-8.358031337220822,43.724263059497275,-13.081780663784006
3.845862940449216,1.5056799443493514,39.40184127823278,8.7767440862564
8.697978046997235,1.3452442660845563,58.523946616650015,8.151003517496335
10.244209250022589,9.850487626084965,57.974212950346086,-11.569680938310466
10.308037677470786,0.811004612969537,-0.20195069093993112,-55.51610749242432
8.065748083512196,26.537273854948168,24.939964960503872,-8.427131041453073
9.69697230890017,18.189090705152907,61.886315562944105,38.90849574362677
9.362569185104793,7.284740913346532,59.81452031605611,41.05053446076513
17.106734116834645,4.869668676407483,63.82042335982979,24.13587885190542
0.8161378522651281,2.5153171781416646,40.26714621246276,9.780765004737225
12.16348938434139,1.7755657573781585,13.626199873104778,-30.638653041852855
0.31394910631012163,9.225264028169283,39.904365404169624,51.26253699153808
21.51688050563037,-0.05561991047838344,-38.13602126351595,-66.82884541698976
-1.6594786030836701,9.47889017391786,40.98773897820916,58.80012829230407
-3.85093075921709,9.945527201204499,52.129309912662876,-22.63348918589083
-3.0392525102167456,9.111112546426718,12.735136634578385,15.610910944293583
17.68907526845487,7.559979567514652,63.50705699755145,1.9436295986855558
8.063853508950018,15.197622120872708,83.95518107568307,54.75026160187865
1.7972582992846031,1.503833264893622,28.65533469151594,-8.678400166016278
3.8607933777683625,11.284614477418632,39.002034827162916,3.375176317213434
17.35094787329403,-0.7823914128249605,85.43025445138984,53.0506097955584
-5.6242417480510305,22.30546786526744,36.1044310635009,20.782892120897138
-5.6242417480510305,22.30546786526744,36.1044310635009,20.782892120897138
1.2379819950967086,26.205254919723558,47.72734308360025,-5.463965644484713
16.61953657942471,0.1754575051867171,34.66987014388803,3.6590511875068117
11.42435269098413,-7.433048210380275,58.476839254365444,29.5444467380507
22.645460337501188,25.467922622181,50.724193636502115,11.69094784073063
10.853726501315526,16.745698429922307,69.64110994636297,39.41731216382706
20.47648629212398,31.337540651434217,10.799378271833959,-56.88792799286385
11.123531457337048,4.64743168303076,25.106673366163136,13.032612736035531
24.57623586598245,-2.829532214903211,73.46080165303272,21.410021597856762
-6.025101410222913,12.541134870214709,-9.539012836237315,-54.43314169905064
13.677174469626827,11.329301221029773,47.13537150682492,27.551013439315433
9.166782647773854,-1.5546877550919822,32.86211326211099,15.721738152986795
15.394992434066989,19.736891846551337,23.96397339061557,-16.87407944226424
17.522334064759654,10.47139169722048,26.638222500433443,-15.312658447294854
1.7460532450373432,0.21499727267540436,35.454919510914195,-29.77822808168324
1.8693082705203832,2.857517437838416,26.697543178774545,-10.355265493526332
20.163459560971,11.036742872859437,35.75257776366538,-15.114269743878301
-4.873604212863266,10.71144490262673,25.407116538090655,-0.5587393758055799
-4.873604212863266,10.71144490262673,25.407116538090655,-0.5587393758055799
3.2723200532124608,6.268961648196889,44.0126408505556,0.0053701525458512145
4.751844172691011,15.892479122673407,36.791124128117445,2.6912061027590632
14.764555919676788,-0.4822409618712582,81.72127952629671,54.26677881297484
4.832187913262809,6.8467821366475725,52.22057077679472,5.888030779940948
17.82304073186907,3.997682229004827,76.7539376646085,37.238439016544085
0.5965708052543639,-2.8199822781836517,13.791308048697351,-41.20955993967377
0.0039909318069616395,-7.603068866416942,-4.741164722055727,-34.06513770927675
29.36094446482839,25.248766363233656,61.71920285010568,-9.684861831527765
7.855505750809586,4.212941678403633,47.30255651688107,57.54647472477532
4.748066562495188,14.767644625607982,51.17576670512908,-27.033537805192218
7.289301260957263,13.782074628941816,11.630183163256653,-46.44332451867704
17.218414468295176,16.913077491422243,28.109040123517143,-26.041433065718767
9.027911238726746,0.96913594249148,5.403777340117713,-36.81385348975586
12.635935607129566,8.662146966657897,39.51851449470349,13.692685502748244
17.50673918521165,12.459071614260505,43.33938090030688,-2.3576886474531307
5.745650709053825,-3.085586507468518,40.15344415950964,-8.343682824205738
3.870696871495397,3.1933940020017824,42.771479319367806,-4.396995844558145
23.910861827595554,-7.239851975041173,33.906285306712654,16.59319425291168
5.069837790738163,14.283843788038189,76.96649837452205,34.84155469693696
4.540074466211412,35.694593874509216,65.10132517362096,11.180972339547345
9.53600653593213,20.044123241897097,60.36896813575987,42.37331133827484
12.424079405728323,-9.22999055857081,42.78179686281932,29.863327937511865
14.703288829428777,-3.8909125647881178,74.59753995334228,27.384148173264556
10.231998334058723,2.5048960249486063,98.6122502547347,73.9731669279713
9.474780945489771,-1.691685375240826,74.97623678365184,48.08298956323576
19.59408294520145,-5.829867859136646,77.37516312133252,42.98143551142444
2.1635078929964773,7.354117684933373,30.077429667619526,-31.54945632447742
-0.8598990375058237,2.9462280637168026,14.42614853579364,-3.5758578180075986
-6.417160515071819,16.458931399830345,18.476776229113568,-43.053734488298176
29.961093692263763,8.595145509542508,20.054877305034687,-15.033294979722335
17.07524242394623,-3.152358888081775,2.9056702495635207,4.273776830215127
20.15008870684566,7.7133526035880084,18.858188012610245,-15.599530168730904
13.261476958793606,6.920359635434273,22.612989095917484,-8.868176257901986
13.18002406964974,10.61918537371535,16.452327948490385,-3.4354442902462905
-3.130570216651262,17.866367599421245,38.658624698310824,-10.751648123730716
-3.6554300777779236,13.670426549077858,33.49386820271646,-1.5874460312162935
1.8174928999074877,-6.375460026377867,32.18901195963182,5.396495793709839
15.525248009131055,15.023989600948212,21.08454492151511,-12.454827885057032
-2.0532077084866884,8.434744332414898,7.730940139915949,-1.1829068268559375
17.55011224876237,-9.002684010654619,7.730772716206863,-60.480500196614216
13.891043086899032,-13.157257384233029,-2.5646694819669325,-58.77291854893886
-0.43530663155611116,17.67837914598759,74.47809123347854,52.19647005883877
3.853059746095977,0.11033475492824607,93.00022506949205,62.956894652710616
14.883975556802866,4.628070860119072,70.73002385798115,44.49239405219058
20.832545150489032,15.471582814635454,66.50207750826051,31.531624616339204
15.202543376934104,19.110740219676067,41.99708861097299,32.15580022968845
12.262375672358246,21.02346374223235,48.911372674457176,5.167932491083665
8.18463005990037,-5.1290359213630214,38.72954341205741,-9.379187988730324
15.312387448504992,-4.844979590434572,3.1860906020240147,-18.074512568972615
36.236287791284695,19.627088809406935,16.82809412314305,-32.43423605800089
-11.099633220390121,6.3390961917531055,53.922470886824556,38.77989180632824
2.90692227696619,-2.240138263647232,86.13516366253297,41.65066455855471
-1.8336911284896633,2.6034933731596794,-24.481073817253638,-33.50010065065186
20.373157329051466,15.924949057203467,40.66991796694893,-27.82161963883432
5.935347416301175,-4.876350540423777,99.1112263093809,53.58243938565944
21.38843905653961,7.803534783547712,28.008827172946397,5.359787563762151
-0.25914380066460474,7.360986691769771,53.57474753468236,31.191310177668996
11.637995270056715,25.837118104922073,70.47455793002358,28.006726853768196
13.354827179723042,-4.131423962419094,33.20667352661246,27.378813185546008
3.042521123091321,3.693565675561813,22.16184853085766,1.4672268873245855
8.485834819544909,6.69500933800281,19.782082588295836,-38.76661979265705
19.411008382165782,13.301695209561297,-10.760813860804912,-30.577127463035605
16.30947571761058,11.92865172074988,22.88657435052435,-57.14355257058985
11.980859273931003,26.37066540046416,-5.148290434530772,-48.58468634630479
10.258070412338412,26.60961945194363,-6.263950716531883,-57.808500502969686
11.751759163091839,11.417987268210478,-6.753512481833942,-48.274912728135305
8.983425240562045,8.718558896636598,-8.684273141586605,-65.73998062187
16.868765854822087,10.71510312575468,7.888449356199118,-31.735513370309512
-5.571772586905627,-5.297065865659696,36.898923225760996,33.01176573445976
6.252817895831889,2.9382591003767997,46.618220535523456,18.07795139681781
13.726440294709185,6.748207363251931,30.11675772352607,2.6218824575381765
7.889593908641201,-3.353966048048943,28.706126386465442,-21.370931275694197
7.889593908641201,-3.353966048048943,28.706126386465442,-21.370931275694197
14.160651987423849,1.9278071261281986,30.547240642998812,1.5033019133392944
7.556630364358673,13.884033504381886,42.31377507335811,1.755701686880979
1.2881971428301178,16.143442202513967,36.90514436670091,-6.594172851803716
9.959347035309651,20.319908333945634,56.12470362291129,31.92088289163455
9.426916450913053,14.802944770458613,15.312600516686711,-34.60915600756415
18.661987018982064,3.9418286389403807,24.559319596751003,-7.412249355546683
18.661987018982064,3.9418286389403807,24.559319596751003,-7.412249355546683
3.658784464188921,-8.948431282998083,39.23160060732119,-10.270173564774806
3.237752719149725,-10.635661330044728,54.8116661223491,55.15951616491931
17.39135805400453,5.168106188333316,74.08466603386007,18.536148106620445
7.216156216564218,-6.356276727759107,42.53279861183566,-31.176375472750973
16.72114679789193,11.844905421727784,27.521925974797384,-39.84605349590005
18.721370533274897,13.0371464897265,16.31531455138994,-31.619281706775723
-0.7991627239214303,-2.60694305307178,48.96439761444353,5.395836035463982
-4.6760111590024644,23.17811535539274,13.037233904971224,-25.38781995448555
-7.0917495653333855,15.34961781730373,5.417520119788587,-34.93846716700664
24.923701092675515,-0.9125315708894526,10.39977162311935,-19.081980418412638
20.214004745221118,-3.2014708189635646,36.347476682667605,-38.266307240999886
4.942704747882399,6.537965702669643,47.194273376918886,11.80527769197939
6.294980553140959,17.24505495165974,25.975661082645964,-21.094152939009675
10.324367276015314,-6.247281088558982,51.33477820686966,-6.406751703806751
22.28407787522468,-0.03187759165861692,65.28213609607997,40.10652287255726
13.397204809390916,-11.094489888926837,47.40573164907562,1.4813767010244305
13.397204809390916,-11.094489888926837,47.40573164907562,1.4813767010244305
16.45255039823077,5.954016349147899,50.411895119040906,27.841041754483015
15.684949765834038,-15.703711161019868,38.42439672396053,-7.5352885584293094
5.342539517345219,-5.36998410047404,51.996548119137934,20.434567330439815
16.079002032839938,-8.750688292274791,45.48138904962448,15.51892717184943
15.030950098111783,-8.12563478877941,52.41659394026811,-9.589319706568567
-0.22589981066573017,-4.807555639177892,80.1283654545959,16.596979518321003
22.697531991718424,7.632467679618369,30.32079822508277,17.24829099896231
22.697531991718424,7.632467679618369,30.32079822508277,17.24829099896231
-3.282233295844497,1.9748309618036402,60.02052818103081,45.91405187361427
6.389707563409933,7.626384736496561,85.31215390755375,40.06845265869014
1.9670597343179161,-6.739977847565539,53.83077065506927,35.65599476219248
1.9670597343179161,-6.739977847565539,53.83077065506927,35.65599476219248
-0.13316247993796537,-12.384583331599394,30.65831978491085,-33.15253429240053
14.441581209344362,22.83354804705482,0.6399550296863845,-10.027220948042956
9.460298592631094,9.530266051300211,11.90446677208675,-49.22496502234178
12.900492773742537,-0.497336025154393,27.209950835788018,5.618790975816577
0.46618617799781426,5.955104583029139,17.04067072139685,-21.481314815752512
23.982811509861957,20.718778962924784,56.279083754533964,14.221133378439527
22.958818932138414,17.88840855310838,54.03258897392318,6.449136632567987
4.143141780746569,-23.27898580364819,23.560293688573697,1.5494296171652273
1.059745858463069,-18.008636659808907,51.506849158378145,-0.2926347230513624
21.140125575923754,28.65231696764433,34.56897502352136,-1.6860467044592475
19.19930461990933,-6.23098783001892,44.60980838207169,14.460830119766353
19.46074097110693,11.444381685880485,30.876710913374424,10.052327688907685
2.668937908548374,7.321470117256237,83.3029963980397,26.055280535689537
14.02609241581638,3.693682563919124,55.410643934878394,37.72152113043966
5.4260144513753845,-3.8184873807428987,52.41312447547908,-32.82109647511396
13.056473867065826,15.02339422414995,12.27585581376399,-46.219110269109166
7.741377200154639,-1.5225183698959732,33.493338241779526,9.828975124656857
5.282653818864101,4.808251110228666,-1.0357286011373574,24.154084205485212
0.007354419526640399,0.37611528407641615,26.286161381502698,0.7576029891035141
0.007354419526640399,0.37611528407641615,26.286161381502698,0.7576029891035141
-3.9214550622360598,16.045899515974263,24.977101066895706,20.0104666704852
8.408559491778279,14.22617230043366,14.724195249430515,-42.78434606024589
8.62097000420014,7.4077011988386205,1.0684307784426021,-55.66612118891211
3.9246203691483377,-7.1069844892262815,25.046527204781885,24.407047495617547
19.119729344149192,9.596844650895562,34.761238592737485,-58.6404483673261
28.787624427678715,5.631016741320399,-2.6548676723846256,-17.134342993822337
18.190995421688115,20.350235436328088,-6.961022107095266,-23.61716355359303
20.24045130516388,10.433837811936113,-8.463137266989401,-34.71539905644714
3.442940680156344,-0.8617861419186076,42.193123121375535,16.636132124387498
10.639753645601171,1.790344379161013,9.296849800101395,-50.889436781596615
9.554345690354465,7.804813444012144,83.7979660956473,60.86201413813849
10.645021899015411,-6.6769247048333185,74.34605365572406,39.86196964664808
12.412341575371228,-9.886123040730947,55.36734590320509,28.71934153409286
14.785189630295323,-0.15438213450656413,77.85063422193288,52.551700513196636
1.2197415123805544,15.258953926105475,70.95517722127411,61.57477896783576
15.600631524774037,2.1402844415264424,42.10031416911169,1.1433448873138374
11.558813211554419,-8.485247894718537,51.43939086618573,23.920164013899118
3.660114197272055,11.846569808980341,70.62716268037215,57.450585893403904
12.355128350204877,-7.801605559930576,20.530164227834465,-42.56564190764399
19.535905082059333,5.0611859039304825,11.778520318762517,2.0745547438790446
19.442422129598164,12.082374831924774,68.50848378752612,-9.936506180005338
16.679111192580294,14.207241621482982,86.48999776952326,24.16207068963591
6.560380926563612,12.122630791686483,30.283147695500865,1.077063095518234
7.6481713175471535,-3.5304828267349144,5.673176929241581,4.410222689757333
19.82157742313939,23.820138559723052,28.35732784110746,1.634478681373607
8.882042706237158,17.09341137242256,69.92639580028106,29.52421213766972
4.583811500658067,13.413167824721201,50.8874596792069,36.922677826106955
21.72950195587699,12.99454483443575,55.12821798212413,10.591727825394702
5.857436062028313,25.052119582453756,53.45512770402037,24.92128334362671
22.110129234275878,-19.08689976685573,13.471320554485633,-10.720748259084749
2.1829735258191256,12.167300991073667,-13.870762167675336,-62.09288338232785
15.436195446231403,-2.828792203834449,35.09319529297678,-27.320771728943612
16.610599387087504,8.183437190647227,42.66158431302741,35.17735550391869
19.207774799242255,20.862286824869408,87.87164693928335,48.92518371131662
23.116426449602855,1.596502143437334,70.69203149699308,68.26109073865946
22.20147289655842,16.90677697509404,26.33500378303827,-33.026472845354256
15.833136715610125,11.550543456603325,39.47719881570701,-6.58844903648431
12.504330023442296,11.411367948144264,24.91655134428587,-35.75044274601238
4.384970474957534,-1.4821013164302927,11.183785600610431,-5.95293849160821
12.06106358880653,10.12722087387516,18.711553301721636,-10.777050982517242
15.544134934427914,11.03837290540618,22.60053606872653,-6.724588234112058
15.544134934427914,11.03837290540618,22.60053606872653,-6.724588234112058
5.216940583827656,-2.7843188375771053,24.169468705008534,-16.161074271302073
5.216940583827656,-2.7843188375771053,24.169468705008534,-16.161074271302073
6.083905309397715,-4.531146338407099,40.42107979452118,24.64462823196057
10.877203037299406,1.2849863359126203,51.659047244760664,-13.837447480782014
-2.802099688959629,-5.377930257536855,42.588434890552286,-5.531147136642151
16.571076361529705,-2.669755750354261,21.391626391584893,-8.5833577306828
16.571076361529705,-2.669755750354261,21.391626391584893,-8.5833577306828
-0.7715456384527748,14.787718131854248,39.37876321908626,26.921665871732657
9.203662662041324,12.58783734472335,28.90962515619139,37.16078821268847
16.1778651746358,15.155526708848367,46.54379684841376,-20.04296624365768
0.17953208026123557,6.910707674803627,21.78144968408817,-24.85052170391491
21.05127480979648,7.362754851224461,-5.539738451195627,-39.51791753082688
17.681748863103692,9.336571795428723,31.675065327132835,-35.528116773083404
14.024879415587844,13.981336018384848,15.910514702109587,4.406926844288876
14.900973023243345,13.047483452372202,20.890815462745707,-5.300842938177343
3.24013462089556,17.010253862729442,33.1682347354313,-29.819329420072513
19.526490246835863,-13.721199835493449,-8.83402933364907,-52.241956589011814
7.524234988528142,-2.104063551100344,15.46324041795249,-23.80026499862594
10.689920719667871,-5.313461551135507,8.099338962460914,-13.947261647623586
16.35794098969502,-6.124482654094015,39.12249530177395,-22.058536299469424
14.999613487256486,-3.1991258621963414,31.725581001013964,5.579360733066089
14.027500431935973,3.3347487708071846,11.474480827479516,-43.78673010484505
13.161302788100308,1.335169616127815,79.0510144604543,50.82256960181501
-0.3852780234596027,9.89503967158334,34.45102096688937,5.688203976369493
27.11292232439147,-4.134716105692965,27.869396556763746,-14.153419347815127
11.982278459775081,-1.0076436794320518,-12.114004316449837,-58.44869260494585
2.226907811674902,3.6485062006459223,63.47077314668168,1.142653965549293
2.3671933237170326,3.3154559471696246,16.544887351571628,10.308885478794007
14.951897385921164,9.896400617364824,12.702923562016295,-17.091123390472088
5.90135946257674,-0.17343300273680207,44.94037793227338,3.4391621717134306
21.138110530567502,1.0195401856667745,26.546382094747717,-2.478475656945287
0.38917166859074737,8.65082275567159,7.608365290620426,-14.382872099500199
9.38176648648688,18.299977200663772,19.66612308934269,-28.67908500307082
11.142979850945407,-8.623788949760648,51.47686939420887,6.464511379745207
19.065792085885754,5.56698799821651,3.9849637294558455,-16.055161347303283
16.609562443592196,-2.4074731440061434,33.590209401040525,26.69061581070368
16.609562443592196,-2.4074731440061434,33.590209401040525,26.69061581070368
13.276932553626994,-7.825841631756173,24.053712039230327,16.693015141239506
10.145120320827504,6.2743648563218555,36.10382578646385,-34.06287482374525
5.943559115512757,-2.3292663461918104,12.671906035043353,5.161238064239875
11.73304566029146,11.817353217597962,23.48016487726509,-16.085762716873372
19.780040087290832,17.614505838595424,6.5242903028966035,-24.05850670256764
6.602959323700096,2.1568822321304726,14.030941041688294,7.916009834076455
-5.152375813282835,1.6047801937036694,51.49199345464682,-19.263191969941527
2.3456108213548212,12.306729959940458,58.81505012509487,44.41646216794183
2.2365773951129384,1.4022472998932276,63.686085772383024,1.1132992208828156
9.657254649865843,23.82933341677013,55.85849082626834,51.40782607963639
8.892637177726339,4.687318317225275,46.53291396581885,-14.754652254130828
5.425138220704742,14.347871065142073,24.679380532696594,9.878847895373182
9.597354492850007,2.7457860324385193,54.14903830808097,1.6017139709291008
13.406830492579331,-2.988126994453534,44.11773323884519,2.1561960309374277
12.16081749769743,-7.825782694841835,39.658531616253995,-4.090473553158223
8.157210784182057,18.073545208256014,43.003401996695374,21.26226197268819
12.194168824330973,0.558529368459201,95.6083257839119,36.67699703467467
23.83705505036317,0.31758025090466435,79.11050661702937,22.750236231746115
24.124989820785856,-13.694543255273773,65.48846837192212,-3.131938575655372
11.922454346976437,20.314788799983695,22.169474437152022,-35.8169959123491
6.124991112106695,-1.4848335894893196,67.29172579011899,54.11708313789207
4.855878269411052,1.054382374798137,74.5102861753292,47.81336708999752
1.3418292390583035,9.053706167691232,-4.833332679797529,-49.093937159507014
18.3770869960816,19.672274748418097,-7.928357955072194,-39.70803162429269
1.0262491161426777,-10.516878600484986,6.326308504947068,-26.74422946662461
10.959605697771849,17.855158584227027,48.807605312931024,15.326574260630114
8.279527557397778,3.750410479406673,70.54169892115294,38.39304719121208
9.110368916868024,-1.1329857323932133,35.504892349888166,13.96184496444801
11.025724279602354,4.490899923636096,27.33665551416883,-28.784576279420094
0.7688542303561015,3.905634891891075,31.45898791496573,-23.78731915823666
12.026080492893207,-1.2806616326143017,42.20174063523728,0.18044677641343299
13.61797326005259,-0.3641022055460459,30.98863941133733,23.993430049122498
2.390346271106277,14.186472328571302,52.56355214311385,37.52520488185127
8.353799533301736,8.26561562165205,97.36716839756369,60.01634553849691
11.779245134958332,8.805515159396158,88.79370429965047,59.754127031143966
9.728450195563862,17.84668612031256,90.73757548340558,55.5535487793893
2.7291733273640055,8.632186107495004,-10.086579496496253,-65.96485834792252
19.74075456821401,7.499799156987563,34.31280835150314,-23.015038338321112
18.269017557059577,5.094445630448177,32.040292982757904,13.311033540288198
14.497633993804296,-3.449623201038533,3.5813756322989363,-31.920442237642252
8.099025470981745,12.803871716210047,27.341328786650188,6.714294118431901
8.540471619085825,-5.968057808369835,87.59935090682677,47.05037448393479
14.133255647650525,2.3715767220548374,68.34198743176202,61.537244077533245
8.042323913043605,10.08224267171911,8.799587438826528,-62.279997232362625
10.630840242994388,5.213913097402433,19.917891217955532,-46.40728119721317
7.288069403375772,11.185158759597627,22.848650444872067,-14.337684535814212
14.912515663652158,8.891882740478252,11.309831659502397,-19.958951063319645
4.7072036408010804,-9.947126192064204,53.71164849458545,-11.67196686609623
15.64795466717321,8.501791624054265,23.69489548567341,-19.783554627402737
25.222485723301492,17.194583020385636,34.18560403090828,16.504454265554998
11.429678811429309,5.093059059278724,53.36000476623793,-11.843448534419466
14.458206556702446,-4.738712492647773,57.05296061705559,-2.282023361479249
11.584652015403337,-3.5221683521798903,36.55723902304639,31.284116447239448
4.723376158265902,-4.615258969112352,60.688967627202054,-17.126362170925823
17.589306350424554,0.7634439764066201,58.644629569354436,26.675959211488227
4.19744743765494,10.009103201589957,35.89257973126529,-4.43861987961308
2.13416289859814,13.731636860145514,42.7491513928202,10.256319604431148
0.7781147045682784,11.900225390045728,81.79592265614166,58.89793486270107
0.9309833824326872,11.475940804363198,28.826850529814806,-12.147079898954097
0.3286733215105686,15.72302042848121,36.70908423801637,-1.6106046902348616
14.045156910006042,-4.474101776816008,13.317996782607182,-3.6951746548060207
-5.1527847810844065,14.641538405290877,82.45952116915899,18.27155035974688
20.95818103058869,6.981908580764694,66.71447383696099,39.60102263946225
22.624067298462737,25.84826797565365,51.56078839732774,11.073710208763877
1.238659228228622,-14.969431362185988,92.033284061014,65.39685034728582
2.7585568191118113,-17.298876211404846,82.70059292090295,57.96951801959374
8.423660085831605,6.355660425009356,67.55780427824622,21.545725721951985
11.673137574564201,6.367163311476443,71.94293391923401,26.678814246498803
7.97427797089327,-6.756085324560887,29.36218052352134,9.427400107075014
14.589029062386754,16.805438413449952,63.454352992987495,24.21742785551717
2.927111876216161,9.548011176785764,77.00263361714693,51.99790905064938
12.745508618587223,9.925938639843354,48.446317344208566,69.82093102246927
10.72890595019486,17.029247628929625,56.545284801111606,24.959141338025802
7.8883290866106455,-7.057874930945376,26.571397133296202,-12.862951378848633
10.547958195425082,-9.027344715230493,5.472249969095394,-37.39512250172623
-2.360383008612558,7.142710011257996,45.10573608449866,13.80184626131841
21.941177793471663,2.100735094251272,10.120057829793831,-15.284773722469467
1.8236153090319451,-11.293866343195846,20.756571355925704,-20.38246674781809
30.294846398396583,5.346874904855403,10.63026645986535,-19.386152309600128
9.464026092548279,-10.145305907303381,-8.781583220337252,-62.327110410254846
13.205948661840608,-5.371676673564071,13.270801708166816,-47.404136688677596
14.161178147131135,-2.715281711353341,12.292661080194469,-38.29625378071984
13.737563028894634,1.6716570653777234,62.616337526600546,31.559061512135862
14.149988771794613,3.1395937193243353,68.55897103304771,3.423625334499228
9.848449564427678,15.64508371246862,34.026235314904405,-9.224890934026966
17.145182272868016,6.886031138653886,37.02418887255634,-18.583068535250778
13.989371578837009,-4.976849185934501,-20.63891278150844,-52.832199147289856
3.622130842133222,-14.555197121031366,32.54267812132974,-8.04918211862315
22.639825962397104,0.5910045784235152,56.62586181222269,33.36089298760335
29.82770564389694,6.852298676198848,38.76725798427894,-6.155035845183914
19.43246667841272,12.240759567518543,48.41116382144627,10.814816100642542
0.09938033305138738,-1.7844611600096956,21.216700506225965,-17.475544320360648
18.47496700916077,2.8448719382153267,22.110452183112866,-2.6442818255340015
16.4507669846902,5.200686870432651,21.910382778638933,-1.342948068283277
15.010310665026054,4.747443839092552,23.513275062703226,-15.414142721045812
8.265827723093718,-3.3934369715702424,35.786171286373694,6.589989537216772
12.52957317194805,13.286679898499052,47.48609855373529,28.106406765618843
14.182666030555247,6.163939399122764,67.6412351732982,17.709405599368637
17.268782435305347,4.192290312089963,70.80702123047901,30.871588714128382
7.970269111160103,1.485997529871022,51.694378867117635,53.47429524346062
14.063903282542542,17.863272683851488,14.942440725224841,-36.869884637393824
10.05962728029922,12.501948197047952,25.755411302568596,-5.550720953208909
6.566643284967372,4.872601929168774,51.75818731101458,-11.41458360674849
7.062630348160928,0.12219042443990835,27.32124474412787,-1.3264428829574548
23.153438228422992,1.3663955819283267,59.24821370475241,41.61837777612771
15.554448938006123,-1.383733700633659,12.923725880441745,-45.184638960064596
16.154934559116036,0.7482064421645238,11.093154233381345,-13.297950333570299
1.4506040563360783,-2.2344021242537098,28.907771032801246,-29.342099869233515
6.486182180054879,7.891006582665859,0.9116780986768003,-7.708873515440602
8.112078018909468,4.8366112747388454,41.6523810262543,-9.245595522660228
8.40014614517272,14.234442284268887,41.874903856377074,13.124714614677583
7.257301753615157,7.774701018620187,25.77339847013688,3.318907032180409
3.77004951575854,7.8607217894719055,72.37674089322381,23.685683971866897
16.06677499120684,9.059213481042647,52.379213042029726,-25.062574413479208
3.925115171363275,12.374792612231168,-2.7302182261058174,-38.21391289011957
18.9109036323388,17.90201437301912,18.471751110999655,-22.672090771702813
24.891664512841103,3.886700418437764,39.107950106037464,-0.2227915303011514
8.29332935215501,-3.6140517356824726,49.18134954325805,11.811935128496923
5.265622330967047,-2.3973026333908685,11.671050692533917,2.332791380474344
17.306496726591195,8.069498582605547,18.26668394026177,-21.55174589222975
23.920153270240757,8.19860336688078,38.418714447723666,-7.646127037546865
6.181504866738548,5.137752729777449,28.557357872298134,12.997271082728563
14.614625981225165,9.989722699490663,45.34428270676001,25.778774936910878
21.982009708382336,-1.5881666331829383,33.63725218413812,36.65998715233843
19.867914578660532,-1.7259265485552722,71.06289009120319,19.628607789087003
19.200222685651042,-0.4398379706455178,62.249185645480864,14.445219525169593
14.089280998757033,10.106090901363618,37.59159960720206,10.33992421226933
13.03175654366317,6.569070364391347,32.391146154528734,-11.108325376513767
16.34084857991699,10.478419376428562,30.02774117386744,-13.69141096293773
8.216490342885027,8.722303823512274,40.96153259974591,10.486943459460974
9.062924568740046,10.653519750427849,60.431959977355895,31.06954889149569
9.810018745797358,7.04129820979164,81.61578073864992,37.930225351831105
13.510103183112424,10.275379508551076,2.5768778750912915,-6.061856285649193
12.010525249515583,-13.63534322194054,-19.344804602277712,-41.93404939781288
4.834616122403865,2.8047379812890494,19.372737509054247,-47.95418784889695
3.06758963407026,-0.6111911100492806,14.81637651238228,-35.79023058636649
19.930533285606394,17.673033312919955,6.630259010077321,-25.314051276136688
20.06154959351087,12.80090626560916,17.98479575778427,-13.794045232824526
13.731244139725302,-0.10476328398506674,33.078753404936336,-20.631955025811678
24.664644873905157,8.313109102351987,22.76452774345143,-3.7882942455395643
2.630617048021982,6.52542343939001,37.29093599843255,-13.20961014567447
13.44927034211559,-6.881815346419176,-7.152406251112733,-18.438246907348926
19.486793274163425,-7.552838224990137,20.21637035153942,-38.41240396864183
-0.7391163605133739,0.7220315531776187,19.064319529994208,-9.1052708681815
20.486984835256134,10.079250231752436,57.53034360062981,37.60669620916855
13.861250518564693,17.317049848418847,57.000547904066636,21.360716491683203
8.776444828170275,9.34200677669358,-3.180242301735202,-33.86843530288695
13.427660845018487,-1.3661521170913677,28.018903496693266,35.32320672110661
11.742528268066494,0.9328270672015151,-19.227040199663442,-14.252613326372497
7.96416100414834,14.646602561080153,18.859618585379124,-12.873490349360786
5.921759579608678,4.531792341210771,1.7377083236044975,-28.20510876205147
10.373508259733454,21.348487604092174,32.0832262059481,-27.71771769956365
12.230888214386695,14.998596276833187,13.283889128154147,1.1532425757967975
3.8127847292798416,7.286997451216381,45.6292922748108,9.937916432583688
12.706677540625568,9.199850442464879,36.26635617509928,-2.191624223403454
13.899274640587869,2.9733807250455975,12.592340612338479,-25.239567719230845
10.008781935629592,3.8703619456882876,11.372000277885407,-41.090854705794456
13.222963014108522,6.848968971044727,64.12020384131617,16.124651865289394
5.681514506613101,4.366635801430781,65.76721266138168,8.39029102421891
4.972132797271808,6.756852594206679,20.466010330767247,7.411531571149771
13.089970872906889,22.591470725736613,15.444633094226269,-35.3972658432248
12.042566998110392,19.218474225667137,71.38935253391894,47.33287643193873
-0.0716974842513265,-0.4094584927230276,61.237276957903305,22.98016395558723
31.542056070282367,14.792781637190345,-1.5060275030151686,-37.874507525901734
22.211309218670234,14.420635030842712,15.750620077002257,-6.010829225148953
24.97561563606262,12.988505978495374,10.8002767578919,8.772156709865511
16.331331319775767,10.764259991540307,53.62599895350225,-0.004074500083881105
6.098936863696477,-19.33035480195319,-11.485296878721122,-22.180566203029294
17.161107470004026,19.682390315999385,38.32088323143099,-21.83133938705328
25.32594566525854,6.573895962082929,20.02771533394081,12.735254345711294
6.266092328236252,0.3214147924853954,48.52114667995292,6.846818493106078
16.57231969482187,13.542861893917939,18.93035190922783,-39.06959976763625
7.731511740607152,10.657033518981063,19.510600220726225,0.7739120184723554
24.079241118294618,14.384032233324305,33.231209790853285,-2.0903863398206974
27.684850419827143,0.8925361883718654,46.53635624496169,37.97213606704445
7.533925962787613,2.6539527842289665,45.99654405850743,8.36290134181623
13.724225281037008,7.951461316581775,16.901447316539542,-18.29064146739702
22.550290236547056,2.6529452482060614,15.665889893077253,-35.493255065356756
20.32269431941942,-3.2410516410039762,7.527288530851825,-4.556206917427534
-1.519104389770221,12.42676986625646,48.66921542970181,30.320468701041197
9.252469632010268,-10.070873979651893,25.85834205929509,-40.02580347138144
8.604761093040562,13.46111346751817,11.732949942960678,-29.387207481073865
14.47776827132585,-3.632851757285321,68.42770390167443,34.87606243794784
8.103120326675139,16.827075488853733,70.30583045158406,46.452043808988705
8.707153370700166,7.1016848519637765,48.58342176992814,15.50512918649859
14.511031850529655,5.660537942003653,62.01624637214998,10.069012652680144
16.02911000198711,3.060840753147899,33.20173835955083,18.257932853181035
4.948260366671731,3.3672858055975627,31.8502838063292,6.668438307039295
4.948260366671731,3.3672858055975627,31.8502838063292,6.668438307039295
19.052854581432047,4.346602621609146,46.15352620698704,-3.600217081668999
-0.295727462268343,5.2486716853277695,10.07407744782306,-32.58774347078945
10.546475641055387,-3.1536083260424856,-13.33229290843961,-34.63343258045323
11.326031294361542,-9.686899504308647,25.701035427864788,-50.94187917139099
-3.70784127925735,20.54156403546586,7.860230426552542,-13.37017173972032
2.2103664140078862,3.698265493945449,17.895631050482017,-29.73108341171393
12.804725275821328,19.923420079783135,18.77685185221862,-45.16012967414931
4.790786593659734,-9.173528186688172,57.464288036840486,8.28402073850187
11.927490419331455,-3.489817632720399,50.63215590501236,34.51945412930561
3.629746346966211,7.056532619227068,76.49508931903812,22.08977862575165
11.528152805879094,3.3306900032656297,67.48993619004727,20.433654081468713
2.491208914545508,6.235989592158983,39.624863119207795,8.279125387568621
24.37149023765238,8.633356735135912,37.85134114667571,-12.090041323293159
22.571571425619958,-6.27468858120967,37.551957243213,10.651100751534345
15.931330796934828,0.6433555361969825,38.46666171759823,-5.383405006164519
2.624871304818541,-4.679576067334995,46.22630833762473,29.55636140772316
0.619483551087781,-8.778207951589081,42.188862507371404,-8.535276895770178
1.1895374897428292,-9.49656531031151,50.447579240418875,-13.086538176837236
9.153977869116423,2.619674355655281,34.404493559012266,-15.867247859038972
9.841105164143876,12.697881508778291,3.675558389694868,-9.324232898740085
9.841105164143876,12.697881508778291,3.675558389694868,-9.324232898740085
3.0342987074454584,-4.400184666828723,50.60446702312676,-9.216783450860383
3.0342987074454584,-4.400184666828723,50.60446702312676,-9.216783450860383
10.660021210182972,-7.018121900329724,49.30879158144076,10.779270350192512
8.158806308309298,16.331009288953084,15.9392280172309,-20.39617769699823
8.682492890353476,6.3719874976917525,51.85042753601429,10.109425191091841
10.754697551578879,17.817003916195066,39.19000447563595,-2.826619188169671
10.437112481248604,19.307459406341206,40.44516060848551,0.4089193740168118
4.724757441826762,14.273811832504943,33.5164963414619,10.269697867511939
15.648610370391806,3.9056603202064224,47.585857278518645,23.114071394244547
16.27199590519234,15.718293487053998,25.144058367512596,-9.676350608116302
10.168123813124708,4.931602788910267,18.358589704632855,-22.155696424193994
15.210993430448454,15.452143924393244,45.95749781352398,33.689781705289796
5.856357003764845,-5.921852580595251,13.579956695314166,-38.24110120040783
8.679515984686748,2.7026778685738595,47.87514703975068,28.79769776558275
8.679515984686748,2.7026778685738595,47.87514703975068,28.79769776558275
6.2141292024219865,10.697369863283608,38.33334229746756,-19.600476368929577
18.047950776924687,-2.4856198350552035,9.274336610480699,-4.70411118249917
10.027067400416211,-1.4239203896647756,20.551258516461708,-26.000302508869634
15.168705210249614,20.781027302046958,23.777923791755846,-39.34634152438643
6.978082731911828,2.974312348870651,-13.900342275218478,-34.380469066486114
19.009435577169533,20.041980510214106,-15.79745749508946,-51.55775080928723
0.1419462951651589,-9.533716168881918,75.51291350962185,60.32334509562159
15.902481102101714,21.2429847911011,68.56629617406469,33.53106171925735
14.658731629775277,-4.635931501227308,65.67739193555,55.0067407769967
20.33387333623051,-16.844331297844704,82.40887059158935,46.58031177493296
6.279097117999825,4.4425179684294385,-1.7478931848293016,-26.828273661577782
1.1452691390404706,18.67812379416307,5.124160091935261,-35.64793403202404
23.026674804630467,-8.566972061289704,54.30742518863229,-3.834066924603846
21.115700887029952,-5.281435825476733,37.8612686337664,19.321793808828332
24.403125949144332,-5.597459062526626,49.90578105747531,8.2678069379002
13.629688903572795,-6.065343883173744,69.145625235959,32.45498092486278
18.036661347716695,-3.8322960102427426,43.08993184814847,6.700575709666474
19.12454800156723,-1.407786147812026,39.426030679591115,-12.13644225538468
-1.5459604269971776,-2.1806099733532047,40.984642793004895,18.812725077690292
10.886912271125151,9.943169450069561,39.09228262132137,-5.257476678068944
2.603244924096538,23.997959119968808,63.51743759993707,25.870819872706754
1.787941722393862,11.564549558377216,62.870357968711545,53.044500939027664
6.907109153958135,6.216709978144721,95.14602885148417,56.810031305581155
2.64686181687072,14.85361219543734,78.861799874971,58.97844387333868
20.06102505640815,7.727660638892479,44.77810735638097,7.730667109719647
0.9059372466131723,-3.105740445442799,80.07102095408939,36.98517876080987
0.9059372466131723,-3.105740445442799,80.07102095408939,36.98517876080987
17.114236700926064,-17.19261039866279,41.72958144889121,8.579483224602601
15.962780651416155,-24.87980627431407,70.1354706731136,35.65442109287265
5.518844521017774,1.3933261755617288,37.88053527117026,-3.8988328499719493
-1.0519211658673067,16.845677838292655,35.345250202550794,9.803150795373805
17.978762350574954,1.9988318281863577,69.72180820415538,6.161041105133968
16.923813369345723,17.036949245436155,53.32920564357288,43.94249016059784
9.539034480819618,-1.1912899709305487,30.352058394255906,-56.34893269864594
5.017785488615022,-6.717710088130525,47.07360788274285,32.12991692904332
-0.3066201081494082,18.46075056742688,-41.42276484499238,-49.50212280093037
-1.7396360653029928,18.852152207913758,-14.693570246923091,-42.55027416582462
-1.7472912092235733,3.838493556404103,15.939686957458019,-57.49700589251985
23.941904703243022,1.1618797137530645,-12.276673032833543,-45.54307542253992
-3.291540581453667,-13.419467909795687,14.876901971033801,-7.245622448827163
14.19509051978892,9.167030080707752,102.20078329240795,78.14935818777093
12.198047165636032,8.546112340065559,100.31994716322416,84.57381892566099
11.706106071260617,5.723071834366617,99.95358897088562,94.79090767998937
26.685717699383233,5.928587101703399,121.84025746211773,75.85588896630885
10.984077477773523,19.091360763064277,65.79190627931197,36.44928523083713
11.88113463459042,-8.422763212652875,-6.01578494100959,-64.32949322673409
-2.8629996831843476,1.4916516771078516,-8.081009008871494,-24.612360617239343
8.585047606985643,11.037009274474372,-19.72643857742512,-101.9655652385453
10.264359402581455,6.490263148536165,35.30604125425472,-4.951593179744155
0.8640883936224446,12.468536748531468,73.26268312129456,17.72389328280131
12.931120830712834,-5.327973729716298,7.1267013032395425,12.781245848176034
-2.5323999305198077,2.662910852797234,59.14833813454089,2.9881629329560475
-12.18463101990936,-4.192098052769165,6.033272847307611,-14.930231226383007
2.8241988393942776,7.335155301416532,9.657976065624892,-47.35028218323626
4.041194296706301,3.824980009845763,63.85782669995373,4.837959421947517
14.807630590685324,5.947324366600958,4.950833028449048,-10.883918321466673
7.745420529466113,7.127495274777356,26.1379618821217,-35.74272421855853
0.18856105148413782,4.920823783178096,31.32115853757985,24.884446112685495
21.545770161802885,10.680597711407085,48.42972330895936,4.45277845454388
15.975826838305245,-1.0077087845790809,-2.646520569635319,-24.832808877127018
-6.6019683820534425,6.6279945670330935,28.996350364019058,-21.90516953717671
27.697371828744032,3.7467632897112475,12.732013388247445,-35.977117765825405
20.78532039846447,1.665889893984485,11.269129906116914,-39.66582669227864
23.034697686344167,-2.069135019167133,-6.048955480866178,-44.53087736642594
-4.195006525966223,6.223503121594209,43.52615355136186,11.875191030930548
-4.875490812560589,-8.866026742994308,32.308469785636035,-22.717226819816076
-1.175617235212151,-15.125543153843719,27.502947990844312,13.094786278223575
-1.175617235212151,-15.125543153843719,27.502947990844312,13.094786278223575
-3.7774040787145564,11.487211889097923,57.47592310405606,11.643122548027218
16.385677792711164,-10.10782820342759,84.66391579391194,11.59090460119237
20.726276739130203,15.869211724393452,37.088134405340796,54.87862707413606
1.074757343076005,-11.355219815614591,81.7384137402641,45.439552017328
3.1562606283078463,2.4691559907616742,9.504467146439882,-62.96520149484725
21.37464527293617,8.028768409725565,35.79219864603318,-34.43507817083363
16.602359405860277,0.77003148467844,11.193804420139475,-10.244121631448962
11.111374679010718,14.71902292950056,13.936831249582479,20.51955392765549
14.890206854022036,1.7514736124677235,51.45772986920677,-15.236176683788923
11.883726749659235,-12.531587254503119,55.50345910181273,24.027917808222714
1.059708094399408,27.125449178569056,82.15197255194579,27.2347512964873
-0.2135064248200269,-0.339863405389913,42.882503163250746,41.71803999088549
-1.9990250679853716,13.511015866918576,65.31725165782096,-0.16520390637012383
19.972974878834854,-7.883301873374604,52.568642070171066,64.7117826099559
11.921658995081225,-9.100304803345344,69.61937385140044,44.092724632171176
11.829527434591647,19.57827096681453,22.44160573071824,-23.675794055132005
15.352714487907187,3.74857710437956,20.995232560118595,-12.374127896273128
29.04910180057743,1.4651568991707187,42.87186389919608,-9.759531660199706
1.3619212161794962,3.2017777939135517,23.679961519592432,-19.366634337342642
4.58431305789867,-4.132621760565916,35.07101241868331,-43.42554857444842
12.331581490583915,15.301240551755502,42.74121900835382,-27.772223365642958
1.2222369882480488,11.731034869412833,14.221705796220366,-0.7331651060214455
20.1415581812071,-2.5897459126680715,20.844801414620733,-21.525128149085106
12.992470973208743,-8.68199817011264,58.502265188191714,23.337442848432623
12.992470973208743,-8.68199817011264,58.502265188191714,23.337442848432623
5.1077293378188715,11.074566293459005,38.48367733936486,30.08371623159612
10.368567643918237,8.313386630260498,40.53561605934867,-4.002371108961292
0.5365403368811377,2.5077405121425262,55.40454742764053,12.846291604838402
2.7036737330962666,8.709113249155802,68.21996815341824,31.866953744672568
15.248298376405799,15.645644101815094,81.09800496681585,63.967355040952256
7.914234542469281,-4.976417119361263,46.53439503725939,27.816597567433682
12.729725136171346,4.61546336618439,19.959754462784645,-68.86665915282978
7.903131466256777,5.308921802848765,60.950649471700494,-2.845713396449252
1.7739688168610241,-8.225146302112519,34.70631590452848,-15.469976870227821
21.603550245311496,1.6162600943857575,20.394928103279785,13.031127073282455
-2.19072163731645,7.875152776420837,55.23443656106706,37.07108699939629
22.234895694584736,2.8032225383531806,39.15484009944225,38.088683626265535
-1.5010844329381232,8.46397258932507,54.094992324221074,0.15475995576427692
1.0374283410953264,11.331839411580427,54.1214240645793,23.56666116306877
-1.0236906897639688,3.940718159789394,23.68351676407011,11.239724842662966
7.070696112817481,-1.8251350102278805,52.058504213412135,-11.456990200505253
11.907541664219885,5.441455440323711,33.15389377444701,13.049319776578713
16.230993271772636,-21.340944116195075,74.93997487183876,28.802327451708052
-2.973891842170914,20.34510588234395,62.80368932598238,20.614439110729425
11.597442273686106,11.652515587928926,49.138042619859604,19.43282876202421
27.069755588984407,21.07638622188996,28.337797198306223,-2.964938830573832
10.383470130214278,-13.5970854759444,78.67430117516174,6.309882667341796
13.397281814260278,-13.45897180629272,76.66947035002373,-1.8847256226995714
10.000968071875526,19.23600349389102,21.637467790903855,-68.87734930310303
16.95372267629919,-2.9477354397428073,-45.17162640040948,-67.82059916547479
16.294918800405856,22.943371922487966,56.44874781674344,-2.5857229517780027
4.847743340438515,2.492541675617133,25.48205925810929,-27.67294654466445
6.157126578858091,5.552809060483527,14.656760048426518,-21.73317101588522
16.97543331528385,-6.6348079050677065,58.59120752719446,27.346553905740922
12.541206425667745,8.70828255442273,26.94091284007147,36.98794357847706
14.559286990375263,0.28001881479193746,38.556827958932736,23.323438677716368
4.6419592698973275,8.884560955610038,26.8009611185721,24.673907056021708
8.236829198230598,0.1605414486709691,32.989486638657816,3.569444133355759
11.789265122872344,31.311470357527554,40.20014101106223,-2.7336683557647365
4.489099019328576,34.04900905940806,38.3158789049354,-15.95272480099782
3.231617140072059,6.020178980833055,56.421827986571145,44.90578289545218
20.747911824635207,11.68644717852306,116.21183901534874,83.3340673636724
11.71219588300834,14.750480278178298,65.59451727380522,42.744468839435044
12.20231108389506,-0.18187120652071798,-21.07751343932314,-29.676724696431826
9.203146519623795,-10.618268856578094,6.1220450344004185,-75.04103397543045
-4.917239457550908,0.09044107240995025,-20.073780912390458,-21.792866565320768
-0.03572432946703863,-0.6227731581101432,17.009173094115337,-31.431799645998282
18.970661543985607,8.522149637458456,18.46853421612265,-25.54545617362778
-6.160789156617455,-5.0527840669027295,49.781810872181666,-8.18141669433373
8.575957539596923,-1.9590179691625886,24.200952786684443,-5.5033364454543765
14.569329528901328,12.325909126196729,59.699622483863685,30.661252027362494
14.569329528901328,12.325909126196729,59.699622483863685,30.661252027362494
4.377627604009038,-2.3939690156910487,82.44163120282558,49.83814887825522
21.190335212419175,-1.6999630320324641,59.9460486806739,43.279552783602696
0.32595996345749767,11.665803384300707,-4.544851483999491,-20.914504388644723
10.279293944585515,5.619705446461193,19.860848908537168,-23.383957234703132
3.6075138049464823,9.303217203240575,22.40549091308543,-9.273653796560902
3.6075138049464823,9.303217203240575,22.40549091308543,-9.273653796560902
22.57263075940232,0.18189998412222508,24.868910226415938,-22.874980340158803
14.128180864891847,10.218477896891494,17.293131980455023,-15.275512282142303
0.896416473207724,7.270162294597538,1.682222676231322,-38.229516549310134
4.2746274018366925,10.397396748391671,-3.120358145952883,-54.47387461131111
15.819531408463389,6.681871991359525,60.47430973542201,32.90491468327233
26.23356915760151,25.16117880233466,30.32902044911815,0.9414944343051523
25.08614335673051,18.48501224566536,23.400335878215717,-3.3434929750505527
15.141518161881349,22.87202868261739,29.014811282139643,12.936308419190468
13.68110581545303,20.38462962103326,33.19754832457866,4.140116646962426
10.83805670450474,11.275446517402747,51.438565207667544,11.13235369264849
10.83805670450474,11.275446517402747,51.438565207667544,11.13235369264849
21.13558172578214,2.8867404120578897,54.81377599664458,17.707425580734036
5.1056734616760995,3.8871839154387837,32.783519610596386,-29.999249839966524
4.246687399627836,4.9103531339709,17.460661618119847,8.66914530205386
22.54063501510627,-5.762049329202632,36.97277231974101,-39.16895930243442
22.16595884506303,-5.31140108262849,56.417916361644814,42.34635149514843
9.734483752566877,17.25682851585082,85.61824433321306,47.094890911872504
14.11272581723306,-13.595477352001584,9.777272447487722,-10.40379817708592
14.11272581723306,-13.595477352001584,9.777272447487722,-10.40379817708592
14.11272581723306,-13.595477352001584,9.777272447487722,-10.40379817708592
21.28508473305596,8.651813339548987,28.038758546215988,-12.30181235440999
10.432569801964902,-15.819318375961686,30.571330329255048,-14.77105118119776
8.162631509503507,26.111081931271936,54.815462342530346,4.624991616273187
14.975086328015625,-14.507530373519309,60.38243957914317,2.7536146314650978
2.815387660396278,-1.6254390123229285,11.843813535825031,-5.232916569310785
-0.2801717111310946,6.94058190576103,9.069421968058265,-40.09432526602763
13.754807353749054,10.91716766940815,11.600962921139196,-25.394928538717636
0.12470913868582567,-6.101709816507353,43.48420172849634,0.4606733627790689
-7.555620912895984,-9.243823066594604,26.01242783161662,-13.805662326577043
11.06312846545807,14.664014706096808,16.144745390975984,-14.687967273794918
16.883464860984805,17.103930464896234,26.723373050519584,-20.624647226378222
0.9529802399660285,-13.982970306947392,-1.1483635868736448,-27.87465082234893
10.254606090085108,-4.613373016433723,33.79558771212719,-26.420895592329295
13.523465029198771,20.54407788691306,29.23555994333408,-16.08395783442797
7.9976524005566745,15.113668973659584,48.196763738497914,8.5598416998291
10.470195707810557,12.020437323195027,25.574063916565603,-18.25893030703226
16.229091673852096,2.3384364129634836,7.580984052551941,-17.75019788277166
6.516146272526809,1.237219756173227,-17.799707285535142,-57.2487876313494
2.5693556016785255,19.236759304674926,-8.027529811526106,-66.76597443122574
11.291311175840105,9.472045204760954,42.53389289847189,10.679654324681806
2.8060938578783183,-0.6852379899111583,52.580429255511945,18.97464631134939
-0.8572338649151208,-3.246444007266141,33.96764348285121,23.20246182270918
0.8427549127405785,4.178077594832495,67.74524820002387,23.073149939446473
8.517573860515103,-3.580731519009216,48.12993271800619,16.161344637634528
9.604484349028104,-3.319014076739533,15.48534144830588,-30.8892544004018
9.604484349028104,-3.319014076739533,15.48534144830588,-30.8892544004018
-3.501272461110948,6.335367216130395,13.147678026665336,-17.347407663107777
14.857659930547038,-3.7604501368932066,62.920659438312434,8.500100758409985
8.94907234542224,-4.338187636837295,-1.9408396060401927,-11.873189501954606
7.093902583170291,8.308720303882275,35.165179264521704,22.460416819579496
2.8911182367903354,6.099339642048168,14.689588374696424,38.731193643195496
2.2989600366203202,11.393040155002357,27.84925313035796,50.11624677662447
-4.373254503292244,14.181738343995328,19.473829755112817,22.543503638404058
-4.373254503292244,14.181738343995328,19.473829755112817,22.543503638404058
10.486846001980346,10.54834119153621,69.15939689350641,3.9555402332841005
9.147554729113903,3.730802866422207,39.66006550965348,-8.320834363356653
18.011813066834428,0.2506488313562527,40.62425838639963,2.839107119103728
8.802302774893239,0.4521065486481053,67.61579919546337,42.27289098679026
3.4658383632048726,0.5350644286183224,60.629646462554426,31.40258078985855
13.422703185826236,-3.66760130304316,36.72370067423053,8.570119278138908
10.877237987352073,8.069403126553247,57.20980982959699,-1.8676026871121998
17.115763763373536,-7.4739161427243594,66.87253081183775,15.43128092274042
-1.9505948228100596,2.8527863037644217,-0.9600708029522771,-22.74089927400852
16.813492330128216,11.952667886963786,34.532583690944,-31.558835056411183
21.13747489340403,2.917349022926728,48.24459799585679,19.719079779992548
20.827843082506625,0.4558253447095333,33.54677122383671,6.214307927071051
17.210378417106,9.822959050366027,54.588229758966065,21.977329093384917
17.14222618834466,17.2648294698583,44.00173094697558,2.580613526834348
18.03791163632691,22.773360036563528,39.93739443665084,23.59270013610525
22.6262849316931,14.990447365698058,42.47207016764361,27.606623810383788
20.855410059551122,12.238071135944462,57.78199566733079,-9.82872859789564
-6.433271245916736,-9.487109426749994,26.568994116470332,10.030159773901454
17.351226891792503,21.238536307065953,54.09448571908873,16.99254162741104
0.3385038778105156,1.1435966874506338,32.82367044158348,-19.231499566892502
-3.8095460495013476,-9.100130796294415,35.1471520039004,-14.253680750802772
2.5033651254171736,-2.4898272619632236,34.61421720432884,10.892682447938014
2.5033651254171736,-2.4898272619632236,34.61421720432884,10.892682447938014
25.203836474012604,-0.8707218605711518,60.25532133225633,27.701533721546312
10.579375798257063,5.576011174274578,66.66367959384402,-6.526254070621341
-1.0023899005240327,-4.515751012143873,-16.53954196794418,-29.70699663871306
10.738349081687792,16.57665559699494,47.17327211910546,-10.355831968214718
-0.8349336843370168,-4.058392125860476,33.04343494495759,23.728659000552838
15.013746273957718,9.818428267432612,77.78207039191062,35.59797249053471
17.23469327107677,11.994244123776031,11.693221556484353,-11.950503555527256
17.951480223344316,8.030609931548337,41.201761688410116,7.214492517670507
2.4038482375979813,4.834577339747138,21.072539216947625,7.303556983030752
15.264803045277862,-3.995601881242397,20.838995692510853,-39.44841034567835
16.03438781501966,-14.618864976099847,37.46719122236685,11.54341348727414
14.32495828040455,8.361934381486535,55.93650443516506,31.052347345813214
11.715108323164888,5.719454886368023,34.90836150930956,-19.99463170137865
4.1086532964852225,4.523700744740905,6.104232079746696,-18.356430782374318
15.385841701734051,15.230223313259138,44.09244317494209,-21.283684984928442
2.7662810348082054,-2.342345993715142,59.371932692848134,5.827518107209258
22.150584924444026,17.711606464813233,72.69309413305096,39.359186117201496
1.1439525437356348,6.180925452212609,81.2502027761713,56.15891075838423
29.12075766765955,-2.263288257788838,41.78846100247647,25.911004840025882
16.810897518678235,-2.232332974691988,42.36411303596496,50.31101576996481
9.117631943580797,-2.0731861592255783,32.45469429532397,-50.8005418127441
11.216477179849027,12.8317609824997,37.845395500165644,-12.54948910550738
3.0976256174950407,-6.182256606890261,20.036872408311456,20.86771252267814
6.898879775285785,-3.0993609775425814,51.715397816647055,1.2400912015477594
12.404246717165629,13.77842062858505,53.918102927522895,23.871666250108973
1.5694125685835267,8.892151559315328,41.05500599671343,-5.4485798409511546
8.640594150949843,3.2212377321577055,41.69382177331284,-11.094007901537168
2.6683233604626215,-1.0374617036734142,31.352668551175675,6.383479547455492
-8.683135528206737,-3.4475725797525865,51.68484346298453,2.845431889403278
-8.396425453686517,-2.9083351361565315,24.04881290582752,-0.5855767792841906
-4.985799715492895,-8.930595080593132,68.35208393554171,-11.061202369036138
1.4116147492829683,11.54015609828627,16.90167445534223,33.15131517661115
0.021954927435791527,9.39818524529102,26.87209683878915,9.296461883397647
10.136718139873217,8.630200835618771,66.67000201242308,2.745228644283479
12.85910193857115,5.045688636034775,39.1963446921233,1.26960728000887
12.141304715723587,16.282951396602524,59.22278764301308,7.707147346094287
4.478288941846248,15.275628031316645,39.40405453324428,24.94623434294919
4.478288941846248,15.275628031316645,39.40405453324428,24.94623434294919
9.012679226922206,18.688905752389104,49.25600094652414,25.9359011084056
16.383840295328994,27.199885942984785,40.695234421671415,5.131904294161366
13.992131720722004,23.94310037775263,27.699471457581442,2.7627532588970953
16.033091310837932,25.167059130317554,33.534087739321656,37.33769609651079
15.993568817137291,-14.547822626544047,45.085496436781824,-6.410744285050927
6.784009659373119,19.089947217654164,24.39777660960465,-40.91494997512267
16.83861742209572,6.727618889051078,48.463739773335696,-17.90514121720208
2.8561740895545413,1.598133104885532,36.110927604989996,-17.630133436398772
2.041459550162365,10.04366753284206,81.5878487273423,45.083270815586985
17.041137909895497,18.021853212872,64.90848274262473,50.03236839824332
5.206036627229157,19.502068552507914,38.697813303848186,7.113600452088342
14.047890196018049,5.527690645690813,52.19525686871372,38.68755318091683
7.414583926034494,4.273719076791742,-2.1251356649920474,-42.229970570185294
12.701519024287077,13.714757752798949,2.2183000786489426,-36.99926637867555
12.701519024287077,13.714757752798949,2.2183000786489426,-36.99926637867555
22.10150458225642,5.076534449275546,-6.22333376843209,-54.35873415000225
-1.2841633251814903,4.3637506116942415,36.67184769714493,-3.3508387618102873
3.679264415087734,-1.277256770081408,13.681183004053121,10.082830874239736
7.029651285522318,8.993648262947367,30.86539637194188,-41.98165141384118
20.83313371099735,7.358070413755347,3.170394424891434,-35.01883828597747
14.412199143469692,8.527235835246586,-11.81453882568331,-23.026572128820884
14.965714166735001,-9.995011459469739,71.84983300157089,9.249528073494176
15.27472731071943,-1.5054656576447698,77.349471103761,33.86300514544543
11.269059793251845,10.06843357457284,60.30868993304368,6.9972238833221425
1.1881408657001926,1.5076768253306776,18.818942131546603,2.838236867346434
5.025027258534955,5.463505611061052,32.387755988369186,-20.482051820899226
15.817894053190486,6.298260626364403,69.029361989618,20.809911927833294
0.8412885453555976,-1.873392326309439,78.4018519497945,33.09680140799806
15.115689440984358,12.45081337345647,-3.021212344951544,-55.85450523859185
14.693346507255466,-6.607568538580994,-5.58584604560647,-52.134450103967986
14.693346507255466,-6.607568538580994,-5.58584604560647,-52.134450103967986
10.630790297010785,2.316570056103644,16.735374379170235,-42.76196410315026
25.074212101088296,5.984006472977958,2.049370032437416,-49.14074912619949
-4.592770928280816,4.090650906760356,57.8834122079102,27.241232608249895
10.900069205590487,1.0064055261422782,-9.291224612327817,-22.43189233089871
10.900069205590487,1.0064055261422782,-9.291224612327817,-22.43189233089871
10.900069205590487,1.0064055261422782,-9.291224612327817,-22.43189233089871
5.481007756405813,-3.4327380513850025,25.146536817078424,-5.0614088616540585
5.428025572667535,5.61840070742273,35.03334949773874,-11.000808629493248
18.63514580964277,10.166740088275596,25.7833323954901,27.6486971117991
-2.261505137390752,7.505364618974063,29.177187464699713,-58.62334329554342
18.471477411841455,2.9104387219045,32.54820152613923,-25.50192614854849
18.471477411841455,2.9104387219045,32.54820152613923,-25.50192614854849
3.3385271341150213,6.836959657606671,25.612872224306415,3.032707650888721
