Measured speed_t_4,Tº motor coupled_t_4,Tº motor coupled_t_5,Tº motor free_t_4
-104494.69021009371,-0.6689678606338052,9.101411262915077,-66.62344422798401
35251.77482726108,23.30042890775805,20.79792837495641,41.09279747978522
-117034.26547560297,9.196375309659471,-5.668384649858158,-90.05742916032733
-186208.03226857854,5.892807849971981,-15.086526007248644,-114.36564210367146
240176.27753639693,4.000459994158337,37.19380223197599,122.04701705459823
144423.03644839703,4.0356255462472035,30.933854130041126,103.56434181468835
268105.15242004214,7.018116459336854,4.890810427448633,169.70378633757448
296334.9553277621,6.010485007635807,9.056568373776273,194.01720354579896
168365.38887298637,3.9607387262872034,20.4875404153958,109.94772887342343
-24843.165145457227,6.65955676438578,14.806768525135775,-3.4191854699297393
-24843.165145457227,6.65955676438578,14.806768525135775,-3.4191854699297393
-3236.0753589425576,12.880946796427617,12.13001557385199,1.6821958579997194
13563.209076856598,7.583316338438725,7.395913716567044,24.309330391753036
60962.14134625696,21.64369734160975,-1.3149557692106713,45.3640404141431
119857.29991831098,26.98926576294755,13.0756079883085,91.09484544568014
-124052.56614767617,4.406309987645197,3.2965951216082656,-57.82047057396353
57858.35246859722,0.5930408036312755,9.817348619454886,11.028565938372271
-258666.27425658642,5.5462361158773374,11.270501575468135,-156.8976780249637
-437173.07758470747,5.006889381235271,7.2351589991900696,-277.529426189207
-118026.99544556122,7.759250049170851,20.254598551244555,-71.1415889352352
-30095.522685795855,19.029211476756554,1.8230205929669498,-6.759526591689594
-1334.8373753581259,14.498311584608654,11.686726562899192,11.151966138084427
334163.69496634934,10.096418372063217,-3.770470828236702,219.14211593641474
235575.4309236478,10.245233424933671,2.9765074480156635,134.0350887421841
201216.99065833553,13.22173837343237,9.231230036301907,149.05339762806625
149637.11851572566,8.423677236919886,4.260023589830751,91.24326201995417
-145458.40779068976,4.282463181200644,15.148984372065781,-95.11077302536313
-182463.2486217426,3.8786754503638345,15.88757449258282,-99.94821007329878
-53438.011243896595,18.459257531092188,4.620217908838835,-0.42132135016371564
-60248.30814249524,17.624249655981586,7.843819464171918,-8.956683928754646
-133282.9758742186,12.962794016360634,3.754671310549748,-99.65668348300773
-40833.92538029355,5.817241980258502,8.905903697428966,-3.42754627517121
-212536.8298760748,4.472891017488455,10.3225081725704,-141.73083257749
137540.61133043034,7.00570824068009,12.565344705963161,82.04342528491055
127127.04407703859,12.69451417245352,7.64316460945203,88.14930695433766
-104788.93346111992,14.739769840978267,14.160798684629851,-52.41181998540777
189843.19033293618,15.73524422135479,9.196160908880817,132.487637542831
154033.65371785304,7.794532562714783,21.580622180463173,87.680242312188
-225183.37101771132,0.7057237161557132,16.625414632224746,-152.85763653600281
76191.54315232865,2.085860116671191,21.891158067616715,42.24134577141693
-114519.43807572893,11.728326180265013,15.603006467050388,-66.46645547080125
92303.43917258581,9.121349219349343,12.26997232386768,61.29388176975553
300799.34005528054,11.513529105174213,6.355448721027534,198.96197371548215
253418.70715376345,9.282249261540285,4.2341410121210705,167.06557344621177
6987.931461463431,7.725086374551644,9.95656811449441,9.68578041776668
48211.69820285485,14.47963330821794,7.0277859011109625,43.179497526133545
1134.700804726337,13.996002098201437,6.837698229635031,11.101187410825993
-113587.95316610284,8.984547685463161,10.565422984111144,-63.94844173625972
-148163.23436658084,8.846054517834153,8.873805762471017,-67.94132346019062
138267.66553874387,2.271972873585957,15.464916538879432,95.42993146713516
-49361.596170371464,6.046256623598397,0.9075672532588822,-15.577094956355134
84515.52338057487,14.034509850042875,4.365468448896274,58.88963100902294
100337.25162650473,11.761413621950398,5.435838856393059,74.20509686999765
-168638.58335789107,8.853760854083058,12.460765125302686,-107.57001963286544
-90915.71223606271,6.872340431582009,8.007596183641349,-59.61996852829696
172395.77388594195,12.223174405728772,3.993502106433403,119.09566539229314
148478.66349856186,5.897301042441032,4.637559356544774,91.85837333319246
43428.06759478716,7.094278067018564,14.554451313919602,25.049114424606756
55466.15349581532,7.094189841938818,14.482077030933043,19.1678740641802
37342.139865730525,6.732429277463041,14.653579289716316,38.57518762589784
211065.82571700544,1.6081882355232446,8.549774536041744,112.43146009598607
-37748.7856803629,1.6625644585130428,-3.044734085933024,-10.307957041607008
-276284.9426787846,14.326981619856683,5.993368218442803,-173.58532154128423
-36119.426487178665,3.030000967077281,5.97174579097893,-26.77142082143838
125649.53373887205,-1.0142127690164786,-1.3638931782060526,56.99507150256724
-88316.18917914506,4.251564826139761,3.1976458219089414,-33.72502829879317
-57153.63906999666,6.59166412992409,3.4460938646648827,-34.820986303702696
33332.278104206554,-2.6219980952684887,6.176545296082354,18.64544034348086
73003.21565369547,21.59281863980227,12.49381507049096,60.01778751379266
-26062.62811001803,2.3793346290518413,6.244259974743182,-3.77912072343891
-190054.2305443667,9.062406748852695,1.4375964103652468,-114.21228434096246
-327268.11449228687,12.050703077868862,-1.3401588896138599,-180.6464413026729
-146099.69580892473,-0.9224590257438459,20.33838413575015,-102.04294876802761
-69037.84438132495,-6.065515597661564,16.331559814469294,-57.85053869847103
19087.78785050934,20.238477706484986,14.391189753214164,18.750042645877194
95304.87935631479,14.613832443555474,12.635436628392661,65.93594610915794
210224.38052043808,6.39706590507987,-5.638602789036631,147.36397389307578
214005.9074972348,6.444591014072875,-5.552523237274959,143.54238984538077
-241931.22596183946,9.547688960436261,5.427131732375794,-140.98829143807018
-126868.31086500437,10.795448872213855,-1.1898437328789644,-72.41512525433939
-128117.84896452613,-5.112463938107535,5.761394192637701,-86.43378162424148
-87801.12774113282,-2.5418905738272723,7.31060893393777,-73.28962821130607
-87801.12774113282,-2.5418905738272723,7.31060893393777,-73.28962821130607
-37585.80969825739,9.19742026512715,10.314044552328145,-13.867445724122982
-65437.80042808538,10.379306673669852,8.439129086947617,-13.866213072273933
-32426.00112753871,10.999951302120586,9.612945227040537,-19.407238882410432
-26467.006379776234,11.759064202316223,9.557146338332956,6.560747517181854
-133135.4519444525,19.096156037599297,11.67938659147226,-56.72161626908325
425505.52260503476,12.350692419186773,11.951121607959642,279.1513272136666
-205347.65200612828,21.632552512682935,8.177252865802451,-97.07449146966013
73242.19989805044,23.2488781177325,23.38211047570191,60.21197218601533
-320141.858603067,-2.761627044101072,-3.106415313278974,-187.80383649319555
-216911.01460666765,-8.344951355044723,-11.620939848454945,-164.94088863201188
-80462.01059911352,14.248179935737413,28.817094019431508,-26.91106138328394
-91099.9333138843,10.199439706967105,24.42285898632642,-52.12473930912084
-76526.63430039451,2.5990599707907536,-5.608986228740479,-52.63600058969413
-90466.56069762034,8.518680286187486,-5.359072036006363,-45.060723554553796
9275.275923969086,7.108170873237926,-3.978606487592326,15.493270730687158
-73868.76560291542,-1.9912872049587214,7.748163664723615,-48.4076237394038
6620.66606712385,13.398109920974674,9.376717578857882,-8.967326332557137
176795.34938795754,13.188772011024243,10.222613489319102,141.1066808375785
182410.83347864996,13.037148866629122,9.73034028169533,132.09750411687224
-16390.871902222778,12.898960399165771,20.143586857379724,-13.755049697527255
-97873.2485425751,5.879559639097931,6.955095348367573,-69.46318647463087
-15992.403860030816,6.202558781586308,7.525755190061201,8.26978544153128
-160626.50690932962,5.937939890359815,15.806427283468551,-106.33276046890134
-95131.35553162068,16.13094498551023,4.748856817656934,-31.485102296476093
-82145.13086927036,20.222351540298344,6.595823854077764,-44.98074182243103
-99465.01082749362,8.404736896531402,15.20836660915104,-61.65127085518233
119388.03694332176,6.665133883413177,15.74726873961651,72.64639743823372
-177766.83891085073,13.389605702092942,3.655588190179134,-103.25630286640617
-195847.72536736235,16.74636328511594,15.606703111536248,-114.75488142276716
-391079.2123046508,12.096871165006595,6.098151114851759,-232.926170053247
-327199.2158023515,20.997099321443258,10.256054566640538,-185.0376589436845
-194425.0562094634,17.632438913832182,11.20453764015213,-112.35861839317279
95957.50843020642,16.81234656244979,5.443946356793285,80.15406671500293
117529.17492098118,10.895667736880604,8.085268420460668,89.72170971309981
-93217.8907325571,9.304274970626137,13.21558181335722,-34.60460407707258
-2705.0262849982355,8.74199184992269,5.950003361724474,10.905612685194596
-65650.51220926827,19.821667856131768,6.257919913455579,-18.7009941308215
-12574.526217474975,6.110540003994824,12.20662483756975,-22.182763897716615
34612.529761455335,11.356613912887433,11.315266335655775,13.607930095187323
60481.45308203525,15.964866590652,8.169984731370239,37.65814630011124
-15832.454339832479,20.726142727230258,12.74561608825141,-9.834284665105278
-30413.31288963893,16.702106504918543,10.977851453595047,-11.06459861108495
119045.26954831283,16.600966425749743,7.393313863546496,83.67467444238217
-94680.3657897183,17.80739065507753,5.510867503858385,-45.45768893243303
251291.61940996192,7.110206396922682,20.496567738136736,156.21299224017895
-162163.5701534851,23.132245586715186,4.273873377405728,-61.72787664937945
-162163.5701534851,23.132245586715186,4.273873377405728,-61.72787664937945
162668.68936500658,-3.6881489546231987,3.494039782225785,103.16299781653619
81399.93552074055,-9.235735114375515,6.28589701654064,44.81707842133512
-155877.53403637643,8.124395608339197,4.805288614411458,-100.31463807089267
-165997.78236770877,9.083175376643622,12.318892905030387,-101.67850903286472
-73775.99897061601,22.17888940198865,10.061482044541243,-41.395032059066516
74416.5833375122,10.80841513809724,15.473135824566672,52.85627061721335
430529.2512606467,14.841098734281527,4.727506375875935,282.72768230332355
570589.5879086065,8.132553287426266,14.173089454701294,372.59525893721326
570589.5879086065,8.132553287426266,14.173089454701294,372.59525893721326
-333655.40529840405,25.39558117635424,-3.209311369141343,-171.9570549710923
349902.65001092176,-8.526463229091718,6.149488575685999,222.60602979513212
-221960.18214151234,11.43776775805939,15.858717453595727,-117.98739802962052
-221960.18214151234,11.43776775805939,15.858717453595727,-117.98739802962052
-95784.79440185399,8.77134418190498,21.66442755177134,-74.83724476635992
-126914.58596089121,7.9380366344424385,17.602626593339778,-88.52606908323624
-492684.751788595,20.151909414956123,10.391891517002275,-284.5225736890567
-266548.0857424544,14.949980529620436,7.163785437365026,-148.29783060332934
-287263.8802652607,16.451227753919472,4.2369902101271,-159.47359688906027
-130614.77698887768,17.654938269378714,0.4881968950416342,-74.2308268724158
-135001.19004655728,17.937129690838702,-0.3168835093979,-78.11485409153337
-19627.761851014322,6.869038939661788,0.9185909672820002,-23.19543196705037
99035.4881119047,4.132171220736561,-8.0786487335247,53.01773854197163
399418.267252723,21.748296012991155,11.809981812273952,250.73330328020836
405341.9568289518,15.937703551664013,14.359101035765072,270.3373002161169
393110.392963777,7.124131338518729,20.903055982369526,242.63538074353497
64471.0627647085,11.404252676115046,-5.7052628697362024,51.16154881164633
-87585.86409464965,19.561617031830274,19.620486569808836,-39.77350815211756
138141.31272955556,2.7347439746420616,-4.022827724782354,83.23868691081498
-100359.60196639928,11.118979243907825,19.113154609948094,-56.868348901138084
-162930.85097085978,11.094898588567094,6.737258633181039,-78.85044157541203
-99275.70736751043,-3.0033683342999002,11.973332027296431,-66.04883893303678
112392.87607793031,8.121249971570116,6.387905828649216,72.35444458128705
-92576.96627045829,10.06843441410617,15.399244667350255,-51.02805242919665
80741.6867873029,-3.3162399532177176,17.159158964127606,36.95470364483485
97679.4518428435,-3.2840582214343157,17.403084205918866,26.885887615446403
47704.8605579266,-0.1747169764876778,23.21188495084884,42.4784522031515
-67856.6929368443,1.768116074710869,8.017079170702043,-49.975892410916565
-20811.46113419225,7.644509704388528,4.734721935815025,-32.68709461431009
-147366.2108975619,8.286513156172681,5.889279621466835,-88.83506504989268
-10202.286834146893,19.280428351694102,7.8330124938313155,12.043648825169306
-22660.944901625793,22.247209891169426,16.157858385148064,-15.103742469399913
-161108.80553610035,2.821233471432302,11.375348904644907,-109.04816371236406
-87389.1009929644,14.115905176038291,-4.191194383717962,-47.124545480391895
-1848.6359004435544,7.650845910498603,11.484114436736927,-0.2888124495147588
63787.269713705165,-6.1211292136184285,14.140679487089143,45.966948056757715
64397.002763554476,0.2642701366413346,18.381894518621785,52.08940485714808
-317632.26166536653,20.896153211197557,4.126750599334471,-200.8400615350644
183003.9069414415,3.5842932308898354,16.95131280656526,128.90671685113597
153060.79267000308,0.13313736552068117,26.56311694202255,102.03026773006106
107657.85467735706,-3.9981026256108914,26.0943450603807,53.395697094211606
-273471.1900677023,12.064845677403543,20.069646344042827,-193.27169425081578
-134788.49251516687,12.926288394801606,3.359647159463387,-68.51363368534199
-225120.5864932345,18.737575751153592,0.050437973741927766,-126.15993364927728
394916.90018997784,13.228729054661827,8.653435532748505,255.15067791670953
309611.6963713064,7.354366119271183,2.675776176268532,206.19586445502196
-68369.27769394952,9.443017886977882,13.518216663245925,-36.98468435961337
-47442.88273840393,6.1895468027626706,11.378086318219138,-31.971230339934905
97059.1415505045,22.638452239886895,1.1111900526448024,91.34795956872873
-5830.902768517497,26.13467791443395,-1.982124377610327,15.459187542356593
202246.73006250185,-2.5141932897326913,20.52917561200234,120.64898941903691
302672.4359575452,5.55145333028989,13.495990770375386,193.89843242108586
473987.9060173494,-2.0037864948408046,6.151322827143463,283.0981648094777
-318292.1331344877,19.73138258514881,3.2800799273669465,-186.25366152471116
-327420.87279520754,16.501899520680144,4.119813715435839,-185.1677893862995
-339283.78223413404,12.378785671459449,17.94050156780787,-202.29178363719814
50990.314352556976,15.006129253083117,-0.08277807468385964,38.245128300780664
-167443.2236301112,0.81706409372954,18.694737710734366,-105.69605727893567
-160431.8726393156,-7.204049715717736,-8.947319083415767,-125.81423561622667
118483.14352789402,14.2863100431034,-9.937282517862934,82.50053616969711
385335.1214087377,7.745743216165248,9.891821797856137,251.77615936321578
12816.769771959413,14.424051982428962,8.744621130801093,-1.1029862811007902
-71998.98345594856,10.97060502006111,18.065751199422504,-53.725535435524165
-110150.08582810838,13.084248452369659,2.4472622630409777,-58.5064477202047
89031.59744720235,14.335748521317006,18.287601115570123,50.622286424624434
218923.9047635279,21.184107575096068,5.43574697978665,166.11154693283385
218923.9047635279,21.184107575096068,5.43574697978665,166.11154693283385
166442.61458214535,15.176502422961429,12.106836143264001,128.15780939898843
26472.344179120177,3.2449682891422693,6.572917028222959,21.978528317108378
74060.32920710927,2.2356093781742605,15.756804173011561,50.65446218197833
74060.32920710927,2.2356093781742605,15.756804173011561,50.65446218197833
59662.17275713933,1.0800338867412669,24.66770998907485,41.7941242315001
144079.943282108,5.919334488886319,-4.406761206209021,89.59039873063345
-29745.146432426536,-5.858314624883391,2.55489819221731,-33.8573914580005
479593.74056362914,-1.0499996248703045,8.300605610400927,285.25809536870815
373105.2776414078,2.983131277686675,-3.8641005154031514,254.75442417190683
330300.4361954185,-4.7413205845203095,12.628603831004169,213.49524956993682
-135274.4406188467,-7.110303585202928,5.479992467137552,-117.39895281220382
115181.94512031674,-9.0326661117348,14.270613255637532,75.21232566032889
66547.5250808857,17.416023182271385,1.7137566677912326,45.428279501794705
238619.1393991938,6.167977712757318,19.987916793043432,146.9571081498125
122882.24156173527,14.970826064231591,17.83763294963238,82.77946927942398
-3728.780291658065,2.1405120559232342,-4.969654902484457,1.9441750229423107
-67342.85163851677,8.641654713573834,3.0978123289986943,-51.18699581735844
222934.8386035751,0.2202823697692659,12.375791176590374,149.7081405371516
136169.4811268524,-2.4556066913150496,6.3762214582355,66.50177959111844
-181304.72063119418,30.711844167879118,18.246611772271667,-85.53020527997258
12749.98306060782,3.312799784944542,-0.13911365972828604,21.676867557581986
77940.44640372472,15.890122486484259,27.728954807934713,68.17877057066113
44901.08775563564,19.241036831071703,22.259067312670602,38.944466093883754
44901.08775563564,19.241036831071703,22.259067312670602,38.944466093883754
22755.119664313745,10.694673352575194,15.335949095086834,19.464490407516042
17713.186637494884,6.077328176936415,19.31784273449206,7.944502196883405
28030.9965494965,4.831806962230871,19.24365994256689,6.476043274588676
-273381.6988502152,2.557539468833891,4.415883980774197,-190.54340040753905
-257843.24943970604,-2.128136476304738,-0.9097842509953835,-163.50010860990338
-218748.84095991147,-1.8040858281233747,2.7880161108640626,-136.99918992574004
-189227.8752632688,1.2512593057180603,3.605088109913648,-128.22322675542927
-5903.344238396152,6.363613346857966,6.886612366323205,0.29208617408182747
-164887.64536152274,6.093699378328797,1.2920366986589253,-99.5782429796217
118820.86802099292,8.75595583964904,20.311397964026465,58.36998692966689
110090.31437325053,14.259109455381514,3.153770231586282,101.04584236897053
-57653.231296323924,16.16861787148958,9.516730005092315,-18.78657213273557
-158152.3839894964,14.94372971335,8.873032900279718,-84.1700940317158
-190255.0758383537,10.88064495389025,4.267125164084883,-123.61397543778756
-95451.67368128209,9.680669825988362,21.71512874570639,-73.49127110401405
-60477.50804334151,9.75272597283179,14.999927017422737,-19.692736609768026
77727.88379704505,14.58637935999149,6.069234430108196,54.48684048892314
-37453.10955328787,20.940723982264892,19.467060798660498,-18.729589629994138
-33421.66715388978,24.344024624828297,20.560511101936232,6.49794381253506
291686.44331406633,10.11994858246597,1.1811277455699776,185.68560181026774
13836.061326541116,5.945761791578443,10.452599026676516,5.427375545917133
33129.7938223183,9.36792705376658,1.2605023080125375,29.404024937563943
2526.3100403885965,8.772950522251934,8.772265035463848,-2.824265673975672
-23946.906854658475,8.22339613191956,7.128339297941199,-17.62303317648586
50668.48053397372,9.724919073182766,13.264457494305674,29.397494070147076
-47469.733046667774,12.483947635995833,11.69586847408287,-24.518740268950836
-49436.22630839815,17.579735077034172,6.354193715760151,-15.935816046554086
13983.88961355775,11.638932705499045,16.48583325298118,12.307605398236696
-125273.94522476646,22.23322537756338,18.827251436653366,-60.89211012538635
-91465.77556050188,4.740435648750922,10.750117522303162,-64.2904894554426
-54770.41143787066,2.2342994099941986,-0.8064959269059292,-41.40848155010303
-9048.494282011558,11.691331174502317,21.20937036935004,-7.65544424192214
277001.4508502226,9.562897632817977,6.567282765168845,167.66263335231227
285972.06009890576,10.58541111448149,8.622030553036932,183.30622733873997
-16238.878715107563,9.437370776097525,9.042455976106822,3.0774804448963735
40095.96463623586,8.614553990317686,7.7745676911548065,49.00406684903166
-34928.42659569738,14.099586704597293,0.41872329194620583,2.2513748110304146
-184462.5091277255,4.3407667825693,20.328928790028385,-115.61932870495849
144520.49445251076,13.87123185005082,11.150396871779318,98.845280046326
34764.549442864816,24.602716699203825,21.0474152611052,40.238980070318455
36338.25010209915,25.929218739060914,22.039265309423104,30.398470089876763
257748.7715653901,5.9892943899786175,5.946470269962159,159.55030670232145
335427.89124982274,-0.12802595056667238,19.415364858560825,189.13440342575666
224971.3745621398,24.21037904870081,9.570631501324575,172.2937551341792
146620.1837213119,-2.5135056566513208,19.584962389743605,57.52505738548456
117447.20696841182,7.617765161414685,16.853130915802755,61.673069986031095
138161.95851372424,1.9483193097172915,13.678660964769314,72.74417127960257
297213.52733375697,15.951157466602407,18.01077936395296,173.7689586913867
147151.76559128004,19.685818475416227,14.6751801526699,115.38659941652924
147151.76559128004,19.685818475416227,14.6751801526699,115.38659941652924
17085.599280368493,19.418911407113193,11.447324139344634,33.788055932343596
94873.75481641793,12.638234516719987,14.883435349673714,57.42605622368592
131285.39020447867,9.45876420194182,0.8836490014263727,80.35116144130293
117940.19581954464,6.478288231555349,11.223055847696262,65.24977153517041
-118713.86274266931,10.080776900726596,2.444884286394653,-63.869423880980285
-341437.41432704515,14.286797718825188,1.2503529177814507,-198.5286955743305
-120954.35767528256,6.371845100209825,19.917125520741088,-64.09752891088019
-46006.025676079415,2.285116132628225,11.86144566470694,-53.91365218669555
-16441.961754538508,4.920322449474137,5.185154621129835,-12.710825447665632
-135956.37315744426,4.7207868937793505,10.53151251937625,-108.38760928774019
102974.95532698566,3.7165241101090554,15.5419527225331,39.345566300362755
179923.5486538019,7.272449557535897,-2.580576207876819,111.15958947281217
140871.45049234532,6.974478433735528,4.759565851043461,96.49879786677079
289769.45731486095,12.297983843248277,0.6854278968316542,183.76679117755043
-185616.30023479115,0.16304559491700754,16.684399641563235,-110.53562474518206
-16418.081103682405,0.7988658330419949,9.773976774984996,-18.985222158088863
-120186.80210097347,19.948299455774738,21.69757070132749,-71.23522968398721
-11369.868980373369,-2.7585074283877042,9.427776104206272,0.6936467348431457
47107.34528782232,13.587569450010438,5.741174877794578,29.023365746045705
201022.40491011928,2.852221909460276,6.521571279257126,133.4490889415391
-22676.559279909015,18.13128760559614,11.063169575828146,-9.464212276783801
-61664.92378579553,8.626736833656073,8.242521241471062,-28.806401735896223
-45297.56138935716,12.107140059101322,24.569157774983747,-38.932909511858455
98605.77117903769,-3.882208109295476,9.455521640702951,37.61356409049197
73653.08865725988,1.4727090016966855,13.013137755657716,57.866213243056315
73315.14593052407,0.6734711692408807,12.665843635369718,58.721523604765906
-92686.66901536379,14.4397597115029,16.376045271700686,-67.58427333077023
93726.80412154197,-4.268269180570183,0.28971328407681973,40.662162092149
101054.15805190653,1.0652550712564566,16.43801898856783,72.32321643523784
141161.0581890031,1.447812740943371,16.466036860224968,92.55893472752076
134559.64277146079,2.334233853608947,19.6473162498455,68.17712256500506
-351956.0778062438,7.8280261121004235,15.235898688634336,-221.42850835420808
-449881.73679992656,6.70305437349402,4.150970917052863,-276.5965685615378
-320599.50969915855,0.6611193500458158,2.4731731042840814,-210.21768806101795
56557.50436756106,9.186940016532633,14.643636506281142,33.89186694912615
184901.4755473798,21.00111289221406,13.06281066155956,129.29539815790113
222432.56066206607,21.05955386988655,12.110023358068133,148.22932310076675
-177525.12028791883,8.08222343071872,14.732516472719766,-93.66073022629837
148293.24789823257,8.541161534081736,20.556374186786968,76.55860443806307
114448.62569856587,8.672233276427367,22.786645436976965,79.31693801342551
122342.00404456636,8.527395811395023,24.323496760121532,75.41508328731017
-41694.81151955971,11.991977054985083,18.160970454738266,-13.837964447485913
57116.47465314469,10.243594874917246,29.288293033814558,42.953868258004135
-46382.98908110455,0.09011923730623123,-1.80769600855212,-34.59642237302087
37476.95946770195,5.027861847244009,5.745369372034222,39.130416872178415
-253833.04773644469,22.334723707575918,18.16891853678703,-157.19089494194318
-253833.04773644469,22.334723707575918,18.16891853678703,-157.19089494194318
-273714.02806588943,21.62557382378959,16.268086348959585,-141.76974067957678
182533.3468374828,25.867054001154642,18.61734106811943,133.12574482368007
-173377.5029719078,16.722035665513495,6.928434111252473,-98.11556507091927
-210532.60830287327,8.093088615997036,2.9610917058328527,-124.69437462292427
-204521.57265618953,17.28883427175288,15.948548109638613,-119.90167728631047
-233811.09052089034,19.001983241999834,14.948945363618291,-115.33016399755743
263069.42918855586,9.905560577187117,11.372147546537052,166.51375533637312
239336.95079392774,-1.2238622562297634,9.079985733627023,139.11072141905086
6943.042482273269,18.8632238697606,14.607591019278704,11.346372143435534
181664.43074352245,0.9417128177656583,-0.050823317574716705,104.83977679196263
228756.0091069719,10.697450200131534,4.200556035961434,143.67887629420844
367072.9696645598,9.277108682513447,-1.4024351351730429,248.02894793760257
433548.65726464614,9.059271317429422,1.622668730409039,278.13523962485647
445597.732441163,12.059486298558001,-4.241719130758635,288.67007166990794
480382.9400808933,14.04390451425089,-0.5727654946794412,311.9685085094943
311017.0433885317,8.630556590832729,9.115079166889938,197.35785077001273
326126.8848567836,7.761184399392014,7.789881627524806,206.96540804496098
134827.20091693496,9.292870201989675,3.9799378947372985,111.3940411815452
33544.54445767435,10.852930953147455,4.7209361810639425,35.489434387927936
-65204.50634289709,20.954592605727612,7.3432601431865026,-17.21144142810396
43056.905440773226,-4.26478534856711,4.915108307123508,8.526495057751166
104647.39599809704,12.296700056076034,15.618869458459733,62.91851397762081
-96382.94492947834,8.891025203353166,4.023605150315425,-39.92778110812509
-254089.78926067913,12.241429205348469,34.65071795511228,-173.60633030947122
-239435.5269003859,11.62547414821405,26.332448991688555,-130.98008606098068
140131.1630477524,16.804058337541917,6.417607667840469,108.27598555759243
-200135.99481978148,6.436126101858013,3.998897413080704,-103.10705943229738
-15816.414055722667,3.806564689314516,2.9288694112022147,-8.527530967475155
106461.31748317492,12.675001474394263,12.199189616548153,75.27937634488684
106461.31748317492,12.675001474394263,12.199189616548153,75.27937634488684
152595.30063657818,14.279764697786996,14.829454488904535,107.16076594621674
-107286.84228340324,10.968819159309197,-4.169671658378812,-70.19169863883604
43604.84572750832,18.178453171580742,13.614174796567736,27.951845668156846
-211828.56491211936,4.008047966293096,4.908136903600849,-137.355789320287
109445.75872067868,15.06090199895553,8.401397763761803,74.83317881982578
314623.3724801603,10.235607358297976,13.716581577472253,196.16345906778787
-39137.797554580975,23.115514745478773,1.0479828318267137,-0.26232666201842214
16317.582233924695,3.125752800136704,6.613111067777146,0.2306279318276907
-2136.4405097009367,4.269171296591439,14.6974472966472,5.543097086936354
83218.56663456098,1.3029953143646056,13.458171272159639,53.76456580735639
83569.54749841224,-1.8605524934396933,16.504494975125525,26.580820255755924
-317915.6508830009,20.85371097924389,19.89671897591584,-200.29765315496667
279853.7615546667,16.43822080556395,-2.1152388058174623,197.695910258676
243066.09210910968,11.782979094339131,0.16106748103515944,159.24053551502323
229213.74934519638,23.885234490003814,15.79890267469191,151.9284990500125
399868.9550662473,8.562163253635063,4.905543681428482,263.88623406657075
406769.5561216764,6.6066617189053325,6.238958136047236,242.84804233931087
-364546.9366893791,11.872848710694361,12.98125087029791,-216.11751891138883
-263187.0068049341,-0.05960320058885665,8.54813552485299,-162.58485668403316
7322.010456963933,3.3012941364520563,20.980900745977564,-16.09842393278426
54172.85966957176,1.9344651411045382,26.269761072483444,43.34780961598516
119464.18217127291,8.09921791847874,21.99223038759349,67.60426084814088
41978.50960736191,6.983412114396095,20.59702419284767,18.566651267718417
-33814.10987757243,13.789748466008854,12.702797145868523,-5.148259447464966
-213450.46143675386,16.55605143686469,11.624051734491305,-93.66280764360931
-211656.1345651954,16.861088750955265,11.4372571851481,-93.38556613301675
-63958.43111282872,25.487930616102553,7.424582516352818,-14.872087937554229
-141302.74612819092,10.664013688890059,9.820361076419832,-73.24173763078885
-169438.3624747112,23.766285610295622,7.746903045070064,-96.42999422494466
-195232.5144267755,9.659756261462979,13.618620104996552,-118.11340045751889
71155.37281230516,14.05967753464719,9.260085469962979,75.82412537598907
-146796.53162940766,22.00839274023176,14.64282378459809,-70.80627513195675
-5616.273674246292,-1.7716350670939085,11.64970342880718,-6.955706995735271
-114341.57857711356,18.303360679862983,2.136153392881647,-71.69619787808395
5451.118036913311,11.268930143577009,22.849403639333854,-8.554712320529733
-57132.65152810821,6.051601686928615,5.533437020720061,-17.160916767533802
74080.98844071994,16.86202285892421,7.3064382116692554,41.68576604788851
94405.16397838804,15.632916450176062,6.161855924733669,73.3010235228419
-132910.87902472407,1.5440191695013032,9.113525296572965,-102.75368393809588
-168021.68393458804,6.586036415026127,2.9263674897548615,-95.88579679261427
-168021.68393458804,6.586036415026127,2.9263674897548615,-95.88579679261427
-173412.68448469782,10.02416824276721,7.4461046810874345,-109.62505916620005
108951.84280214162,4.648592196263078,10.714805824732164,72.67952364779259
207360.77340442766,6.4021302425349536,0.4395028118749684,119.5995323104377
41972.86399643765,3.768231209068509,-1.3795193094678702,38.99932471514562
16894.94048319382,7.971038310225243,-1.7397323938565887,2.9333778183446277
-129404.26798708839,23.8824638674796,18.507084229101693,-52.37853593300314
155948.30285940124,8.262438038764541,-1.7244476736069771,118.88786822215474
193438.69364864114,2.4555925576947186,1.5447804501870763,100.97944305602485
30966.569988582443,6.812470581796065,17.914707284879185,18.767532002172928
-137487.01152731857,3.396932362505354,6.017239620324531,-88.64649295781908
-83467.52971604845,-4.684518008797779,13.902627050204012,-65.94533919668355
183671.08801632974,18.717979912837222,6.939971155354539,114.83070120753705
152843.51507734388,23.79203623588433,6.871914797637781,101.3933841573581
158736.31804716022,23.63520841737987,9.428059071437428,122.30492963254214
-58379.83811561656,26.66784633136631,7.941752878850808,-15.863655581052207
-89743.59824296771,27.568767362372387,8.30540519933064,-34.524025088362556
-117485.27944572408,17.156531432962336,11.726230348624318,-54.013256765849945
-12801.671114045632,-3.815477485412715,11.155064680144502,-7.990563534279129
2094.8796169610578,-4.160662634747507,5.226273592300275,-19.629568646158486
-128180.61909661251,0.8692336144250559,6.051888546661701,-73.83587153124438
-5157.995040731417,19.977988966542107,11.811871406880972,2.4242373602575906
-36452.29113680893,15.773599397302428,15.088929968150685,-21.862528664881918
-114539.76962527969,11.199965081426242,29.210329123384543,-79.6734468174479
-311049.6801189249,13.638340768782232,-6.550359927990364,-188.70823471600434
359296.295682414,6.739857433160349,8.59933433667409,231.57123799265125
156133.74257302706,-3.7209993428006136,9.454810665636375,96.07549690887002
132535.10773029632,-0.22811725799178295,9.716911535751743,71.86570448345604
239427.26003798156,-6.795147462406075,16.16516869033113,140.88384384880771
239427.26003798156,-6.795147462406075,16.16516869033113,140.88384384880771
233050.35022928315,-7.980674453359522,17.19805247658585,138.93238818736523
150844.6220428676,-5.705483457041017,17.84039204988685,84.04358061714647
-197706.88162933267,0.6393115802532692,7.2177286471024065,-123.25591282632064
-114574.09676210763,-0.1768086761822124,19.075466645077913,-66.07391139104507
-94490.19389732568,-1.0263662272663399,23.86381213820204,-84.02211658597716
-233420.8403397966,5.407663744491403,13.882708822564236,-152.29595973285691
-111834.47332035922,4.345887999893517,13.291288592320262,-85.07890292580524
-92314.52242257468,7.893756585896338,21.484161468859522,-50.25859338461737
-115005.52483526955,11.341879932405526,28.360720600888587,-70.48121760194331
-107020.36893060882,16.038369251819596,28.36515888654091,-50.77538247590633
-94294.71082667838,-1.0035895361037093,-6.998945747811773,-85.19709789234885
-111857.65906112536,-0.9801856783706326,-6.711132454924332,-73.80064878943398
15562.129143436623,29.88191022974526,22.922296378071586,34.12529355509518
-95721.07787538307,6.252433547976649,7.518285975307515,-72.41117092989907
-25674.3001796991,23.062268950065366,12.493025934644612,2.27530154041418
238590.21035144685,-1.0906205592473255,21.490524316358233,139.26693597274593
215802.2521604052,3.041125251760832,20.469365762997125,129.45330400734414
354506.2250248217,18.794335956593844,-1.0152740725675231,242.9444183046875
379949.8459638207,20.521722470640725,-0.250163510464612,251.60288587671397
363973.35612031916,6.1927407338780025,23.26412687737119,216.9198432441605
363973.35612031916,6.1927407338780025,23.26412687737119,216.9198432441605
331008.7007978765,3.14211252740112,21.939915010466013,210.55335202826873
143042.39986426357,-2.5461346697885276,11.018850980808853,60.342788720017815
122985.7525869835,-3.3481764015058957,12.594201603511113,63.939619005297196
137700.96566174814,-3.4072986784276504,12.724177203468132,51.40850839555321
-112043.78463736622,-0.3295384928160243,-7.773359120663136,-71.13819240351695
-5070.8668591991955,7.114076235221683,1.6853850374160968,1.0217984164838754
-79769.92421725082,13.988751930237664,10.357039689067781,-47.43205310772947
-63323.686295862564,2.4833735254176807,1.2763190110900702,-48.696804541071415
60996.27626255448,-4.222516559958968,0.28928468343524477,22.61202465125822
44578.88991459806,-3.447386681177182,1.3642961714297646,31.81668980243247
114908.08027014328,10.3771119682821,16.527762818366895,87.33500477481883
-5866.653859312697,13.81194745206929,5.274163402475229,8.406330657927043
37422.36568897973,11.05805994024623,8.201226550627997,27.181599196443578
-176733.62404543447,16.279282229740144,12.328119520106052,-104.93239449179129
-214182.5164228793,20.88006419296853,11.569978833902903,-117.5089809819684
-183328.27619436043,10.269865639575118,17.830174566289642,-127.6591134704839
-64139.052100992034,1.060144647004277,3.3999529654964267,-43.422818438897814
-158659.94927403665,6.084267174717782,11.748743547822263,-99.31118652590658
-192491.2095119193,17.11464938627175,14.185902671989973,-121.15960505600091
-61308.54125583514,16.623959936611943,7.033660684471091,-15.47962286724669
41409.69522006446,8.619903550406853,10.191137192754196,38.69274289352101
140735.5451175587,10.24446844821884,11.901975611049068,92.06111142706912
99797.01340266487,10.805877090158948,11.976386761402475,79.67354607730577
33580.984511733936,7.952370201458282,12.04651342887915,10.47188170896666
7030.176293801889,2.0288138037179593,20.701170209857025,-7.379422613261938
-178526.27927261748,5.1238087981832585,5.671713897008001,-117.02356625425412
-176465.59339730054,8.457469030006262,5.3809393741212235,-114.22524993288391
-251089.64188871282,26.50726931047192,12.243544124817069,-127.9977018657676
11919.254643466731,19.502947856501564,1.9649469964758728,20.259332633438078
54294.727972092245,18.84803665663184,2.4423620043608603,62.74149459138489
-113603.34218619483,25.464853875324216,14.142484866779785,-29.535533713983998
-215415.49277724844,22.282354212536134,8.997643833170503,-127.0794235233026
-316630.3693701032,19.38797006346157,-4.856406782412623,-161.84032298705876
-157175.84464351198,22.546604486218115,12.038843254723366,-96.96598906225303
-111415.53472536258,11.602950332263205,15.97524892100918,-60.51367807605174
-186065.79992637088,10.380603509816721,7.538440951512368,-115.26901346270415
184210.0064433069,10.558299208420758,7.314530651581042,116.46564106188912
10809.430369759964,6.538799247905268,0.4038062401686704,18.943104134504633
25904.30246551484,6.423983702732231,2.0577732964877953,27.762335940562444
-77893.00297134393,15.12111053576024,18.02563822408028,-47.474735557672204
-77893.00297134393,15.12111053576024,18.02563822408028,-47.474735557672204
14547.269562566944,17.173490522710807,17.058460840193774,20.887324295175606
37982.589609880626,9.668816026356437,17.32907783037174,25.173145014964792
39246.57808839358,8.981852461555635,19.462050861205032,41.01739295202751
3454.1435105785276,14.475697919326617,20.475642213954817,-3.9864630683574873
-94895.00286949644,16.658818088908554,-0.4605065295097047,-50.96684596324582
-311216.2693007522,9.452196727945202,20.944705076011072,-184.78142024724806
-311216.2693007522,9.452196727945202,20.944705076011072,-184.78142024724806
265956.6427555748,14.53777204045255,-0.04235484496511577,191.57743630818547
94935.31209342658,18.875082156335274,9.862807980213898,80.12773564418775
22626.180365213597,14.294541969024412,24.10661602032796,14.494704787922714
268435.6999456587,12.400678636052815,16.68621571475915,188.29531692729358
42949.818822050045,8.413652038085011,13.416066798937969,23.123880679084863
-207017.91326710084,9.679667386095678,10.6342623613741,-139.50459965928985
57752.37495218453,18.314304563731202,8.85557386652718,63.98316537556952
13070.499978864582,26.738319126438498,14.872974102105312,24.552905673168716
125068.5910177241,20.14475308848643,19.77766833036189,66.65729590747662
-34298.32602794519,4.114079169583117,-6.055321337079612,-21.682009640533185
112190.10196769852,4.804852897399577,3.456344379860997,39.437247951877524
-58352.56078254443,11.093015603458168,1.6830732834782582,-14.746759927422215
-70047.88990817769,11.234325325659347,1.1974245120375113,-16.615485344951423
267453.93489472533,6.843730531150668,16.538699062519253,152.48904719572502
-87194.76532377847,9.609869167187954,-10.870675521213919,-68.70601628857713
-152311.89464357702,17.250483622835922,14.863917975730336,-94.31321260180549
-179406.51774243676,17.61618466225303,15.649630002545164,-88.54236957773529
-102305.73820091745,24.836983458362592,23.492082371672648,-37.44775050763484
-126568.97601023971,24.138396232046862,30.641346304360823,-71.16589670878571
-240402.39531867998,23.84699374432858,18.66549291676158,-147.98296801567378
-153691.74823864398,15.832089556807878,25.192826773511726,-81.49933565015411
-17346.90313522717,13.877113742082042,10.906953182935915,5.054142344401509
-142462.85305260852,5.806648434716277,16.486830330768733,-83.36647649975875
127227.63692791403,11.94922927117718,12.829643771576432,97.36727548581456
181883.6330524541,1.073811185526842,12.78378954788831,118.91015250007773
364808.67014481145,3.062968288447946,11.62906294789987,217.09242601506378
278210.83350418956,9.664496013863808,16.328267247082362,173.67581371026608
49292.17404404617,5.192260218192078,19.35215444035953,18.466136244049103
63650.58125527429,15.37648321244257,3.622565125308492,56.39300083890094
-45541.89970500844,13.624713538064254,4.756332553450452,-16.48418050218031
-9475.35711176808,10.172511128573403,15.823927284757612,9.561797828916465
107661.99615125336,13.18592188710146,4.578519847352446,79.58341896391406
271956.6815731426,12.331650052552494,9.30799598993707,175.22398511261008
255614.00637236217,12.652584827528855,7.9661712247482495,169.3768692594066
-28714.796227943432,14.010076560280774,2.6006261530860586,-6.10846488125382
-58463.71260145398,17.359159543735366,-2.312181840811026,-26.053179077701262
-54047.590753824355,8.42902268258688,22.643749576856187,-38.64086138728306
-67123.75732568205,8.285594625667596,7.349030596230829,-45.42767367022201
-157394.01873981443,5.113464986135943,20.935601547524325,-92.92951254280398
33103.55735488231,10.978075891005162,5.302938966604232,17.759400521497394
58603.36180331605,7.8777469285232256,3.8032735861154596,27.155434752583282
94040.85705854968,8.231557631157047,6.994945617187841,77.04879552661211
161670.3474027714,13.014987196220002,-1.7703845238724,110.97872962032034
-178611.6031428164,7.281340061200627,22.133182620536953,-116.8405456044869
173160.08308200186,9.309033795595187,3.69908653525231,112.05124412490822
116302.4774555763,5.459681824796741,7.520794475923826,75.43048469150337
-18852.993262244137,23.40598620454566,17.58917845168069,9.056276481810302
30759.424714037537,28.577377855119337,0.26848313007149094,51.842112369533744
242684.98547233027,-4.354592454401915,25.08863372304018,139.69499499546419
-154088.11284416774,8.178205467028818,7.660107171568654,-100.89413760269274
144660.66112604295,11.342617138003336,14.568343203902003,93.37653192072668
-19577.43054551159,-3.0907200794673866,20.52815054108547,-32.86407699645688
12052.56967122774,-6.618779680670421,24.050905267074562,-6.386546928773058
5752.257883820868,-6.951787332526974,24.490242064957584,-20.913206950165133
101885.01839002088,-7.5738280068508335,21.71459785824344,39.26621908432691
258829.031572975,23.463126536018887,-1.1893644935999839,177.41500472607976
-276331.6455316,0.41379438347694975,4.216545977815326,-190.4470240457592
-222761.21022944342,1.7778709082055422,7.8660285790981135,-130.55563320423488
-233948.20618441922,8.460197766432753,3.761802490205109,-131.48097108440146
23061.662247965083,5.73958806209908,9.319776980149468,5.649899013550067
115643.72459569058,15.037330214871652,8.71701943543484,82.47069920509625
-287746.9493190525,4.783171043416244,6.8301728526445356,-178.4474897656823
266863.4384566528,20.86545408826465,15.770063276727612,179.8410202408761
222971.0763763074,18.502045259017088,11.894408677083998,154.948146025768
133795.74084452848,10.509077629027194,4.247464499675458,92.62564466880377
204473.81853574645,5.897553094248799,13.729383797925946,124.72993340839353
185044.08560626645,6.356924374554424,13.582491528413579,112.50317464709191
170315.77635361915,-1.30596196190452,16.162785207454988,80.79192404218048
95673.72468739617,-1.6902650512748658,9.386287928400288,34.73487464668517
173195.03831073942,16.249148944400684,22.608467725978084,132.9351966311986
113694.81194734602,13.01097096871994,18.554509170593622,86.54399187157206
241991.4461193019,16.015285140742595,-13.6022149626858,159.17745399516843
-180379.27658182223,-4.735545478676871,6.319718456358354,-108.3624388547093
-14692.391844225525,-5.825675306930009,2.2465699175562874,-25.356406562711786
-24344.54836815146,-7.2651402583655695,0.018246796780372276,-34.68926460497517
115556.04913372928,-7.761221566223915,5.400096566979106,60.29951422363581
270395.72840588546,20.426977276842965,14.094489497451548,189.50898850371468
300054.0409482835,18.56232986515245,14.113713912451892,194.0474472365763
-210290.2748221977,7.805266431965325,1.3133199694773343,-120.27772759910845
-134331.84835241572,4.896056010952432,9.14199669908249,-77.96457613276687
136497.01039719707,22.147001509743916,9.118219005306655,117.28194894183342
313357.1646403116,1.7104011333092641,11.124943862814337,172.79037191443305
317802.5098344579,3.5760666442674807,10.70643050468083,214.72034142159492
43628.88475276364,14.565378164288035,3.7779581509112146,23.756436543369023
23998.239424367654,17.355229002030253,9.252288114828612,12.70225020387457
234241.18579953912,8.82388490568251,-0.18932796051422318,167.31166432885294
239414.06356535183,9.777740130253271,4.396554393912468,159.76033575759908
244427.59506311762,7.98676913036503,-10.222525584848402,171.92098008115067
125015.54811811508,10.599498403107042,1.086760645011952,93.65419594469945
32008.521455363963,11.279608979781749,25.554084517674763,8.693993383971517
-136335.82603102195,12.925414846501036,14.7271860605841,-92.04005573120128
19904.00290413373,12.013515086526937,-5.53571311363415,10.3410912372498
-48833.45719305969,18.932274394847347,16.985275067589047,-7.856805068310136
-83219.42273703485,18.88810750797762,16.706747366530834,-36.910847294453596
30351.577587460564,7.15877336410542,18.32183729007561,20.217188125134044
79353.6061582085,9.62562856309313,15.545597407575192,58.64696856354042
76167.73741614733,9.286185494124524,17.53974163151619,43.33984985210896
-107500.7141139834,11.506193481158572,12.182381095139098,-55.468135120936864
-186232.25944810623,9.592727315867146,3.8494785132572416,-116.07677837972085
400359.77820631297,7.851946239414335,16.33320736647838,246.22023692032016
407657.1855314666,5.602728224818426,15.786888833738452,258.5097628091179
158374.79926928092,20.226341828258484,0.09214047992982591,121.37743724261435
-218282.10520907186,-4.356391763491928,13.657250630559279,-144.56857696692975
-231779.46369000606,1.3424443614149268,2.919863770343032,-147.375438056263
29279.7370711381,24.77402583265511,0.19364132470970724,53.83442518049625
43038.525286657205,18.508452679432413,8.53523926296368,31.7328527378635
69117.05250065449,22.609204601961686,11.684561170834888,51.57502352876082
-304971.7621270192,6.817354094496636,21.254045136322087,-195.08954410310096
-330081.88989319373,14.178456359146093,9.876269140050725,-188.76850356899627
-444461.0934076235,3.7798626420510977,15.811389436610307,-274.81038378946363
228162.80444828363,9.8369564367033,4.290674788822212,168.19382465044933
9983.465192542548,4.5735631724561285,31.50293020450579,2.4770284603581167
73944.73573324601,10.487794117730925,9.965300234159853,53.13864187895658
-23604.345811141677,17.184314719169286,8.576662896687077,-19.843674656389382
-232611.27232897666,6.836378846312618,19.43481384983958,-144.8693965335323
-75074.68260454829,12.987330805122438,12.441457847330286,-39.87040808183463
-39798.97898540503,10.302738951564,0.6698851350235366,-54.81643870178243
-167834.6624403825,20.929169973626564,3.1834701389413107,-92.71976571137046
-225086.0305271514,17.71598379564975,12.628060009677798,-129.77263472916007
-256756.00469964792,9.228005917971144,28.966181353842856,-162.89172308773206
386400.50998497254,12.898866939565256,0.8833709335789588,256.4758301570743
230253.3598180454,7.27650213146247,-11.070173291134745,155.55641299916326
299111.65862991015,-0.670192427018607,-3.3588102693348336,187.60257216568954
289828.48622460547,7.7791445502102015,8.071442943817644,176.0736063590779
-89793.39688831937,21.018774380633342,8.243339276821205,-38.60318323751285
-52618.91495038122,16.716272665977502,7.0057566985117266,-25.894288052032927
-92283.59318927051,9.456293224967615,15.247299355302754,-60.27953645952893
42469.92192344439,4.92004555022604,9.435026478517852,30.38843518580574
76220.49843265017,2.524481450695671,4.101844134472248,54.2779538908724
133614.76587123793,17.788195239983573,16.00107740728474,105.68998466441833
263904.94860628824,0.6220746537933985,6.371959594442415,169.76757880581312
263904.94860628824,0.6220746537933985,6.371959594442415,169.76757880581312
168000.05287166717,0.6783490810423388,16.14179478236185,86.72894909915938
61343.382530324554,2.0267895214990204,19.584092310423845,42.30712801270539
-170401.37681640574,2.959071142195521,-2.6145949679435514,-98.21385535025613
-176385.38621016563,13.363371549588404,-3.2108094703776913,-85.88929113653779
143524.47068475623,25.60038636356681,18.746294043061965,111.57596829162864
-100380.04335117202,2.5397933829031776,8.519755912119708,-70.13643869548315
194452.65763012628,20.938914529921263,10.43574788405041,144.69395659488205
205044.29150696934,27.150282720666695,5.063077108334519,141.37049244836433
77045.09849929553,31.49070379443527,0.46726759253913563,89.8976966645002
-347806.9123009946,19.53819853347343,17.30692646674446,-215.14748641168873
-139171.93846419136,13.332989542084245,-0.9147434893085029,-64.5593368963761
18500.215771528165,13.447856253405774,6.183482855995651,25.834237602786892
-362361.9185232062,4.915754781184993,16.258922582099085,-217.78625926691194
133578.29503583792,18.568127253628784,3.710478016296157,89.2420390607163
107207.47715423723,13.77249715802344,6.527173967848556,81.04356384555314
125819.81881968142,15.87004683680072,7.750972850185972,87.7213142717765
218461.81094719545,21.036963064633813,13.74629864675368,134.26984545339968
-45674.41835687114,15.509351790572486,25.93273057608543,-11.895356171229936
-57007.05325026138,16.992869575027182,5.397256107562521,-21.075356676635025
-72442.21307979398,19.261707857623637,0.20913990931457316,-15.863016283872941
239357.6908216759,14.215408505576642,15.19327611708967,145.2322371769446
368254.7221454282,14.089781103313058,7.233458646764981,236.77137301500616
305664.22460601217,4.750202169316298,9.087491628429172,192.0507628987422
144371.39853307122,26.570908506169364,5.677901920533409,106.57924724421517
50011.909541511995,4.478462256422261,4.847141645859947,19.371653115623566
164297.84639494432,12.368445579096628,12.90947970911631,115.5315250390156
273591.4838245672,11.234221584416591,10.828668654637045,171.24768367487926
322761.89072548004,12.928357925195794,13.22733126812995,178.9797217579772
349489.3928996856,13.937879536036595,11.16933893094081,223.22820066179077
-308433.70442931686,2.6863267083451263,22.749597672723276,-194.79974155583182
-24256.46769975718,14.357367941150118,13.902022909289808,-10.293472117490513
152611.13664278883,15.507493911731231,15.021617654412484,108.83309363397017
-123659.71751434715,17.67240294631672,5.751518948669753,-69.62607297948928
-51762.78613013576,16.19385101044218,21.634797196917148,-16.3737199005487
222370.83602544043,-1.9317058906558697,6.237121628142714,124.89254090989584
-340516.72853652167,21.549330095139414,12.713574780870525,-204.1660712253529
-341157.63608007965,11.473852194316368,5.692358850555355,-193.42806961120615
61453.56603152263,3.1622550949092294,12.512875808480949,48.76605403995504
7191.290929364286,10.610463832217045,8.176032770601235,0.5146153502185307
37241.20026935257,9.152290855273483,3.4309883159006738,38.163825048745025
-156262.03423454042,2.4454537906609266,16.849766655673797,-91.76165237579005
307363.2137489259,9.262191770835743,15.98787010908419,211.02097974097376
-202036.82371897396,9.149637269848105,5.624013924119582,-105.6618844980415
-202036.82371897396,9.149637269848105,5.624013924119582,-105.6618844980415
-440833.4784693017,17.152886678952722,10.669556116860186,-255.17893632621096
98304.28796717542,8.748137969352618,8.359801752510801,64.83742525375618
6195.99767399092,9.088388600811342,-0.2067052624257001,30.38782575510141
79396.67068975414,2.109609999000616,-8.476515042482115,55.66138042202331
-292770.7386493301,11.418724900335759,28.952181327052028,-151.31848141969152
-235531.73908532158,2.7232195178904948,-8.048682846431383,-140.09126793588888
-50946.1087074179,7.765849245468958,20.32304546143215,-42.55861601393849
-187556.65627470706,10.941116231844823,14.044201707952086,-102.51678495305076
-22044.293339559837,12.418745463964347,5.099328094628185,4.892289662784695
30922.04780532853,10.972533298015355,6.569544937615432,27.953511381618917
-6174.611507002759,5.872461217869972,-2.5924937330683058,-20.27799309170513
-162041.34348745045,7.855960651492482,3.0061327307415096,-84.74878666403862
-227963.7099557044,7.4882700797658766,3.314330144079953,-126.2868965467109
-160097.70135352385,6.829905775367967,28.80950212173981,-103.63083423454438
108617.48116824501,14.16665723998665,22.307562201549956,79.85318106936387
223547.82843703456,9.69380307908069,-4.428272170374152,142.88380927480654
-241533.09758622365,-3.5443682542311903,-7.587918399905254,-155.58874362199683
85132.30922044479,-4.694056460576785,-0.5601369355945245,43.119195233627536
7545.9824896226,3.700591020020552,-5.0868708736331705,-1.7178302495288609
37770.48930682258,19.053344433522238,13.472529992508477,41.686361722820415
44079.12257304199,17.879388263233274,12.47278007228071,50.31335397030554
312088.000493597,9.62556046213583,7.517837959825265,218.4616721595953
200360.90296538855,6.879153510845984,6.759106415592722,116.90356981893213
45603.420840166254,14.84134104435145,24.66654216065328,30.17951334991317
76739.2526853558,7.9908102290566605,8.480999135901028,45.067567070797104
-2136.5626155098525,8.677540787245249,7.524480699791217,4.343655709963157
-43236.231386653046,2.68859310587151,-0.6216002575464932,-30.673654222004682
58574.31057111685,10.87807835918376,13.310615498754151,45.55200713812344
-72325.64665663108,11.982861573731801,20.86956336870255,-57.101735336566755
-104626.79737168053,11.725783874385034,11.20953551916957,-64.70147456096957
-135410.94922270154,7.76579786876174,12.282184898410609,-94.67171504572403
-175582.61155284313,7.523094096366453,13.682318980200268,-102.61500681499297
-328475.5607954663,18.901219075213383,-5.068453967297223,-193.93153087582374
-426194.13370470185,8.164600356891892,14.667215792293224,-251.92827093143907
-212616.31751816024,6.290097575465129,17.82678860377124,-118.49027223173847
69815.71959016149,4.173336793976842,6.37275831486316,41.68924516664177
-204124.69721147465,14.982861468247837,17.898378399425813,-106.03580693899079
178885.1740472637,15.098191101081119,13.571903165987807,127.26967320056892
212908.4542559439,20.55871149425138,12.026340017498075,149.04519510096293
85447.05783126588,21.919327001556844,24.999260153265336,52.030510366907194
129285.32618784894,14.407719455275222,10.20679464331278,95.14093620221404
-41942.47353458518,11.714103036204996,22.055725364793865,-17.421599505633196
136688.51505047196,4.191370931838406,-3.514998529377455,81.46826036307452
-95867.41757872362,19.109343741832912,23.577129758821833,-54.67339972272684
-36092.62456289511,17.70355981837588,19.144136764464122,-22.945711886418263
24260.778209168064,2.7036648583462184,18.623638914071943,10.08689243998466
-132723.28196644882,13.117003946103138,-3.01070796959597,-60.650108771884746
-114478.44732597358,10.329933850244293,2.541425399397173,-66.76592914743328
-38185.37805510544,14.952990189256523,8.28375434507675,-14.79392521397477
-1290.2976846729125,3.3164353678491216,10.005125353977816,-2.975810943868228
-140917.63509143904,2.008098966602646,21.37102261600004,-95.93869723860305
-323782.17387110664,3.7513748566975984,14.507576600000936,-205.93050540286754
-132346.56813058298,12.262165330324278,11.442083981374184,-78.48822529547002
-63415.13819567747,8.999451027691952,7.161986260305768,-31.82803388296726
166141.02087692174,10.723182688910189,6.128978905506082,112.6219667972478
130384.90735203281,4.992569041325856,-3.439823868534149,71.18720139901153
-111748.26005167048,23.111034466863433,21.615070106813526,-40.41514469692627
-252213.51962409983,18.689490698033858,29.487108541226068,-135.00811823387804
-308127.9280397682,-0.27480535984922133,-9.514585530850926,-213.52290417220848
-79000.33364094759,4.456930022072235,17.78962031340685,-56.477865946333324
28460.551141055766,18.802724414633776,11.982357785849814,31.478953078710195
93679.35600021682,20.220773769582756,15.89164446954765,71.25802613302876
215350.92167988463,21.831341165380817,8.105322732365263,154.4015997071428
487520.56166005484,12.541709343387751,18.01844128715942,304.12762489743096
329251.3835684133,3.071947072930846,19.832333482333436,192.78168322737415
316880.62037864636,4.629845372770366,19.51838179381771,202.3966583296995
-96874.24243821201,9.565798186355735,9.873543920491748,-53.323948894586906
-148411.32860126044,11.512479862609263,6.540387831879985,-71.05805246514561
305148.8389148374,0.3554520445403777,6.894719273342438,179.21574142288875
264482.1039377561,7.748910691712621,5.095096375912751,162.5297959649748
-135733.57003325125,4.347633064971042,15.081015445471103,-87.5604356614341
-112790.49734960197,4.35409692986091,14.620541704533794,-70.7541440579707
135429.28448113418,14.187721397746966,14.815926281829293,110.44465538393979
92729.48420576606,19.942160477133775,13.04743435669414,55.26376843082236
-7573.456739493431,26.324185705484233,10.256208560194127,33.42399663405098
60578.325319626674,25.745767527045214,5.801230827737181,44.57931409314944
278021.8896489914,7.111172136670286,13.865855056923252,173.72854998265512
-72134.22662651048,17.131600702884054,6.732065708324354,-27.498348523720768
-78455.97025097077,10.183409700482578,9.586237435969286,-47.73684642406947
6222.9072396475185,13.320108109776998,10.453327125279472,6.270608878894137
78294.07592096247,12.45363999214663,9.858171172029467,51.15711873228498
-264383.5978913116,14.503741243894739,4.7123405007407975,-149.84464122034169
-286747.91881086753,15.15202123251357,3.6041477650067066,-166.46171501594216
-306204.1590242819,14.508410813761456,1.1866369750075296,-174.91262378783014
-339772.388499471,13.983520710857098,3.2998940002162516,-207.00173653198465
-26320.968599350745,25.531625621589424,9.837327292013295,11.19772785024075
-106671.54844021007,19.008569541888445,12.785486139826073,-53.05299205671075
-83861.45054166431,2.449446956849002,5.210816312030068,-54.87686846607404
105915.67470531906,21.636607304077106,5.5912108917503645,86.33279412773445
114437.26087204668,36.35389036973311,8.83357567184604,98.25173460123332
215255.70034518823,20.387064913272617,8.466317665369653,146.86052754520736
148586.70318455613,12.861356698751637,9.938428890357992,120.46942637027996
271957.92044851667,11.493602716706459,16.49596453884847,154.5310596991288
200859.34190565746,14.152958705793647,16.136462966117605,122.2587730631
53968.08800270734,14.774976895363622,16.625672120578077,30.42712048471945
-30805.65248323676,-3.7330719058616335,18.757096766726217,-12.409243913165378
-177357.99830687488,4.939503258414977,18.355099947075082,-109.74167344185327
-113127.7502577834,10.547940568441888,16.17892670770183,-70.97219804584478
-388066.714533129,21.278399686050484,-1.3728043085126787,-222.2363377534481
-325475.2871003899,20.47345554021577,7.60739746301151,-182.0309037024416
-91012.49010103119,17.10283840163552,18.666422577768774,-43.91223092703608
85628.90982050456,6.014888777576328,19.220466350828328,43.3456413238737
-85542.68484355831,20.91993120655329,-1.046560204430951,-45.30078703824596
-23458.950348059796,8.575871509334918,6.4915364133483635,4.584781289543566
54109.59540795779,13.697476117107122,9.755638961679582,56.011098467424205
97976.01147423837,13.606475595732123,13.164914488546072,72.84129816511413
-125554.42546870105,8.849796243917481,11.174613865355372,-82.07922369149404
14162.277238698813,16.106095675464346,-0.9738191712197832,10.154459850076856
-41664.42137817724,5.51521768609494,21.08387625854154,-18.506084056925296
77045.14550327485,-1.5232687637200755,29.28451950271953,18.536695445922703
-207733.62808005244,14.784716884498536,4.59191331659737,-135.73397205028976
-217105.24264726188,14.346295125611848,6.779434985473974,-128.4739242311391
-153224.10299378948,0.39058305286741346,5.809028536212525,-101.95182133069488
-39613.42717517601,3.623041215513014,-4.465148168954759,-34.414583447490834
59075.24198839016,5.198969684318642,22.169407402260344,42.187851272936534
148511.34016716527,18.61053934231255,1.7478400487159111,98.57622228463153
-151593.9064302622,4.066614323059693,10.445198732936625,-107.62704303288294
70962.88267250577,2.2421027550841957,13.408925263960947,37.484756440468004
46938.39482983244,1.7863602117795174,6.689168526090134,27.83259027723021
122741.09271525046,15.064521821265664,14.542641443500942,68.93454559273384
121182.93441762526,2.9797840550543753,6.037504998909457,90.15071255745973
219697.50927674488,16.91150908830474,1.2699867217643748,130.813388521604
206107.5011242502,16.79703348854238,1.1011598482782279,139.41844823827583
180098.01341807656,17.37282323713505,1.1457810954348409,134.50803590766822
-121862.91210104254,5.564735863464211,11.94787334720255,-77.6116659152839
96059.82072084885,20.993690598346433,-3.5445998114932338,81.57311644290029
113385.5065052154,20.810440358262838,-2.750851839362395,85.37852544592137
182394.02651163095,17.57667006208922,1.8619890983653868,133.76309230770016
48060.02221162531,13.410572291976422,15.33088081652252,48.81791806175883
-126959.71078935142,9.14073358253214,8.894308482033582,-58.93660429806321
-100428.69868349751,12.5920266381411,-6.77973849900429,-65.44693232186732
-150377.96140583185,29.651772038993666,0.9441944986786699,-89.51249868212942
-197152.9179325966,19.327416605106134,19.636315268958473,-112.04793178411683
-30867.302341873077,10.368240385818066,-0.6023169987382924,-21.551799459064412
-350931.8392865157,12.308430701998502,9.462786627059954,-214.30407431255458
-102526.08096274328,5.00750350523444,-4.410754347045016,-41.505825824360386
-177895.29660749552,11.594473869519582,18.94304493698049,-122.57277706311427
36898.29543711677,-0.6163139404610912,1.3753334232428824,3.895625864691022
108487.47374998267,-1.9087438333530742,-3.143329666871243,59.064425187326705
225160.84149663025,20.809985241658854,26.688050984950195,139.38513621734555
-173608.72243282528,-3.0381101208771915,7.440296221255842,-117.77453388253696
-140072.4429475491,8.775988342100572,6.306424714786667,-83.38387008784902
-9477.030945392815,12.09977877917013,12.02339495041946,1.1821499598892338
-125586.63768748152,12.285452573734824,5.739217963909513,-71.36971361466696
-107439.29731267624,10.6886842278728,11.655078593965808,-45.385752295820666
112828.38812048352,18.854379253605533,17.17786205058603,92.19214772276045
227749.13368083417,7.713954379816962,3.40129443414009,139.40467895961268
94897.06298434772,-0.5668102307219619,-0.8368531784782616,60.747287468236344
83397.59335669159,25.781942882364245,21.584431332269805,61.626061609103616
-119495.26806461922,11.487230658670319,-1.6144839599749061,-57.62507143451501
-153646.45807301835,8.021241437842612,22.15428672212867,-96.8641227325812
293073.3304325856,9.942135381968088,-1.645394233926431,211.26350331893033
199453.8967649055,11.804615918670013,-3.975936353934626,137.79660454438397
68514.33711295723,4.693271209034675,-3.540804180590875,35.600294754962064
-38457.65187903321,14.795520925741947,-0.6817685868181291,2.13650568723864
80996.90286902997,12.726825870100205,18.989671457578215,48.50914915963144
49200.75412052575,9.701151702210923,7.4006916745230145,36.12878376001549
22764.130526523146,10.51633705684391,13.257734971376719,23.42071885068914
-8074.3339758433995,11.294393175953733,17.41581550687418,-5.556315934878902
-8074.3339758433995,11.294393175953733,17.41581550687418,-5.556315934878902
-81896.09145731179,3.042071474551242,2.6515669170873855,-61.96679989869903
-301828.82286529755,23.77143868738601,2.0239239063030734,-184.66342045926385
-354644.9552420929,18.25266155061309,8.323927393560906,-222.81968996621254
-229858.8139291615,8.712311351994963,11.198221038754841,-155.7772738349993
-20180.24874492025,7.352757903540465,1.2687485640223857,5.408211924417337
-23711.12246019981,0.3309318019187281,11.288885911862101,-35.16781653499768
170843.28699540946,3.5659921451494823,14.197156847149671,109.3237021328716
107268.83011134443,6.816440784020833,3.5260684592069405,86.99155603474387
165671.8615063806,8.220447673190682,13.306414900667871,118.56214701095608
161313.0068459665,6.110872385931495,13.378721154134228,118.93927186776122
-236050.90083412887,6.139369517647962,1.066427646444139,-153.17070841259044
136100.57155003538,-2.9897540626773367,11.218711832243176,62.96321105190189
14287.233950951122,15.681944442630375,3.7223178696427937,33.055295325724416
285052.4084965533,5.617310921746519,-4.766130738575293,193.82779902489094
314531.9638710321,4.617584294052957,-2.2128423988214996,200.07434508093866
-257647.37463727512,-4.496142201361695,-0.2516641037736097,-162.70384856093125
-232451.3955354669,-3.860367691970927,9.075174543978333,-175.75543992672564
-311575.3709195377,6.267197964275932,4.696383728808816,-212.9131909884353
75404.88248827336,0.47681769861024315,25.3159775047251,27.422249993557273
65074.600301114355,4.490024760545889,1.9646914103242377,24.53623690489119
-13820.73767057651,18.473199720046548,11.255148962922044,-2.3232084654111116
-23071.03171382016,7.734911914257153,3.5179972293212476,-15.3346201260246
-18773.04170460932,20.800486883106963,4.807009382891594,7.375905359941546
-253237.28147055302,14.198927202886725,10.126872550928784,-165.26498481139694
-398088.88171095285,15.77066199798333,11.615118078559505,-226.19395390460625
-398088.88171095285,15.77066199798333,11.615118078559505,-226.19395390460625
-456130.5103141771,21.351682649290154,10.125368876010928,-261.8705942217786
-483437.72558966524,4.227969539864544,6.536724777050249,-308.36394889230326
-190020.11884593722,12.372309073585079,-8.204700260417303,-102.27914560494705
118186.41872853064,13.206747117876999,-2.2354402005767176,82.94558714257833
266718.59281342005,-3.6461249073051993,-0.5516652511426037,133.45911200914998
266718.59281342005,-3.6461249073051993,-0.5516652511426037,133.45911200914998
-259181.11551629996,17.53990618533087,22.228945566853817,-175.3221827645813
-259940.3232419311,17.774405537003492,22.045437946034937,-171.73448609272882
-259857.8547389823,17.886382870694177,22.343772618098054,-171.64842561521218
213672.0982880795,5.854378853948773,3.260183208545329,154.97093473166436
243808.90698746042,7.709110931781879,7.758116027317509,135.55034068252672
228412.99186384975,15.26643249435487,16.62473513827352,115.03265566077474
214127.98556340803,15.453994962790404,15.98544109710891,123.0029401943576
329822.4419303971,14.413576763896339,24.196576722398277,198.20115533674033
-164443.1547835653,3.9190788780347248,12.734464867830953,-120.93180389718917
-114724.68273647132,-1.049784038477217,8.317658115101832,-84.35925717570588
-102710.28837677969,-0.2986966443054624,5.263529959583787,-75.10889775658043
-153320.98625512864,15.139708103944441,11.667523057084093,-98.1612218511541
245162.10412690777,17.544194636291436,13.898013468585361,153.95910782306578
304000.36620236735,21.683828897667873,1.2927098736777147,222.86609928325927
285099.5464148313,18.60804505882181,1.8407345633973264,180.83019262902138
80499.0689570312,4.112050209199616,17.026475918938708,60.11055026734358
128988.7208648003,3.69442355714858,22.140860412537712,79.51563468981422
55503.97298304913,-3.281233619578627,22.864311157138268,25.300234316429353
206404.5392241396,10.838833442362533,19.659664447685284,129.46872854768586
123584.70241291673,11.136191198163472,16.818132583012005,77.83033225151821
-91850.54402064417,4.628088366831455,3.240346213367844,-62.18582284843163
197204.12026209044,12.38801201008868,16.616299205492105,134.1602595645492
248938.5859965154,10.237440407440259,22.1118124127943,142.0192406697987
262970.3546863807,2.5503084240737763,19.43849283644889,145.80271766903203
266910.7954740628,3.6515534913607315,0.6126505144174217,162.35954832759725
348422.90820790554,0.6472154116378,9.001642606538534,193.92029356524586
-78255.09091132633,0.2691087756451821,1.9884481268650651,-77.81986355371379
-65343.318623031395,0.2478728460778558,-0.6293995334871074,-48.6560430140663
33782.06143600545,-0.06324679951906897,26.320621612377472,10.031295089147024
102400.5950391319,7.876563924734146,-8.591731921107712,46.483864439564684
-5575.654959624837,12.22041504121545,-0.15805620306237822,16.29091930344778
-53332.77910052791,10.289868747793422,-9.485741021748398,-28.13534069417028
-113551.56045135444,8.546528697919596,-0.05820505429377465,-69.76309027724287
-30949.015631005328,-0.5198395696708772,16.776575071958433,-32.51602302216298
45344.58415493356,19.52020209105481,1.8556069579366543,49.23014748053129
191935.0127192841,14.96122619290468,15.30727816984938,132.787067482896
-121302.29463595824,0.5351803737123864,16.18960152177973,-78.09419943369389
-161504.66583820173,11.271658283865545,20.050264922139885,-96.83032505872393
-128543.7070648826,7.071434894613441,7.123907019780723,-61.38263562298671
-119226.38552786606,7.086665072871186,7.500858230260226,-63.960579340020956
-3858.8394215819662,6.525095279574571,14.012684469792587,5.864097904019766
28006.35423907396,7.78904233834073,13.228646783797686,23.95665843353516
-314619.70547588496,7.566952428163762,7.655591868576474,-197.1774276294208
356459.1580091713,4.267739713810714,15.30378894853389,221.5726403002108
409549.12030589004,10.283861592487794,21.041374452844885,248.02587213715722
349733.4563162465,10.030224929531355,18.8386769863045,225.97873836037624
146266.25263155127,8.687302065963097,-1.518012061670997,96.01542281077451
264795.66526579234,1.3052712189645503,4.274057637821915,163.8351425399269
-202375.71430611316,4.386088598964374,6.517946392024606,-141.99286100945454
-232487.32479737874,3.1530727082970826,4.517118265681627,-154.31556972085855
25718.651940312866,4.534487825549703,11.661123996159883,9.462792880821421
-34474.68889383674,9.873109766259216,11.177659553956591,-12.748849361889782
-10113.724284491615,23.20197686503974,27.197197972874914,8.989539634034239
-284660.22509394644,5.89767749580629,-1.7242602428241969,-177.4756689131759
-284660.22509394644,5.89767749580629,-1.7242602428241969,-177.4756689131759
12429.415848848459,1.16656302436679,25.382897464534455,8.597094016175653
57989.12608030053,0.3565747245394065,6.598863402125247,44.11734017526808
44291.33671860964,12.910502288669791,0.7284949649435796,36.493212745225314
-74166.65677782592,-3.8359917071748977,17.056195585699438,-57.157144210215385
-74166.65677782592,-3.8359917071748977,17.056195585699438,-57.157144210215385
-63849.01290000815,-3.742118425152954,16.47585617624929,-62.654664437212425
-137780.50889347986,20.049066202512492,6.528366430795524,-66.10358212958751
-186330.58692278032,4.097090581539784,9.231734607466425,-136.3482487220851
-310618.6432898455,0.8563898851389765,8.548381240147524,-181.36167823377414
-300635.7803873214,-3.1069573612311068,11.707455060745644,-216.30612836573465
-132994.2594817177,14.233045617682908,15.185247984918867,-60.83867526749491
-338536.6170527788,15.522589985942954,9.615304638546414,-215.23800947962692
-1572.34364918543,-6.609960224947354,4.907784723942448,-15.796019108410018
-43596.55254755861,-8.632948855356005,11.032147326051666,-49.362931693788745
-341392.7938902662,14.212722323404451,14.790085819189402,-211.04573187037272
-358069.1684903248,13.76605720889127,7.467805720176873,-210.4526742446745
-248779.42822598762,27.283257843136873,10.000376855149717,-134.0568161621971
38919.83230885769,15.89165677106029,10.037352160502934,42.864672000522205
-464184.4811050913,0.36142738753870224,15.861991556324144,-300.03713968686407
-323803.9431020414,3.077950515427505,27.539997665123316,-207.47657850561006
-351490.7670160723,10.605946075546193,20.409497854063194,-218.0753947069847
14785.056184562338,20.633581992770203,-3.1084088448155045,13.182773473068615
79623.16122985071,13.242220576628144,5.886159203142102,58.207176548240696
221021.62992275163,3.6534905770559853,5.76490199819967,136.4773101079392
119824.65716627105,17.08550443939843,22.282265723612284,85.79985567202793
142251.15831103065,22.71889639592623,23.71409350916549,106.01766011689963
-186932.9626768351,12.024945075569354,10.39908520346735,-113.49508474704368
-180653.3733709294,13.61636694546091,6.96764896528083,-116.14837199151394
25330.131046931554,3.3035714501597364,-0.6712690963592772,26.812672899076635
193091.09870543677,10.73055202719309,20.19614781177264,123.86145810025968
19556.097247685262,19.488117625867233,0.8040883287155163,30.620904073368152
-72721.08475928068,14.557050973126652,9.93298349636907,-34.00076619975296
25919.044822516447,3.7003055698737124,13.986101970284825,11.195555349638155
63941.1141920643,5.165742778402351,-0.08076664584405069,42.63548465160268
27169.556507997193,5.25221485827661,-3.788444849643434,32.09608906680335
126365.190409543,11.275372202465103,4.580931480867537,92.96022288044072
190687.55643644164,15.444191984629748,12.02459857687741,136.60303377574988
190687.55643644164,15.444191984629748,12.02459857687741,136.60303377574988
-190574.37179214624,10.874125898340871,8.259398751035233,-104.62074731375459
57324.40303221482,13.381374030380252,9.730781234741475,19.035856633921842
26834.52589488247,13.41106936860902,34.67037144028941,13.68695376406919
-144632.6548894345,19.585960523100017,0.07041784511373494,-79.61317287268821
-325426.6140746384,7.074253034452788,24.80290207994873,-201.21633114810325
-313043.87100541167,10.670963569728784,-5.162447628613906,-183.4350425266785
-292326.7668043196,19.749847387165005,-11.96646172967612,-160.71680464959672
-295944.0714372416,20.43852794384923,-4.321438214026901,-151.230306727137
-255373.64053056738,19.50750354299125,-4.477745492269377,-140.5351959544518
-220697.84875350582,20.6054309713281,-4.447833725655029,-119.41328253694162
44711.56016953176,0.2988894669010205,25.812244245285342,17.538690105766467
-61171.403714395885,-2.817294287319694,26.117674061191067,-63.07231644255256
22148.027485738363,7.058077247841094,28.768997087941976,27.686058293116673
47393.424405428974,2.419094141997869,30.659694135538686,12.411009675609577
96206.75371623464,5.418262262495335,26.509570696861026,54.09039896900109
-100007.26031864627,-2.4889620691953427,20.722606189149996,-76.2876718390741
-239030.05074963492,11.23808661537463,15.750689899342182,-152.37740673475557
40078.28974201851,15.835289029069408,14.044264551811569,41.136361832147365
85376.42490353201,10.04661142020301,20.80243486826729,44.6206169940398
-11064.60704434875,18.30541630914008,0.06141152098914182,26.65888602697749
254187.9943784044,4.338230380088055,20.030304073769088,151.17942340636228
75179.78624691436,-4.40896505819253,12.957791363518792,37.75868193239051
-133643.82277722814,1.2884245490564419,10.274109047723616,-92.1141697050405
379068.82430682756,-4.8506308017299915,15.246432773509499,212.9680264754321
186018.85079902745,25.94343653101929,8.822048981028123,139.45774967197931
-183654.34267129673,4.8813437066823235,9.51844475001855,-115.34376786697486
107866.33620960306,1.7527731276818739,17.877627593058804,53.758310367337785
110606.47385747229,6.143488194920482,17.302786098383276,52.0828341507991
178144.76789161176,11.35002514459187,2.444840754309455,119.00072792674216
219364.58497068367,10.912920831470972,11.61703917323075,136.9800247818287
-76762.59529018207,21.81956770128306,8.278888682127407,-33.11481714204581
-88533.39994604442,-1.0080096520308315,1.360292822852339,-78.68944546909924
-99342.12099740826,2.9235065953112858,7.165591793273094,-46.803089735252016
-5538.367160650203,16.61107400108548,8.827741345699406,17.024600247018064
-221111.09520677853,9.227228011271354,10.482153412595581,-142.4620813313889
226507.6901754396,3.7569741302922304,3.3530188924160336,135.77818817988722
-314556.17051793216,9.392802414870232,16.88657377459509,-192.18237479958566
-211929.3356993283,4.222723839153852,9.4508319181917,-131.8352625845212
-3760.757708778525,0.5328887007330041,15.990419288417629,-8.090973925635451
119379.90505033034,5.659420638897181,5.645060533630414,77.56161466383541
119203.79361354753,11.853292392128562,7.150143840892763,89.21122173503547
-334373.74366716656,24.821250822217053,23.732952631114678,-186.4512726568035
-211129.9416782628,22.009121818412968,2.644215139724322,-95.04516274556963
