Tº E stator_t_5,Measured speed_t_5,Tº motor coupled_t_5
1.1833353878813695,-7708.4594954382155,-8.060949534093584
0.11096304791241937,-149202.9245889055,-408.7839662071712
-0.052866009209810175,-76070.14003400394,-207.14217096555763
-2.4885668512404493,-109853.7817257071,-292.7540030893343
-2.213434632630049,-18785.431623163262,-61.57633937453338
-1.3997755138164552,181108.70452395975,524.6914905661284
-1.8103556606046909,216097.3013188348,616.520806135818
-1.361346832735049,49104.80590249033,154.59022290751932
1.3361563553419773,-132145.5476657391,-371.53189669621315
0.21051596556198954,-76706.29293254013,-204.7298592530204
-1.6553973684401568,-56847.02673710069,-167.86495455555928
-1.0757211496050902,-71016.86806750612,-197.7006655529957
-1.3936564768871564,-75118.93513836412,-218.1054478796007
-2.6804215909273097,96347.20233962417,282.5545916872134
-1.7806966396690056,67376.37520187322,182.12512312562785
0.15303683544975433,61263.535395159946,164.9919030042156
0.1816176979654102,60674.05274259395,175.8833299856236
-0.8798246622643229,-194194.08422924316,-539.900602390621
-0.8590459815932712,164806.48675234528,464.38961408278004
0.21872476632381763,-116140.51658565484,-317.6012967380221
0.27979113966376346,-117621.5248685196,-327.8180064776556
-0.35031468670516813,-54120.480463071406,-140.7008059357738
-1.511590154732497,40994.72644667082,133.26511563918066
0.721145292778569,-181010.06240102285,-501.56967708710954
1.1111969261627535,-203943.5372366153,-565.8362600501634
0.4742321924576352,-141853.12389266538,-400.72883301002435
-1.6725341797937823,-612358.56873579,-1714.316720030973
-1.9768290030660378,-680159.1008228009,-1924.574271665003
-1.7482147912434947,-627795.2660054693,-1766.5793923719139
0.5552448545662196,-483835.0418148436,-1350.2196538052067
0.520493222178885,-483774.0699163158,-1374.4155532776003
1.114750699375006,-119131.373670482,-329.1242826430471
1.765990210834159,-131196.32363869733,-340.9272944261569
-1.7663780048642435,74660.14592387866,222.760947060998
1.1558486167089002,-44549.56840555282,-119.93034018623607
-2.6639288063704374,-222697.284835544,-599.558552844799
-2.6639288063704374,-222697.284835544,-599.558552844799
0.17201073480906515,257908.314336453,732.6897013990441
-1.3192813176448155,-136873.50068498743,-377.8579422955453
1.1387388734503268,26543.867006402586,79.73241119858822
-2.364657312762789,21111.22961139513,72.49296742606495
-2.5972025658079416,22255.7961525192,63.55784579674878
-0.15816684110098553,147389.58510185545,419.8177231581012
0.37796780350015496,40533.60983484743,112.70404172129557
0.2519591975306678,125374.1036014314,363.0627304579629
1.3190710723957442,248134.11882926134,711.3690427129485
-1.118259050649556,165537.00814377988,470.55550647145384
-1.1424779251578496,66916.769156751,206.52955750284266
-2.5606754799937317,53220.554051131614,157.53716690555245
-0.7604102145796172,-37204.988895585455,-95.9552313679172
-0.5332555490574669,-107629.08094862582,-299.37075814963436
-0.5332555490574669,-107629.08094862582,-299.37075814963436
-1.496039703486816,169923.9481159721,499.3504578403709
-1.8447159334436096,241941.60856097596,699.2935626182822
-2.412558852656339,-295898.9111827681,-830.9705598055373
-3.817268554120597,-146331.0954198092,-407.94490385950263
-4.7388285880224865,-132241.52271685892,-358.91394306092184
1.9821773232076139,155857.15908800246,442.6542287348352
-3.2336357235319566,272162.5802735713,770.516691560343
-3.0488203193421652,248775.3540143782,696.9810887546531
-3.0488203193421652,248775.3540143782,696.9810887546531
-3.2510039907593504,242311.75295758783,696.869960848775
-4.645647736596866,217481.4420771652,613.3348258685728
2.7821300623819445,221197.3396852824,631.6674117986382
2.6205138787810642,211452.9238556161,614.7738095993305
2.5614319487111206,206092.40939221162,589.5639094272303
-0.18495728266044825,167952.36961854907,486.64416325221697
0.1688342628008656,204558.86303469038,583.9131330373157
0.5221974356184443,5430.3421717260735,33.97078302829952
0.8627561655071705,231708.65443090379,653.4215367861774
-2.1114218309380606,-70624.75797906234,-214.15913218373365
-1.735053004109286,188984.5134474133,526.1104457595482
2.226888207055332,219172.5787063971,631.4282036085548
1.050445884072099,159978.4885072274,455.85042387480735
1.8196330595417674,71217.75775102568,210.44760613012562
-1.221576472456369,175071.3472871,508.143867902401
-2.800412904080028,197007.18620045137,567.4113001410683
-2.800412904080028,197007.18620045137,567.4113001410683
-3.1152687746303904,215259.44731325057,620.0927454791317
-2.5549753509020117,283004.7419153582,814.44887871454
0.5498525500568807,16026.636226909057,62.10125872009516
-0.4859783998295734,-162641.79927679113,-459.4647946579567
0.3473021724560648,194016.4025006242,563.9454794723323
-1.3097568586682848,161609.40429052783,465.6374888966411
0.14610639323979183,-261898.64125302777,-731.6634191791514
-0.48090408676470836,-111158.76635801313,-307.8553999943314
-0.8368135846367152,174133.86865002022,495.143018101208
-0.9852632173629706,-25101.31779636097,-68.49706992512134
1.7421822441908346,92057.45246996213,265.7308806770521
-2.0245872630866146,329280.24965414905,926.9080761341866
-2.7915041859131784,64165.67828212969,183.65969055939917
-2.7915041859131784,64165.67828212969,183.65969055939917
-2.5076062383661224,47930.741827437734,151.94237880483405
-2.499427616300416,456367.4193484712,1292.3227425829539
-1.4994150184891482,347994.24747999874,991.0816806328028
-0.6764091216257092,96739.52398624302,268.4063021035911
-1.3794529400307753,-322736.94624079386,-909.90785346951
-1.3813014154511487,-323413.3906166665,-907.410413820126
-0.4810776561471536,136497.9251370543,388.1119135396215
1.082616517713234,-273051.96701603924,-755.2954560577975
0.4456191237587721,-211365.47499197675,-588.4852783506284
1.6089146335140978,164492.14304473138,474.23619998563476
2.6940454741998137,44543.69555328453,127.64293792181367
-3.4810215028824496,166841.6774110816,477.5637538925656
-2.090654159862384,-4188.971592683272,-23.63162611141587
-1.2658020874420346,-580.8505638549805,-2.6980696961252537
-0.9870685792726391,-231643.4795675438,-638.617167858125
-3.461078769259083,-195746.99123393133,-539.4621464073894
0.09232587812053883,-25966.882573620867,-75.4602303846075
0.6936669375666366,-60949.50734653799,-177.10153487853037
1.2150708661403191,360206.74756325595,1039.185409321214
-0.02858573554114984,209015.34163431366,599.9354369200096
-1.890959051582347,107144.94660796817,308.01395073118783
-1.932038238141214,367322.74646603136,1029.1355224813528
0.48027224168386234,524210.57450195897,1484.5011883661023
0.9682346418914463,522648.2806588844,1487.9133870078008
0.6226379330937971,633066.4175045997,1789.9818914397215
2.08265211228265,431046.56501974986,1230.6330522158019
1.717511809273264,196468.83728769587,555.4156093744399
0.013482614018491657,138410.9998927611,402.6434360977053
-0.7867042088750082,-204070.02302300557,-565.972151558052
0.4009705438479194,88643.88660772801,265.1926157214353
0.3040712741779433,-155116.94932389993,-424.73132175818546
-2.487084554108149,-191498.12122571643,-542.1811397018183
1.8932067712986245,-375750.3402376685,-1062.6298312232366
2.043675930694495,-396224.7468674692,-1105.7950214980929
1.575397825584386,-271653.7831544012,-755.8777117742801
1.6851207865587137,-213217.458003276,-599.5065751286908
0.47433843854869406,-27407.195470648116,-73.66129487569954
0.005183218040429427,-708.1467538518273,4.647245417921109
-0.2648104286834957,17046.149908369018,41.84461471464015
-0.6058779755456173,35824.04315446969,112.99962237741617
-0.017330832209979413,191791.720342032,544.7357184216768
-0.10753927856117931,347623.39916515845,1002.1004387004111
-0.5795666748324639,192639.53624514144,553.9286070033456
0.6384412924002109,320615.81446174043,911.6396954416904
0.3897504938243177,205513.66684169802,589.2724126754529
0.3897504938243177,205513.66684169802,589.2724126754529
0.3948919590981483,207582.81567611653,599.2392790132606
1.7480934894895954,-23423.169843868945,-75.9635458321022
0.6553110027259146,199305.48309964256,547.5564613024609
0.9616366537654334,77799.73534223608,253.34765813544817
0.9362143788259668,-116310.34392634014,-319.3530868186624
-2.539782563892184,-17201.73817949884,-45.004604714059056
-3.135210524894518,-8737.51460815361,-11.482853611059978
-4.477104194871415,46385.63829400558,143.34722252041632
-4.582845997195615,49339.50117392435,140.89842678710858
-3.929402730529423,-115543.14190744904,-326.8601736027843
2.3307406143873135,252926.4807779904,723.0624944135762
2.635744822690937,268891.37264506606,761.6715992729904
3.839347159954763,30458.14351493978,98.86315894382955
-5.063229998309427,-228667.70624785445,-640.1151037223534
0.20168261681296895,-330400.9353457754,-910.6734095552977
0.21113976141050989,-331350.6248730418,-903.5742404400239
0.9418661046099309,-423656.40513229993,-1202.975593785726
-3.7020641538294097,-461552.88912580034,-1301.6868118036562
-3.155418516870885,-423632.6909305319,-1187.870331701195
0.569394861027465,-38164.22794524267,-95.1644220348133
0.569394861027465,-38164.22794524267,-95.1644220348133
-2.2945865573350526,-174862.68635504812,-494.4802790017817
-2.2945865573350526,-174862.68635504812,-494.4802790017817
-1.7357889718853035,-228355.41064252745,-634.1741468481234
-4.027608583389381,-211809.68029775692,-601.7815507281531
-0.14058035303705096,226401.2477021864,646.8795497536687
-1.956325370626242,157819.6686695255,452.63930497257763
-0.3251691542616142,171924.64244109165,483.9879616825849
0.5655458180463616,-58691.16063927334,-161.95711239025513
-1.2161520641638395,-278786.3491390615,-801.5158311036945
-0.32157322405621763,-131465.4966731259,-355.6508725392024
-0.3493669690332057,-67082.9552856043,-173.42601491366577
-0.8864890726385071,-110639.99493336746,-316.4150884809304
1.63535865987996,-28416.56132758026,-61.83877576537959
-1.522294436059167,-27555.298993146323,-87.33170619588265
-2.4407469629643215,-63748.43123119514,-182.93416700814743
-2.2068848912148398,83092.8367043443,232.50876842639292
-1.8857355583695394,78569.68968952225,224.7060026724875
0.955613508204189,122553.01107655089,357.702825343872
1.1455061884705542,133510.74290672157,382.16582778239024
1.6926668045095494,158025.18952932634,442.67488985799343
1.7613712543663291,159390.4205510013,460.49271001557855
1.3770494745836603,81074.30527943879,232.22285042064667
-2.8036725257796764,107299.12575381884,300.9198948862282
-2.8036725257796764,107299.12575381884,300.9198948862282
-0.48019084114177185,-42017.68159635264,-104.01507429644562
1.478723512947957,108000.58924722417,324.41885350171754
-0.3443978455642489,-1648.5375134822543,2.8779391479809036
-0.7352694730567568,-3005.960764271949,9.128564065177468
-0.7352694730567568,-3005.960764271949,9.128564065177468
-0.5640881210832691,101931.97314126193,306.50146330018237
-2.10519798832628,-128761.92172766024,-345.13390949321945
-3.308112317110385,-135670.83152311613,-379.5990864008856
-4.748576375872378,-4339.308746433626,-16.17207653116904
-4.748576375872378,-4339.308746433626,-16.17207653116904
-0.8858760740771006,-190495.01073303408,-530.5824728088953
-0.8793404033496276,-193079.06962927018,-521.4924984241391
-0.8883642027710065,-191456.19904366435,-529.8431416785644
-1.6386096548987996,173770.714219722,486.32889888521066
-1.6061205794495201,-258286.59346923136,-724.1308372805481
-0.12634415721578057,240665.67606601497,690.8656638780479
0.6723579378375104,-31781.030080683715,-77.57732234148449
-2.675330776314347,-155877.16315271787,-433.6461653585457
-2.674368778615339,-20084.04515187661,-47.31392151048672
-3.0880555516500867,63129.217498950304,182.31215448299125
-2.1518840525216265,300765.4937291917,850.0600789344962
0.8467172945715501,-430624.9044650712,-1211.491550605714
0.913518283869633,-432402.1683951891,-1210.876158055859
0.057270460135257384,-27310.34688328634,-69.11593841335059
-0.7666023123713313,-25603.54624410199,-64.10340960408242
-0.6726201418954114,13791.201243437183,54.30502032387651
-0.5191225039966476,-150345.59380523555,-409.94715212184985
-0.8079784092181772,184434.33165179932,541.1647472447863
-1.375918429500437,120639.29950252574,345.43960206182186
-1.375918429500437,120639.29950252574,345.43960206182186
-2.5152267598670206,4740.389321774871,19.471398629196457
-1.0957926994178218,297636.75156837085,849.6002550894732
-3.4834523508081907,210591.49068811283,597.3833712479725
-1.884943705603655,21394.06308283924,73.88071005600928
-1.887072569691703,21856.344609760978,75.91960650901648
-1.887072569691703,21856.344609760978,75.91960650901648
-0.7049436934840982,307582.5242429373,892.0179963229617
-0.7418210852988019,317384.6433897875,915.9461230825776
-0.18572688201954077,-389119.86131428427,-1076.4549049077987
-1.096352015215593,194171.66262772708,563.257857426016
-2.440128496875948,53207.60646174243,153.66100730830135
1.6643739639373767,-62745.39066880458,-177.44883474795864
1.6643739639373767,-62745.39066880458,-177.44883474795864
0.7589998267731691,-194396.97800596457,-547.4448424975287
-0.26482158204430617,-119023.70723551096,-333.8014775978336
-1.4621506722453137,-52630.19542004466,-139.0505522568237
0.1932528080234124,15446.704969875564,43.34763011727398
-1.4567197554023186,63127.47983769398,193.8932541318981
-3.5897928720311603,-55162.985055873294,-151.27442705120453
-2.2911256611362,220740.80159350223,628.665684414247
-1.425116574328302,-24140.895578670636,-65.4993172057534
-2.1046847611315473,-108170.53352732761,-283.9029952673665
-2.1046847611315473,-108170.53352732761,-283.9029952673665
-0.7096112034427673,-82957.19427875195,-229.6342172854907
-0.3100148405324888,151915.08670953682,448.4503647252548
-0.8251121920899811,16762.452685499866,60.49226576468873
1.2430008938524346,19470.11906773117,67.61668078627277
-1.9392038554598476,28189.845266249788,82.6671459131255
-3.148297517044157,1430.951350021136,12.25583283439045
-2.004245772601963,-54077.093454195216,-144.96682548265676
-1.8679993643620278,162538.14446062275,457.78849826781044
-1.4946591141087366,234309.27791203614,659.2768625563474
-3.892415227408289,224668.59096419558,648.1371169000699
-3.495455737595749,70793.62529123873,206.60661367574698
-0.2248277328832486,-178543.32010001707,-512.7671425954534
-0.48055888876437336,180968.35536403925,524.5458204288143
-0.9689810639922877,-126550.83908840333,-358.2783404225529
-0.7281094372337458,-28696.009519268253,-78.07155451186874
-0.21452863084758636,-92110.53114689885,-258.9300735403853
-0.34982676660894696,-344875.06474700995,-979.249074127813
-0.5899210033609432,-276531.4960016913,-756.9315113733999
-1.9923545380911725,-100243.97758384103,-286.4500423774175
-0.8944008389105639,-34038.246820182605,-89.46892370257319
-2.008474493695829,-61726.942767822315,-164.41790547959675
-1.6721575280043228,312455.4537324912,898.4895579375852
-2.4277408798983817,199205.8496241344,580.3983119048038
1.9996575539405286,-95942.73372532599,-251.6159590310975
2.010209815834581,-95049.66865062204,-252.9898923784272
1.5348014208175451,4107.885627539863,28.210624668825396
2.0189627494995124,-115858.57562457064,-313.8890073417192
-3.1342840983408213,-149972.26912240914,-413.18763181499565
-5.117435765353442,-367197.4606819308,-1034.1971206236692
2.251278673340811,-324052.4810904857,-908.3427047442481
3.1611145180759617,-380495.3448330004,-1075.8441542808403
3.1611145180759617,-380495.3448330004,-1075.8441542808403
3.2572725861383733,-390037.0262053703,-1097.8497446095125
1.8224185134498736,-435574.9190625348,-1209.852575130684
0.8980742147381894,-458820.27358802553,-1297.5216373925791
0.8980742147381894,-458820.27358802553,-1297.5216373925791
0.8423326189717285,464363.4902037507,1306.8986948334743
-0.016718421662050523,414229.9513012821,1169.9643768274786
0.019582453184019237,437430.5423476299,1248.6185623217038
-0.03523227157182562,293753.1272663205,831.9901049066314
-0.08870693027861759,236499.20258547648,669.7047571091113
-1.494023598616936,129762.08145806956,374.72786130773846
-0.7394165459126096,-173573.76130844906,-479.7906135958234
-0.826767014404132,-177460.9318225992,-496.513991500967
-0.7983849907028342,-175333.85186954736,-476.23395929785784
-1.2226329077713503,-251481.9544917097,-706.5261301171331
-0.8181590697133749,-120365.2805242035,-335.23649883242604
-0.4269592910070002,-29109.490978484082,-80.32362017022997
1.3666897239777371,-213836.72969302174,-587.3033212293177
1.0569018407169029,-315191.7488859165,-875.1531111718483
0.06529499975562222,22528.858752427397,76.9744332279912
-1.0391932208120382,93097.35012139381,265.4033453452496
-2.1472777103292273,-339172.05823812383,-953.0339930299922
-2.687743512244663,-128724.91874096396,-355.30009615397586
-2.6986559622527357,-28541.087719559786,-85.80917331613202
-0.7054464406958961,92916.17771637457,286.58349413575235
3.75162178331117,-141033.564951269,-389.40744749406645
3.899983600166914,-157406.655789172,-429.1409092401011
4.237370586778716,-160666.29051152634,-444.7379728238141
4.451652864373005,-106521.23333582145,-274.12501311719603
3.2997272507503745,-133744.33985023826,-351.44247148079216
-0.2402907229245481,169887.208604184,470.81642174198754
0.8348303771063555,187960.27083007255,536.919501106404
-2.137328671114678,-205836.24244500342,-573.9947849430989
0.9514892664804601,40116.08431640287,122.30063960271374
-3.2430719206271124,-37503.07587187185,-109.70705447879136
-2.741630461622873,-38046.76158965368,-92.20759961321707
-2.827095512375829,67647.32061811436,181.86892755897782
-1.6274757226761183,73372.52702945562,192.66023909642496
-0.7655525920895822,18932.70198364823,63.69555994048051
-0.7655525920895822,18932.70198364823,63.69555994048051
-1.21869574898277,27871.657534028436,82.75465905787283
0.13563753263821166,-40259.495171186594,-104.44405498354502
0.12384929308837665,26014.194595994355,81.84827938355244
-1.6238471197434545,38633.20927288028,119.40681748875255
-5.500266633195993,-120460.9506208783,-342.241701142921
2.162015711138781,-343506.3562039275,-951.7766296932457
2.106143557805216,-294551.789324853,-819.5255549030114
-0.9420003594429783,240343.55288552275,688.4840167491019
0.3945009426666143,-176140.73245977898,-478.93442244544804
2.216183737097994,88748.80417914766,260.1138388153374
2.216183737097994,88748.80417914766,260.1138388153374
1.8081360556490154,101952.50628705145,296.877482926569
1.3583780374641852,269532.6483102609,768.8769754628823
-0.5688628489904904,-28426.38326780974,-73.70780606677805
-1.0145264560651368,-95692.70836449432,-259.42148137983895
-1.015717856505659,-97124.63023013681,-253.64454470825223
-1.9714913748994778,-204385.1064774863,-583.5230250811863
-2.1950574072943407,-79419.77083146063,-210.6425674942349
-2.1995733884785946,-57684.8900864253,-157.31201243356725
0.7850394324038493,-181047.35998649074,-498.811986029354
-2.954501113734167,-169594.03168491472,-475.9071129943747
-3.0702230921509726,-178834.34680454212,-507.00416917539235
2.742614497647331,-93608.86562442606,-249.737502746732
2.742614497647331,-93608.86562442606,-249.737502746732
-0.03358793993205492,-338421.45105438563,-949.3242709008973
-0.06166620306172063,-116158.597628496,-316.26540968708633
-0.33458475964691875,-102712.56466494255,-289.6314292726329
2.057266931166752,-47230.65279424007,-120.60197425392313
-2.1638988703146897,-191351.99807093028,-541.8881940042022
-1.6117941385547971,-88851.15146434028,-221.31032054311885
-1.6851240722294614,-153206.82674183635,-430.06760447835256
-1.432631121738466,-132762.4809708582,-362.80196819366864
-5.485915733343273,-20358.829870082423,-56.38312006814699
-0.06905402958339625,201584.12888418479,571.0851352231285
0.8021423408789337,9598.663736143793,30.886837774486118
-1.1334941386620576,-58892.09528693905,-153.58961229446166
-0.20844224807057093,76087.81897654643,231.41074012881165
0.31614018454428366,95368.41745749721,287.97168589783286
-1.0670793634987625,50934.16319284791,162.76747935652222
0.3396195596940463,72401.66515569006,205.54993372564434
-2.1102030237752087,-61644.6628941304,-176.84869195776872
-2.518684811872711,-66275.11030605735,-167.0587006184845
-0.021685023003459557,-229625.64010315237,-615.355370091491
-0.004290835255011418,-226495.358198513,-631.6404779657558
0.5006412523397644,135044.8155947237,401.7230660811342
-0.6718275532682777,-79135.39258046127,-219.55643932920216
-2.569041803516236,-45863.2260402256,-125.39983310913351
1.0020867320150881,-43672.18318488649,-117.19496847001925
0.33148886196464833,-231821.4945913164,-657.0824263769405
-0.10909794824008037,-193766.89368267232,-530.2558971327542
-2.1827455815878785,-204599.07375650638,-580.103066181571
-2.058838972019592,-196844.93044242522,-546.232467116863
0.22984560996904302,-159365.70526903277,-438.4295847873249
0.22984560996904302,-159365.70526903277,-438.4295847873249
-0.03570043755071013,-77324.49038101405,-213.76589026874635
2.1500948434141973,110056.02840648805,316.4335990890519
-3.8064686484008994,200870.33529732865,577.3290495363996
-3.705693109523758,207692.43089632367,593.6867664817237
-3.5126698216579157,125318.88900439888,364.56097482602087
-3.4670071199282346,129447.27242940081,368.72254052642785
-3.4670071199282346,129447.27242940081,368.72254052642785
-2.7999859608765534,132080.2590778672,394.6789449594784
3.5685380017340824,131660.0678381146,369.2878360597232
-2.090039423516677,-58195.419047086085,-176.39147899721138
0.15860138857437472,-142290.0825274734,-376.55280143001784
0.10582113788816488,-99389.40824994155,-271.2217239010458
-0.7671910466258176,132072.96413450426,372.67259274011946
-1.082854740826226,187011.980382113,538.2920741155075
0.8236673922123074,47158.020169084884,140.52150463445435
0.23271339112618095,18350.450128760473,63.506746315913226
-1.1140047332251717,274433.9928425012,776.2549696231457
-1.3265575090483395,-267720.7692285785,-745.9110581627119
-1.3983201199392405,40359.02858232343,116.91947877475283
-1.586082216285382,-29506.096347205075,-65.82481631451279
-1.5805687901582062,-27157.757209180927,-67.55083978888382
-1.5330874077440093,-186380.93332146408,-516.786895920322
0.5503320160358891,-371161.5120140168,-1048.4285747023332
-0.2323166760662126,-409559.2047674355,-1138.965626496589
-0.23897420067568365,-408543.554388247,-1136.8912427715716
-0.268132820523052,-400581.15702995355,-1117.527507354855
1.2993138007468288,-11565.413956164797,-13.146235061429795
-0.04254659430866156,5708.965156339205,34.63908603061008
-1.5091646816110857,-252902.90470669558,-694.7221384187765
-1.5091646816110857,-252902.90470669558,-694.7221384187765
-0.3577974553682608,158314.00622694797,459.4532817642528
-0.8886923384963008,-70992.70753234792,-186.88011561794852
-0.33354545568294813,-126460.09484518105,-355.2408433302851
0.7995625607403817,-94431.94475325178,-253.66359741331402
-0.10045457056789994,-36788.20261858905,-93.31239778080939
-0.10045457056789994,-36788.20261858905,-93.31239778080939
0.7059864375889675,-100788.11473175106,-265.3553659865774
1.2649189848309839,-27615.078116418663,-55.6396432732037
1.2641786854710184,-26082.925795570685,-50.08626855101945
-0.7579559582911657,-63257.981022382104,-183.28545473002708
-1.085376880467027,-79633.23294713938,-213.65493732921456
2.097472547381211,-48180.57349064145,-128.5140415357235
-0.6798734340006732,-30646.416941261614,-76.51687287290893
-0.8724771125616263,41511.67806407566,119.04843530730454
0.30849823488216,71807.715597787,213.01242009620398
1.860684906204314,-14247.774049158841,-47.50622484951877
2.8358813316166698,40830.143285067716,127.34608689386543
2.8358813316166698,40830.143285067716,127.34608689386543
-1.3781222329794387,327809.46305230306,940.2641704672843
-1.4142787746893493,336254.7598507443,955.8411526579779
0.2747385969428766,221141.33917161566,616.100483280754
-1.387032134073442,-243018.97011660537,-681.7422068744834
-0.9099074013684085,204804.55412378168,586.8096552276077
-1.6288553943286141,84136.58480614811,233.68509933380173
-2.0798510278775817,81574.93308538254,254.86088105345235
-2.4544881333217807,12399.638308620433,62.64086295040735
-2.5529621668187175,199223.61074988567,577.9398262792456
-0.7096724609650975,-287453.78975043714,-809.4584926651218
-0.6845024378404471,382059.51695099875,1080.390512803724
-0.9668337739669877,334638.3063698255,958.9884329930649
-1.0222099319754754,340075.46922094875,968.7019839620777
-0.939179016593383,279833.85408444103,797.7396247509041
-1.1306355274926776,253269.60904026398,720.1319159926953
-3.502471408680109,-68280.93672556314,-186.57285481128457
-3.502471408680109,-68280.93672556314,-186.57285481128457
-3.51691990725286,-83256.11976097115,-227.44578763758489
-2.9826787714301424,-142411.1153671216,-397.51508589500116
1.856364435304628,-64157.26952458655,-171.73622800313757
-2.8992956416633753,298661.59409793274,852.3472684173435
2.5726968625840905,-30452.154349755125,-85.0080401747662
1.7236242389641505,-127718.648285332,-359.02370616823987
-2.866049331033863,-99807.60875633305,-287.84612919427246
0.7309379506163158,306491.9764664084,887.7767145315039
-0.31310690850583284,6576.065225271084,27.165615176610547
0.36976496383971724,57338.19116959507,171.4084188571065
1.556930745057014,-147423.35645038664,-411.7587521276737
0.6844097241269017,-244153.07408477593,-689.685786060454
-0.5789273831055726,193900.62711667,561.1842838840034
-2.084293429010646,66141.82521167655,179.24390427341558
-2.0601379696491438,59493.1942654286,177.80617982632737
-0.11375581212201552,122751.96946886413,341.5320899655089
0.2756663939126885,32027.480157353857,85.76585096437991
-1.3449133599973184,36632.263232303725,123.76523982204091
-1.15607423804576,345619.25322233164,992.1859491800876
-0.2021595861682161,442536.9048558198,1262.277946432002
-1.0488492959590412,480791.32782854897,1364.5407567097952
-1.0233747484829647,473971.01804136013,1345.5567621520693
-1.5781872228400382,258510.85728084116,737.8422459352765
1.0963362969685257,-133073.4120599195,-364.8252139149715
0.7861115948416878,90641.6162583029,258.5326967902263
-0.09740678958141843,40010.91570456428,125.31341743615751
-0.011915027634971728,274238.4806058376,779.3730926837244
-1.524470892352412,114131.2580516882,341.00271255640814
-1.1369479679171703,41659.56169008541,114.18688228564135
-1.659946777939703,302200.1250430734,857.9994270606225
-1.6230555833947462,272323.5273863657,776.1587339504872
-1.8249288732679232,312029.10970191244,877.5527682341278
-1.3452512290012768,323200.1161905431,934.8562190107148
-3.2683508248667543,153610.0422877538,430.19955311084726
-3.2683508248667543,153610.0422877538,430.19955311084726
-3.169786352615844,139858.43372708786,420.373206643836
-2.648234587552335,232954.15396711318,670.5241442845878
-2.419060345234829,225118.82797122534,638.019926262925
-2.3451280347593983,206060.98175515272,593.0078831385953
0.11732226495717352,-176842.64745684632,-492.5791606149124
-0.26053383075651554,-383208.85896554374,-1067.1955775162053
-1.2489806175330729,351306.5051902301,997.0339306277976
-2.6398105275603467,-76116.37350516395,-207.03371273588817
-0.9185794912900066,-55202.3849020117,-130.49029065758515
-0.14321732108945084,167388.43355973513,482.92430914873444
-0.2970602481828391,-121524.32017708973,-344.6855360363684
-0.2970602481828391,-121524.32017708973,-344.6855360363684
0.18029036255955658,155345.3221989405,432.79621524526635
0.16703016305784582,152576.97670545828,435.0606367909794
1.9718405256397404,-175187.53230084578,-474.02070406278347
1.1092494520269842,92825.56643358475,267.0391576352813
0.4846352046556699,-5202.27519783049,-16.69500299382247
-0.27008213913110724,142949.90224540487,417.65694582276984
0.6749237892812636,63954.73989642925,179.9265439878925
-1.7784118948294956,-19390.503949382455,-48.25443735585458
-2.51300542867719,-11575.502243904095,-39.761826073356445
-1.0750798906416061,4805.640222962224,30.140132958390822
0.42105327847781515,-284767.19157738687,-787.3209718176353
-0.8427737586100195,-194658.33744885068,-536.7402374858456
0.3034516963333855,244721.79830943316,710.033084139987
0.5380340405379237,266653.6044232855,747.8542094808543
-1.0289456596434372,235462.12690090708,670.249978021007
-1.1110934526041638,-138265.44720057675,-393.6023958708767
-2.0638889189129013,42097.62018198548,135.91227459609473
-2.2262872817376627,46186.9297442805,128.20702298959756
1.2826290832049725,-11066.721005316023,-25.32577308712696
-1.1244626427334663,-113832.63401989435,-303.6870157802129
0.8345940496651727,-156575.93203764816,-422.1055501612413
-2.7246258542054584,-184711.264088212,-512.2755598963661
-2.2048545468097003,-80202.53189808292,-215.9088966159645
-2.2048545468097003,-80202.53189808292,-215.9088966159645
-1.7339250527221475,-65701.67481416075,-173.1999687139145
-1.1269921692530787,-154934.41026596088,-432.4780900246766
-1.0557865959417516,-146534.7608663567,-398.42798123317664
-1.317968710074181,42659.87989640709,119.33266065173684
-1.317968710074181,42659.87989640709,119.33266065173684
1.9277932738617511,108349.21123396797,325.55483828954175
-2.51691212450694,229433.4331658817,655.7703692684424
-2.16443772099182,50754.9282530314,147.31017967879893
-1.3790620985459043,26731.494760607548,89.76084103831451
0.351118447667953,243021.58245114656,697.2398146922579
0.351118447667953,243021.58245114656,697.2398146922579
-0.6372221704371168,-60848.93111825287,-157.8933749488883
0.9232552989574434,18604.676362505357,63.775361812914035
-1.6111217381277465,132642.59798289064,395.1463102679759
-1.2499244051963578,-306177.5481659564,-862.6743551196495
0.41970952658723015,22516.05557559593,69.58141894509838
2.3019281300085868,7910.049666380411,19.494997954095016
1.5236927358533956,14609.754776855109,54.76108743861365
1.5236927358533956,14609.754776855109,54.76108743861365
0.5114323086793557,-78203.6038806496,-207.95654591010265
1.0701469333498104,268733.04233798786,761.71169951325
1.3427335139542549,329958.29111419833,937.9311432871884
-3.9797502753622207,67686.96562135773,196.45467310336292
-1.9426632675954456,136099.26970174673,390.19952858114544
1.01053791537367,122923.80675463688,346.93933613305967
0.6402787254878176,-158036.6527654486,-427.2173180922925
0.8445675408190708,-3784.448895854434,-5.227387343183064
-1.5257538509197037,-266641.90933741594,-739.6683105674128
0.8952799873221561,-72423.83687342651,-213.90230450665928
-1.732809804421985,-78030.42605925299,-197.4205037266425
-1.7277425262488735,-75873.63928656852,-208.95074068677957
-1.0149360263765221,-78359.78056315849,-217.5520831852554
-0.9575176267210581,-76950.88859258669,-201.52036065635681
0.016852633903121365,-31394.588932261977,-89.45050336685398
0.016852633903121365,-31394.588932261977,-89.45050336685398
-1.844138245488521,35565.23813733422,109.96759257574422
0.9003047467600658,80949.63454685433,217.7684863451832
-1.3213863434253859,63738.86563673462,202.61536805105118
-1.9316511844970905,293495.37712362455,817.4571540010618
-0.5048704344458183,-278221.3952078085,-769.3029319524667
0.6011403212540972,366645.03176422464,1033.1717805553335
-4.270591711948721,-203465.41947163755,-581.8420452918194
-3.937799044364983,-175957.89422578132,-482.4178075103392
-4.185937017278945,-182061.80909614143,-512.9989276701474
-4.218947524406497,-222683.48919890472,-615.2442701575856
-2.959492237975966,-168209.37046826602,-466.3170840835627
-2.6210857586769163,-142547.6249928199,-392.2698467647327
0.38807085576524786,-45822.29765060708,-111.8713701326783
2.7550737418155964,171462.89389730812,485.68702870017916
1.6591579182756229,-52162.85181614847,-144.59074245810422
-0.9674648084517656,280978.62113236444,807.9767916616318
-0.18686684874362253,89136.64839203158,265.7285189232735
0.9949981919433121,138342.85114445628,395.2210275751457
-2.0043665891719735,-80068.54369809545,-219.54005336237483
-1.5974013821521222,-76544.8582622581,-204.22983289934345
-1.5323178283420642,-127926.9534265131,-354.88610387244853
0.1735413122017639,95210.28003707792,276.54805233173903
1.25066665900332,-79999.15443586942,-208.22052620245148
1.090343766859175,287724.74956317345,816.8918056410024
1.054202566036656,282227.2956271738,808.5856976908932
0.9983276912903314,276276.27233452146,787.9981509956588
-1.3121849353634962,217021.40748635144,612.0439873637871
0.9778901923915398,-270830.1337646011,-753.0285777139442
-0.6827730616960198,-53284.617956076494,-133.58924211510478
-1.6664103473662981,180480.1029961569,513.0325662078583
-0.3080114737102157,148242.47087754,420.9113408747963
0.6409391986154223,-128209.30691163083,-358.2587295570563
2.32736969894048,-137819.18721433802,-374.50194486317554
-2.1706585999139305,-116039.87672323443,-320.32252603939156
-1.212420477944092,-85842.32945518508,-238.60459755878964
-0.3066855860887492,108996.96923923008,311.3228646328627
-0.9895142934545499,231240.70035749653,669.3475629497098
-2.074194155992043,33709.34067359432,113.90481798478754
-2.1547748610037996,45376.619322872546,121.72388542470812
0.8091328627814423,74829.32564109197,203.85536990960384
-2.475082198556268,-225228.5811302985,-626.9576592693345
0.7366895235484147,413530.2441255622,1169.2306321483925
-1.5207638533875665,-194589.4663734902,-543.9948843949949
-0.5512778831212488,-266843.4541415182,-760.2045336951818
-0.6042878033061876,-265385.01158621046,-744.4188895411987
-0.5491992718717492,-66507.05791586066,-171.76972907461067
-1.4621400218764362,-8942.652870401002,-13.428614555780719
-1.4618215769752352,-71350.6174008819,-193.70645806490955
0.158139498255763,194597.1297865193,558.0099208073281
0.4134343000276593,181852.84335239517,520.3258108454552
-1.6187150487656263,-49495.97092454869,-131.21871234937043
-1.1984231759305346,-222689.4840386176,-620.3879942515294
-2.4705912092358417,-249475.62495687004,-701.481765396539
-5.281121483008683,-177170.1158116213,-505.61678219337784
-5.506836799467266,-171646.9053721,-464.6205297233478
-5.541231566841905,-313411.63641956047,-893.2884370516019
-2.4092782894463163,182815.41633142103,527.5784710695036
-2.397490004481494,182002.6506445809,532.9906739046312
-0.30067482197313966,144580.65794612715,427.21096772607814
-1.7104050978666325,69720.48106540581,196.00135495025432
-0.4610368886896116,-26874.437932383473,-69.28864765883067
0.051291117807290725,-4554.343736401594,-8.986959340819649
-1.680863982884121,149788.1129582348,421.5115580086282
-0.4708415435074523,-150122.26330961665,-422.82135932866385
-4.731754194534905,22541.483449188614,70.4390554233126
1.186830941510539,-67553.37004619476,-178.72851410556666
-2.1356703324761335,-143628.03578935165,-384.8351736807282
1.3541867507732448,111697.30406874623,328.2032417313337
1.3541867507732448,111697.30406874623,328.2032417313337
-3.844727142195467,92029.98385105892,255.0218723887026
-3.2631261993502028,-53641.38855857621,-148.2171106355285
-0.47857462228715225,-109075.32844250186,-295.92224034836875
-0.5935528103948764,37723.988798308426,118.98497220876327
-1.857182286101155,52817.49594541167,154.1721166178459
-0.9021627116216545,245554.16386737197,692.4632731408226
0.7563912204509704,-247236.6779782896,-686.6449152403012
-2.608816403050272,198258.72596316834,571.261806070899
0.9901785875317928,-123309.32005845568,-331.7091735603329
-0.38155899539764215,155636.24278323643,445.6699686549678
0.10740340569365642,46453.73691781948,143.89983445351405
1.766322213793711,-255444.2161605187,-711.792384105482
-1.574979375810564,-171044.34796885168,-474.9373027159835
-0.7056333662339158,92988.07930839197,266.0715235071155
0.37784191313581744,50485.99472024208,145.3326629178107
-2.4479449272441185,-130014.81225947673,-352.90688268810766
2.877355581154917,37196.5611203248,106.02078912091183
-2.339025866093648,-94464.4647831176,-257.7117528299098
-1.7249058451492523,-212388.7198427976,-605.7485629928776
0.9703531980610485,318929.29764530377,912.2140630692202
-0.3338812321308836,336241.48469679715,962.415928967312
0.38963095350362964,-149458.1492028308,-421.4086306855956
0.5564678220462665,-279686.97748940386,-772.7912623960814
0.5564678220462665,-279686.97748940386,-772.7912623960814
0.04803489307246096,-209151.22854334876,-586.2731096213537
0.39047293732025096,-115629.49693617101,-321.8906112797349
0.39047293732025096,-115629.49693617101,-321.8906112797349
1.0788501837823572,-104592.313249928,-292.5086695146735
-0.8075214379112348,-414638.9470547612,-1159.5256528152204
0.8999107261311782,379220.4869111058,1083.6750687244225
1.1952015788832389,467595.7485127642,1331.2747032823022
2.7879938281002703,463476.95012308104,1319.8827141912204
-1.2443821087938214,193186.58974535693,556.8914548618642
-1.3743244338061933,217073.5121653306,614.4730446767538
-1.1760519376022924,190119.87527984654,564.3497354401769
-0.007983266256298624,268299.0139867677,758.1418123287574
-1.9103651646473392,203510.6879351165,582.2108925401384
-0.2742329163670574,89285.13290419111,242.0441084880082
-0.8821538316631671,205489.69984132715,588.1694505147887
-0.8821538316631671,205489.69984132715,588.1694505147887
-2.436130137354347,242971.02588002564,706.9222765366798
2.125174796701991,395324.28440339246,1131.7774102453154
1.4874015023579774,385665.89697536844,1104.4908822604127
0.796942170728297,90986.42795947431,264.89158906794995
-0.8750758698343284,185057.07277032995,532.8926705246747
-0.530786973437104,100253.68963028991,304.14618660479994
0.055735587280913594,253720.65123668584,716.406037664972
-1.151069895009872,183562.88007251805,527.1207083605156
-0.9579435269580135,-210044.07823688528,-587.4562459659162
-0.9662342062578155,-4994.9427274714035,-18.463815761224332
0.5986657384119289,-75022.20165829513,-191.98072723144654
-2.0691986343739477,-57562.18131914174,-144.49531930086394
-2.0691986343739477,-57562.18131914174,-144.49531930086394
1.2245264629333672,70880.93165568737,208.5639729611413
0.5492148229854854,18553.945120632736,60.48754562147012
0.5492148229854854,18553.945120632736,60.48754562147012
-1.8954134021269404,-307562.30941629875,-866.0995479882148
0.9809733387060642,-163960.3700216259,-446.29742055217594
-2.813395853084215,-2108.7332279488946,-3.4198580919060557
-3.3185273078881137,-110418.60299382075,-302.729337751687
0.3766337616228478,-167112.284501033,-462.2212908571244
1.1127027382080465,-20569.28859721651,-45.66470283922523
0.14548393796166853,130646.62743742157,376.3479529140811
1.112195841698908,-34944.406488484296,-102.99341673386387
-1.9498434286009003,-41355.81851275242,-123.78815276651997
0.0051046561502448295,-241778.63231394064,-676.7608943206013
0.0051046561502448295,-241778.63231394064,-676.7608943206013
-0.47566096987934775,-241929.25062741665,-669.0098771494083
-0.48391937251935446,237862.16770495905,688.4642227679143
-0.48391937251935446,237862.16770495905,688.4642227679143
-1.1547922444060235,324283.041912456,930.010261277017
0.48646567940749197,-125632.38596012924,-352.69883068606634
0.49057681880826387,-124723.72914536571,-353.9368398421282
-3.4770655615942716,-176076.62708114454,-502.06314609923834
1.3933807337164863,26151.804424747654,78.23875353892204
0.4277469032072569,223782.20680648522,644.3784468022218
-1.9993945758062521,154767.81851103314,436.85894579859115
0.9164127204246711,-253690.91283130168,-709.5257107404843
0.4432987888918032,-174623.138555425,-479.5467654260906
0.25126151454744006,-203009.55758641977,-564.0559571137389
-1.43182252958984,46061.27709646297,146.83357200230637
-1.352474208990588,42546.87424445389,119.52305124090444
-2.4341076234910934,129196.69884053031,385.43430160483507
-0.4094712954273469,233613.8586439131,671.3896066754652
-1.0561450941523476,-34694.466718679556,-95.19915176335768
-1.0561450941523476,-34694.466718679556,-95.19915176335768
1.6867577845986856,-60931.43089499211,-159.33831461598444
-2.440909757437248,-123999.03915637107,-345.5469936719804
-1.9556802067073553,-167623.3200144696,-468.1318575084723
-2.8250172324745604,290850.31860409945,829.1912662861107
-3.5241842767550553,265253.0727532004,752.162354553045
-3.8114274488482662,333391.76466678665,965.4377838003087
-2.065259234504783,304259.28859275655,863.0997312988374
-2.159325872731506,305997.6553350764,871.145775552233
-3.3582372540856325,367575.0029879825,1039.985282959899
-3.223963339600864,351533.43933324044,994.3438015558576
-2.3957121395347136,375442.3473014048,1057.9155103492553
4.19999774157628,245620.3236083718,682.9813849775237
4.322550732115325,240441.53360044333,700.8874939695738
0.19882747874862375,-80246.07494055005,-233.14893194871934
-1.4635562617324303,-7087.089937146051,-9.99985809684345
0.6754818202171754,-61559.28347293425,-178.99769028359364
0.41224334881592306,94868.48295957294,266.43566414354495
0.40797691038503353,92925.52774361602,270.9229202786928
-0.9764938961763867,149060.59882741995,433.73699151333193
-3.2831222891410166,-132548.39170942214,-367.96019020963274
-5.147849888383369,-94515.615090186,-269.0354618318822
-6.151343806344249,-132654.91073213404,-379.3581217493085
3.8134528084328934,77338.64042843721,235.25086479520155
3.411682232485379,82287.49862685097,236.7311551160233
0.5826816719814426,204085.7499610335,575.2139024929346
0.6007817092862179,-28123.103545937363,-78.09654451261397
0.04942981056276925,-212155.65564262454,-594.3657277114411
-2.9796748325781253,138122.66181346413,390.4515345128916
0.04224267634500024,224185.59196271616,649.8883522418629
0.04224267634500024,224185.59196271616,649.8883522418629
0.7866090955066608,268040.195425546,756.1147293750441
0.9860287816075921,-21531.67926561096,-59.90451706766643
0.981293490765664,-19956.26657128521,-62.46120728078667
1.4690357053091063,-67027.5563574348,-180.69702437614885
1.4699105109907848,-65230.53400136169,-186.5598794702533
1.8868372518245973,129757.34672017317,369.0373662890766
0.613113608924812,8985.50967529927,39.18981042549815
0.049115938805141285,-106095.21781081262,-291.9102031099625
0.049115938805141285,-106095.21781081262,-291.9102031099625
-0.42676574821428115,-44421.3410829835,-114.89392359746657
-0.42676574821428115,-44421.3410829835,-114.89392359746657
-1.002007083388199,-104694.03031352146,-289.58425105617704
-0.40850851019040424,-219466.0374934002,-606.0151066577849
-3.472577012457586,1667.8121353319202,11.564803918397203
-3.4435221971809185,-3776.367586212621,-8.957794228710952
2.8688505962064426,-141606.90763221122,-373.0646234538407
3.018649627622852,-168482.39277396927,-475.29690102775214
3.018649627622852,-168482.39277396927,-475.29690102775214
0.756745529393975,-235466.45720567316,-651.4773832374808
1.2191440765355457,-258983.37197024206,-736.4700352207207
-2.8461621991853994,-265519.5484058816,-728.832497137308
-2.7726635882249218,-261866.49212685888,-724.0145336382127
-0.49461321422157045,-149277.87781500642,-407.3097040066903
-0.715025439487677,-118473.95709978059,-324.9131662675779
-0.6641692732605387,-120521.60938790512,-332.7961903524702
0.43058836968631525,-220188.7498975075,-608.0235935923595
-1.6080230550060317,136761.89107609098,398.6201317075014
-0.7961092963574179,-9095.72948767619,-26.054677779013197
1.1621539954608995,-17981.42714678754,-36.92051937794622
-3.5787171651242806,44793.563138390025,134.29007178561548
-3.2956102985925364,91415.14800279241,257.06103133174264
-3.1343953547698886,80725.22901131336,226.0145715568244
1.3239619265585454,-11501.023905668015,-3.593559584223616
-0.6487292699096154,101015.00586159024,297.1383500330781
-2.690936895464089,-40370.27508686627,-117.07812955135428
-0.9049891755815562,-191289.88786513908,-520.3368147478433
-1.4997626608268895,172433.25386794007,485.25892179438097
-0.8126407423702815,-49741.24299684019,-135.20197823558922
-0.778628015833356,-51713.176317025296,-115.88783090586855
-0.8446471504532234,-71101.377781808,-196.64243162267587
-0.870057881055607,-188252.73590856092,-528.6987521767169
-0.6182235757289384,-43579.74070293948,-122.02026216603417
-0.09711708800292639,-222027.5999813595,-614.4604701150104
2.0739245120985528,267299.6586859255,782.3071748210346
2.0655574091027544,268014.56971673045,771.7495938898745
3.0497950899812176,225403.80586047322,647.9217722134492
3.290596317214204,231184.8777622447,653.1152583775079
4.77970353358981,120400.9285685672,355.49097615316595
4.089825971162698,94330.87247227374,270.9151146886117
-1.4716477775099797,406580.06123231456,1166.71717518456
-2.987625242686689,60684.99592658521,182.12641556701843
-2.987625242686689,60684.99592658521,182.12641556701843
-1.255533174232997,950.1634101658051,11.250451998824571
-3.1377157115874255,-232341.01559373748,-650.1964308135214
-0.0748904593897772,-190537.32992395078,-527.9292638890603
-6.248000752458181,-42595.854468963735,-113.01475920094782
3.807041689989379,22850.193889889095,80.22096139370885
3.5976489714248427,82960.8414635412,256.9462231198084
2.549969120528236,327388.3189596753,940.6086453134687
2.549969120528236,327388.3189596753,940.6086453134687
0.6633010838549803,30892.14953269428,103.04358964449526
-0.38535077921732147,83442.9187095085,260.4422208505404
-0.151178660107181,-232052.22965312548,-637.0749893908318
2.319812434129326,-255072.30509317067,-697.5267265556074
1.379675045132009,-262822.9112226947,-744.4503641883678
-0.5094599678917172,-38337.72993950963,-108.09829879787574
1.084849163424199,120595.01552939723,346.3447365395118
0.7593927777526903,108623.24000945341,315.08938414768033
-2.203012806573483,-185474.07089596702,-505.51322448784475
-1.8045197909030222,-31536.803242409427,-87.50106355436907
-1.090689189513807,-178409.9859087307,-476.8061411352082
1.5810207622522758,50924.387906775075,149.37688764731556
4.1830098473758115,-126582.59476391798,-350.5329252359073
4.612735757432838,-135851.00639335666,-353.4236691138123
0.6679692550797659,67238.60124287326,187.04562086225874
0.3171145588767932,187045.930304823,536.8502192565245
-1.1619999716193223,-387925.2591356301,-1084.8723270892388
2.7098904347118635,11086.295935241244,38.15923151693691
-1.0730351226636083,198475.2117639016,565.995840703253
-0.9661521010903001,35822.20583462587,108.26591745887174
0.8952333222797061,-67013.70993445121,-177.79442161237884
0.8509711427729673,-61842.87984954183,-170.5568789209819
0.1675171737413763,-71693.60710261158,-203.09221970449371
0.2120263269263587,58147.559804704855,155.26102257567288
-1.3664558963206215,65131.40931188304,186.02596765280308
1.6641864949926914,126214.40416262466,361.5117722158566
0.2924056513243495,-348554.6817611258,-958.4893563468652
0.300858102516477,-347248.62551286747,-959.9593473750695
-1.9166670882355195,-113970.96609150036,-298.3137637656501
0.7681626095684628,7463.021070969985,34.68552570622414
0.7708883361177632,4177.376623185382,39.8690273856463
0.7731022450948642,7562.258182965023,25.523318924158243
0.7731022450948642,7562.258182965023,25.523318924158243
0.07038035007344601,133493.74982696836,394.0239302108563
0.6093056157983465,99401.42520718739,292.29563836514075
1.1039348637489215,-215316.19272409132,-599.7560309183174
1.0145524368117238,-193263.4620145179,-534.3846636693886
0.9585520517329289,-186722.84937258164,-535.4242505032729
1.4039760015577447,-1097.3881797080749,8.73920772169122
-2.3348294044634983,-276117.84717194823,-767.94751023578
-2.288958681244475,-298770.75407248485,-812.7218314385403
-2.2983376574230503,-294101.27586726326,-829.2559977940625
2.8930598971269648,15725.702410237069,54.27045024224491
0.3210616952231668,-224298.77999756625,-632.102398492153
0.22193644273234397,-260201.31160293386,-711.4275129216427
0.3055405142366032,-301588.4691173714,-847.8693090218851
3.062648038698281,-425127.8690771775,-1187.3333504983802
1.6948201741150029,-502457.4605990087,-1418.7784947149698
-1.619528825367824,-237930.33423735393,-661.0638490788001
-1.4071646320202393,-202562.1778148509,-567.1418366179525
1.8789509455394644,270693.4151702742,776.633473185624
-1.4196934879291183,230986.15534803798,662.253981070245
0.2650420953879828,156107.7245206736,445.51587919682373
-0.33794203300273395,344124.98186052154,971.0367405071496
1.972879280856167,380571.2948641762,1089.981192704444
1.5747533622817558,301436.15273759357,863.8185033939565
2.6983033068146973,242239.21546763886,698.0761189907114
3.8341727648127795,168647.3237980489,491.020515975519
3.032584023132066,-127861.25859188577,-346.3719834713138
1.889611532191652,-144630.10849658714,-400.43444249957753
-0.7441085198435269,-409951.5998124924,-1154.0624583619206
-1.339904293462715,-427105.6147364253,-1193.6129878509644
-0.3742346950467356,328786.00016959145,950.3024801567266
-0.3742346950467356,328786.00016959145,950.3024801567266
-0.37499127351680706,331536.483425017,948.3424642028905
-0.3869207550190027,327464.0644927447,955.2783747950908
-0.38894786605743586,334958.9650526316,928.5631017879654
0.9172902784302862,387214.59655656555,1092.3558836899836
-2.833983512550928,141709.1159443232,398.2811810667841
1.2610563130118013,-66592.91996900883,-181.72952036551104
-2.6667873095884453,-160786.40358885395,-446.6663330245153
-2.8331226420221842,201949.72384985618,573.7176277843021
-4.729437748956261,-113184.70672442966,-316.2636642123477
-2.8734464823346886,-27027.156078892513,-72.76383954894061
-1.1339584569777028,127383.34428966657,371.2624415305528
1.4744344112186787,265453.53737706586,761.2194631837314
-2.997949060814057,285413.1089996986,805.9906340829385
-0.4433763397463433,-287967.1803353707,-804.5163071508935
1.0535588002789813,-220005.41576266772,-609.6293877806525
-0.9753204561610036,192195.1660010717,540.8882707826851
-1.3107722507496473,-169563.04825861135,-467.7908702782225
-0.9387275561701899,-213029.26409755537,-598.4162745464188
-2.1925099999297477,52372.803118871394,146.99247795591282
0.25303801227916767,-129190.01644129893,-353.7991262465601
0.3243561558490798,123784.77450599518,349.816134510584
1.4009963720089174,127350.89659522746,372.20942278490315
-0.2372643591577369,131067.03909151052,374.06810610301017
0.10160493003825327,111224.12858380936,316.59674366981307
0.10464963024211481,110511.78971412763,319.6612396711665
0.3723353233306675,-89450.29753530415,-240.70295263889406
-0.885707919570947,38244.031117111226,106.02646388005329
-0.15774809412587923,-47466.851099866704,-125.04662839890317
0.9941980639474539,-79229.06865162222,-208.18274773563107
-2.3069026863168083,-70804.01430798866,-201.7333145439396
-2.3069026863168083,-70804.01430798866,-201.7333145439396
-1.8107455557068368,-154990.89197833513,-428.45088915065634
0.14008611683736008,-249359.89724491426,-692.591668963023
-1.106702256750016,230513.4187871864,672.3270701220432
-1.877910384336428,-301405.2952060191,-858.9970794282738
0.1877386431396084,190922.15933607667,538.1029481141861
-0.39608666542755533,147844.10461911806,431.98735979707334
-1.4280343299710054,126585.16222411918,363.3935606372686
-0.5051951971682331,-87922.36348290919,-237.54679064845936
-2.3386869799884242,29032.143226118467,90.34080131443503
-1.3146647470444777,-7301.555728947032,-15.10692254685694
-2.01673252989417,231492.76124039377,661.4581404094499
-1.8824439806434496,207052.9136046793,588.9088355681735
-0.46859129224468493,-465910.6425484962,-1308.2761891841187
1.3965684254998698,-263392.3995018634,-723.4420692987736
1.4598777652917574,-262317.8336001806,-722.5432640448744
0.16668893054997033,-70830.02964643572,-191.129012085432
-0.4206095057782933,95503.3653011185,275.949978258803
1.8441345157520757,50403.92642299739,151.68551890337494
-1.112015954339546,-118255.61386404719,-350.6099301688942
-1.4648720961367179,-127355.03168475685,-386.9116193300681
-0.91747985744397,-199854.57840024927,-570.1344885903184
3.4781781140038226,-242818.17000116775,-670.6158491257819
0.5760870179018012,-271668.5255906028,-750.321430625937
0.12302992365723302,-242625.2970839876,-676.4196576564157
0.5331522406599707,-212938.88143749768,-598.3981330896603
-0.1695140231459461,-129534.3514047122,-344.91924801321903
-2.078585590182811,7656.9407478719195,29.233538998354433
-1.9452597930117101,-67073.38127098672,-184.00467397033117
-0.505867387758862,-122310.60935880456,-349.6492210496456
3.5210979228256902,175774.97373073242,509.0383391302557
-0.5763843605503693,-31268.77800321218,-76.98109442273956
0.9387222090697143,98431.87472534229,289.39289121000763
-2.3036775876242137,-207037.84691961826,-578.7823151870058
-2.3036775876242137,-207037.84691961826,-578.7823151870058
-1.0361197784047171,-34699.73975765907,-103.6406163403418
-2.6212301985712485,47210.53401542545,148.77919609069443
-2.3115273009774904,54762.83754105795,156.4063217348649
3.408952304155199,185471.42012908685,540.0777621068812
-3.673640029722038,-234605.99707024483,-647.4652040010568
-1.674154555031098,-205492.75907424412,-555.249701958846
0.6888769893441075,-256436.25353672044,-733.7025457725312
-1.5189379229340751,151668.3314806059,423.4046162434943
-0.36674406364444956,191946.32348998392,568.0758557268813
-1.9495109733976632,62690.65880850438,184.5633713023778
-1.9578301435383518,66147.56137556855,176.2811076082969
-1.4017173164790349,136659.8390303814,388.8108713899409
-1.5645345548239742,-70806.52292418697,-191.14973043300165
-0.9005195597432167,222611.0622798709,620.603790450764
-0.9109468168679853,216119.54986992298,639.5165385941091
-0.14752196980309557,279476.7580363218,796.9942853160688
0.8640821987184895,121309.9250940196,365.11820093743216
0.8623910315111424,125698.9551090688,354.3867539248027
-0.5209835475778046,-86387.97967412736,-230.9853247334476
-0.5209835475778046,-86387.97967412736,-230.9853247334476
-4.230273815853393,124291.37106438351,345.18531937490405
-4.230273815853393,124291.37106438351,345.18531937490405
-4.234939028566393,124604.45238440794,339.2267775364135
-1.4651581610912212,187608.91707768425,549.0522102807254
-1.254635718314782,67566.27373145348,204.67740014701425
-1.4053064532723136,66258.72755462973,200.77150378756843
0.35263159490907453,17701.47419722568,60.49943683963315
-1.8309670588532385,136192.16846701232,403.3426677066911
-1.838330457430187,135290.5151285321,399.70046341308614
2.2727722815894618,280907.34243023937,811.4508463828173
-0.7771676128565734,229052.2250043507,648.6649819356152
-1.4996909296296281,9526.418050393,28.27017945755778
-0.49171914401601124,209826.41656558277,601.8984801989719
-0.49134502923816664,211863.75446403216,596.9783155500064
-0.5871225292688643,226537.3028288682,650.6747251655065
-0.6323990198706827,352361.53325639496,986.1282858504838
0.31731042353701144,-267862.79501361883,-762.6042044688548
-1.6281597535354535,328210.39985277934,929.8360543509622
-0.5518961956595548,137655.56227091726,408.24849795673964
-0.5619186096114887,136912.21469823044,404.56761121967355
-1.543685001999854,-104507.95619438654,-272.68219555582493
-3.9773894658094653,299698.2809915258,863.7212425491546
-4.149965241465819,190140.68362411662,531.0338645965185
-1.0069600562563448,158432.569984108,445.1678410310251
-1.0069600562563448,158432.569984108,445.1678410310251
0.34811509825485437,-102240.74402894416,-289.94036871426937
-1.4474515631535407,146915.7486991966,418.17906855441447
-1.4474515631535407,146915.7486991966,418.17906855441447
0.559287105712712,-22455.091703519447,-62.44893465666767
-0.6962081444742138,-9257.803617664842,-11.875766529201801
-0.09935444285835177,-83700.05388480182,-221.03350577594227
-3.8356168458031004,-223828.1294112076,-624.7903365574734
1.6976715686165469,250113.4695387845,714.3132270901044
-1.7539830592234695,-241705.6604889909,-684.6556936320185
0.6656714921269702,108443.64124915298,310.10932306562387
-2.352388275177644,-30146.69827588057,-79.90309134764664
0.6513530973321087,-212696.94643635247,-593.7773169643838
-1.8871639816089387,206651.5083828097,590.7665109219204
-1.8696719022066433,161475.22035983508,447.6552601730651
-0.03970961777247267,324869.1367213421,925.9986815239615
-2.997166548334373,146094.55353786217,420.6054123099532
1.0695826389092118,-116664.18063881497,-315.6643405803768
1.7703445588018487,136652.25716411794,393.57113936558505
2.63401664919862,265361.3624688713,770.573921185412
-2.061782337662041,212392.30972090267,598.7848070311286
-2.061782337662041,212392.30972090267,598.7848070311286
0.6105394379973791,-145242.1441150392,-389.8686665951346
-0.761852302372693,167234.4314575062,472.7893967523891
0.21627892305175453,-146281.1895887426,-396.3395189816625
-1.171539812546541,228322.21076077365,655.1540433880839
-1.5720545798707977,108595.1562062588,315.1045071820238
-0.22379019806906789,-123149.592735565,-327.741725392226
-0.36603958034177886,-79362.45389463747,-210.24558426228748
1.0040182433444127,-339853.9272889514,-949.1972555695507
1.0718370755136897,67988.72094236464,192.28771562151675
1.0163189079316117,62762.41728313953,184.8610239153819
0.9643641235945495,53334.62956616484,151.91661325399966
0.9643641235945495,53334.62956616484,151.91661325399966
0.9735016053323045,55305.4607765568,149.81289437733398
0.6742236672144752,32751.559232425785,102.56219811783436
0.8906425548157536,51845.117669372405,153.29587415827828
-1.4373593384001055,-52684.35047762368,-138.41424400487367
-0.741277116367154,159033.3345466092,459.02987070793256
-2.8621989068781692,195218.7802626131,561.8762576166474
1.5120993470149784,52577.04027145591,152.62870706236097
0.9207004699560366,-293505.63325922546,-824.7024032619768
-1.5995937209751547,220547.20158938345,631.9945181757549
-2.4229924179374187,-203926.90137034236,-573.7451355146843
-2.4229924179374187,-203926.90137034236,-573.7451355146843
2.170913363641287,-98906.228985352,-267.8100105125091
2.170913363641287,-98906.228985352,-267.8100105125091
2.170913363641287,-98906.228985352,-267.8100105125091
1.5636238678458332,-187562.43336414848,-530.2623417974917
-3.734323386077631,87235.81992427121,237.86237776958686
