Vibr. motor free (Ax)_t_2,Vibr. fan free_t_2
16.02346976076764,10.505607739193554
30.058573665904863,13.945450831244434
24.58524241907698,10.45225408802877
14.050948038834056,8.979759377279724
18.56284261383503,6.684281157045531
-11.655147515462057,-2.1705654386701108
-8.63071000366496,-6.172510306615733
-10.871004141464876,-7.868649390257185
8.470920938970462,1.0647033235727448
5.307510103116906,2.642810770934566
-8.267613969532063,-0.8116624547742739
-8.267613969532063,-0.8116624547742739
-3.5335127583940245,-3.968816854022762
-6.413094056543818,0.02906279942070711
7.54585933920777,2.951130625575305
11.058615777644773,8.681155798711039
-2.931443001918142,-3.550453242148165
-6.751957085329067,-1.3021132162661915
-7.832299068066661,-8.08919210508872
-5.1326748057320195,-0.34347765575726896
-5.1326748057320195,-0.34347765575726896
12.08596800950174,12.191291389826697
12.08596800950174,12.191291389826697
19.008737665145585,9.731491414161633
17.957759708696468,8.68182790727235
17.957759708696468,8.68182790727235
17.957759708696468,8.68182790727235
17.957759708696468,8.68182790727235
6.529974538687124,4.6980083679982165
-11.3463787493089,-2.977663329727191
-21.907556330084073,-8.358064601363747
3.238804394081485,2.050063002096964
-1.2163618384034924,-3.5681532903942537
-13.031325626755125,-6.281292237478095
-10.3238896692039,-3.715872445607046
-15.209363294764893,-2.2565755224192277
-16.624196581306133,-0.5573778763429806
-10.642753806536795,-12.541085129028748
-12.694174265779605,-10.00415664361895
-7.586009738852085,-0.3491021698059287
-6.325702799078044,-1.638287094377586
7.296305969084137,3.843719029086052
11.474676551372221,1.4833905987030027
11.447187899718022,2.409405916111239
14.023925080311711,2.8691603145146756
2.6133250328427753,-1.8963712149456713
-2.1469963108526198,-1.4815838453983434
-1.3991316333572656,0.6026059706516276
21.43279373533575,8.266555643494689
18.500038544534497,10.343282414275908
17.057193693144804,7.359746766458789
14.66197397381503,6.148269584544167
14.66197397381503,6.148269584544167
11.922654354838485,6.768911660519969
-11.074073085828063,-11.45714455054958
-0.7164928608795655,2.071170806847615
-1.0953343917480791,4.330721470797739
1.216492339438116,1.9601985090010534
1.216492339438116,1.9601985090010534
1.216492339438116,1.9601985090010534
-1.4305523254403476,-0.6752163620690046
-5.041374789741026,-1.4184486638210245
-8.633318186110118,-9.444397459761218
-8.352313691372114,-4.045549564326588
1.38421968495259,-0.6548452499665305
5.233849501092067,4.318713120817433
11.942868121209052,9.820199549001233
7.964486717692924,7.9692872393246015
7.8640573810503005,4.9017695308741525
9.113816468200481,11.50783551404343
12.026908530766821,-2.2092753806749457
-11.496997515086818,-3.775840124067355
-17.412687993855542,-2.3402230342369075
-13.232699072852192,-1.0923080790257984
26.313658799449968,11.272318969240171
-1.7087539369697868,1.9848667209647726
-0.6462639507289785,-5.276995020105884
-0.6462639507289785,-5.276995020105884
4.473966822897745,3.6305096858778225
-0.04179917424997015,4.9123003672418335
1.5190142603931893,2.0339547561188214
4.230476043114452,1.3943207423535395
-6.625360168779101,-4.725276401087059
-7.771755256111263,-6.141104913521387
1.7667466964237777,1.3278636242991242
1.7667466964237777,1.3278636242991242
1.7667466964237777,1.3278636242991242
0.4985364021404617,-0.7316495403377201
28.132732029712535,12.739631815145126
24.83792135521685,7.556279980720665
19.533621033473707,9.119793979046086
18.07113630216351,10.813166110505357
18.07113630216351,10.813166110505357
16.30681360485695,12.170944513284063
17.408028528255752,8.872570822171154
-13.33212444742292,-3.081674926768351
-0.43975980279851434,-9.30587975809929
-14.832676929289352,-4.871818161877707
-21.49310631543954,-5.972572151420015
-10.696961097294825,-6.273081264004802
3.7887394348608794,-1.3667146601818714
-3.4267869288003814,2.78584980050809
-3.477517048291067,0.783771150218012
-8.871890578428344,-6.097956660798069
-13.994467201512052,-4.1482722786600705
-13.994467201512052,-4.1482722786600705
2.9858975298467367,5.589984073096803
2.9858975298467367,5.589984073096803
7.1655202352100344,6.281223297093952
6.3430898275387815,9.165977212355667
18.279585365627756,14.57027991130958
5.378889898441509,-5.012258618235533
-7.10585179061244,1.0925872473985425
6.915506508586257,-0.10069935653807272
7.793270560112747,2.8375850196048598
10.03499116670719,10.608169465509317
7.730619845806382,8.435635034031124
6.6738913019143915,8.919088244029128
18.074658258027576,9.69957050698122
22.71222195921208,13.266083770923043
19.648199386352648,10.822875739916494
26.354978272974794,13.314147985513111
-24.74469810063282,-14.515463311376696
-6.049254318003074,3.343110692030308
1.7813988007336246,3.6165419067436475
-6.497123903894395,-4.499047308360359
-8.088752799711333,-5.5245760620236855
-8.088752799711333,-5.5245760620236855
-28.134144610138755,-15.079603948743756
8.416417425895448,3.6970501243864557
1.562111970838778,-3.296359627526832
21.3110901631103,7.751780369613286
18.76787878370362,7.18445185778927
-5.1551087402479565,-4.3343102027257014
5.2948843082513894,3.572798523341531
-4.653724186884794,-2.222350859765145
-11.014481285520631,-2.518206014778484
-3.213138887242234,-3.787284620291624
-8.043604131093003,-2.419518372207637
-10.798581790274593,-2.0559268241921123
-3.4511564796849514,-0.38677887630135577
13.162054553716604,7.003246032948486
-0.2688779989463397,0.7493784824410175
-0.2688779989463397,0.7493784824410175
3.0479160104337506,5.814882360176526
-6.054416584747324,-4.047806842162397
-2.140093110880213,0.8065086067603402
-3.385113022863125,6.107829446728671
2.8301251575336526,-0.11260563342971608
-6.0761257683322505,-2.686209925114998
-6.617177492826343,-2.6289885615480677
1.6548809322927251,3.628877796559539
-6.14384620979375,-1.6853489940123767
8.40535341743795,0.6626709206438195
7.003985258595295,0.6634754815749453
4.687194520586026,7.210042782425412
-0.8214977496348159,-4.83743489628759
-15.838590026991861,-5.960745952890576
-2.2118190542440015,-1.1797158416355034
6.822895679047841,4.3050810833348425
1.5305083743643406,4.009286928286773
11.127652611408527,3.2409723728882174
2.280796671090437,5.232144147370658
-1.9589676320720617,4.349691689387024
-15.728154153612685,-6.5315565809700304
-18.109607438506398,-6.765149169221069
-18.109607438506398,-6.765149169221069
4.8838259693192665,1.9782476724844322
4.8838259693192665,1.9782476724844322
-21.049592075127478,-12.760561238780653
-20.01549655143499,-12.648728041971884
-16.356860636130076,-12.459360793322952
-17.134768731740564,-10.9776345306738
-1.1783304974136382,-1.8691622149850784
3.154973627980795,3.070425608816917
3.154973627980795,3.070425608816917
8.659807834069937,5.555462890742522
9.835126957469297,3.9690345071642312
9.835126957469297,3.9690345071642312
15.834651765116144,6.046790028553773
17.548701554742863,4.422559901781824
4.124869626108682,6.734929293341435
4.998645510326834,4.577785659407864
4.952555081079779,-0.7932048300494943
-1.53106196516516,0.24649297313177732
-24.183124116321032,-15.577860538697681
5.605941646998753,5.920200229155787
6.884655236075382,4.601543983155966
6.884655236075382,4.601543983155966
12.421351510314441,7.483608544488632
12.096502801456626,7.238774307521806
15.87985787284644,5.43464819664223
12.561337579527722,4.899261646510837
-5.035942989620121,-11.342255910543503
-15.601766487377924,-11.107370793335008
9.585843841922236,3.466789885626154
6.561855048669189,7.5358599409841585
6.682694397168181,2.7387585763287743
6.682694397168181,2.7387585763287743
6.682694397168181,2.7387585763287743
6.682694397168181,2.7387585763287743
-7.817983645448411,-6.135497026269443
0.1826601184452672,2.1976253458697306
0.1826601184452672,2.1976253458697306
0.7738058886005383,2.8127844426055764
0.7861362736646601,3.2710144686155003
-14.810648277969275,-11.058303069990782
-11.464494037226729,-6.348258058035771
4.906881020133605,3.477046402130571
4.971724875280586,2.424858520927087
-3.90286341270106,-0.6392590090335604
11.680745885213355,-0.6243445110507847
4.040370029744514,9.836140066503685
12.793761761203024,5.9973543275593375
-1.141282128645834,3.576524419080214
-7.893258622307112,-1.8832795603112882
1.4484642331419932,2.1977659712035797
1.4484642331419932,2.1977659712035797
1.4484642331419932,2.1977659712035797
1.4484642331419932,2.1977659712035797
-1.982399250118199,-0.72911472560073
4.427266218454116,4.3269705007582475
0.5697709868730008,4.999119165831937
0.030636950213174474,3.5558791312119293
-12.532274223916,-3.524502150278014
-12.532274223916,-3.524502150278014
-15.690522467343108,-2.0844875624356956
-2.31295579013614,-3.793705388727285
6.447856049893156,-5.8798062874831825
-10.050364252178646,-1.6504780518438107
9.10246228706379,8.68373811845202
6.992714038395839,2.519516115652812
19.865663175095328,14.917390227519421
23.3175790310891,14.856561017675709
24.71242745345492,13.284364497907148
0.8627350692874742,-0.9053357541366731
-2.137713971004293,-2.098140183999579
-16.564722978214906,-8.998125210673699
-11.978351765283474,-8.488729483727802
-15.989603593990772,-7.742582426832433
10.39538323648819,7.286703041102084
4.181791483075186,-1.8609035919008283
-3.803772125605615,5.781865522465897
10.206318629624942,0.3605559060344642
16.26122471260987,10.06663042048578
16.26122471260987,10.06663042048578
-2.5183935925041183,1.5944198872214983
-8.231647754867627,-3.01768170888948
-1.46903660454521,-2.1106308780374867
-1.46903660454521,-2.1106308780374867
-1.3195211922231513,-1.7437531524400942
-20.655978418371454,-8.188047481557009
-19.87906175008523,-7.166069094540186
-19.699200894850037,-12.234694004367899
-24.680406116525965,-16.884317902062264
-24.680406116525965,-16.884317902062264
-25.403356396630542,-16.594077290918268
-22.194904714931823,-16.918442766584715
-28.377752899273553,-9.73655847902096
17.59012530588557,7.288929063847545
-2.325665349502224,-4.157312967859076
0.9212080277071442,-3.090377006109125
0.9212080277071442,-3.090377006109125
-2.2501222176954108,-3.5331756889318187
-5.32697827240076,-6.66465177087086
-5.32697827240076,-6.66465177087086
-3.821888320621164,-0.5088650413146976
8.425571594280107,1.1235546442975317
-4.281338903596227,-1.0340931986936077
-4.281338903596227,-1.0340931986936077
-6.98875341048379,0.16836289072346866
3.6260198529727923,3.7944755579328104
-2.607910495362156,-1.0901390376736255
3.0774282813357745,2.357694332569698
-1.9873754906051406,2.787598627613467
-22.61992513516359,-14.539649833917537
-22.61992513516359,-14.539649833917537
-34.223282196239666,-20.493996418464505
-12.337125998841156,-8.927696355130252
8.314687554798816,-0.7613669785667161
7.6152259309228505,0.998667700539116
-2.786750288080624,-0.6092114928153338
-1.4237819937830114,8.415988768033236
7.559282433535625,3.2434161631214087
6.431313956069693,5.863195051106328
21.870626326998924,9.873463461582524
24.82768000117845,10.429557901286096
24.838972175081345,11.703385224440005
18.92883225522674,14.77400985377241
12.153863490178919,6.8067107265867515
12.153863490178919,6.8067107265867515
-4.60689571263019,-3.5985928619887932
-4.60689571263019,-3.5985928619887932
-1.9857011612849589,4.171023123962416
-3.703563435624723,4.489562018234178
-10.081850362008485,-4.900572337151379
-12.054349001251074,-7.667723989672738
-8.900153373694238,-6.395548343970168
-6.11507404663589,-4.745696070908211
-3.856438690732046,-4.588638146313425
-3.856438690732046,-4.588638146313425
-4.924821317612254,0.9584077296659168
-2.138361467977876,-0.7546966859338837
1.201310457299197,-2.3333359069795727
-8.409604136740871,-7.909703471447114
19.2438891580386,7.0304380689864665
15.785641416916969,9.180223784259258
15.785641416916969,9.180223784259258
12.776385476347887,2.396857073689085
-5.86713804143856,3.2132311049634996
2.947392143586862,-1.5673704985316492
2.7485366563768805,3.8600382956897263
5.399417696593844,1.2125911505423876
5.399417696593844,1.2125911505423876
-6.751682037582376,-7.225357263517096
5.553448356022686,2.7901974554810924
5.553448356022686,2.7901974554810924
4.42889503142245,1.7066995679997339
-1.0099119028755075,-0.2688188641726439
3.159181532371008,1.6026778245448596
15.590044716894779,10.009768828562422
9.597603568711277,3.0880945907187702
-9.56704577744402,-0.3051120042360316
-7.9261343357563705,2.6296114899026763
-7.9261343357563705,2.6296114899026763
-12.6130408988317,-2.2811603470675
12.725434577623924,2.7249717405218252
-0.9041555810230566,-8.01660988541336
-3.2093344103505776,-5.661476598778879
19.757885414051415,12.361166980846361
18.312945324259967,14.272612598939102
19.41597760944521,13.132450863235881
13.141142030737791,14.643200676010697
14.101949997504727,13.098526061915399
18.56669590324581,11.261029188172367
18.602405084051167,10.163267783444581
18.866593922973344,9.362754757340788
18.282594221610736,8.316177362240225
15.38070389213659,6.241051972574612
15.38070389213659,6.241051972574612
22.924061632840164,4.031255971032092
12.88188922361256,15.435239456256369
26.061789103991007,18.482079710052627
26.061789103991007,18.482079710052627
-9.32663513401993,1.3426974442473583
1.5948796860105912,1.137969275439742
3.9422525909154587,0.2604802870054874
5.447438564601748,1.6212174859731616
12.673827307490678,6.8602541032600355
-12.535757082581886,-14.792441649538539
-17.70174099576991,-13.862471362965184
-29.316513174341342,-15.225134093823636
-25.176115153574692,-15.602683981821347
23.74884853112098,16.328575243265455
23.88066873566667,12.66977149598581
-6.064198255621179,-1.4692312378890158
8.34825680702278,5.083226041321402
9.172367171462058,5.483161177653477
5.1313797267168795,4.340778545513804
-7.3239852663965515,-2.272473036524251
6.540804552318178,2.3769678629530917
23.512111254336137,9.353798494864494
4.01615195823525,8.010425261029123
-0.10751759575209086,4.414586163884452
5.221423240518306,1.1151640252346156
-4.294255557917811,-3.951280889374691
3.3876897756119853,3.1207352842065226
11.101656539989927,-0.1972508182390209
7.532783831865751,1.3621150855234458
2.898494330964513,3.0325883303559125
-0.20318347012935334,4.139376604584514
6.246639051926339,0.18215042921055868
-19.09914188047311,-8.514448331220834
-16.65919155607856,-15.050177090945546
1.1493196163991222,1.6938799261567539
-7.887571921424303,-4.133392335513844
4.502859491735032,2.6624427678883986
4.502859491735032,2.6624427678883986
4.502859491735032,2.6624427678883986
4.2025119066161,4.8454461596433385
9.700674101344173,8.074531561842905
15.787179938846883,11.12131300912472
14.328511237191304,5.604854429721691
19.14740865161485,10.13096660439031
16.14478775401202,10.648276257624078
19.925034908967543,10.753312694720657
8.97042878084106,2.2788496154219233
-20.738371865349162,-16.399583433425246
-13.941820238171355,-11.977475129127251
14.319618678634104,6.95733699993332
-7.015638643379626,-4.777339496884977
16.413499519298966,6.992139277894892
20.812000838835452,5.782337418460969
29.476767112756747,11.968149652504527
26.366496731435213,14.652542749000123
29.750114725314287,15.165195025366273
23.662469035543705,6.26238310640889
19.649972690171587,10.182874002789129
20.496208537498333,9.447956612353396
16.05308192638747,8.183215005281054
9.423725412609421,-0.0701264367329344
9.283403717197698,2.1219995653157517
14.132973628469646,1.6927046548332416
3.3984105225202654,4.644316751579259
-17.046385842767968,-11.266148491396637
-17.046385842767968,-11.266148491396637
-23.862912741419766,-11.08298648487531
-21.431798222454763,-12.555782928238187
-21.431798222454763,-12.555782928238187
-27.17782932469867,-11.138649737816221
-13.818146906714002,-12.377138909656823
15.293749333372865,4.449020714152913
26.917513040444213,14.747657981492615
23.050489273216055,18.23074622627169
9.109875464215722,9.82271069664903
19.68151708068038,6.357870584033492
16.508936277985622,5.294964443516047
20.982481661874974,9.674677073304638
-1.4379985346633624,-2.178832736454888
-6.600834575519549,-7.166081156968836
2.0442686194398316,8.26494637611831
9.477883929540308,0.9913751674644082
16.94795341191211,9.82808167507498
13.887621407984774,5.099939436163855
13.985087546845275,6.249383727612165
18.204067892257562,7.179314086797449
7.050251340707433,6.324826386047194
1.7959804991951431,-0.8803378730892968
-6.514795977154679,-2.672047302473314
-10.56621751833427,-3.834244593236704
-6.040189168303411,-6.863398047139192
2.8700109876199402,2.5425463369502497
9.655671623305055,4.384359248713941
2.0724271823779286,2.3633763108818933
2.0724271823779286,2.3633763108818933
-2.6150144321596964,-1.3043821995979914
11.011121532310737,7.275381481344734
11.011121532310737,7.275381481344734
16.179787717978744,6.851526920535724
16.179787717978744,6.851526920535724
10.694633864167733,5.016391671447849
12.037616386197046,3.234991302736413
-5.2832038182015735,-2.5833539559545398
2.749831301616825,-0.6686258451489544
4.8734390171777004,-1.9781181804382812
3.5021278210702356,0.6882149055496065
10.64865814552051,-1.213245969802482
3.9412227018777566,1.576233667854265
3.9412227018777566,1.576233667854265
-10.081622423679198,-6.726696102550044
-10.363338787763869,-6.1434601470065715
-12.033458963020296,-7.339939956192541
-7.003214154093784,0.09168606564804893
11.542159561254664,1.723713248060088
9.244573024808751,10.702581746889182
9.57277134322373,11.231861981047347
6.964112431346469,6.88117394347145
-2.3388647159683016,0.9993434914442537
11.102633053870793,4.891339537483278
-17.08265123755907,-8.483668259184938
21.03356224185912,12.805343654977523
22.804284040627138,16.924332511234507
22.804284040627138,16.924332511234507
21.656125921242833,13.44829063124427
18.018155966028402,15.986434179237522
19.175532304046044,13.515062646313156
3.7101497719884797,7.3260838761455975
6.126404654499222,4.775526010115046
8.517771922142703,2.085355605829573
-8.909544128023935,-8.282715937480296
-7.530290762485225,-4.638686057469494
-2.9539244177137745,-8.616404614372122
-3.260660362922591,-2.9798843180685566
0.729636274101904,2.4702730702882203
0.729636274101904,2.4702730702882203
3.839606770452322,3.9581573419498266
3.839606770452322,3.9581573419498266
-3.9411039431740065,-5.568857995705299
-3.2897485075632034,-5.506374176271352
1.6939663397872788,-3.5205755788581774
3.787244198619877,-5.662081942799739
-11.339584379183542,-8.85335388778377
-13.21094733638539,-11.531896446299337
0.6543552589792334,0.11003875607799918
-3.802415521479742,-3.3602790603407637
-1.2064793660232804,-4.7457948075576795
-2.93886246009946,1.157812152887478
4.07591040211803,-2.5370732175411015
4.07591040211803,-2.5370732175411015
-28.996007170365473,-9.531122245627518
-20.842664509676677,-15.74500445463746
-8.176838225614464,-1.3203651370331553
3.249686822719431,0.6947802768649121
-2.7554467533461167,-3.1388225911626924
-2.4129071210874233,-1.4623987302116233
-9.599596284331176,-1.4092504362359426
10.825905905507062,-2.231811634537432
8.230208813642964,2.8801658609073915
6.6253426989770645,-4.603037783149008
4.0803464380942716,7.052139173858716
-5.534438882019385,-5.493384756627597
-2.29949501490846,-3.859774356418445
9.070610470004437,5.348877070950371
6.5187566711825955,6.383259401269084
25.39463194759232,16.95851356371983
24.655109339069945,20.41729645137868
23.50188667099647,19.502472999097616
27.27610803280808,12.222010043621063
16.007618222347592,9.424254505004903
16.007618222347592,9.424254505004903
8.933401810705808,2.093452447580626
14.706334476603736,-0.05567429177274663
6.49399538482413,1.7262976922214275
-2.9706899537442335,0.7919066075705807
7.9177121200569704,3.2426710229182123
9.823707958871179,3.9238893516819338
-1.594147805521816,-2.1504885617831575
2.3400888128943027,3.0106010140595023
9.087911450017014,5.465441043439629
10.937606085095112,4.076279894177146
4.92396522527746,-1.6897182032044662
5.605176574336933,6.500256385003466
-14.04864768916466,-9.821557781342456
-3.7748737433242585,0.8952569577548752
12.483615402465984,7.339394532310651
8.739963281171807,9.155307266962742
7.977558446573823,7.172086362195551
15.176246302205115,10.260956870081012
15.176246302205115,10.260956870081012
23.926140056623453,13.793659910016851
-8.414545219581665,-10.189796468713737
-1.090557691511556,-5.939797647865624
-4.7727054312139785,-3.923303367144846
2.6058204573069452,3.578813866495594
-12.997036918083719,-8.14131672354246
-10.720620298858018,-9.506384839758814
-7.0938621118587495,-9.055132079192692
-10.568966982363204,-7.157125184533483
-21.885836331782393,-10.70507772183732
-16.213527094589182,-10.506214065651282
-26.63590309150026,-12.272152261043047
-28.41168545485141,-9.689827256875533
-14.291233148879197,-14.27000504441735
-14.291233148879197,-14.27000504441735
-11.380699993197545,-14.231762036560056
-44.9820915839953,-19.852354282796785
-19.254238084808232,-13.715818887346474
-11.512435564078409,-4.235439306501484
-18.73030499422851,-9.253232240038805
-7.579952602524267,-8.226841002397423
-11.605245187931288,-3.656261258034941
12.77080144597152,3.080666547122754
7.450901582179156,6.269980884369136
11.905266213676777,4.517993197734921
17.50189401028883,13.26385063311785
17.50189401028883,13.26385063311785
19.476518765916826,12.974260408694574
19.476518765916826,12.974260408694574
10.745376326798626,9.758553894979435
10.795043277159271,13.0229455644275
-15.347836962277864,-12.41340086299007
-19.64010487756512,-12.197332379378052
-18.75198366211186,-13.981647473726504
-15.809776744743338,-14.13410848633678
-6.456446735640457,1.5932028133568235
-6.456446735640457,1.5932028133568235
-17.047211099068274,-13.062371731746296
7.7256016345027465,6.148433697555878
12.103090533800986,3.7265266819833913
13.364647723593956,1.3675592050816947
6.637315932661656,3.3280669540987686
6.637315932661656,3.3280669540987686
-4.1807611721233995,1.4687908936792875
17.705886407253786,12.029461438336487
17.445120368537392,11.85640220632839
25.74234558584488,12.285641332872567
16.33077968622362,17.71122740712081
24.777161449650414,13.607575326264847
-3.138250029686535,-2.5542743994488557
6.926731287571918,4.139925003722501
16.342065947389102,3.5524233193862136
-15.977922232770034,-16.56985798018745
-19.950298905386365,-13.441048680776287
-9.35549091053021,-2.2047248278808556
-9.35549091053021,-2.2047248278808556
15.781043334316658,3.441463176869644
19.496948362910725,9.810530966955321
-12.35728838519135,-6.075592401030952
1.0488482725337747,-4.2979355121148854
13.177794738114283,11.011570774990416
15.006464236303216,11.656006736834852
15.006464236303216,11.656006736834852
-16.82441250262876,-10.726704683580108
-16.82441250262876,-10.726704683580108
-16.82441250262876,-10.726704683580108
-23.693141082281016,-12.538990544797247
-19.782699262569146,-13.273183578561119
-22.719124809474522,-11.911965760317889
-11.794655235376649,-5.990360504972376
-16.495863402907986,-4.959629268790865
-7.547757817509427,-10.286279330987
-10.296000562061623,-9.846589450067642
-16.74918709342071,-11.690684046973722
-14.634102141582998,-11.800408549290815
-10.61479190278269,-5.12557278944505
-9.533332206188176,-10.386816828227785
-20.011448690262494,-7.3350462147834214
-15.646082596261188,-8.257368475825343
-10.788185517139095,-3.317370937851643
-14.29195693347871,-9.06821137825859
-14.29195693347871,-9.06821137825859
-10.889571452970097,-9.944239941805751
-12.36709541421489,-10.735727024887119
-11.612813529429669,-9.964011212594222
-16.352090670093794,-10.386225604860881
-5.036173909623718,-1.8288117645793402
-17.10047957093304,-12.20099329594598
-17.10047957093304,-12.20099329594598
-23.39451972830507,-10.38229259226873
-17.836905062744748,-3.998446018427642
5.029080882104683,8.6731535961904
6.742524890886131,9.730738281100551
6.742524890886131,9.730738281100551
9.699198685077528,6.224081674331925
22.403588048924203,7.94760105128763
22.403588048924203,7.94760105128763
-1.618321740333812,4.580605149190154
13.05829451949089,4.020614586447835
11.881773606326512,4.654417052357218
11.881773606326512,4.654417052357218
2.678408452114395,5.962919809662006
-9.73584561855651,-9.072641403464822
1.0164849751820508,4.181072244216024
2.749050670993823,5.084736904945569
11.338272157265791,3.114849537730511
-3.0311478639023575,2.4417088372532563
-0.931387535092751,4.024205138146568
0.8104376592747053,6.759329082523154
-4.560026552282771,-3.238320201264753
-6.252805416667794,-7.458421502788102
-10.044519148749721,-8.04482043346294
5.678769206437867,2.1656146935687977
5.678769206437867,2.1656146935687977
10.379807497675777,7.983093518377926
2.795698312129947,-2.8054539073812217
7.234899386248625,-2.3294045806394355
2.5798246999784427,5.047660534279934
8.153161616056968,7.30377087366282
-10.090476309613516,-6.393222756184712
-10.090476309613516,-6.393222756184712
-15.377869706035167,-6.411722232407142
-16.54695832759569,-11.27559588940806
-20.741528056108034,-13.34211884534562
13.392688839470209,10.19947513866931
15.98801942652844,9.396916364890876
4.693203082286486,9.681509964173811
12.460704736591458,6.022709122294656
15.146652591021658,6.759741399669453
0.7561108118650299,1.4028296471516555
0.7561108118650299,1.4028296471516555
6.087475398697832,1.0781843492982999
6.087475398697832,1.0781843492982999
-5.5497372987675675,0.5020275663875311
-5.5497372987675675,0.5020275663875311
-5.5497372987675675,0.5020275663875311
-5.5497372987675675,0.5020275663875311
-13.772726508963045,-8.108900307860484
-13.772726508963045,-8.108900307860484
-13.772726508963045,-8.108900307860484
-15.817010430110575,-7.367101056868764
-0.4346178868194088,5.758634093972208
5.712737456458193,0.6743763496703448
2.793908374948316,-0.10483339717199547
-7.547884303305031,-5.190284927530799
-5.978990750330531,-5.074087938762977
-5.978990750330531,-5.074087938762977
-5.978990750330531,-5.074087938762977
-7.417781267172273,-4.741191377685455
2.3482526088633184,-2.5224944627493717
2.3482526088633184,-2.5224944627493717
2.3482526088633184,-2.5224944627493717
8.47378405942301,9.96609534367236
10.021585709203542,3.489761104288351
15.502677882707953,5.262698283548683
10.96623159977995,5.162381812228879
9.35568639012576,4.874624189891231
21.68901475763362,11.692386033008827
19.354984816801018,9.716929973916942
4.3395149647449465,2.3413896745346943
-0.5430553725633702,1.954235558621646
-0.5430553725633702,1.954235558621646
-18.013580222475774,-8.169401240054933
-19.5007767600628,-6.052197310785392
-5.45149043335216,-5.156151277390536
-12.57160538321768,-4.49792055932973
-12.57160538321768,-4.49792055932973
-10.646625541171318,-4.209803962696276
-10.646625541171318,-4.209803962696276
-20.28800447676529,-9.990222748693894
-8.667297460782954,-6.1824508091071495
11.509369245217023,4.4709993120325136
0.6281500458707168,3.697570376388395
-1.4658520506278592,2.672216132273811
1.2073591961061991,2.9265402125577555
19.60746651891888,9.145507945776306
24.86709551857298,12.128917400931234
20.202489290313906,13.1824621070616
13.094604573250468,15.599263066590066
11.543102442257169,11.331250225184732
25.95938626617175,11.56926636967319
-6.401265606126959,4.090456129545598
11.360013169921068,4.532367079314778
-7.04158779006507,-3.2303328280275165
-9.96730933006474,0.2148421954978854
-17.240345504455487,-7.9245981534701055
-16.03669146442343,-10.065006847214757
-17.700696933775646,-8.36222207908674
16.214689324368337,9.322925265580865
18.866595337557804,7.125054596064853
12.196731312156736,4.042038483756986
9.343041171270038,5.31555492133105
12.430541102713686,6.310830602507119
18.805762188423692,6.9790774295185685
15.428573983906162,9.4286804377803
-20.47360001937505,-11.818428511658885
-20.47360001937505,-11.818428511658885
-6.568594751057679,-0.7525617181399173
-5.433391162630664,1.3365081883587733
-6.374824421868365,0.2840953541444189
15.050922870991323,8.897854079433637
12.971604167905035,9.303225142726449
10.467654602029924,12.169031618542016
18.99295782879507,8.655911710938316
4.410402219315218,2.5714010899369737
7.266353479764373,0.5519483753440855
3.282729300904295,6.343247569969881
13.666204922812772,7.8004010515106135
1.4326825070848732,-2.2002733760055317
12.659172765103829,4.2671779967640955
16.200442034486652,6.286669065808644
38.45038432360405,23.08012892583125
36.56515028675566,21.989128037514316
33.98886593554559,20.772874571916727
31.889427921639726,20.715740142521916
29.46830367694343,22.832056189001797
0.6212972324769153,-3.1353110189181272
-7.5928218700848245,1.3505144002576155
-6.957552729424868,-3.877981161898726
7.159411179053463,1.1595349192735052
7.1815141752158995,3.4261721972416397
-7.895571550078011,-2.9373393009566593
-8.591226881382116,-1.9801673458432412
19.563175658672343,11.12147898962699
19.563175658672343,11.12147898962699
0.27559843762225356,1.6319870500606832
-2.5260697440503614,-2.05672183915565
-2.5260697440503614,-2.05672183915565
-2.871286180356287,-2.2845426907148907
-15.555072324254251,-7.360054462487966
-19.091706799817494,-8.981987564758988
-15.791501248056989,-8.388660782618384
-12.021719742561604,-8.344696728843081
-6.445126976414273,-0.07519551635747579
3.39770963163652,0.9889526323195601
-1.097724986405173,3.652768345871558
17.3053347698706,5.423174508840069
2.9309976603110552,-2.2817960752780007
7.209641159583217,4.202009143114092
-1.1713201272954414,-0.8697284097191647
-12.359087570764013,-5.200703357375241
3.3263136095399064,0.11802568843745131
18.20550857278834,10.446549144284008
17.461925136843764,8.521914542130375
23.331448596874687,14.505269405021904
23.331448596874687,14.505269405021904
24.229078585781618,14.030193381154564
-1.842263092966169,3.3791995549211293
-1.842263092966169,3.3791995549211293
-6.504489934140633,-5.696000183578981
-13.100963473769477,-9.538455226603865
-18.91243315640112,-5.746022905792097
-18.91243315640112,-5.746022905792097
-6.667316121259225,-5.687528521227259
-15.41352381736128,-4.285760829080862
-13.826665748198032,-3.4458772351665683
-0.33979353432387605,-4.663902002752526
2.8349151829768457,4.923737655555692
2.9779369881223863,5.963768521131534
-4.756872353077062,-3.167908815719587
-4.756872353077062,-3.167908815719587
-12.142348546382689,-8.316605399510133
-12.96312788756065,-7.658617768046267
-6.858544900584717,-2.135310011855072
-3.9095071956791103,-7.108828074371305
6.142463548700008,3.688081922053612
8.4874553259772,8.131348832417874
8.627908544685962,5.817525881188652
-16.85728219976839,-9.711289825148146
-16.85728219976839,-9.711289825148146
-16.85728219976839,-9.711289825148146
-17.0615236730076,-7.53732869840113
-17.0615236730076,-7.53732869840113
-11.055834694664604,-4.428252137020657
-6.073064854712712,1.7736672590921856
-11.422395097387069,-0.5886899917581148
-1.9725537665416404,5.635808910808786
19.70948208254491,3.187436356025621
3.269551359455292,1.2167946977894795
4.349896815642458,1.87322307112033
-12.368639595048034,-5.328783002525668
-23.9480586495749,-11.481282210742837
-23.9480586495749,-11.481282210742837
-21.94308774875739,-11.146407349192561
-21.36936560353909,-12.271948300763396
-23.29359283186507,-10.471314021830938
-5.348547475430409,2.05463458325368
-7.037314042432326,-0.5420059753760511
-1.3520319070757916,-0.9473659256658861
-9.655430440864974,-7.714408474231439
-9.479919965919906,-5.267189004442024
-9.479919965919906,-5.267189004442024
-9.81962029124226,-7.054982731113307
-8.096379580485095,1.7531862169489614
20.495827796612367,7.48344729171503
15.509336208755855,8.815424485349752
3.9243000434604602,0.8401311204976105
-7.306840641183934,-5.941632338993349
1.034540322896964,-2.949597325526977
-0.5219924618072505,-4.212437189751805
-24.258051827874983,-9.96331072385916
-22.758928521580295,-20.410492753671427
-14.47321154423014,-4.142414938748701
-3.583549095434618,-4.3018655748093035
-13.972694012936389,2.487415618868236
-12.568881982184447,-14.345623932829533
9.878968972023996,13.179139710969244
21.73985323982505,12.300837500683107
-16.264069249183454,-13.99494925502919
8.993900450199627,-2.0648197468417733
-19.78129221593654,-6.177271648742941
-10.719631599852649,-6.891383482610984
-17.11278102210579,-10.378369986728506
-2.0715883135091744,-3.458096027944542
-3.323533116471304,-3.0422155752263684
1.5631582883761528,-1.4101595140044028
3.1243071126903637,2.160655426424948
7.969966671341583,5.291562560550998
7.969966671341583,5.291562560550998
3.8172076630157123,5.464431622479776
-10.481989892935163,1.351974112248508
-10.481989892935163,1.351974112248508
-4.993350192439326,-6.595911789316222
-1.3807223492047593,-5.5718214908021375
19.481927011802796,5.848035082754077
6.941688211822168,6.155685266822765
7.352732292572982,4.847146462452347
-6.074044707646021,-5.48693892826651
-6.074044707646021,-5.48693892826651
-4.372840591517238,-2.4733089569184856
1.3156270785087347,2.2003069579064745
-3.6961999065823914,-7.999998143822657
-5.400506833826511,-0.9421852038514597
13.345511012462698,6.094783497621305
12.294354643152435,5.446052938850507
16.790216837379873,7.540869208815761
-8.406726339256542,-8.335789986414689
-21.973059581473443,-8.465089461691687
-19.444495734133604,-10.031783155778104
-23.060481531604193,-12.47392612698859
-23.060481531604193,-12.47392612698859
-4.56551216383861,-3.8393522483844835
0.4700427983275235,0.1811483066475219
-18.169080018194716,-9.091560430337918
-18.169080018194716,-9.091560430337918
13.717459359326353,7.77269824895915
6.229542990896434,0.4223330943679431
6.229542990896434,0.4223330943679431
10.919344551095795,7.5989297553855994
8.7350192690254,5.544252754161542
1.5488967239046072,-0.4862983823224356
4.763981882200449,-0.1347398766863538
5.23952971796232,1.4023132985249318
6.316573143410374,1.0233401457482487
12.472676834265908,0.20426257754301147
-11.001203144047576,-0.7396655144752162
-10.3839617777968,-9.272475055855798
-10.3839617777968,-9.272475055855798
-20.37864650648581,-8.837242957843399
-15.30823710706101,-15.300194955570527
3.5389299795708755,-1.8685660573398275
-5.705100065524163,-3.7331345910932017
-5.705100065524163,-3.7331345910932017
-5.705100065524163,-3.7331345910932017
-5.705100065524163,-3.7331345910932017
-5.705100065524163,-3.7331345910932017
3.513828486511799,1.8404846462081346
4.843931806309855,2.3682303226461072
-0.8339294161929243,-1.5138560174806224
-0.8339294161929243,-1.5138560174806224
-0.032203779792445264,1.8125638426728239
-7.6561975490999865,-1.8328512003364037
9.340429985028095,3.8453434214892064
7.7859973832836,4.5274509223189
18.2603418595804,8.10553548501777
15.522321024247631,13.92201320046247
21.020121244471028,4.510139830043313
5.836248200697604,3.202654754587709
-9.759608350036423,-1.6487414623763659
-0.9645306324062535,-3.321952314041107
19.347083258187507,13.768463102946285
19.347083258187507,13.768463102946285
-16.983251745043106,-7.497704614734128
-11.367208889302523,-6.09038420718211
3.454281688720461,1.7634895286252275
-8.986423951537258,-8.140417953027184
12.583938884235284,6.480638667676812
-15.63017002648162,-8.61284531292766
-8.40355575110408,-5.944177770122847
-2.644281242676721,-11.637533691539879
-9.139194337898392,-4.264873717638671
-10.434458833958507,-11.817402638425946
-13.304397521576538,-1.6387062258877902
-9.296258240510745,0.4062024576988592
-1.06166371950717,-4.6847837612896335
-2.973795986427095,-1.8500766266610555
-0.030837882330564614,2.71976254382203
2.716633889350688,-2.2447873674494168
0.2547942135547636,-1.1649140903580402
-7.251522510741546,0.2876759254034593
-1.182552996073813,8.816444791368765
1.5193771994257008,6.546585168530065
1.4981376859407407,2.332875738820933
-5.093486237105267,-1.4069350674265024
8.164956874786863,6.197947333731773
14.825111743959466,9.848511284183353
15.34209765367187,10.343858344511105
15.34209765367187,10.343858344511105
15.34209765367187,10.343858344511105
15.34209765367187,10.343858344511105
12.159869442786377,12.109777921144488
0.8686689119018638,-2.9240232671338484
-2.5796996531586633,-1.7343380831469632
-2.5796996531586633,-1.7343380831469632
-2.5796996531586633,-1.7343380831469632
7.050647576506722,0.6430967854888722
-2.84777485816828,2.0065950094655864
-9.747003496962995,-9.386658896526347
-11.130433898541884,-5.091980610630161
5.689699566774268,5.513791495727517
-11.865680716153864,-3.3604438860200236
-13.428571814815028,-7.494270228446677
-13.428571814815028,-7.494270228446677
-10.882211321967011,-12.050059134244785
-15.981257265771603,-9.244808998805883
-9.915175059230098,-4.0115119301571625
-13.534008236337009,-4.0394843220255146
-6.966984991243755,-6.734456881796483
2.103837049202543,4.066509662907722
-3.8052587619788083,6.2904518460647
-1.7624093555727693,1.5019623098024786
2.07555492068639,6.87282219288276
4.633806188036838,-2.561864373526733
-0.3352313686600956,-1.106535975385737
3.450947135505347,-4.379180014006292
8.783861580829512,-3.1267549897134432
-15.251217671714027,0.14493629126342533
-7.673996322208799,-4.052210951254545
22.200481404314488,15.470885707148568
25.195605810575987,14.39222164598262
29.473023646483625,13.728965078909967
22.710497298828734,13.082429097584232
22.46258015336198,16.338715011277973
26.033394825266253,14.841928440390967
18.5797793174642,18.725112441693597
28.51514483030206,11.37557085603983
1.4113724652342512,2.817688860394247
-16.523700397632382,-9.614374372269701
-9.915616770537177,-12.265339902810965
-15.55259778158317,-7.777294438238016
-16.316697529347888,-7.873178985008972
-16.316697529347888,-7.873178985008972
-19.243640602330363,-14.5232087108026
-19.499336139272213,-14.384147221353988
10.948857938597156,9.496919489742973
4.117241657293234,-0.2566799388977721
6.6164430356874995,6.178446584693416
12.180517767052804,6.943392205097198
-1.6618422901929428,-3.3167678609865225
-1.6618422901929428,-3.3167678609865225
-2.376874246509667,-0.5695359536454752
-4.188637772324235,-2.017423579484604
1.4944513589139976,2.180181412284232
-5.958686629053958,-2.139885727799232
0.7483649796103506,1.5423897710107841
0.7483649796103506,1.5423897710107841
3.4304277134602277,-0.4303918454513114
3.4304277134602277,-0.4303918454513114
6.432792356821427,4.497513450543893
6.55790070738616,6.5637551637410105
7.439762471798933,8.57974826637307
