Vibr. motor coupled_t_1,Power_t_1,Measured speed_t_1,Vibr. fan coupled_t_2,Vibr. fan coupled_t_1
-1.3525622191132434,1322843.6643960162,147974.43694279346,-0.19009882262709657,243.5192632903377
2.9673454734144658,1242506.6826387502,240183.11611461805,-0.24342607376052305,255.38305927609613
3.4654185766566146,1231669.1689836108,233195.74523378556,-0.24216716766381344,251.89414107987528
0.24481202293012494,1365177.4260756918,-54559.885704130436,-0.24379468209382701,197.06282204201997
-0.330577358223386,1851154.7739861389,-129305.3704518207,-0.18459349699517005,252.7676301715586
0.7317641226999431,2062058.301874829,-163219.7397362706,-0.1781522095886414,276.4551764555981
2.3499170255196122,1912252.6272681286,-75663.72487609088,-0.3409895400651934,276.31216790805007
3.185748700679107,1972444.4512020582,-42779.04759701184,-0.33073805657361516,294.4201157968676
3.5157134504075365,1922624.2050854738,15359.879054425035,-0.26939201869223767,301.9822123697579
4.362637745592144,1483037.7653563975,155649.7915860903,-0.24388352653585682,270.6236338257612
3.9479470974558795,1899334.7692339448,102743.69392086595,-0.19432347166195288,321.27335223437456
3.892453697076597,1896009.7884466257,63955.612999088444,-0.18455310815364348,310.56439692026237
4.419128218343021,2172788.1540991887,-71758.5164348314,-0.1793200893938962,317.7374582871218
5.206942511189202,2183432.437293263,-77766.9339906897,-0.18033064669348206,318.07831958421275
8.266490975607354,2078112.4071300311,57.17715538814383,-0.23444563728253243,322.2437013621782
4.919898626555681,1995163.6157328635,-14619.591022135279,-0.25249094501050556,305.2730986832753
5.2386675898109845,2523794.1027238937,-70637.18648770769,-0.23059966440723792,372.5653048868889
2.652794696600221,2850890.903357999,292.40281245476683,-0.2315797538887394,441.66707386119555
0.8154298673516969,2751743.2242115564,97721.98785350683,-0.19020488945364686,451.83619305677115
2.497759356473415,2818679.3757146928,87464.49298744048,-0.17224985147182958,459.62939310714046
0.7778861025871204,2906338.3179303543,56479.527162853075,-0.15983038177215214,464.9026399419401
0.5112059184717014,2699146.6386527536,99494.70220951458,-0.27352799140894496,444.077140909458
0.9090555012229099,2675906.6639493536,117785.52913152344,-0.26187376555847186,445.40433240006274
0.6881713789462013,2780590.652418479,80905.318092612,-0.2513575388444911,452.01554570888123
0.4333789085183946,3052178.2207728494,121334.39016422872,-0.3119403732239398,504.6160523921975
-2.8866560444995786,2949528.615454367,194441.090017778,-0.3289864757375433,507.58211435710194
-1.957594749328724,3082326.90263691,181389.26791740142,-0.311967037538758,524.9152658280282
-1.8714834005201848,3061733.5016063233,100385.31311495235,-0.3289604075901198,500.4433488618986
1.4665389247212188,2769844.8958273972,179669.95290568972,-0.21800825973352903,476.0824952855845
0.4800955123045982,2625648.9316950087,167941.22782225942,-0.15860599396538333,450.6874936603835
0.8833379398475719,2491387.970547263,259012.6307102241,-0.15596034873272885,453.89357916705757
-0.11736692551098452,2572687.6825965294,118817.56641078858,-0.2084250436628216,429.6004958571183
-1.1351883892905215,2453135.3417296773,80742.65927084643,-0.13352587033922952,401.03522207595256
0.9513240560186645,2428207.1357154762,172027.2971343885,-0.14983590199972988,421.2198696675317
0.8996696953777422,2438930.8586062025,166874.61812968637,-0.14717664209747092,421.3507435560372
3.594476547127393,2293035.8391209473,104687.51326444803,-0.19126198428740826,382.701887071855
0.23301416010131437,2156011.1798203713,316769.27804788586,-0.20399858751530328,416.9107837553058
-1.0247809884884687,2386081.5438143383,249973.58191270765,-0.17147970685341687,434.96514618511577
-1.4112165170585813,2486794.0342786475,248058.12609904946,-0.18805441249277935,450.1725850670588
-1.4419840574474359,2578619.070428619,247899.7139193308,-0.20368748783170532,464.21557112319744
-1.3870137377998308,2595435.099551477,260804.10097382218,-0.19363047305837425,470.206523542314
1.530730385418159,2521663.890535969,322315.11000855477,-0.2582251718538794,475.0435201802432
3.0601068866565826,2348126.3471389543,371157.8938637064,-0.20264759943255053,461.11597221880305
3.842774848758602,2253159.417187343,302560.18241450266,-0.10550368506760073,428.2700835898348
3.468261975103651,2285683.4669151143,265961.74341304105,-0.11378623653908898,423.8729030369239
2.431710855130669,2259014.018037881,251259.53654254987,-0.13680188494880643,415.7772228984336
-4.212576428629908,2120873.7128469897,180457.4851791094,-0.16171876887007042,375.48939673498285
-3.0758231261315916,2358600.915782457,83456.97926581129,-0.18654650617777865,386.9833799256126
-2.4590268789370793,2244234.1229740074,9861.450139330771,-0.19694212563949007,349.99700088686734
-1.4646000305745333,2112939.377015508,171940.81950361186,-0.09036124299327927,372.2057524732482
1.8194946464289674,2399152.65467463,-49131.7388721392,-0.10528300349937882,358.83838222254894
-0.3118967668095424,2330897.9714548727,-250031.42690080142,-0.1135861039989371,295.42564943250346
-0.9128772868923332,1878715.705154499,-144229.44288409644,-0.13304644261564727,253.12976782622314
-3.1806447787746652,1525334.1959317913,-207419.9013831557,-0.11056234325116045,181.66200954810802
-3.9067255338805706,1471435.096385863,-249211.30169998243,-0.11516050518505422,162.28882675246757
-3.742488701199615,1419920.993914885,-163487.4271001524,-0.1630157706237995,176.8117612915392
-5.515330063731397,1355767.5178978802,-97519.16724795474,-0.2351986812743376,184.0207644439458
-5.396376037631347,1475511.506718164,-170584.63714679083,-0.23889869117343338,183.59234054692558
-5.890623721584508,1492516.23311231,-133258.2326323628,-0.20204333992411985,195.8710357611098
-0.4372411952154037,1230716.53066248,-201889.11426041517,-0.15062145848531272,137.56703842347966
-1.7351851288931393,1106216.365132415,-136610.5879739281,-0.17676518549598733,135.39715860333843
-0.7927241844854153,1575551.4484210694,-228302.66120765035,-0.1344932794751291,184.11187830542084
0.7841957000837302,1317887.6280644687,-141539.7169141076,-0.1674148878477762,166.96561817877605
-0.672592817973515,1058141.9251443632,-72219.86814741982,-0.1867765708000094,144.81600415310953
0.3151285456653426,1003817.3644844815,-127871.83755888729,-0.21011011780381095,121.75082242195336
2.6285124764631913,823471.2080953588,-155907.74297723736,-0.2687746592175123,86.64037854491802
0.0609648569420365,596444.2705870287,-156244.0664939194,-0.3171936089920699,51.2843670824207
1.2195342483395062,657568.0903294651,-231259.23594358456,-0.2798220823631787,41.04391309218458
1.5074600608693893,670066.023815118,-200182.4525924655,-0.2008229118323801,51.325663286158935
1.2094882403446348,716101.6294753789,-225359.3827119594,-0.19954851606755697,51.676185913169526
1.530310352563613,710360.9969586588,-156209.60878186373,-0.1891855377820379,69.1344049712143
-1.0482963893552182,525668.696558114,-194662.03784101055,-0.18215266580008008,30.212150142352264
2.3082282479615746,336016.8896531207,-143483.23995879822,-0.31145350592854976,14.415644696286586
-0.044510942701652866,416659.30505004764,-219284.28977054244,-0.3365933489219821,6.878301147053628
0.5630148763843127,52084.7754414539,-168119.8020350945,-0.3620376563731636,-36.16944889313382
0.86556252713901,137674.92027537109,-221851.77782961293,-0.30693440271669165,-36.98469622216431
1.2475421844185561,97237.17862107806,-406171.063705531,-0.21542295030869738,-91.48081330428954
-2.5191961610181575,-134657.93102673348,-305203.29304774554,-0.186683896434872,-101.03745769377734
-3.130916988107932,-74337.8673680507,-312975.5971910365,-0.2157901230108449,-93.83405383485238
-3.3419844003616914,109726.03983802542,-433247.3902402416,-0.21271477448815837,-96.89404073554013
-3.459461844305642,150456.27373971755,-387829.95803651836,-0.17551210330275266,-78.58442627284572
-5.955540822829506,358377.07317457313,-336998.9756064407,-0.17979116221464,-33.16624173973339
-4.680602107720214,331165.3206965767,-263309.5099085673,-0.2784347834564534,-18.15473707585948
-2.0859495963328865,54321.98810291209,-145384.48754194909,-0.2553359458175329,-30.020830918431404
-1.222368645284562,-173526.4397019585,-86372.28195293389,-0.2537678869213568,-49.82328016642055
-0.789902804800975,-162346.9203986915,-124708.75792906506,-0.2502151720559135,-58.10218446199834
-1.01994385376368,-50988.04605970998,-94736.23395415972,-0.28162462001770217,-33.08647321338707
-0.11258395250952867,173167.47454983837,-15201.346897680669,-0.30814817416585183,22.64286316764363
0.006027758673378633,353751.3429852817,-93520.42274486533,-0.26480169852645746,30.160522911876186
-0.2648536382416191,111188.00964590308,-94636.08735276945,-0.22912963048636525,-7.71671371409938
1.4638186336522145,168176.52687995942,-75047.06597698081,-0.2591407063608793,6.225188726703203
-0.9576238623348797,141280.72294604042,-92561.07069642234,-0.2816850675915985,-2.57248059097982
-1.545476454146246,172227.35220157297,-110161.97669691505,-0.3131033272283055,-2.449000735258733
-1.091195277149228,87314.9027454698,-107371.43311228816,-0.3257241833681098,-14.819428408365244
-0.7397050072065721,174933.992134184,-62125.82565993705,-0.3064054766550781,10.634261384044876
-1.5352924101418493,593650.8513879474,120390.27348028356,-0.2283935923487194,123.36996095942398
-2.509106252720161,480538.9018916503,45277.4681129377,-0.23250953476066263,86.10426529641342
-1.2277888116418643,390020.3196812959,40339.68932538779,-0.23736998892547614,70.75520067548412
-1.1248061826014515,410669.0124384326,15641.432855097459,-0.24020586645499112,67.5452836589222
-0.14613877370528655,155189.11058672462,290158.58828652423,-0.26025909936345004,99.86443063582254
-2.560024454700296,25748.598209432297,246861.83517938294,-0.2506735813439712,68.43066752207724
-2.2258713871110474,42760.38246914966,128399.29562587738,-0.2821994295720474,39.933993432074125
0.1347252408480855,-935.0690365607261,121106.67090884985,-0.1729199270033064,31.38126687634813
1.8792658751513034,-152972.47485876706,130632.27217146783,-0.13183028416894277,10.402205684978524
3.9243221259249266,48654.63162379705,60747.684283834955,-0.17067455494436104,23.440479578252134
3.2289260087678464,-182483.39447501232,75139.43887703896,-0.06540760269926676,-8.760811330537567
3.980371584814279,-100038.58838068486,21056.365876119467,-0.08047595842273046,-10.055585693987863
1.0572649358261752,65873.35391355187,-64999.85709810759,-0.10565721081731504,-6.861109581152922
1.1440639831375494,209146.48886989697,-143539.83033436045,-0.09954677396883248,-5.24452607761317
-0.6367272577619597,194568.2241539622,-94352.84484861746,-0.11237374340551483,5.0710582861055
-1.714804134022979,22141.362358764305,-29842.724692795768,-0.16315365872999596,-4.587424694341582
-3.8759065392827257,59793.134166050906,-77579.29193049212,-0.08881938312438453,-11.481059295659726
-5.174878267261535,76983.58422056863,-68364.56944255164,-0.1353606822661714,-6.423027623216872
-2.547572714406734,117059.02586389551,-134773.9397185488,-0.20565088138639467,-17.436271600775914
-3.7743470735590394,-54245.207379888394,-119199.74949771697,-0.2169297998327005,-39.96181230085436
-3.7743470735590394,-54245.207379888394,-119199.74949771697,-0.2169297998327005,-39.96181230085436
-2.395290555925839,-30989.618913117338,-101307.03976791436,-0.1913536333545492,-31.659351758278632
-3.310542245569267,-28710.5973173075,-54055.68335664109,-0.08204427272069667,-18.921216183344857
-1.2280436917852762,-110858.00081704663,-89174.23688307044,-0.10856183246357798,-40.846919286915735
-1.9984968094955038,-140293.66920368298,-170828.0324698254,-0.06236851458196511,-66.77819824403929
-2.411932732908027,-125902.49828792202,-184318.58303211583,-0.02939781626381685,-68.04648780835353
0.46483985734835787,-18565.152651721666,-272978.4672940235,-0.06469510809498483,-74.59113279945127
0.825810191827331,-75458.20812867359,-260585.50995555156,-0.055786012291654974,-80.11892472170722
2.0188215688783875,-17155.71021875156,-254654.65253184258,-0.036505237613467086,-69.49046355585381
2.4085187653561624,59910.43214743638,-259314.2431421395,-0.06872249276150362,-58.69224492446989
2.3592949633576303,29925.565259704694,-256195.7057596557,-0.07505727122137043,-62.596301600849415
3.425191995945325,101805.98499604118,-206658.54383339325,-0.03983554725953174,-38.38467551829022
0.8012253819309992,-113227.89642066885,-158181.93711262554,0.0031520390088746924,-59.06496543746894
0.8793299635739308,-68434.73210368206,-199774.96961320913,0.01503542974292087,-63.0070827994547
-0.8175485142645824,270763.25942599884,-290650.243013675,-0.004981396833178814,-34.367051822524715
-0.7752900014922615,379083.945469984,-176546.7239501441,0.04397378100441116,12.400196293290934
3.6755436115948257,167666.06341643163,156.3567239578202,-0.04242784190582525,26.09172294360504
3.381157915806572,31040.831564489723,24862.54895064754,0.015203976733780072,11.292642719390493
1.5942834119626978,-248144.37448105705,121429.73108009833,-0.036371779225218746,-6.689467551471285
1.3217071138556817,-202487.60180246885,107642.71067599537,-0.042085874758364575,-3.278491580527224
1.6359521303149411,-226958.3403880934,101207.92088794819,-0.028334840370408974,-8.682904066835494
4.317629891355201,-74186.5521449129,-39570.763285643756,-0.0014338366846550423,-21.891527615089736
5.755880654641255,-136509.09215417242,-62607.33439608645,-0.021188023913891803,-37.51037145800326
4.281059719181826,-181053.55007632432,-113333.76342166662,-0.0692316833210276,-57.73934698513643
5.026734395956588,-419554.5513667745,-44922.08877287185,-0.08166415286563657,-76.70553899464527
5.099849321614503,-419348.3968400223,-44769.670298637015,-0.08119003452212609,-76.66080251240588
2.8236868259141676,-668709.2392003628,30713.266501788294,-0.09699842464566572,-95.65338256886642
2.638114732655964,-733207.2919613952,119165.75510243617,-0.13719235355528958,-82.42169452798312
2.3636478476398795,-704470.0808319564,77741.58629586034,-0.11101838465075452,-88.8880159999876
0.9311373482611865,-662138.269984956,88074.91629484553,-0.09784785843013492,-79.59289492034071
-1.250877480301802,-859726.613631356,123413.94494441272,-0.1431959695179708,-101.09101537592277
-2.567476382731079,-870222.1051327272,68032.12506382045,-0.13487278578929637,-117.29318329668703
-2.139373079170711,-753884.8066641544,38227.580279170776,-0.1409374916710177,-107.06013430147647
-2.46574817371982,-1078477.1413214665,131977.34237643558,-0.11977713728659077,-132.86666271592546
-4.05917987514047,-1203017.4145401064,75527.60025808882,-0.11089199994093873,-166.94291501604079
-4.101283187712913,-704711.8257317335,41724.51101006653,-0.0651161703899337,-98.63814562555544
-4.829291014896613,-644962.9461108111,13814.473960216328,-0.10151885164744083,-96.79346953192825
-2.1141162655557015,-875417.91333878,-22482.73538692779,-0.07768913870622023,-141.83029274565078
-3.036225473024356,-854253.1789225711,-68215.71473138576,-0.03786080037985981,-150.65131218648162
-1.9790279882142676,-825686.9592128986,-136352.51344515634,-0.08093087704752258,-163.91021741699538
-0.6417892347939135,-1088765.0771766438,-21915.92616053631,-0.0769042424880271,-174.6671598551626
0.9975755225846842,-1266102.3942469163,7072.896879747779,-0.08793419503943299,-194.38888077470406
0.9713127272820291,-1030899.2461943334,54830.23371068689,-0.13092510778876595,-145.558002988356
0.8820754607988348,-1078807.240450666,25879.433203048473,-0.1541714383393996,-160.56128020897967
3.814863250864729,-1216718.5110059234,57553.90534964718,-0.18091708061224082,-173.44012261265317
4.0816867811725155,-1286161.636482076,57381.21042704173,-0.1823004900277197,-184.26684652456768
3.850046620107882,-1448644.7882485855,45852.80180935595,-0.16110638061813048,-212.51210894019846
3.851692761740937,-1459687.0167636327,38324.06529178008,-0.1750462330001094,-216.15635034095342
0.9668842798491682,-1357204.7008700636,-67825.86246178241,-0.22104609037240458,-228.13752589479458
1.717568045159602,-1704814.922046613,37518.12460011865,-0.2754410848564952,-254.52086023282547
1.8153381934171349,-1680901.8256698383,32014.57721309856,-0.26266655996458815,-252.11417134379914
1.2750586614173705,-1399015.9298198884,23255.99665734358,-0.31602440807913623,-210.8868254947222
-0.31309752964435195,-1407666.2017537225,-28521.82522907973,-0.3019660855618954,-225.77239542366095
0.9254525072217676,-1250723.4333089027,29920.274672606512,-0.301750595192835,-186.08146919280836
0.3687390698960322,-1285068.6519145966,44051.950438101194,-0.2786103868438744,-187.72154132031545
-0.15566707237364874,-858246.1540750971,-71565.18094862904,-0.3001635190625963,-151.99728587138154
1.5520980961791428,-809126.2846399379,-93359.38753555404,-0.28054616578887365,-150.0166457004836
0.6392319909900653,-1036975.6059637748,-203175.62272501583,-0.2724703047290528,-214.19192212187784
-0.43172048486509546,-1006238.5362007661,-79686.34783143406,-0.27165533748111675,-177.0861412055958
-2.948519361779032,-809672.4885563684,-120107.11129441351,-0.2185228870162876,-157.32246640324024
0.7959275250337156,-862174.7700461616,-38776.99499953205,-0.17032119817537325,-143.94876131932182
3.3988762504137244,-1101683.6526440221,17507.778994143526,-0.14263937108356955,-166.1471728938943
1.118272069200652,-1186691.9848009546,39339.71393986468,-0.18270583635973642,-173.72435570134675
1.2273170094502042,-1216626.1305357404,39710.51082780252,-0.1857980626181417,-178.26517365155325
-0.9266833816432253,-1046920.9582288883,-72430.26276650692,-0.2512865173119278,-181.344667737027
-2.9888886047982273,-815502.4952334975,-34310.518902712334,-0.3238750222857702,-135.69761962899256
-2.9793436510760323,-810879.0865305639,-57251.28014655517,-0.2911118266708012,-140.97893804497627
0.22421391620959488,-771505.5371799236,16632.333272872136,-0.28024560239379526,-115.42194056269992
1.2855597237864747,-793097.7322046966,17656.895109884135,-0.30757748559682385,-118.45510148298048
-0.4561772272587513,-692991.0408116179,27865.266634157702,-0.32201479230396435,-100.19399561172932
0.4159889457326764,-802378.4542713773,-43787.550581728996,-0.27122687219586317,-136.0334119275456
-0.3255176185295446,-968807.988427005,-47962.4366473014,-0.2366143796077842,-162.9469885907826
2.0014537919903654,-709445.1936107012,-63642.74272336914,-0.35804681804766525,-126.61989642310225
1.4285708726959694,-564296.0096815323,-81280.20488736215,-0.22675474628797526,-108.80142209110258
-0.14154254060336624,-727725.0788388201,-115181.52394296092,-0.25080220557213156,-143.109355697396
2.956948187153786,-574791.0570179444,-78610.09959678726,-0.2157383323607262,-109.74732199967724
2.5270141773768637,-607032.2812218436,-72885.24932486303,-0.2096046970373529,-113.20743075942427
3.6429195596922703,-638771.0509298696,51362.58042792813,-0.20723091918174472,-85.48018110827635
2.7646161335215496,-777239.3466005876,-49762.57461783273,-0.23668856074228176,-133.52869040209998
3.114941440055347,-893144.4595180143,7790.781943643808,-0.2245712304702537,-136.40761273303963
3.114941440055347,-893144.4595180143,7790.781943643808,-0.2245712304702537,-136.40761273303963
-0.05278629200360544,-1104590.6395257881,-22317.648468557134,-0.2708301283495494,-177.20464877227832
1.0918123080203583,-1076695.2864922767,20329.90150367037,-0.28082923510522323,-161.58359400895762
2.0248939899436063,-955585.5515270637,-5620.395413931852,-0.26168668782044313,-149.7115398334974
2.091381328845107,-992107.075239857,-518.4457186557831,-0.2510639966906925,-153.913772903693
0.36048116051804524,-838953.4206211349,-74296.90423291223,-0.2603522470140532,-149.6714432404024
1.324328052888238,-897835.2106964268,-134316.9089976421,-0.25706403368319125,-174.52083556711284
0.45876319382665687,-935049.7172457876,-118357.22074224958,-0.2751506845886168,-176.13900459185956
-1.0646725115645732,-758469.5091967393,-188574.84928172114,-0.2726317738964873,-167.16011065608998
-3.708626578513204,-513508.3053350897,-132824.4426885873,-0.28022593589585676,-114.67153532789051
-3.8468695034599567,-522350.6366559462,-136996.24707743598,-0.2835070997640549,-117.16803160114995
-1.8856566368857313,-534442.9741898901,-186727.1402865244,-0.2979633850651388,-132.04214493519336
0.12043604775228094,-338272.01278166426,-229496.78362892123,-0.2847030292055641,-112.75575315288589
1.7427669946397673,-135215.37889797994,-292150.9078289938,-0.22387140382485962,-97.62115043755806
0.7473449989517233,307430.5049525882,-189890.89157768324,-0.2664034574712276,-2.359234035901747
0.5715703602124372,333349.6460176444,-190595.09252422274,-0.216579436135248,1.6565924214788759
0.4094008791447095,336130.55488351337,-183359.3006868271,-0.21255227454789227,3.8735816253626623
1.6549286146467654,-365750.4890281708,-5786.684967549022,-0.1373869061025199,-58.28562180873178
2.0720916971112047,-350241.2631462292,-18639.355250057528,-0.1376386761206707,-59.21237528392566
2.4892471244875045,-274044.69239968894,187576.57379500376,-0.12283803474844264,6.679272696985981
1.785655683464221,-323721.67520745966,197391.19303047605,-0.12425892991172531,1.4694248029791384
1.791083801794352,-396196.56890377426,210518.51993679593,-0.1325523558455582,-6.318470738039558
2.475732977043307,-391380.4187696394,195101.37162984174,-0.14479806525570274,-9.660580012281626
0.6581083060575232,-894324.5731677887,193298.17077599437,-0.2813128630349598,-88.15729896504834
2.5209266514985256,-1016338.8903346852,98882.3977170506,-0.23186598550233808,-131.74662559908197
2.2838204523316956,-1113442.10117201,161155.974068764,-0.21501713165523692,-130.25530055147001
2.118258282498582,-1247503.9190119714,176166.14706341302,-0.20908122354776426,-147.19086147530248
-0.013343744157383583,-1276488.875493659,164522.05435858082,-0.18584904333466698,-154.9213678133072
2.2284640802812308,-1129047.2828129842,122518.98513042122,-0.20028157943281802,-142.90384547971397
1.2837037388278008,-1260757.1645586442,134529.53431182433,-0.2643738463146651,-160.22154816379947
1.8186368858927764,-1307848.8825172368,104570.49524948809,-0.22870378716225553,-175.22820029499496
-0.9207161782071017,-1187227.1990131377,-4042.37764696855,-0.15806833066844636,-185.32276614837303
2.2953199921831655,-1333394.1071422775,11810.163306716186,-0.1060396110129287,-203.45996629054068
1.9320409633063669,-1257363.197237786,8175.93732083412,-0.11196657693095163,-192.7171510750621
0.5008168384970579,-1482496.8834461397,91146.08428656892,-0.13425439442206957,-206.0319890789126
-2.187901720612896,-1783326.5200215958,284657.30496969866,-0.2019586301629641,-201.99729730353684
-1.1017394641022709,-1872055.2525590602,330093.48675998347,-0.16006291892302965,-203.73669609907975
-1.885580752854189,-1921800.004041015,247902.22299706016,-0.19456969424165493,-233.0752179673246
-1.4345946423604758,-2146814.771925932,233635.60499075506,-0.2168906046397296,-271.6181380469816
-0.7258787574506472,-2075115.4717111052,238878.05947359587,-0.1938277384283329,-259.18794962805487
-0.9053377977118015,-1605809.1209980915,185647.99390854003,-0.2200085360969076,-200.38705306505096
-0.5847390728297331,-1194872.6863671904,117812.35593482533,-0.14577632304768126,-154.56459892539257
-2.8053128498753126,-1234095.2610949075,234302.1086901971,-0.04908287046677487,-130.09377421587376
-0.5589834765413499,-918282.0813972462,169933.14495198088,-0.06224095758537617,-97.92515259667512
-0.5062659334844716,-927265.6939322858,166616.15231558605,-0.07609578064810456,-100.21384217157531
0.019366759318292293,-1004034.3160691703,243094.46541731694,-0.06723854770032701,-91.93372107910602
-2.673572880159602,-1021699.9914865542,219211.2477371484,-0.06733383337091885,-101.04094854272671
-2.7689013605302586,-1017412.3232724774,227587.82010399504,-0.05785225893801988,-98.12904985071388
-0.22684499268789113,-1101138.5025709395,254196.08943599497,0.020186563204889086,-104.23831063111527
-3.3189970497619328,-1301734.239267938,136162.24163097824,-0.1081419566821965,-166.2468499507047
-3.5343892093702927,-1101895.5569855599,32277.90143995868,-0.1752838116183897,-162.58318386348617
-1.9574167159403382,-1194399.1922755698,17561.457227205334,-0.1970275217345656,-180.7416280052395
-1.6000037549544601,-962943.170874984,97055.09601655061,-0.17565602267951816,-123.99451052972682
-1.6000037549544601,-962943.170874984,97055.09601655061,-0.17565602267951816,-123.99451052972682
0.016352703219876967,-1298169.51426318,63908.84263639754,-0.14971590012152486,-184.58189776400332
-1.8785669153523543,-1458190.8889986374,151305.58206035724,-0.05058885871332685,-186.5917887637567
-1.4713806045431335,-765412.5702934329,-83535.83798596526,-0.096710125270016,-140.71057408469497
0.206363702392151,-702532.0485044082,-51634.04566445319,-0.09502381305000657,-122.56865218947452
-1.668862636232315,-854846.3528244979,-41596.93005929947,-0.12425946359103647,-143.70004766224366
0.33042727908105035,-804998.6410398508,-47975.04443164043,-0.1697396524373467,-137.43678511681736
-0.47577259816510603,-911556.7819066627,-2490.1069434430715,-0.18506737646210808,-142.06285797918522
0.9962577647151334,-594749.2174282058,42930.796900498404,-0.1865416261478992,-80.98568162271843
0.12958344207241215,-562353.5193790476,15380.487853928229,-0.1481187121872029,-83.25694335079775
0.815563927068053,-544201.4706963815,135.325186547157,-0.15853090039509346,-84.45295881543971
3.1146219009940417,-459445.4012932411,5538.464471198965,-0.11312060328943051,-69.69979187679165
2.365527349243683,-190205.58057815456,-112391.62146348666,-0.09799849998302164,-58.975653306095495
6.615997537472294,-114608.88582179548,-142843.82772600127,-0.18720632000601267,-55.05827678655826
5.997265576808929,121030.95436031702,-211783.45566707448,-0.2296655629357534,-36.73736536357549
4.41145021318893,173963.9438627507,-284883.98754196515,-0.1708201061523031,-47.749859677262585
4.349563698811688,114306.11010606014,-240005.19554584532,-0.20368549377301362,-45.253195738979784
2.756441289237917,224409.52596727104,-223131.48340240758,-0.16478678648784406,-23.642684781638692
2.3343946825184307,240596.9217423071,-194446.08756529656,-0.18559193858566142,-13.672937979033684
4.595718023482785,472159.6698276772,-154102.63592116698,-0.062377520057103786,32.83809770122718
4.527701204657524,631463.1206440107,-215731.96253625696,-0.061907474157445866,41.422980518806874
3.0682313023150742,572228.2901448328,24986.13557428615,-0.0819511778986357,95.20097186351174
2.179066387388378,502188.84907960397,115936.76753656243,-0.04815028136627849,108.14272765753653
3.275114022280026,795056.0099732821,55799.37361929478,-0.04545972784618258,137.81454887134927
8.795258106446795,1029858.6484196514,-45478.816222996895,0.015307994810609921,147.8664267597561
8.066465687401696,834332.2178364275,-68841.78274852605,-0.038045973189192214,111.4962048025598
10.052432131245636,727367.3447961003,-10124.64037424893,-0.12742683961612197,110.3591462483768
10.256760330896968,733165.4571111056,157428.9138282785,-0.13208646421868298,155.13688250132614
7.061230632320957,392626.74724268785,47232.59842935353,-0.11839784549152887,73.47030911613582
9.498261988712247,414642.3607279909,3307.4409538262703,-0.18388771484283148,65.27253248350264
9.859312711677322,376803.87170156324,38216.91548643905,-0.21039541202343814,68.53310966820273
9.859312711677322,376803.87170156324,38216.91548643905,-0.21039541202343814,68.53310966820273
9.313899866576426,321729.97067972756,39275.697254067774,-0.22056850385063098,60.28185392922238
10.526576735415125,368377.5983861007,-21508.22622966059,-0.23034904714541535,51.77245992960358
9.861107263853967,351049.74807973945,16445.141434451794,-0.36355414461643787,59.03040706186642
7.36067862324916,-151803.852391534,75091.25736763657,-0.35195023599199016,-3.6842699206464284
5.42425194460275,-61313.63933678531,31437.58423280525,-0.38668290335229655,-1.2501450067209665
3.1135211571389507,-92508.6327186819,81758.50601573543,-0.2005514816739737,7.008235860508579
2.419554013205466,-97154.34469843823,52688.68942344675,-0.1753827113206449,-1.290957662296174
1.4877242465139917,-15916.700012558053,60309.38561217034,-0.15681678386684522,13.285470399567396
1.4258991004754753,38965.44523202227,74608.26147444434,-0.14476605562386896,25.55921056403252
4.15847588106233,185040.34498182006,157616.86803371477,-0.12861485985630738,70.01595965573587
-0.1156234106980056,445374.64351589396,31277.779260205152,-0.19003973623580447,77.03866681928872
2.9758917964042175,570197.326346605,-82181.67322526833,-0.29206082729997757,66.76936506730917
2.46674381164349,716170.6447004093,-171164.09194498358,-0.2782364955777073,66.01221856037385
2.655458211126298,647492.3021717776,-192085.75334823132,-0.28997323354016236,49.886888961739544
0.005857989848058691,797095.1490947767,-269122.62194904935,-0.26454268157429073,52.82899150904003
0.636350918002193,827850.7060762573,-265844.3122137573,-0.25170805298178345,58.43415748393988
1.0060330501520343,899473.4873382485,-247288.65135771496,-0.20568023038324174,74.48127913123741
1.8953177988671064,927302.8857272399,-207003.3761919198,-0.25937300510977884,89.32968218810349
1.6419715437845073,899102.366608889,-167131.7863853406,-0.257870267154965,95.37177255559716
0.18347341010854465,785268.0514005744,-82170.9394738889,-0.23996340247681483,99.95788441712348
0.007184895141405566,657891.4067886691,-93547.43937675652,-0.2453071421106496,77.26677251997603
0.5050632758690214,594162.4676512157,-86220.89020302964,-0.22066440238496676,69.17761497592718
-0.20550128744922846,822684.3526507721,-130291.23620838161,-0.23241658002616186,93.1792528698266
-1.2670530364448758,785851.6965985285,5188.968579503926,-0.1808790738234846,122.88119943687994
-3.0871744654618096,883088.5354706573,33820.38664536844,-0.08872859105005178,145.43443090092404
0.44123754479222377,651840.7479836788,77799.86700777547,-0.14275102363013745,121.24230331663662
-1.2120374296986078,691287.5896846756,-38790.861374054555,-0.103166696062625,96.7424674645625
-0.8700038890957561,730146.5976656713,-58243.623946405256,-0.11539249243126744,97.6583405308346
1.0523269895931986,905632.334435995,-333437.3124897126,-0.14695533898313776,52.907470778127255
0.7307442862941608,923050.1244473677,-297528.1110063852,-0.18352277528688068,64.83796460737423
0.7307442862941608,923050.1244473677,-297528.1110063852,-0.18352277528688068,64.83796460737423
-1.5198934280316396,731957.2207428789,-330663.177970719,-0.18022508356193404,26.39321350138034
1.2149651904026202,724682.9875222675,-226314.71833190566,-0.2375617691346568,52.872119366708496
0.29951913352743625,815862.0543143798,-288047.6643260426,-0.1899977326626197,50.752792682919036
-1.0271487418746947,408902.39344411285,-101480.02747335745,-0.21772768786309765,36.57708994373215
-2.0296326985731024,432722.2972391104,-101099.54843724352,-0.20848954443224313,40.31972850184924
-3.2506219603348003,151165.26309456056,-150063.8296743629,-0.14847608027976475,-16.158417826142323
-3.903579618673969,154819.01110970456,-156246.87434222258,-0.1427894915657664,-17.241479266019287
-5.092637272985832,-10431.142827629907,-41888.06349577779,-0.1114854228744218,-12.993326302090612
-5.046167188213408,166967.94262762374,-6520.407990297184,-0.14887259522525287,23.70100699228018
-1.8583339032602273,120783.99935822723,-124738.77241189397,-0.1493351451786019,-14.302636842734232
-1.7217855327729021,-200300.69560807713,-74505.4724517934,-0.1650496564059408,-50.76122564607461
0.3454885729955606,-31032.842891988974,-7984.781795923563,-0.18687949067084983,-7.127386725379202
-1.3169200668237075,103355.98658636445,-55461.36496844761,-0.1589332533736148,1.2478579278733803
-0.9492482071856159,68646.3758386607,-49186.3197808206,-0.18528166388133485,-2.5282863710904167
-2.1504001399569317,-129020.34903899833,34248.32721957467,-0.20034489036895134,-11.375195380139141
-0.5279792035035104,25935.783379156175,125143.89879960079,-0.16321057780416912,36.67966033416667
1.0069079039935045,166947.13946186687,54765.77092534703,-0.146708081397777,40.055494463611694
2.6209700767745123,214041.71878776888,-24181.374985280756,-0.18732089712994104,26.80261568552053
4.531408449165676,248462.33699622168,-50718.03726006214,-0.16418216407838507,25.180244895648645
4.531454139701596,248717.20881499644,-50698.10486023972,-0.16421773930559103,25.17135126323279
4.441384634884809,271283.2610882184,-61560.239063238194,-0.15675105576611784,25.980929593826264
3.453422524743213,236030.77249320608,-52675.085302511034,-0.11558629408883168,22.697567937730284
2.072524786629964,373199.56882057246,-37871.58545763453,-0.1403515250353017,47.731722332046395
0.1617941356741097,437307.633899123,87905.66941738005,-0.2135700713581184,90.65331255251283
1.4946851491315607,196239.58575753254,185226.5339649003,-0.22488001390247017,78.86394016550754
1.3397333664921414,126462.49309628314,158898.12813288416,-0.2460837556552068,61.03990796057648
0.7901122937698792,-51937.38870933596,226493.70218110344,-0.22696816519820656,51.17658018668521
-4.616921033413033,-196725.53425111235,103883.72764198511,-0.28874169047236364,-3.6888129776582352
-6.2713753138276696,-337550.3381206751,96022.83516603376,-0.2723393934925083,-27.65323602399297
-3.110321359023159,-143938.98212914873,201648.91006147265,-0.2738480847086629,30.27237575313656
-3.6964150301340974,-72013.7394394733,164115.488992055,-0.27588809149664717,31.42593885971479
-0.8912342674365983,-31199.077491696815,162731.9214060719,-0.21359653712806295,37.524913649386185
-2.4230815975400715,-89847.34036269174,249543.5510076768,-0.233884469393893,51.28072374914228
-1.5769995293563601,-181628.97851032543,297748.10336962744,-0.2345919390686012,49.58004532512071
1.5882334776765117,-453888.8454426341,433102.0722993741,-0.18641033017533232,43.142470100848506
3.168034195067997,-264034.5937220045,337695.0965970689,-0.22158507233732236,47.67484503649507
5.238937714081611,-185851.07442236642,342281.61740944,-0.14770657695525327,60.91704628352737
5.128488176178066,-219473.86249761775,359099.0278168591,-0.1382330640714779,60.14121648637612
5.613025191603556,-193906.64590251437,363293.6834089015,-0.17259180678127828,65.21623325903003
3.04149107744561,4441.902647183878,347217.47231019964,-0.23920485347298465,91.58887433072955
0.43621908758926137,92304.00567460255,357096.68617147877,-0.1502211378513716,107.69080025195652
2.0062920800768826,41883.20000717405,397845.23407751473,-0.1483103361137064,110.60463215993825
2.907006886188033,-62888.757073742396,322151.2740189893,-0.12542805174819827,74.60564461129796
2.631516085522967,17222.499109068885,206747.08086290295,-0.02331713685572773,56.884403595459474
2.6095229247975498,583017.579764662,154120.01441662482,-0.08084938714137899,130.6922899995953
3.088232626137469,605286.3257143495,141248.18399237638,-0.05401952426691058,130.7937616186371
0.2306925539182412,664107.8635162852,395361.2615960094,-0.1018802208348641,206.3785589702643
-0.011110247079930564,966818.649864466,335554.3503285492,-0.12720608637216554,237.56958377205783
-0.39869581246666097,1013247.8882859325,333581.8827518675,-0.11126687716317157,244.2918879617897
-0.39789082925535446,1013620.9930317135,333682.19117415074,-0.11127496861999991,244.24159029614106
0.6664205324628945,1215109.5701153376,231535.69458533212,-0.18503168992737096,248.88337418480205
0.561936861681519,1217010.6150145358,202202.8275342786,-0.17584487897696377,241.46933331912558
1.905808636356879,1399495.2802099267,153951.223259288,-0.13736142903825083,257.14204582627065
2.6601915131464273,1216092.971396701,112491.43868886499,-0.23363737087781503,217.82740845497295
1.3104904561376138,1004089.6742903313,128121.77948772741,-0.24830819635027254,188.9988169161031
1.3257389185417154,904933.6730144175,178111.87534857736,-0.1995825003143362,186.79995285047747
4.118600865735052,994849.6182515157,84567.94546602992,-0.23897608980678167,176.34513095697648
2.690985467431752,925047.4161707762,139870.71568561572,-0.24041764188843523,179.98361320019205
4.322268381887667,790951.4292250999,189413.25366258688,-0.1611859148560139,172.3029870110842
5.392277122685623,400211.7485977978,309881.70355194656,-0.125717176888161,143.4001602053145
3.5164238620959827,643483.7340732672,18703.74964978641,-0.04431861425099883,104.6464408652505
3.8508959629418706,27406.244425157554,-83781.9773413427,-0.09047266686951314,-17.717059775209403
3.8508959629418706,27406.244425157554,-83781.9773413427,-0.09047266686951314,-17.717059775209403
2.1288699552900474,100016.51797230575,-120821.83987268717,-0.09441252272027113,-16.258327522867496
1.7592440093947939,64046.36874932339,-118365.62697856975,-0.10473723741691505,-21.159664483018187
1.6936839492857236,266253.4572759547,-206270.9606549548,-0.1415962535409747,-12.91437457256747
0.5339829124850998,141719.0081374044,-203853.68180980752,-0.18882397511688473,-31.63932405944631
0.4877462427694713,358611.99014912435,-211975.99431928722,-0.0779615359832524,-0.06398544469166392
-1.151637827208478,520632.50564306806,-48602.08998722812,0.008953479129473639,67.70848178245687
-1.5379358354949089,773368.3963742912,22261.966192392458,-0.003481632802767776,125.44550309743973
-3.130324456848313,1188291.2165427534,-48170.8904801889,-0.04040723419841965,171.20811784478772
-3.0407166979307108,1149524.441939522,-7795.426006593571,-0.013767546814423146,175.72365471586096
-3.302603936000495,1161723.2414221738,-11126.140960832356,-0.009000425028936047,176.89250918568348
-3.5342140564886533,1049618.708674633,2341.7148267012612,-0.05467625821064685,162.930677816193
-3.034153872956813,873723.5206416089,91675.33899375719,-0.09404571404575444,159.12277890258497
-3.595810342757711,901910.5551140798,105770.69407360716,-0.09607290281119651,167.120066313728
-3.0855870909473873,620901.1623088341,110871.148750138,-0.07555208093454997,124.93118463877032
-3.3811915209746077,714606.8414909224,30495.812890902518,-0.1061040603206901,118.51357758278881
-1.741569055187048,995213.1791450755,-88391.61937524118,-0.08669633125279859,130.85481095889725
-5.392062285594374,1165790.8257941764,-66468.5487766197,-0.13321911673119327,162.80433406473296
-2.4126490470404494,1207598.2836205293,56578.668525762216,-0.14013497219165194,201.69210121099823
-1.0265401623237222,1319070.0756154957,25543.40333528148,-0.14296234278918074,210.8722861104675
-0.1263418808571983,1128681.8114881054,7535.6884327005155,-0.09959652684938164,176.7682840068845
-1.1472803133288163,1226503.7536872933,48194.36833490614,0.003886739262769983,202.37118822762088
0.4100707393080176,965317.5222730947,51514.40619347491,-0.02618657305525188,162.98132829453712
1.5253556500696943,534003.5158806395,142134.91795919364,-0.08021601904527312,119.7998552394935
0.9200858511421861,568817.3521557853,128617.6264794656,-0.10036667064044602,121.85392249811322
1.0206766280472117,813147.4947320421,21435.47792628321,-0.12009618906796195,131.61201485687056
-0.10726047787611051,567662.9378613742,159911.52134256033,-0.06410509796032687,129.56391595562116
-0.9189133625432819,654760.8915314175,136223.58301794424,-0.07011701148717546,136.99641430724154
1.6610981780694365,552770.6525913998,149539.2001987189,-0.08880116642265595,124.84161484618117
0.7346381613190385,580639.6853553947,85858.41011732504,-0.09539607919102888,112.38121632451028
-1.1366304890511694,414867.66584214405,109934.4118794804,-0.0966661221261978,92.87140366825183
0.5100682078900557,381150.09721196134,108692.26317459406,-0.1236267267916808,87.40485490873508
3.1542407043080183,461580.27451515174,117410.05292169114,-0.167902810661239,102.31180915283808
2.5105152110174034,369992.178051128,72902.29753176404,-0.1320567456673794,76.39992269407266
0.8444947438491767,1016766.6758184794,101612.27380768201,-0.13183051038721152,184.08827026790877
0.20653704580984253,1302588.0560773795,-14074.046124559674,-0.14833349015387537,197.9219846767849
-0.39114630270720413,1385369.5756872827,58346.61086788117,-0.16677972266986527,229.7965767406198
-2.3270697267609184,1186009.309300707,144342.30081562165,-0.20243363636144493,221.29844366009561
-0.6148786274810435,1121295.8625942436,92441.77847500527,-0.2160444794759246,197.78453803029896
0.7108875475150253,1306633.7899197324,130855.52538272676,-0.23220385593030823,236.56770864074844
0.10384834356171767,1547566.3353529254,117710.04172667833,-0.2724194521313222,270.46675083590304
2.2477578778529494,1675878.874069409,-42265.93704352948,-0.27745805872337564,248.5113958847282
0.630919965255667,1645109.3858779639,-98499.64565693129,-0.23861962013389884,228.9523483398359
1.052941889900385,1660317.372287651,-148196.33773140894,-0.2014821945920328,218.31932202399742
3.1327255428346246,1660992.7357014464,-121438.03233339782,-0.1964762796880289,225.5010031504934
2.058906363965459,1640921.8375451285,-106346.89763470629,-0.19097274761540603,226.29750614332886
0.1469709254740698,1587086.0007477547,-189117.51764851288,-0.13605131213074625,196.22456495894207
0.5194983664124588,1478818.1526854779,-157878.24288380312,-0.15296448468610316,187.60902911681455
3.0640245416252734,1512225.0733510333,-200702.790535895,-0.19673814488643804,181.83341948440358
3.7450107202724605,1405382.325311928,-183429.2515948448,-0.21293291912518938,169.66094897189672
4.040527951845845,1454046.5673295837,-152205.21723758022,-0.22107797805368568,185.4888599113673
4.187409066505167,1427929.205640069,-172738.59627599455,-0.23993300073156476,176.04506366960814
3.0461377351171843,1362820.7487414964,-266148.37773919536,-0.25101248932613235,141.27983417618992
3.4851778783284004,1292786.3733507644,-200234.58693143429,-0.22394883190071072,147.80449355239656
1.578881028552707,1284519.3200147876,-223909.00946619397,-0.2285934234193098,140.26776315801243
1.9498179091516772,826282.874143346,-212509.7304500019,-0.22513455582198524,72.16587038858032
4.968949974883181,615274.0832581153,-224736.547548901,-0.23261138542817164,36.467886578711045
6.758124263406306,813140.2440574677,-11365.8313776517,-0.2729859925028431,123.12227769119492
8.868459976804816,552173.2155117404,8734.36567433383,-0.27404726751357356,87.95935822108535
9.051394066878936,438111.6294294193,80168.84803480431,-0.272777997307586,89.18436996220194
8.680964716387273,330969.7958903341,79467.51018838801,-0.22266672735780918,72.30405352216769
9.053120726157434,361265.2713223642,86049.66580712474,-0.2165776632213596,78.79227684242045
10.015079823539851,402530.63221133436,75291.61074825174,-0.20440818881480138,82.29780442837009
10.008161661789513,441730.76253098843,20894.338864629008,-0.1505832465888617,74.26879791581476
5.340775696139325,125584.10160171728,261879.6763162718,-0.06088856731178408,88.15176584469847
2.1605077278245757,309556.8400278071,210629.55776052192,-0.06783517055545261,103.14423725991627
2.615023899029327,378510.4484414199,246667.2794332794,-0.050999737110148234,123.2783090061893
4.51167125821704,306188.8203189617,110101.36564557534,-0.04221177714174742,76.35843765993864
4.273621040128629,317864.87422105245,109177.1794618986,-0.04687757230189859,77.88194851169267
3.9728965851649356,426242.19018831226,-48747.59920924945,-0.0014432471656946081,53.25498286922702
3.987078515228242,533857.723094588,-130014.34086186082,0.007375594663972435,48.663122663189284
1.4852082934405204,605832.8888626946,-175672.76730294214,-0.012810991074104017,47.75556172501785
2.587832491600878,454700.22278408776,-144685.27145704243,-0.06855795093236004,32.559210986929685
2.5350531853290508,470606.5750823667,-152859.88692797668,-0.06653495250194026,32.76493995844367
3.040044920783235,352739.3636366362,-105599.89712960244,-0.08888132933189338,26.95212666291024
1.4552564286603749,335011.0461574866,57108.840281729426,-0.1165198237033134,66.84986696250469
0.5269863485083975,410741.32836743235,10028.360052119802,-0.09067749391945747,66.04794241813516
-0.8438435616086161,632905.4236136359,23423.076201149463,-0.14298184900695882,103.94605138011717
-1.6425350364987579,680003.4946876459,54173.420691934516,-0.17133522097298373,119.34445050752079
-1.5468160606870627,709776.8778755359,43060.77505535288,-0.16028896263684153,121.03360414733953
-0.001372955340258151,611970.3409953484,32983.35645724968,-0.13120004897070198,103.22149009047266
0.924734861199463,858218.9310413458,42086.22703516387,-0.18970545519542154,143.79203717522864
0.9880102944940543,703825.5438308752,29202.050977234307,-0.2062187272253228,116.50396942603136
1.273181980156453,661257.1021184884,44311.79684804345,-0.21151435082571723,114.00334040297324
1.8090416349967002,642947.8748727422,-13761.50914994591,-0.19783987129728947,95.97678166467368
2.2762871821644852,1249482.1619083104,-10858.782067047076,-0.12356694830760794,190.75242298938238
2.142944654960824,1273132.3780163461,-28590.334057313492,-0.11656881184067706,189.7601095571157
2.559045215740353,1349215.3937993273,31001.237075265482,-0.159904106124575,217.03782566378925
2.759076060776374,1447797.9775751359,147876.13830830203,-0.21984554095486458,263.0426587957903
2.6535370263656546,1537239.6776641093,194647.1843295063,-0.1836770530539693,289.1639028475585
3.115409830709415,1471271.1646172842,233628.0587592626,-0.19626229049561492,289.0939202908795
3.115409830709415,1471271.1646172842,233628.0587592626,-0.19626229049561492,289.0939202908795
3.1142933208886006,1471494.8485459657,233604.9831433062,-0.19628610854682302,289.0943982584642
2.5701148212239855,1475153.3036954761,256105.87697612273,-0.2247190453755173,295.71163570582075
4.0118405616561725,1729722.004064697,114825.77405398838,-0.15470958962038014,298.05777154362454
2.997261069220611,1995177.7781851455,89568.14612018412,-0.2558458842520498,332.6364419160554
5.716274980192273,2295149.407612463,58101.144319108185,-0.19096998038056964,370.90472456187933
5.304534400842383,2142226.115291724,119537.0972995955,-0.12800605842977533,363.33465992817514
4.828334887432026,2302766.0935894023,67327.93361860205,-0.08392003350883787,374.4918812977448
1.9716817059941425,1931825.5071108658,71663.325459115,-0.1347029056994283,318.04257721237707
1.679849956844332,2002716.6441192739,69511.38437213731,-0.14969367763107186,328.32270833092883
3.140729841589707,2003812.1419836779,75171.5142503942,-0.14201720145655386,330.229412885937
-1.5004872336634567,1821450.4030174538,80642.33052291612,-0.16547242437593362,303.18095261834713
-1.6950910547380422,1810922.3512371583,173756.91698810953,-0.1464163369751879,325.8997872924707
2.1242885452829645,1859407.5282856347,270939.04552112514,0.0008471654551082983,358.98154286442445
1.1344127023402297,1675676.8627576472,172575.95119328672,0.0350195415537806,304.8253640990804
-0.48925283453036844,1457643.1767349155,208850.2898869958,0.04175381754545104,280.51968979921946
0.25974267128091577,649126.921406245,311776.80445042154,-0.05682917585118728,182.141855885055
-2.5416420163966524,422996.4998492864,424631.9537104911,-0.04973600500647801,176.52656604462186
-0.8866719517472154,736685.4697753446,435903.8990918992,-0.05657072328378009,228.21059027891832
-1.6207921731827948,918190.5625172129,331344.8836279725,-0.061241657620256476,228.93404416803338
-1.0628682977813937,1051989.3952938868,210141.12167781443,-0.06142013190821714,217.8854419151819
-2.075621370883997,1027578.5440003383,281453.476857466,-0.04738423961917003,232.79683691165766
4.656731407372446,1295379.7217972612,193591.7248361629,-0.03922457412381873,251.48506600801255
4.1642869503246125,1273092.8190649198,188537.2025031388,-0.03672629679737341,246.81751143581698
2.336788136195013,1049416.6166640546,197514.22343763156,-0.02170637715252076,214.46738507269433
2.8212775540550266,999904.3067749656,201940.23500644756,-0.03390119650545045,207.8727333567764
1.4832756239666227,964054.5754570604,144728.32795900773,0.06696671194351726,187.29763303643904
3.8314377472262904,1005946.6385302966,107903.53932592743,0.020888650696171133,184.2064169616583
1.467128759883064,1215824.4240660602,-15668.852989568744,0.01314545827722948,184.19029592057743
1.4510260051819521,1062031.6194027977,79067.68160204051,-9.002043992478685e-05,185.13558916399194
1.8207825812111906,711777.7291242618,25269.743844267985,-0.07003313975916348,116.83951361047863
2.057865579899612,701330.9647072578,26588.37583471226,-0.06016410154963009,115.58868233727006
-0.1703305467599002,852766.1207575522,-40322.027768340224,-0.12307900424164873,121.37440430229343
0.9762641395715488,892755.2231283019,23420.138029929276,-0.11779654104386737,144.34491824445516
4.5992018429896,1321335.3767746314,-119858.68522086699,-0.14709664853637824,173.35377872187527
5.318261296003004,1338128.321375359,-134146.08118874917,-0.14375512220658104,172.25863826316728
5.93707122002929,1331823.020306338,-42609.95235111671,-0.13130227776492598,195.22360202502517
3.416425176411447,1388330.752103236,34283.69606153081,-0.2086785884509146,224.2761115475896
-0.06513892609190426,1311869.7303006796,-110362.94515829225,-0.15334634327299698,174.2452710615512
1.0050498455115369,1118907.4284248224,-75650.13996550627,-0.1466910203550203,153.36359818044338
-1.132815190925382,1024458.6515479125,-99135.28650664145,-0.12048862126265422,132.48348601372987
-0.6519753912874224,1072351.6811453854,-140461.10624756548,-0.09602725623483666,129.12440831538152
-0.08410260583929238,1010701.5601858483,-103304.84636486582,-0.07458431159270423,129.24084849109718
-1.0443872771020397,1123650.9986121075,-302604.7940581324,-0.08620227943785348,94.49900083469632
-0.6537818867406275,1104159.9591619722,-318241.68221400044,-0.08707090782171291,87.52221457615593
-1.5998541095242607,1172784.4152256157,-386111.46648738004,-0.06982165718924879,80.24502043705232
-1.1758270259286494,1266473.9853953868,-326378.1768367483,-0.07337485303629852,110.44496193860248
-1.0841495493740787,1298014.6364590605,-317928.9683585148,-0.033914060567330866,117.55000119628917
2.7574163365806976,941730.6527957716,-204252.08015985822,-0.024623515486074873,92.41973271432516
1.416139590080418,954675.7417107689,-271916.7082379435,-0.03247976541694296,76.53021855540803
1.5012240225810272,578395.6850124359,-123512.60819027224,-0.006536886534241222,57.104181504121705
2.4580092873520125,1041941.9201157091,-310307.5244203077,-0.07336267023150789,80.05337466516366
4.280787368851369,1359246.4034104396,-195274.72196740596,-0.13119346095326906,159.47105825715968
1.2438567171243742,1383013.181622233,-263766.6578615239,-0.11400629528039873,145.06324373422865
-1.442781683078966,1342713.2399618458,-325773.61266841146,-0.05051391945607386,122.46570957929026
-1.6256145428483237,1339987.5954946755,-255574.82837724383,-0.09226221046980779,140.3596371556858
-1.9281400972938547,1380020.131885235,-217525.55952023724,-0.1015801421077934,156.58957686590796
-4.950074368261126,1380300.1984273698,-203230.99857505082,-0.12158256565115819,160.1555979188093
-6.15541293325734,1261416.3430178848,-180388.73991669193,-0.12571647715401435,147.67304158042265
-4.6055322221117425,1164029.8725421345,-74457.20225063461,-0.044299231431171524,160.58143771553637
-4.731968652433365,1090763.0079597062,42812.11845668772,-0.1027557890567323,179.77517089462398
-5.636389779009747,1092318.2229347199,38051.35421164228,-0.11850328126931006,178.64310492084374
-4.500293532089247,936876.8941227528,-26938.261700000356,-0.1469999979726519,137.8699995037896
-1.5955350329708924,925409.457591577,-69801.11249551013,-0.13724503765863788,124.80349867033142
-1.9357122934249147,989576.6908916184,-106869.04518675577,-0.1351476778632103,124.98669196299339
-2.405098136931685,995051.4505712398,-43781.56555816302,-0.1006565181705773,142.29346207719834
0.1793233415004498,799153.9415594878,-102619.87309690402,-0.13657730149044323,96.7484383776514
-0.9526524326445872,1072388.3231897126,-11625.017308128252,-0.14455972550803678,162.8538455597772
-0.7432007106886969,1051175.7225007978,7178.205337212121,-0.1474657415573244,164.50505404872447
1.1032811767864164,614208.01054315,285007.2985644859,-0.21105940150101032,169.7054074231908
0.4992525546859404,470561.70398338034,336235.62460127287,-0.3165171304723675,160.92555742959817
0.14676832834951747,500585.923985694,290200.25443099806,-0.3135690145860451,153.55051903104774
3.0256286578116387,234002.9285340872,275939.1462410051,-0.21415212894545338,108.52823225764065
1.840323291967117,420749.94132188306,166825.90594264824,-0.2737740855218093,108.80043113596653
2.0355162274883156,382556.762290429,134783.87136876897,-0.26128084275779695,94.54537408313898
2.894942317655864,324492.9355857581,243097.4832816581,-0.2510478074335963,113.9677268787016
2.7665294082957743,582002.3082993636,54639.24634071071,-0.293986311198574,104.39443031051006
2.5554606639252535,529218.0567569169,4663.180559732037,-0.20375466868914605,83.13948830623892
2.3114746375046447,313234.54539165867,9574.266722852393,-0.22451165611087,50.94549595960776
-0.6731658498750211,632239.5980180732,-131148.02775939446,-0.2917363447564736,63.348426339952766
-0.1655274889274593,506878.0177276911,-86226.22324710204,-0.3397642037773939,55.68741090512086
0.40847977453032847,582203.9238658703,-19988.037244321018,-0.2747688931716908,84.75992069891946
-1.0571204697689027,701915.5849466599,6051.17370127669,-0.2529624777038128,110.03233202731484
3.716063443679513,721270.3110250992,-134842.49654070954,-0.08976887591654929,76.40998381773706
-0.6495870200691323,598825.0117406896,-198287.99106350873,-0.06665358181600148,40.61217474671734
-2.14780870933442,384822.41506409884,-230766.75709791257,-0.23237801416327397,-1.0580076374431164
-1.0775018790346034,541816.7924174336,-391197.3685295732,-0.24617066834055565,-18.832511197300086
-0.2512114004938909,500291.5481062634,-481762.9162252056,-0.20925746656620506,-48.96408358354184
-0.12380648427793434,564349.1378142313,-447975.92997079814,-0.17730182810590733,-30.263649186601597
-0.9965238839375874,542474.8506355302,-375095.29348429193,-0.12136861406241514,-14.611800238319045
-2.0787677803708076,300690.47959208145,-288208.19587703486,-0.13204859619468268,-29.323455934174326
-0.04543189270952467,-47261.45907784785,-240646.0998622223,-0.12169899770980183,-70.52681472424324
-1.2391217424663883,-139652.1624278895,-146628.123661892,-0.1068126110470061,-60.324577585754795
-0.8298407473950965,-151798.1958608913,-198737.73265546502,-0.14206761334935458,-75.8144318296575
-1.5751741742792664,-73050.67557957926,-228581.2052572715,-0.11467725316913377,-71.50245397115988
-1.3981915655474573,-85659.69398475667,-232694.50137976318,-0.09766705506738357,-74.50463659290861
-0.7366363966537084,38358.857754731136,-221695.10126123653,-0.1137635437348064,-52.431172446310896
-0.9715474817453743,-234664.65224509648,-172183.55159886053,-0.11068093745721333,-81.71142029549186
-0.9959213827941401,-302416.1430843953,-139550.36989715433,-0.11662561083481124,-83.71926842909362
-1.0280142489181918,-308620.3591052169,-137404.39453332382,-0.11587143869744944,-84.12624473525192
-1.6639392289785089,-264970.5243631704,-131786.6088685386,-0.059807422199686586,-75.92475393044448
1.5117785516613687,-419600.9541633235,-88192.83144473199,-0.042027506962265725,-88.21644279543477
-1.4788721169201517,-322103.1095316342,-167975.6136332627,-0.03505213651253478,-94.16124237681443
-0.33590852433981433,-415731.4319395183,-149031.5925878874,-0.045733809907878634,-103.70472149634142
0.1886600317265191,-485288.44892811356,-130840.2189905199,-0.021969906730360606,-109.7180250055939
1.953784337343753,-645499.553924073,-61071.40036350531,-0.02244819808004365,-116.06879867563428
4.445051386227404,-641000.2304303265,-43881.65180157115,-0.05018645722664195,-110.77118653119076
4.064200535892026,-602476.7890151772,-89994.75522541619,-0.08548786607153984,-116.89096194579224
1.4907628585621606,-626181.9539192582,-21293.034111213983,-0.03793091584082135,-102.63417679987033
4.381184174903993,-492816.37717585545,92827.83286746431,-0.11079655213410247,-52.00796183994432
2.3920652724710023,-424991.27118718054,104608.55976175764,-0.017730000386211198,-38.47491234499525
1.5839610365889263,-461804.7508928298,65622.18915953903,-0.019011354024060744,-54.434457097189316
3.5458864950146833,-401578.4589200266,-6366.145074541554,0.008777460145836899,-63.87821076350894
-0.23287632914381157,-445722.78927017725,-65630.2028740923,0.032502490954489954,-86.33002572866525
-0.6908366869717198,-579870.9425615938,-63497.84413350919,0.03911554229869703,-106.5995507246994
-0.11826404244805641,-570753.1732900083,-115171.08286816972,0.040467594100953096,-118.85610076847337
-3.366309551860299,-362458.8679518645,-161929.96915381006,0.045419794262839666,-98.95564534483604
-5.538006776221816,-344667.34785511007,-176813.2180484455,0.057333391754110494,-100.11575970658878
-1.647564688945282,-333042.7898345589,-11571.190996518091,0.004694830295076176,-54.78432747949878
-1.6824233234553694,-382797.2396755653,48278.9325589573,-0.012677673163207588,-47.010050969338415
-1.2239668000331896,-273139.8346166027,-7584.123681719056,0.019858118225179404,-44.50878491770029
-1.4516298156523504,-203080.3912744674,-44255.6493340725,0.0051952216383337035,-43.36087071868498
1.2589728286175015,-159777.70991955564,81119.46431544599,0.01841352156966094,-3.62698476202946
-0.4280663849553481,-291995.599068003,139842.7232198728,-0.013764280320346583,-8.700143368944074
-0.10658361636364438,-137134.22772937376,98397.88072584575,0.03628888887479886,4.52470801930221
-0.255834697797167,-450856.83247059566,90739.54656152388,0.02598882761337865,-46.10728149507571
-1.8350007765564886,-794796.8763727953,168434.79202140015,-0.0021842541828079763,-79.269297786117
2.987453198491213,-1173772.596368001,258781.1709095598,-0.042622154727167766,-114.0450480032595
2.4742891040127,-992247.262544464,142961.7300174395,-0.12954803350626334,-116.34609064279563
1.7036496292732002,-968579.790584652,116486.32482037629,-0.12977733195929958,-119.6597177893965
4.163537764838871,-1247130.4682096208,146596.54458092153,-0.22362209746533449,-154.92948828568174
4.827865526114245,-1252499.9785625364,119573.36678990198,-0.2011847111750638,-162.72735039197056
6.4953776993299615,-1145821.8972441752,189671.2167644677,-0.12698779089311835,-127.73814125926167
2.1758652550015674,-1119465.0721238453,224850.11848751074,-0.0852692586687402,-114.69757549815326
4.728018918144875,-1094878.7866549478,125462.72805320873,-0.17860824587595767,-136.61611856805186
5.220091990971563,-978280.361533684,127557.44583789047,-0.1712844429991605,-118.13734166721669
3.3006673184699187,-860532.5697737958,112163.24910653936,-0.1874522189249358,-103.93453752146476
1.9507827857394326,-761194.6338412301,119944.09332579169,-0.11570277135654175,-86.6028309304264
0.9917132013508453,-661491.1031104643,146734.98586256968,-0.07395228485869952,-64.17052372105509
1.012324167045568,-573485.5006524707,124813.20051413238,-0.05758866635642397,-56.216812097388306
2.78977514104025,-694506.9205930799,146423.30140665514,-0.037539553927638004,-69.30462984776916
-0.04394376761960974,-116585.10121621005,140735.8621291255,-0.01785092052694347,18.693790825962363
1.1663920463953152,-90676.06839642742,122272.80802772017,-0.018348464292814635,17.85005455308772
-0.44849238454395735,5117.5929728280835,78751.07287337095,-0.046743908155666716,21.30300644042773
-0.41404264252592615,85263.16538760731,73737.66392874708,-0.10981526700978333,32.384027121914585
-1.4886680115903554,244199.90073373035,12779.904348702368,-0.17003262758110432,40.8942028994431
-1.6857153404895706,161913.706926834,84285.78357513795,-0.16475798725520263,47.035945999616814
0.8567537763094053,49754.038713545175,96267.62079124832,-0.12643642539847003,32.68293753118384
5.10531045600494,-149211.51899491603,126698.58558075181,-0.16173891278300515,10.041356509747777
2.070056164624689,-151955.20622938726,-34238.95520522679,-0.15086146327996047,-32.586728144112286
0.6269540887315378,-243314.90865199637,-182241.8854530439,-0.2140819230468455,-85.61390878139406
4.158451382817919,-217416.11094131225,-150766.82288957402,-0.16944444069483286,-73.1499387437351
3.5449662308953616,-130809.65893852827,-150430.95634668728,-0.1717812620390046,-59.80683665205477
3.416619094933839,253608.68498485137,-135292.63260223827,-0.11420950158713478,3.8444657371939863
4.396965386203543,511124.2229205576,-269668.4775623491,-0.19741085899773891,8.482537109773496
3.7330518215171407,694304.0173163975,-264878.42950548045,-0.22160893543705357,38.01447103733938
3.7330518215171407,694304.0173163975,-264878.42950548045,-0.22160893543705357,38.01447103733938
4.109041359130409,543134.5142093331,-87408.14995654815,-0.1986627614028731,61.16970789535392
0.8195394439918773,442285.51688251784,-53536.78641051802,-0.14093516954564098,54.27603192745655
0.013128742481079042,400492.30623486836,-52939.99324303987,-0.13370198795269425,47.91918782987325
-0.2745934935834737,475150.6539001843,-117986.19875916613,-0.12951718113677332,42.46511014033507
2.0056970573503166,101134.00705927142,-90003.53673477315,-0.15103189276665757,-7.949116996643092
4.632760723465189,-185320.34670163662,-61095.55328754621,-0.16941355741696187,-44.80699512694749
2.8079922148716783,-118592.28845019711,-80669.81532352262,-0.1862873684211697,-39.664585153202694
2.369029418245665,-106479.82009698449,-86217.28821939399,-0.20701558794983396,-39.08605359630553
4.201600532067846,-202864.87039156113,-125414.89734217191,-0.20349912898942638,-64.39720258971143
6.88065634106477,217407.41934567114,-140607.04998242768,-0.14883426600013533,-3.1288930477194197
6.798685783669832,211775.89439132682,-201624.19765218,-0.1670996700231556,-19.8046956635276
2.591923480811229,260173.48100980755,-187605.07285789074,-0.09824475634215012,-8.949393710653816
5.395729012632344,164969.41833774783,-147021.01412275384,-0.09088246188922579,-12.974232656682698
5.814754383619914,92459.58195616088,-97079.40079265255,-0.07929365104509355,-11.13287643360065
5.942871431156311,146787.4054291827,-64375.679404265466,-0.09095499663097507,6.040786204073529
5.735952185300165,249646.08116375023,-52335.735945282395,-0.16507722208170575,24.96545618920304
3.781765862072879,454418.0998607175,-84380.11224458332,-0.1461304764552679,48.31851766487163
3.9211562122568053,277431.88931776886,-107689.77635678575,-0.17221326105247448,14.786314085465966
1.0807406272351228,760231.1227070548,-128225.2259374245,-0.1609177858407415,84.08066905366555
2.5427169363679063,656977.6103404353,-105335.28605518457,-0.15435828336160395,74.21198370250424
5.343395122699309,697651.0074918016,-72896.2358594461,-0.11060860290382894,89.14498781094031
5.274462592032258,707665.8693343262,-73925.93708298718,-0.10696031347665719,90.27201142747869
4.946297596942044,681011.7489096631,-155197.67836218077,-0.14430013227583627,64.95215791891172
6.872152865972446,1017981.7344695516,-183166.6214745257,-0.061499814987391294,109.80163709772462
2.4218806293268167,1065948.2950472888,-50972.567091748046,-0.06925305273849659,151.79057577187868
2.389677680624754,1050558.163736593,-52812.27254649177,-0.07374474062193853,148.85406401925184
2.399823637411635,1154938.0898766061,-141485.42841524907,-0.10038343183588644,141.7825406469292
4.258869363833014,916078.3511061701,-9485.408608495121,-0.10234142827058561,139.4447144066131
3.6698526030007805,644261.7739254099,-38483.126257250726,-0.11335745258918747,89.78125618745875
2.8051714903174942,639901.6230433033,-39254.59597505411,-0.11073156639766639,88.76798034593683
3.125631031372353,470556.7749632148,29067.997979431584,-0.13652784542462995,80.48098803714929
1.9764213596844782,300824.3684829646,75408.30325552038,-0.09762383363399134,66.24169710332413
1.7340521671838536,326604.49587671174,71371.78654554657,-0.0489526763906869,69.16034400423914
-0.6793261841296684,232604.51682405637,121994.77972949832,-0.10725464437959352,67.80262052960038
-0.014284719795836502,317310.7889977022,43334.878028104875,-0.09715834329401073,60.42353681525247
1.7626162340441904,139921.6853202704,158828.7134313926,-0.06756804203918623,63.29667759119771
2.7500872524122135,-137229.8191243751,123272.83047764299,-0.05972168913476369,11.041977028848324
2.7802312678941905,-64859.34071762389,104465.91585668268,-0.06656505329504903,17.382062818602336
0.008777026287811223,-265656.1046466682,213370.8454800442,-0.09131316061592243,14.778871728525106
0.4694923446742854,-84272.41778650974,238827.72184126373,-0.15199114038735467,49.32428980304399
1.2698521173678696,-475101.491440844,332271.6009521616,-0.13646939998430846,13.356257478033324
1.0787555331015735,-485980.43258847005,309045.2020043561,-0.13475482008983664,5.550524002464675
0.5031637539666856,-511747.45609093935,325123.81280131335,-0.1744534337419984,5.757733531761478
2.3999961241972625,-467942.0074661686,309698.74831621366,-0.14722070717564611,8.609146880081743
1.5889003170346845,-125783.18163433547,204123.25326833923,-0.08904365918377477,33.909470874738986
0.08732457821903214,56068.73419878349,203899.8289710608,-0.12509895680640332,62.01125074833152
-0.7289010353014673,125929.96004743804,209547.56973014493,-0.134258764659449,74.30282483792571
-0.5050386645209267,-11725.796680500735,251573.24607663156,-0.12778828449159296,63.93077985944573
-2.0436280201116572,118746.59445458387,280391.0086757234,-0.06804910852761187,91.60041555877201
-0.5365487908064821,131958.37670434976,300371.20839471417,-0.036827724093938585,99.03342333081338
0.31949270722078144,589726.7049679945,317138.43544991163,-0.05731875384454855,174.31765846334793
0.6947331472842755,637846.8002432502,270414.7227658737,-0.04366136348178542,169.54572188365327
0.01518132531339892,438494.75328086165,297817.4885141262,-0.056844423988711416,145.79810844139178
-1.9391203520955873,555126.1658275294,218329.24027362317,-0.015397502416295455,142.9454692897024
-4.177657528995498,900960.7730644374,150522.79595689266,-0.04098180498015364,178.65550942229152
-3.798966173210144,1085304.052747612,89616.94609951563,-0.06315783448033824,191.29370085299433
-2.871223211823745,773496.0731849631,38994.056589244865,-0.1335165016906281,129.7459148426797
-4.3024240487676595,730912.82765111,37929.073576628194,-0.17928833648199452,122.8122285897413
-2.6150829561466926,937334.5616791097,-856.8436689557136,-0.17068110868837216,144.71961086882553
0.8826206765703467,883650.2305502855,154299.81042031047,-0.2658416302886915,177.16047441442282
3.4604911734967043,865674.067278466,188274.98631848858,-0.21806125147365488,183.4879205259514
1.4844830257067243,749359.5037229923,245090.05069263146,-0.18107891082753538,180.32804076807022
2.626224743003098,430400.88363465405,208779.51394864116,-0.11043735761901842,121.47483943262188
3.6538300965248953,337083.35340303014,253059.65627657206,-0.11662611472679893,118.5554812944193
4.1969347155772985,277234.6229004039,313492.168882632,-0.11361308928620034,125.12057334994562
6.108575159469939,358004.3047503168,292045.42078028386,-0.09297189395145405,132.1570115796492
7.437444277777345,491414.8799786224,219009.3006811161,-0.09446187132735392,133.72969932824572
8.271105928379205,502030.50272745255,141936.6745393641,-0.07419187613035656,115.27539564063288
2.8187041832691184,332011.67295476125,69036.6251628565,-0.00822182319533874,69.57638854696773
-0.8380574112308338,336075.4813348681,123024.55588352217,-0.04592782431378614,84.20035817204023
0.2627760349228577,257223.19321780096,119418.20007965344,-0.011126229629848862,71.00408807501366
1.248806111505885,293810.53963251034,94004.66483280808,0.017343689483787693,69.97981658265635
-0.14849208538800868,266313.68931096303,103969.9967368354,0.026080495041920344,68.31484141482126
-0.8692567255767313,59566.80276502945,160313.60750682643,0.002344942481091093,51.00897761080127
-0.43714598207398475,376672.09647701454,116854.32516165113,-0.006941314503411329,88.84518763914542
1.4226987130763458,291181.5351702931,135275.46954752022,0.017526196955383242,80.48669614360163
1.3511238644180583,1004737.7275985768,10688.342839787676,0.020989591785535677,158.47136118556745
3.8111795002696316,866101.471254463,37837.73362811455,-0.033795115783089066,144.2059837908963
4.934371270663914,970191.140979459,93885.95076450308,-0.023867377756836075,175.05105218487046
4.022415786106649,917771.5201970326,139799.49104036688,0.058278827071489084,178.84414084007219
2.2795514485981063,740569.2815369429,72937.51387539558,0.025477875999761826,133.7802301752384
3.60660081040545,934620.492178858,30531.15056707885,0.07183261003068796,152.90569178964208
2.4073425919701714,896116.4243024217,14047.086026899877,0.10283922239235814,142.4318923914058
2.5773677398208665,952553.4818287529,49846.45721004129,0.11863609318272278,160.60570310240416
2.2740949461491033,804241.9808459213,18736.091637556972,0.0856138223922272,129.4304462143881
1.9552573077700668,1250873.439511737,-62711.90181848611,0.003998078374686101,177.19782701517246
2.2222003901139304,1332613.6188596706,-85097.03672498127,-0.02796488623460673,184.20818252902126
1.6722052277191244,1293080.235014145,-21983.447331505693,-0.037719625821412264,194.4382318731744
2.362387887077906,1323832.961230412,12840.396835498485,-0.0570877775424105,208.36159604838704
1.6377094771973038,1216582.3654162919,13261.879017100235,-0.05556614124664057,191.9697154281024
-0.48995476317303965,984564.2493267365,-79042.90341219265,0.00212080953845928,131.57632432099467
-0.19542887837194603,970496.7646539751,-31156.130165698694,0.00485075270649404,142.0029767131181
0.09043429174318737,888793.4116952479,-35942.230203224724,0.008957779779158941,128.2585725410454
2.3735118018804626,901222.5034551371,-35446.459746162036,0.0689166397424875,130.30327678941055
4.461277333672991,929382.9087878587,-89683.29415543478,0.0617475136981782,120.48113040002059
6.093749978702343,1012564.8938843755,-47095.75989591825,0.14618639010984713,144.7669233016705
2.8369649203601823,1284950.6142085835,-114877.91117421705,-0.003250419355123347,168.94512306613993
1.878653859758724,1344615.9726469447,-132700.7310295873,-0.08542225809031931,173.51358278971415
-3.0608604179765644,1223208.3822948625,-169145.7857809471,-0.11834690919386191,144.83159812095093
1.3789032070635998,1355100.6754508275,-140633.65693718244,-0.09588728418886729,172.9850393865079
-1.0736045901115479,1021168.5821603667,-164820.50324226878,-0.16903836185578835,114.6931367119448
0.8404430553696456,941844.6996917808,-58275.28344110726,-0.15908674370073353,130.50236106566925
-2.0165595187473238,694425.0931330586,76670.06883575169,-0.1644880515279673,127.3174185890397
-0.8039324124640523,675522.3631220933,82843.02068370995,-0.15455386612170366,126.09929310644486
-0.4686341396897107,674783.2852616181,127023.97362117922,-0.17662267483366983,137.56210856116877
-1.2827576733486534,610683.1858498472,128872.83979958667,-0.16730131330295886,128.20427571549803
-1.1960110120680534,614436.1895785241,128092.11113111775,-0.1646867933722416,128.5395379599991
-2.41817344921655,602258.5152865746,232238.12629359463,-0.044348860990247214,153.84489804271473
-4.313739127958479,710741.9101476026,244998.0577281042,-0.047683641551872186,174.07550097015044
-2.9390254867879793,737638.2684534362,240504.4151403843,-0.06360228877045201,177.0566144653548
-1.260061363067641,599696.8709261598,402497.89099707967,-0.10585654934762287,198.12947548040512
-0.027222405431259977,575281.0914261864,385840.19260649045,-0.12413279422551608,190.1694646938774
0.9900524764343654,431898.8285950881,509478.5916555953,-0.03698283971713989,200.31929252437104
1.1243901526721567,927214.708996554,350576.8108695459,-0.03998440991166301,235.5969745620616
3.5113918106409763,954091.1247651214,353749.6963958476,-0.10856168536125688,240.5284443378663
4.5348606442643185,1085702.3348911356,255573.55649335557,-0.17431654537591149,235.25228155707848
5.022884021391889,1007206.1271098319,177797.23492052912,-0.2635503065391451,202.69593243795754
5.037456465381456,1179570.3739879252,126205.44020266505,-0.333852527586238,215.93161968708338
0.43180064638964116,1269609.3291009252,-31626.90131667903,-0.32234262186138835,188.36199640117573
-0.25659859460500045,812239.1689607321,44028.0892788696,-0.23350735125322472,137.2670017369666
0.6373905302377268,716806.5472025584,-6539.945353653795,-0.2633282820310391,109.13719876853298
0.6265507089863392,708160.8324377245,-22662.193276422302,-0.2580533413766926,103.60486353551187
0.9609299251457318,870468.5342939305,-97182.59735129871,-0.25377645151194633,109.19707596355839
-0.31627297048590547,879456.9818505063,-86636.0875602068,-0.25821189541820444,113.41452498692338
-0.0333640368907897,908750.5292109079,-187899.41312064187,-0.23556284037411995,91.32852723856172
-0.11731484724207428,670105.4085346957,-164823.56114340678,-0.2508116652756746,60.36488767691983
1.6244556353437467,401168.3077966502,-159566.9775964441,-0.3177588023625653,20.192981910159972
-0.7334264911486126,219595.55816472883,-156294.95036605588,-0.30099988556159996,-7.216153381025072
0.30654081995050936,378440.50458261376,-198597.64851926308,-0.3213927127455423,6.333866901148113
0.31083054633427826,317706.66420022555,-205052.94431597347,-0.32756416425364615,-4.734942499938572
2.2823465759567823,408214.1666118592,-246048.94602809293,-0.315336890191995,-1.417569623684568
2.3848009742486282,445918.75259366736,-236089.08794973706,-0.30322375712605226,7.114695514359051
3.8826486127384925,593839.360491536,-199511.14467278164,-0.28104061238843325,39.73957454137611
4.3379993853604315,591099.1920644845,-195394.22482286522,-0.27741317245697417,40.418253130800736
6.706939527767356,908852.2392888707,-243979.92953405678,-0.28447614844747865,76.96830851083551
8.45781633138776,753028.5579023584,-287113.2463126965,-0.17825590209019185,41.56490018412963
9.501988052920467,741801.5398047913,-194400.21668510634,-0.1869188235364745,64.19445683720785
6.775189585497325,521450.8578584003,-126151.69808905313,-0.12952940069575772,47.835288747505125
4.850606674013041,614782.4225401047,-136198.11295271743,-0.1481588766908502,59.47052504884024
5.118478785917978,628772.8121716988,-145687.82745113142,-0.1549994859301746,59.189670090988834
5.703658322717094,643553.9496323781,-104281.1973047442,-0.13828003882841738,72.48681526799162
3.5918760285866598,576360.8690989156,-138236.48036988484,-0.14684837410699791,53.14684800874329
3.4290878774548155,544999.587444486,-109899.06574207533,-0.1293665237032424,55.757264156241476
0.8905701859516589,301419.7801995673,40792.564620646335,-0.1274900882072483,57.273706485438005
0.5711206941518074,433733.2822528908,-313.04958161215677,-0.10553394830002494,66.9220843838604
-1.3435092718208488,964932.1027340924,-40223.03256574033,-0.08629531888397952,138.8136178955658
-0.7863204914356624,977573.9491160485,-78928.834462263,-0.12665677157819696,130.522216064813
-0.5234917233696087,1005233.7584237087,14213.404652422994,-0.10601382720133973,159.33053660202503
-0.7018061863310857,940496.5822161675,-11939.057742986253,-0.021121478958134047,142.33781818146517
-1.6487131151397234,1294451.3354442397,969.2651868806844,0.006554893407475728,200.6254787465153
-1.7200399139726168,1300521.288150057,-99760.31606771583,-0.05159905192099349,174.95350789882662
-0.8347505456417903,1020217.1810269345,9918.801677979698,-0.009401202398039972,160.49335460926233
-2.696549838425047,938683.8957808148,35230.780521641886,-0.017031461327228627,154.37320608178695
-3.791195499617807,944668.6234658669,-22925.400583199505,0.014703238304782238,140.0721421166261
2.877189989131618,650286.7992774703,113615.9827955184,-0.05504338359473639,130.50548635780294
1.6025156339442745,605511.9451484847,48770.74623929387,-0.03307658356944549,106.47840419113905
0.9640531514748045,630791.6315924642,61761.06007814265,-0.048791045050843515,113.77739339540032
-1.0237691752640652,524564.2536180884,78143.88310528954,-0.03512370082394014,101.56815735137197
2.841354874909504,720114.7526690852,143704.45188957828,-0.0370046876474218,149.24306401386914
-1.4444105487361647,324832.63023753173,141882.13721455776,-0.12680704210109986,87.25512386233916
1.4812235054942284,739924.3046932617,98390.2374389124,-0.12736777084979145,140.29308988874317
-1.9019133798604748,640365.2107219661,110928.85981909181,-0.09781948150504094,128.00666448355045
-2.544043434710163,719364.028381144,50636.61539979404,-0.09329227269468285,124.4712958760769
0.019169459150572228,720589.2078341293,120079.02951829937,-0.14435902685991422,142.8343598607807
-3.5984313218285924,711711.038598039,36096.220442708276,-0.14455887894581057,119.31570936273933
-6.032554980839272,742654.1841746768,-59793.635483916776,-0.14073651572145904,98.91278758169028
-5.660248200451345,1166599.8143088596,-79607.64364018955,-0.017330171670934643,159.5202887463894
-2.0541777448272747,1314740.7336032602,-80199.60485633103,-0.010987990702131675,182.47482952765472
-2.325723161914396,1203973.2880604512,-67610.87658433622,-0.03468734331034851,168.58901570002584
-0.4112318659136046,1047623.6855029481,-34327.47106206751,-0.010885197212249688,153.13682107355277
0.7595965289845669,1408055.694736684,-42477.34404633199,0.04299501967356698,206.9142751578059
-0.21530132613748332,1438271.167115639,-127696.97810795765,-0.04540309736411111,189.34039693180802
-3.1877256284208317,1599717.7844819394,-107313.11464253525,-0.03266298957756058,219.45233466094055
-3.1250771440639755,1875356.7329686857,-120276.5955398251,-0.006063576247616994,258.87767681123967
-4.955011418996194,1949537.4785100447,-173541.05433396826,-0.05630168428949303,256.17515514783275
-3.4536918732217514,1834463.4678675253,-101594.89148623607,-0.06191198215096373,257.38574344366174
-4.162791698149599,1881370.384242651,-125310.77086124562,-0.11757521385255694,258.29774416714787
1.99551834832754,1641437.7128427809,-110079.33068391295,-0.06681766129124307,225.34927247989594
-1.123042066530709,1654712.1856021339,-117273.54572601829,-0.09785723587051322,225.492264521091
0.3228490506106624,1880629.2065031903,-164944.48794408943,-0.1121547526858925,248.08246868782763
2.1344812981023473,1893402.8035350454,20093.087452607495,-0.14680903429015363,298.60282156127397
0.697323791009859,2251578.007481747,-95464.43592378507,-0.15071509321395607,323.7254099447574
-0.4974787157495844,1964009.4254010476,-118613.14276741871,-0.19801454923261375,273.0194517807193
0.2950838738096381,1708134.8537203434,-164395.6547962543,-0.24294799410798718,221.36809034989605
-0.8781098768911068,1755464.5725007625,-300289.105242667,-0.2717742289942313,192.99676062042093
-2.535124510706894,1443563.854646535,-309138.29544637253,-0.35015164223381956,142.33642733569584
-3.1703081081388316,1338932.1060015757,-250943.38842507853,-0.28635084377359027,141.32627132916392
-2.435885076438382,1292445.3289658017,-362312.83674591297,-0.35785969327022477,104.98257811477328
-3.235913439244944,1422356.3030681289,-324249.83904223534,-0.24512286834297145,135.02584180165155
-3.561942552667343,1354989.689647723,-310514.92659500294,-0.24631959119016933,128.2464258681895
-1.8186099426054705,1346347.191955573,-295040.80351750104,-0.20946045024306975,130.9242334510829
-0.5691894965371505,1257129.144416946,-135470.77371112036,-0.18446221797694337,159.04300002829672
0.3714804959558889,614312.4365751402,152790.53342230633,-0.07794523533337773,135.12816565398748
1.472268261899546,720338.1319673018,93370.47335143588,-0.07541530934087481,135.89601865316206
-2.974199874302047,587981.3271875177,679.4803889041424,-0.011068302892430671,90.94898034616003
-1.0173537829451849,474794.0348896125,-50881.04598439959,-0.005300449296086157,60.01151374895019
0.7226896635618055,715368.2273206188,-137008.25943475377,-0.0630435229530768,74.97519500565014
1.8685625642708759,718878.8651448109,-102008.95225041511,-0.07283166432925696,84.66686280927023
4.512455652701988,675680.1714638772,-71696.03528684386,-0.15418743714927738,85.98460506496959
5.212833979191693,822226.5046933028,-187315.41113416947,-0.2150292770397802,78.37714428542795
3.3212618884917027,923997.2989798138,-103475.30366301285,-0.12878946635241137,115.9616405841935
2.263872873643111,1009666.6961040691,-76246.77535131674,-0.11726207740490642,136.43056710366332
2.473638276015882,1020004.6613557192,-153567.19376446682,-0.14204292776452668,117.65860833364198
2.2509881109366567,993358.0448542526,-159538.67158744554,-0.13692854736974572,112.03904477574821
1.6763199088333975,956712.2316072689,-163607.3808700323,-0.13855664607983986,105.22601783047881
1.753070675108393,1165758.5348978713,-324024.31657068094,-0.181222213470773,95.63533273163694
0.83879941951344,990241.7344535118,-119362.86622444745,-0.2268405119102332,122.100104723432
2.6709409971211926,924367.4174488314,-124964.06786605534,-0.24651150708428266,110.47592201740527
1.4993014298648384,923577.2732725352,-210096.0228056989,-0.22197996777346046,87.84103382035931
3.7723443662859566,627242.057657398,-76090.2516443177,-0.23904910198075852,77.13023935477496
5.677602124045478,661206.5749288489,-36277.56664617602,-0.23354973401478207,92.99973053437135
6.514031085543216,590286.1339412986,-27208.006724396517,-0.2420657153928249,84.48816731366306
6.919301566895839,572336.9785946572,-20354.06490362076,-0.22331025180133998,83.45448107154596
6.260184785323366,696121.3406672141,-143181.4153529526,-0.2348663943396112,70.43904499138966
5.459188306078792,815150.3411493887,-188300.36244706516,-0.23376800775077536,77.01712971506959
3.1377295046640103,801889.6145042531,-171812.98998161784,-0.22301706511325742,79.07110419041366
4.742917129028407,873995.972040823,-264895.48238772486,-0.18453330180084768,66.08251347135966
5.0518417470297985,906794.8443854717,-275693.5872931594,-0.18323179694828656,68.13788873205735
5.360184727725583,955412.5185890716,-293625.6043660468,-0.20484424446903107,71.27611903747075
1.3917601392168522,667907.4362924,-287932.74954357964,-0.16284574040712768,27.848862637350745
1.8612457771605633,427493.50703762344,-238427.20603059744,-0.2019278063332769,3.663847749149672
1.0712320015799868,400421.4426570731,-202457.5338858222,-0.18997625143819225,8.835534029794774
-1.2843969029609954,269030.09154365794,-304516.563248004,-0.1423782900134966,-38.381979256628
-1.1075493034306128,229060.0805761576,-336323.9872811106,-0.11623224864125431,-52.863851585769034
3.4390659486003683,591690.2078340971,-286869.47462964134,-0.2479461205243677,16.42868828964865
-0.2620156629877002,460574.1986082763,-294258.9703630761,-0.19855339453948084,-5.96600698585763
-0.5598325415412022,445959.44764721085,-174504.8034934208,-0.23674772208015618,23.058790172369747
2.4647572225621373,-30833.081799113304,-241962.75173093207,-0.1536025026939972,-68.23360198568763
0.9156380713497442,-284160.61855082033,-218503.6028319593,-0.10211025373419351,-101.56061403075698
-0.10730369849647062,-117132.25245474733,-178436.28486718624,-0.09921062484262484,-65.13844646569534
0.6319867194330849,-137178.45676159346,-182538.44774845836,-0.08119719262395399,-69.26462796662732
1.037621135747952,-233615.7293843131,-163942.68181927453,-0.09317886898406158,-79.28987987335032
1.2225853567699725,-450091.55148533237,-42643.58630901616,-0.13171290231004498,-81.0365389158721
2.203594527806566,-477443.0948697828,-115837.52243742243,-0.17968455943861805,-104.34742521057578
1.4242094464753605,-625892.9528872806,-16934.176715566886,-0.15637769759390618,-101.53492570257102
1.7727175180188186,-670243.5158834938,-8533.374268118088,-0.10791895516485202,-106.17530315662576
2.3249970066027235,-699241.4540146029,-18510.482552714697,-0.09604660189225392,-113.26632382173861
-1.1106232414137656,-740772.1918382007,-8212.727047361966,-0.10022149309458178,-117.16566411355504
2.605835797303134,-483371.4962989775,-163787.43801865773,-0.12957277907924836,-117.9033750579708
4.620104190778104,-440804.79998799023,-138970.97645942617,-0.1751465768294829,-104.69932394192895
6.074879785380982,-370155.065499095,-112125.61653927935,-0.14859589885321123,-86.55450241431438
7.57011430216753,-492064.4703072767,-100377.9662125333,-0.22971829389041887,-102.4880615080614
2.4341357391711176,-517683.6940271328,8300.806685252111,-0.1498667356199868,-78.12880168922864
1.2550174664506952,-900823.7460076686,147527.62359476223,-0.14778840843800328,-101.03221362359199
1.1666324751052177,-955003.729382743,177157.68545394004,-0.1367785546793389,-101.7330110997683
1.5150405187290126,-969541.1195028604,146420.3335008885,-0.13619806863374553,-111.87996140347983
-0.17574467653910372,-821521.0445636557,191019.7364363064,-0.21168149244274082,-77.36170164736838
-1.2263173746340226,-619401.1760973921,107531.69306530818,-0.20418253549337342,-67.97047570138353
0.09200050098305168,-964794.6120841897,68842.7964495001,-0.15009022549407278,-131.66562059265766
0.28785121723382756,-877898.990340842,36461.52365770374,-0.11622356764134699,-126.5226364253047
-1.6320850929759936,-797894.1478074186,121801.12160806912,-0.09356304906331675,-92.04693053281797
2.093953189360048,-798348.8194151527,169681.33164868905,-0.018951635988883473,-79.41283482468202
0.7305895858004656,-963865.5726028179,205098.28176187142,0.007120847983965737,-95.77899707914129
-0.1863676398565468,-938727.7259754916,271816.31491368153,0.008888808040403467,-74.37081181068636
-0.6563378489731211,-941188.7446514309,291777.8695041765,0.028173696770212458,-69.48255258552075
0.1773646980788439,-775432.1761958225,343790.5160009601,-0.047937341034257896,-30.180051707208808
0.6638946315771423,-933876.6659772098,347987.2549361841,-0.014483906582264838,-53.574929452004255
1.609527580430963,-822342.6907082741,304263.3447789771,0.033883513449917836,-47.72748773164855
3.3951998947086794,-678355.4264498953,310497.84890399023,0.07337781910359313,-23.734917893512435
3.2378160510118654,-717708.140393666,250008.48017574535,0.06504375154065012,-45.69847747547738
3.290273087833163,-728007.0128462178,252624.5357471287,0.06758710916135643,-46.5961436461378
4.18959412591089,-555392.3312641438,259326.92751391226,0.1049446625347777,-18.03505983378527
3.873864231630426,-498227.7046488946,227884.80856917382,0.08462635808428355,-17.477902773506564
1.402440305824963,-424905.51333690586,94907.27794423526,0.029845355084369994,-41.11685611407021
3.1924316382746736,-172306.90073775724,-16668.330689423477,0.1072227108584183,-31.026264422031552
3.1145381525468094,-113534.15705970964,3499.5324021915058,0.1048485777413239,-16.65615626938766
2.5925317596034008,-103849.63803037337,34758.48839046138,0.020853895472449188,-7.069152836213376
3.8477018027533907,422887.8322122572,-9619.501190532626,0.049590362007831394,63.01620092790454
2.7882426019346664,277893.37746838364,-115440.78327697208,0.0775593559519709,12.828923053637864
1.3502037524849788,314445.2868215218,-122363.20304096912,0.15271878560014002,16.631155732856456
1.5734625455973623,281496.8845870024,-106121.63263179618,0.14582195344173773,15.730924712197211
3.872379148706545,604860.5780681433,-41278.712681986355,0.15320787215153375,82.87219666784686
4.754912175875835,1477384.0909090932,-409979.7122048984,0.026947099886208418,121.58730228061393
1.6717169732751769,1538101.0269598342,-359155.4861475182,-0.04667603834702795,144.1529055733547
2.1013286723715097,1432311.5309717117,-303577.8223918609,-0.058396908339822924,142.26299030426875
0.41863548419961877,1508335.6631387547,-250727.89374697945,-0.06934595670079256,167.83912435400902
1.1816076654617498,1601214.9797028964,-290473.8836626343,-0.05410652578331427,171.9075205557621
1.0563808443941423,1474459.765067073,-278205.7095635865,-0.1681118834984142,155.43163350959944
-1.095248729058722,1414957.0288560085,-214661.9089199974,-0.11962203847767365,162.81471777058448
-0.7080425493074775,1550659.7854396023,-360478.01737698074,-0.15025453826788057,145.54711713391825
1.1748873812058633,1593338.0474319973,-389331.91542007483,-0.11923324045419736,144.83186290107682
-0.9403749829452415,1475328.3250285422,-265668.9154559586,-0.07908478288222363,158.77883192967715
-2.112250895022499,1655733.4537142755,-163261.6226962103,-0.14647463630705676,213.51054241046603
-4.602262987175324,1831467.0454667506,-236042.00697036055,-0.16157736703831752,221.53776653121326
-2.7499431770015614,1715224.0630182382,-142560.55048014421,-0.16981481881395827,228.16068645491725
-4.409274439335266,2044668.18798527,-250194.46735525609,-0.1579411442743044,250.88218593003398
-5.36504315681653,2118039.531260428,-222738.78920529564,-0.1968474277224027,269.46517094893807
-5.185647224238345,1993421.426539423,-236205.1585536357,-0.243755085971322,246.52039856878176
-4.4979062662270195,1960926.3176201729,-236126.11182257195,-0.2349924074759187,241.5527547925821
-6.106802265506109,1674428.812546997,-216483.3246298746,-0.2047305368357663,202.2708111241993
-6.247995731261163,1666932.6638940044,-40376.806032951084,-0.2019869558667132,247.11463320120538
-5.003404914242726,1458796.494800993,18243.33996114493,-0.23424005838075654,230.52818891383063
-4.804503305015549,1416888.1417006974,94694.94652151628,-0.25010029366657605,243.9161471322798
-6.140400013161373,1676046.884627701,41386.260226214894,-0.2687904557935814,269.9435496634299
-1.8415533183429427,1634216.4206629528,99538.86874800532,-0.24980265687132444,279.05468270030764
2.0125073492524206,1741740.4507361585,65336.68119334211,-0.18704968663472013,286.95996694397115
3.0429189835998693,1823279.7038522947,40461.803289138814,-0.18919802435705607,293.1691563353554
0.243934231871606,1635331.3662324708,28386.950480946838,-0.1977954698766486,260.59984935670235
1.9603868301908276,1610865.9446036394,57418.95964222586,-0.16996627506263295,264.52427574639137
1.3553034560555097,1677248.2855600829,26779.666432091904,-0.2280229806932252,266.7726986049818
2.958912555553799,1729722.0473398177,-20448.297656086277,-0.26345037161573537,262.61517645454694
2.327545079883325,1882883.3529787455,-85388.40733786632,-0.21033997591955175,269.2788001186105
1.7185653408091286,1797111.0525982068,-58257.839808547054,-0.2388128317615086,263.13965601958256
3.8057436055290466,1757624.8971972622,-38459.925503438964,-0.19254449737977247,262.27819777567476
3.7955539711261643,1458239.226881239,-110531.79159401366,-0.27988555734837406,196.983968617116
1.5367335084142806,1589164.9645946424,-259030.55141870613,-0.21686782153943973,178.21042820887072
5.052710414539451,1447672.5041846682,-282795.7414221794,-0.1843743688108312,150.23059964067465
4.695573693342572,1474687.8324061139,-270080.2777069391,-0.22194051343402968,157.72843679634326
3.1211024525864066,1364310.541183295,-267441.29753993015,-0.16865105581763157,141.28957454846275
0.034554543053351525,1101588.3028788771,-150130.60190604304,-0.11894203568501642,131.05875814753534
2.4554723336699427,1099735.5487258218,-60372.179424888214,-0.09280876541193968,154.61385870052038
2.0251548625326654,1115158.822526091,-107489.65181062861,-0.12004908363356039,144.5428898986184
2.2315697635688503,1307186.6792577053,-154427.36012956488,-0.13324558209765167,161.9837940785706
3.345835437021677,1100090.503261433,24220.186421827362,0.02758114136732003,176.78597021663367
1.5988160288895563,786784.9170276119,59506.28587464023,-0.010070824691808956,137.45673837839962
2.435574377549507,808741.7310938429,40656.151180252906,-0.044646845584243956,135.94749475452622
6.231510944870485,794856.5155300227,-47134.69473491096,0.04440883455039909,110.95029712502243
5.385348253367652,398094.1570335546,-80830.2535721134,0.020438228844647046,40.61252756037747
4.5237858296268145,349224.64929827617,-70886.81426439606,0.017529694808513484,35.603157173798245
3.495326195415384,88322.63151590587,-44066.51290741573,0.018690875355022597,2.0951546806710644
2.7992623923772872,267590.3569854752,-29598.82742928344,-0.029102761044480112,33.754823989079846
3.1995588519765534,580980.7785825902,-14092.371919051235,0.007409173653027445,86.18838148763408
-1.2032546804466235,565497.9271145831,-46520.99632823363,-0.04165348719571739,75.12114387672904
0.7585093943868845,33009.74916828371,201049.51099322055,-0.07176609404689226,57.619231035353884
-1.591839112917332,127774.47635645888,114540.40876245654,-0.011235923684569675,49.47995673814944
-0.353462986693263,212038.4124258045,220861.67698012915,0.037698649001556325,90.58183643766705
3.575255922319295,-167954.59066243906,260319.18511954116,-0.10660427801285097,42.25256003596314
1.0863874900270987,-58143.66611812477,148786.8388611104,-0.059061201340094856,29.857041281617175
1.7039984767209733,-466428.733875305,343408.1457002823,-0.09638692593058566,17.693393441258852
-0.051003541948202155,-427569.27476370876,352436.39715976093,-0.08189781134161411,26.015454806799163
2.541205521310947,-501929.92871895665,186284.61003116713,-0.22382867897245745,-28.974563796145212
3.08310745213284,-712722.6214238773,239027.68543948408,-0.183651346531481,-47.764911067602306
3.3779205644731447,-684323.534640022,218354.86835241783,-0.14258008479300882,-48.756504504823965
5.534555790240209,-1503111.0482859055,404457.54742842616,-0.18226133026586064,-126.79176530418843
4.481409109310697,-1527605.5515526885,366980.881936886,-0.19491029649343167,-140.46000087730084
4.1066247385975005,-1591642.2494632138,369259.50043823867,-0.2246030830709309,-149.87069711144454
6.348931942684836,-1881761.5160719107,422311.19893574144,-0.2477087400454462,-180.78004663708353
5.290272854980481,-1794997.723994865,386056.31771112303,-0.2546533079178787,-177.0085950565146
4.139797777056826,-1638347.5154380035,455719.15597936383,-0.24345379658307356,-134.4061166000193
3.9953496343171904,-1605929.1776731028,445395.7746176769,-0.25727800428969494,-132.12167003870073
4.3039446988557275,-1551163.4790189352,408481.6819889174,-0.2642314427498327,-133.24790619048238
7.067964497104457,-1334202.297116632,139423.87241592704,-0.20687663179929283,-170.02834229068438
4.124713796245247,-1483309.3092250298,130104.06372833993,-0.1722446514253106,-195.7318394935147
3.386098212675227,-1487987.7645132167,12643.166515541787,-0.11481829424957027,-227.255855722009
3.8933473521923805,-1592020.1491533113,-13389.249378783341,-0.07870666987075571,-250.18144513607578
5.152311041371746,-1446420.506055468,-12737.257832503064,-0.13981212815017235,-227.43853274261988
4.4992425422435876,-1166585.1336650744,-36588.13907880203,-0.11529103039033697,-190.35285753328222
4.155097333846423,-1211250.2846197623,-35891.27658965013,-0.10307972928707584,-197.1046122283814
4.614933694354675,-1098762.4627114993,17459.450128034965,-0.09931767880961216,-165.58334016348005
1.4398863383890634,-756290.3663476849,-86514.07060676895,-0.1884483745743898,-139.89747787988594
2.275661194430056,-812859.0703436933,-67512.69946546662,-0.19431238171898196,-143.82261751360645
1.3748151935979533,-485015.8228748119,5815.68025725865,-0.1690239578553935,-73.81091064519678
0.7962977556378453,-436568.0229845369,18135.93465466907,-0.19390513824949412,-62.97627347506333
4.48933486611379,-478066.41628035554,-27318.9654455817,-0.1654703882971522,-81.04164061950473
5.180457573505309,-491773.50871915533,-160215.34139220775,-0.11244394820634575,-118.24592960881495
4.121564520758104,-197950.29110851628,-201461.22824122684,-0.11388772654828215,-83.3625514446013
5.959573118837963,162930.1450643394,-269667.8348878329,-0.0637696113711029,-45.40528550933293
5.07599535163978,-26177.685906036208,-309593.6089008719,-0.1616332877990689,-85.06522867914227
4.486967111862985,35859.81650091127,-405202.2630567021,-0.19717702662886577,-100.56648590232821
4.065705454202559,-16988.64834435353,-423997.7012410971,-0.18120370498710628,-113.78163245552211
4.029559181127978,92440.09979808485,-464177.2502793901,-0.16110034212200833,-107.32512332019198
2.994479953198119,170921.44234615035,-531110.2498029113,-0.14430051229014346,-112.78374955945263
1.8287528370668926,434216.63944593613,-412346.52528661175,-0.19428206622980665,-40.890838814297766
3.4860042015890222,303995.1734815902,-247060.40544091346,-0.2368995928097678,-17.693896368847565
4.329871825236466,415399.609310254,-208501.78238043995,-0.2587741601412601,9.731566681062331
2.9541830470016306,546748.0671053181,-189127.24111044133,-0.16250527579348223,35.13839314003231
2.6854898065332464,646626.1971683314,-188054.93512163396,-0.12192731987864203,50.79188029713204
2.80060791768116,717323.1542856966,-226143.23986797934,-0.1451092774408864,51.83157677226434
1.860646429238523,625241.3558786162,-167486.4672940406,-0.1731168849352053,52.94276649013259
1.4804596912791614,513350.45685136,-195131.05803664593,-0.16728657800210292,28.369344684349215
1.9902120685283076,537356.3762948688,-315060.4272237913,-0.11677269917044605,0.6368107361262403
2.165195658998702,795750.1767115244,-483593.2052925061,-0.1432940416191903,-3.5579149016328753
2.106076474741024,795911.1006967224,-475645.37561362394,-0.13153042432613643,-1.4579113768034933
-0.816373644693361,531031.961034709,-396571.8795177936,-0.21448821362061946,-21.877692599157832
-0.8215644891842321,533829.8249506415,-398430.27368558035,-0.2145818404857145,-21.879764747739316
-0.9419898635033007,534367.224414435,-396519.0284961002,-0.20590256129980652,-21.300778931633825
-0.7539158101574884,296396.1172657329,-140452.1789306018,-0.15525564489660912,8.930925972012375
0.19087277474647785,336699.6364428665,-120373.61015086713,-0.14187091760258752,20.436188162450424
1.993752402750565,801.9369238754703,-111681.15399027304,-0.16139385964317152,-29.25341017875747
