Current_t_2,Power_t_2,Vibr. motor coupled_t_2
22391.180493116815,-33705.46703331649,-166.38191273393886
-4359.641485931625,-1060960.167095924,-1426.3923924005169
10350.295334468863,-1605712.3605268297,-2253.7911319005702
-5360.983285501788,-1092217.0931847368,-1468.13982876462
-5361.919625238362,-1094909.1968743177,-1463.226864765426
-5390.891625343499,-1094731.0423520547,-1463.631762648604
-9726.841170126152,484089.60370197974,725.5685094721147
-54656.34350410671,1083685.041087353,1787.8647191968807
-19474.61878275539,1974121.826837418,2815.7355777353227
-17479.38201491134,2098314.3289184193,2974.7865111777387
34124.441817619765,2912593.5554478266,3806.3471291434375
32712.232442720826,2860598.3376851194,3743.503137412371
-19621.93827734542,2854013.0816750308,4019.4235276052623
-62057.72638792361,1678026.8072912428,2643.210992253318
-62472.03598937402,1673905.6253746215,2644.976425545708
-68498.79508334897,1697821.6066427801,2705.7086537628898
-32713.102269152507,2354729.619578721,3409.329065962824
-753.6462747252787,2468385.1999989566,3388.910085512111
-22691.938365696496,1622281.9023115821,2351.644353433829
-43350.7584816301,1229947.98043585,1926.4110141347771
-41346.008377085825,1577048.0785545253,2390.4668651810243
-41080.99283679023,1484343.3653043888,2263.665383367814
-33245.91145384204,660761.739246524,1094.920510890675
-47289.09781952703,45557.900274463886,330.9519102252469
-46196.64382455443,70689.97276390922,348.93921487258586
-46129.43154572642,65748.17246165636,352.25865363133136
-21137.54477335748,412730.7620112016,680.8375460595975
-17886.04549524634,416301.24906862015,668.0333466273603
-29453.00805853419,-529895.9476010756,-560.2615891622721
-30082.733839022407,-531081.4176889381,-564.5634926219519
-35472.954129215985,-775795.8273832186,-868.826331340453
11281.121686716679,-1235736.9062957058,-1748.2917853247168
-5730.552473042973,846396.4433724859,1196.4337330217677
-16375.13785675942,1176132.9638193843,1707.1906252348901
4886.417033254934,729606.3108141501,975.139978355751
41612.305291381774,90281.18814165893,-107.09955930173854
34357.14732810185,639624.632241598,690.9972836510307
12499.399810581952,873720.6230562229,1132.2180564927805
-44090.00535117162,-248471.86049757048,-95.20519746011074
-42143.162649304984,-589150.6259881369,-571.537965039733
-15977.103649980803,-1647884.539340394,-2164.4427245155816
44408.182883235015,-1818459.403843042,-2735.8513527110217
52382.688383178735,-1957007.7532557284,-2961.903246172235
-28236.591567579886,-1929951.1273973468,-2490.929799076455
-24312.550608545873,611836.5286916161,978.4857657035333
-25138.037130550452,1483765.8737023731,2172.9271126157964
-22680.933942664014,1892325.01744421,2721.514879229598
31009.573264380575,2569022.3782391637,3352.806417911929
-21977.296934592257,2710733.840930621,3840.6040581144894
16051.951163020638,2111568.451799809,2810.373937808662
15125.976587953171,2075884.705284413,2767.2125613562275
-21053.826757436054,308301.4690725727,540.9217401588434
4198.183862505226,1734363.0426362245,2355.0474256529037
21839.68159879408,1051546.0579416752,1325.7499343930165
23485.05423082542,443768.10739157867,485.83498989930604
21515.378867963915,-814839.0217749131,-1227.6709298997653
15666.646118538742,574034.6762291173,704.4777116307861
20136.48382454278,-204888.8712711941,-390.3052887047692
23012.650930845717,190267.67468009883,136.40408711584917
-25256.347085876063,-10924.173507404568,126.94687320424579
-25221.18780247878,-13500.074785013088,130.33432091669727
-1471.8993701079185,452791.4541464895,635.1208942857999
18353.588151990585,192292.90384897348,168.71024169077316
29915.32431794404,-641170.7369543747,-1036.2431127043415
20121.933295560757,-1688118.4583588457,-2424.7151299393486
18871.7276500113,-1387827.5197679393,-1997.9067641038027
27580.74390407876,-1747223.9208011602,-2539.670098874768
34266.2609286776,-799713.8048912626,-1284.0586507037963
6905.307170843666,383725.95071272424,490.6928593249162
-871.6530889645377,312629.873430398,436.9849137504454
-915.916856045042,313117.3717282891,436.5519151734122
-4743.736549714681,79337.0289683119,135.15973780706986
-32101.53080818363,-1984.565562293919,174.358308667772
-22510.82000450472,-521518.7834258331,-586.8577021218229
3802.9782646977724,-349291.13384669175,-493.0632190957804
61383.045306795786,-1618317.6382899422,-2555.6948408178873
34974.788186973026,-1463237.1567168958,-2196.673473063991
4079.572250728638,-255054.99891591768,-369.50130075732187
19904.249963539703,-1002655.093996327,-1477.1729229972357
19003.84580742173,-999970.3879628751,-1464.9802737254574
19096.58356714582,-999960.4382277752,-1467.4449821518936
21030.480269638094,-986386.5084199185,-1469.3085377616158
47835.52151795103,-360405.0102465733,-749.9034461553306
23305.46308716849,429122.06564588257,467.0666649692327
248.10734289916132,415924.66354063014,568.1991992001101
-2127.364053709418,433567.75614110625,606.4028748047496
-2048.3552210250105,431126.51006110676,610.3755960656056
13787.848634149977,882470.5614310117,1131.531074651055
-12130.386711700532,782337.9044728543,1148.1646061586307
21887.59417602063,-964147.2238270623,-1438.168346881601
21972.532729226776,-962184.8247833882,-1436.3205120510725
29078.59264915808,-642341.9081701363,-1038.9229423721297
-1290.1204582032453,-1037534.1527960852,-1409.3551373723014
572.7902511066842,-1500081.5523792217,-2050.037319434953
-3791.2097863634776,-1321397.5955472142,-1780.452915747938
13651.843402995817,-1098791.416052698,-1576.7139740748123
-13027.239605364315,-914550.9552397934,-1181.5899933975463
10225.047338424301,12382.454536166842,-38.96093684339204
24577.734874353795,2427987.7954629418,3193.343985473917
58910.94913606652,3506854.081387121,4491.1333675572805
53483.122341589515,3518461.223125214,4528.852220256831
65820.81245514908,3401597.641110245,4304.748068322215
20515.055517895074,1996676.0667607312,2623.426046077409
-30188.070748979575,631580.6854092132,1033.5589045814825
3068.692586543237,1440007.0539556942,1950.9064069876847
-1227.5022524898193,1452807.4738850554,2005.2247027313233
-32945.98719222154,2018305.8799481625,2945.240811380164
-3802.718339651569,2686345.6164515573,3710.7979404459224
-2973.5673314040378,3033708.5629393244,4170.430311157727
15100.22626063304,3176440.423245164,4271.0340265300265
-9668.868642958352,2910013.0962473773,4045.0552891710795
-4102.988816754672,2279815.6154046305,3151.726448602908
32032.35160773096,2759144.324017955,3608.3218051486665
34924.12748189614,3160116.106965359,4141.93226560959
34977.522250080736,3160157.2755737067,4140.221156198786
34977.522250080736,3160157.2755737067,4140.221156198786
40258.68098978909,1614096.4588200941,1991.687964364193
22772.728503015504,694726.7513689743,827.3678956517756
-14248.294093646704,776147.3221031575,1143.4289425223944
6129.62617959691,469640.04630572925,612.2708118366966
-1588.4560223541,729758.27138282,1011.8271697646093
-20785.292875845647,-159312.7386735329,-101.11523255982277
-15154.350527367353,-396769.4309722633,-456.3070341077489
-15818.25117024734,94170.70469449079,220.7598811190444
-15818.25117024734,94170.70469449079,220.7598811190444
-15805.984962805162,91969.19197494304,223.77802339424707
-16961.665115559194,121046.01955871063,255.78586078924562
794.5611064862178,102242.88727208295,141.06090495089146
-696.9824876242744,547410.3445041832,756.2676555973833
1447.3297160040631,927511.2090827969,1268.2479542092383
23696.919816920283,958675.820538996,1188.2618282750575
23727.598639095835,960148.2691624907,1186.470598061761
25538.944880637835,-1170888.063185515,-1747.458819673763
25584.21563052002,-1173952.3098629452,-1739.977956991405
-47543.56535534721,-1199597.8854517166,-1379.263817229083
-43963.86892814931,-1128506.0703278056,-1297.5684441787903
-54950.63660216091,-1230867.221715025,-1381.0150309097396
-60260.016043371106,-556920.4173266451,-432.24652825632364
-9727.736392792714,1476228.4036806717,2078.9731100995064
-28822.19481372477,1312585.7366717316,1962.6911874348627
37479.326846257536,1233727.8971167512,1491.209212510527
44363.131954542296,1309102.5600781278,1555.9215024675977
-47108.045682470445,-205164.09759656378,-19.064066172411103
-14058.807483983139,-1212939.5483186613,-1581.013437218573
-17548.665648063954,-1286276.8687101232,-1661.9411177110126
-16760.41202895783,-1195431.9254918522,-1537.8860806383932
-17591.312760534536,-518015.68690301554,-603.7071841399967
-16611.542482889807,-2012927.912415511,-2661.73311470662
2981.423634313886,-1153300.973582811,-1591.2441206277492
10748.810126094935,-740594.61303476,-1072.8866751478447
-6517.119888701178,-580002.3167382601,-753.5875535917438
7404.964415544605,2829890.9053614917,3838.4115564134363
-13254.21400874283,3231759.0527143735,4499.064778611683
-9857.676321750841,2468687.9085793253,3435.8065527097224
-12938.384154674002,2568531.6488044914,3596.58571849662
-6081.647505043037,2461756.0027633314,3409.7823056535203
-34253.68228328395,3083285.429465231,4416.34710944599
-6776.134385655682,1512532.9625935394,2112.586364233694
6469.454725070505,1650669.9053019327,2229.6816021964914
16342.596615710148,1597697.5009046088,2102.9876278012944
27123.330150659574,2219415.106222301,2896.0485063549972
-13894.871017816764,-59840.41158389223,-3.2171758071710332
5491.647446721871,1023986.1541468552,1372.8820948576215
-3473.892149456537,398709.2067706679,571.3524157556254
15418.324303755508,631166.6088933322,778.6527305609138
24422.78873640081,207798.0078968518,150.64658302039228
24403.13066271533,203414.7435885778,151.08088202971982
13238.513944199902,-787354.2447751539,-1147.4451847582864
9338.811599357941,-1218454.6661904026,-1717.4002704583213
50260.27985793953,565676.992877451,502.81074587251004
42366.15239856264,733666.2038072668,776.8333474911175
-22471.127110352045,1212294.1141484587,1784.7067611755842
-22478.678454857712,1211759.1979688725,1785.5399063381433
-34781.43812019394,-385926.2542582759,-335.3493903769937
15801.175354084044,-915027.1806263167,-1336.676279225791
-19011.13389022595,-390396.5883063851,-433.02115312785565
-19023.231261086945,-392089.1217653002,-431.24930967001274
-20120.385070479395,138275.6539516204,302.17156044707485
11983.423538138459,-27957.31242272504,-105.3753028793524
-10798.682425306783,-258172.07590483816,-285.11410550274934
-10779.998760330003,-256792.84402597143,-287.64197734516665
-10725.39066267956,-256747.32257969392,-291.07168999954627
8366.31364722124,-606385.1516748783,-871.713909164566
43619.85425413,-1778502.2223486432,-2673.286195342231
8476.163138224983,-1974749.0847880172,-2745.437397241771
38326.69112520491,-1247265.5055350545,-1918.1482890427687
8018.448864559807,-847108.7359051888,-1198.8498656011673
28644.570260707533,-356562.2754127395,-639.8537458520727
-25599.234050003994,-535109.5576198202,-587.2305703194056
31351.23843819965,-1909840.4489723188,-2784.918072151662
84038.73026185168,-2288003.8461876237,-3591.8093478111123
93629.6126763863,-1881824.1884907058,-3096.5729824717146
88132.70077128854,-1866844.2586084122,-3043.3641692570814
29446.595310708297,-2839524.932211686,-4049.173207908704
18868.003460448257,-3250633.297138105,-4555.971496278825
18927.38800997636,-3250997.6903103623,-4553.789266300565
14261.410751308233,-3200008.868137916,-4460.692407980464
-10178.490943147568,-2492273.430762429,-3356.418465269377
9048.745158620604,-2906368.802008914,-4028.0768586319464
6839.271144396451,-1632467.0576097567,-2275.536188615874
13782.970762358378,-997164.558551128,-1436.2815063830144
-3913.842953817335,-1535375.8329625546,-2077.020920275687
17083.129860557972,-1864585.8394077453,-2649.303777720655
21471.038365565386,-1333311.5920294493,-1945.9091551520562
7474.571524263833,-242403.04858805495,-370.6078588769097
-9449.463275222126,-1113928.7894938143,-1473.277802728983
2726.5651409295538,-832053.2070685417,-1149.6301418395713
-7424.5348843805195,-766411.4853550767,-1005.6251977221808
-14246.103895200955,-761306.5425881452,-968.4489442906413
-12605.260676672433,-952203.8961146849,-1229.3116463630809
-35361.432695189986,-1540367.734962867,-1914.9637954270938
-15453.667333320513,-313747.47765428293,-345.0050453434896
-18852.0914540913,-1359501.2340427092,-1754.482070087625
-26111.533415626804,-1208685.9599123362,-1510.799547193977
-27026.107750608197,-1214955.4337582784,-1513.0147485655393
-27025.86727774719,-1219368.8407310685,-1510.6277083199477
-27054.862598367417,-1219381.2884741062,-1512.482568553582
-13491.55857001574,243142.5262884999,404.7698445052817
-46126.8330521272,-129171.6510888088,85.86291702030988
-10000.546833809787,1391989.9479789909,1964.6784464975574
44179.13096471442,1571914.0126893884,1911.8426808555496
38072.46560835725,1019611.6852989628,1188.2399623047404
24143.898905533348,1302699.2127493944,1647.223306844161
24039.83172980154,1291024.665238974,1639.1703675734177
24063.274211802305,1291884.1031206124,1641.6480502183363
24203.440621742306,1325572.1962625703,1682.6473276793577
19210.85057561428,-884511.444007435,-1309.2860112242372
-3741.6709677297495,-354263.89904440264,-461.7122505310187
-3741.6709677297495,-354263.89904440264,-461.7122505310187
32703.28341083532,127934.57309601587,-6.017206820098985
32723.94701660108,127171.74371124503,-3.7782832179989185
-30671.45016372162,-250625.168613673,-173.6786568439
17856.12910631806,-2465664.5883871755,-3466.250639681055
17847.32044588063,-2464808.030739056,-3469.6442825738395
-8182.316096171098,-1804652.9464269558,-2425.8673309524343
-8182.316096171098,-1804652.9464269558,-2425.8673309524343
-19810.23481308059,-2029132.5209258236,-2672.6919875245526
-19794.70943042618,-2033065.1803020332,-2668.737168982259
20784.974534906825,-2919856.337808823,-4118.028094556077
-1223.4953290006679,-2311708.5385846645,-3154.9118629861864
-57290.122406364775,-1083781.2715083861,-1167.5345960264879
4300.339500278175,218129.81640227613,271.1057175808746
-8953.44310688924,265202.13710310566,414.7995287833519
-41228.28610500342,-334396.6335831035,-228.17345103017814
-7048.068765843506,-624635.218426088,-811.6858295822111
-7710.391694488196,-650089.0576441274,-845.9861111562745
10494.63443993838,-3042454.373114606,-4221.966976150153
-22661.70148390169,-602894.5014618288,-703.9243951666257
-27940.641765206827,19685.641435767764,185.86575010436218
-894.7395891687081,-216543.47159544475,-288.8115544934869
2208.0830621118666,-439649.8355163093,-613.64531375962
15703.005760970103,-1274915.173287977,-1828.6848300392248
37213.47173153361,-1122489.8964493473,-1739.705640733727
47558.24787912631,-17179.01361339894,-283.3043051687607
36410.15688892719,-859804.3845745777,-1381.3609078022066
53275.26992260017,510475.8220364734,403.42035396062494
-4743.8122596980065,-204651.7036759959,-248.1568884530756
-8370.198664396197,-954807.9752741628,-1259.5839185904306
7388.616942564308,-435388.4671479056,-638.1455172279268
-22538.11028559511,-1480446.997314336,-1899.7031156791847
-43810.01673804561,-742228.879886814,-771.1440057216325
-43809.73483960817,-743507.3447837703,-770.4517949010851
46473.43242517799,-572198.8912216802,-1036.4314342771618
51709.314454442945,-789914.4308401676,-1362.2354220597012
20746.380521794017,1132505.4428647195,1444.8499552329522
-54738.59950422551,1698265.3006281385,2625.806136709011
-52802.16370666405,2093046.2141939108,3161.752270651158
-44954.789235691416,1247660.2034582593,1959.82017897455
1401.9876740643817,1983646.0254132003,2712.6435547789733
-1092.7686317294963,1772314.9175278186,2437.9013631081025
5634.051370183594,1460709.4200670407,1972.947378562285
7839.573461010981,1651634.985642041,2224.814467822544
22884.590167022245,1733993.5486956325,2256.6624151070623
-21639.76602002313,1187460.900536047,1748.6324872021494
26192.75611765332,1879472.628776587,2436.6450535930585
-17088.88161800282,-466938.7021779831,-542.3880019118659
-27019.966802711846,-824259.3434920034,-978.0420598420112
28705.672066434574,-1015862.5148974544,-1549.1271597166092
40625.93611546796,-1019381.3602141802,-1612.6378143719955
-20477.05157462292,-1862373.224284182,-2432.014023702242
-39320.421625616334,-1179561.2616811702,-1395.341326583161
3815.2588244681033,-1266585.2424976777,-1757.7256575967872
-2385.7654012453086,-1842639.371798609,-2504.920985724768
43397.477398955,-1865047.1485488117,-2791.286784764161
-50387.88450842727,-1847282.7065308897,-2251.514642463585
27563.31015568784,-1376716.013396853,-2034.9880176333686
-19616.154090170305,-1797987.4430049416,-2348.862595016433
-19647.785589095776,-1798503.832945572,-2351.0686586851125
486.7459041310774,-1939673.2660255681,-2655.0091696710347
-19157.005014618033,-837266.5508773978,-1040.3552184001912
11588.327049773996,30217.110906966434,-20.487623696037314
-27566.148195952945,492086.0071419495,829.1840844327211
-39031.772539619764,2363423.2706523384,3459.582573016207
-43964.875906119654,2362802.876452444,3484.6264523584946
-47201.752210817285,2337609.781928241,3467.4280150927852
42637.59751052966,307247.46169306134,189.2501745713787
50815.37176521293,456695.76006701996,338.7502462519604
50786.953507286926,453466.9706108955,344.3277121299818
-18650.84691041355,233984.12952052115,427.1880734327826
2976.362172605355,-193823.8333735336,-278.61880072744214
-3448.4436896707534,391857.08380584716,559.3950894993475
-3364.2079729862094,392201.39956107974,558.6316075995358
1491.808124027786,-443663.410697203,-610.1898221418446
-6422.300624073474,841401.9052953767,1190.4388116912214
-6364.141668099261,841833.7753017714,1192.4493768468449
-17494.60897866659,894039.3677400097,1323.3360027567892
-15109.20933643132,827868.5760821963,1219.7420679676231
-38279.899432079095,442956.95875928993,821.739316393519
-39373.66963734662,405924.12862361944,773.2285846457484
-14881.795389710143,36290.22665677291,137.45039938177462
-16920.11407410863,302019.4920743762,512.7160593662728
-8393.259871851087,-324606.46811554127,-392.39120296681
26842.709417182436,935190.9127178233,1140.7678724302114
28542.495161196748,1119893.8987602692,1387.0798624851348
8092.726088551007,2009600.230047171,2708.7120316142655
8092.338843144528,2007829.6209041048,2709.9651948482338
29059.175606842255,972869.3370041043,1174.595497805081
25991.75114805697,1446772.4892130939,1847.7914966164396
44914.09452360176,882223.9379015283,965.8864168759932
36562.819904545875,448558.383639323,413.4291503628987
27510.390404367696,-135419.94519226742,-335.8363811226244
17753.260224195434,-747282.1646128235,-1117.8424667761772
17761.46715656392,-748736.9623753288,-1115.332076219071
17777.031341063554,-747070.3687926362,-1116.1946515809773
-3196.3269263964266,-981698.619048824,-1323.6507255156982
-33021.89887773755,-1755396.0542605396,-2218.255000529362
12713.45664092804,297474.51759470673,338.9096091406358
2508.6749955142454,-519644.111336556,-724.8007885776397
-12784.178201254403,-1056944.0357419455,-1377.8405027636752
-23024.691901068472,2618257.9304439197,3723.991430963324
-40657.56599654853,1264006.9053719726,1956.397670341987
-35277.78896497373,927292.4819335486,1467.0281046004186
-3217.1951483184675,1472739.600124371,2038.420993203139
187.50738172120307,1036284.4307428071,1422.5882217611377
533.2459775309842,1158642.9674766574,1587.8032788624164
-6689.394066698615,750290.7405163324,1075.8594357809773
-6665.265245491924,751341.4235476641,1074.484433742297
40547.21184659334,-326431.1857339109,-661.7768823552773
15242.845058838875,424442.0083466391,503.45584876747836
-14266.812313554658,-696160.3218839109,-874.9062694057528
-34132.94219434035,-1990045.696111879,-2535.743166758604
-34127.827544408494,-1992421.2384825663,-2531.3502437858124
-34127.827544408494,-1992421.2384825663,-2531.3502437858124
-37268.4052459409,-79323.09748362105,93.60140632564656
-47724.954487033676,171716.4698513774,500.535196813787
-47669.98311280854,172765.86599027272,502.73214829927747
-47651.29090677057,170372.42286410162,505.8784765771109
-45859.9560227026,181869.54782611225,502.09747954757194
-11528.87639084032,1198651.683753091,1707.7357737018929
4257.35030879352,182902.85323398112,229.8212463357769
24295.914463572237,1228512.950936322,1546.8448457127593
-71847.86024631326,357879.6018652084,889.7102595464186
-43175.19193706019,577906.1132364551,1032.3154451356866
14379.170727554092,1735032.4544025657,2297.091293459574
45458.63622664699,1198812.1122079068,1393.906360701076
38374.460383316844,1510843.2067197622,1864.9100681468296
23377.786811123467,1506601.9906771204,1939.3603418512664
17172.029326678992,1002707.959582089,1281.984181844776
20614.781055632637,457200.0691146863,514.6300113044988
19575.081751680853,-271331.3695031665,-480.3146535891139
19529.91580164938,-273251.47936855716,-474.216157373516
24192.40787609885,-368882.3680058484,-636.4882943532516
24200.427498793146,-369507.4001901117,-636.373606118256
4774.445004696369,-2148642.06720635,-2964.591509554302
3223.9442988216147,-1770814.9392840506,-2440.6469470563748
-31731.23477408547,-734063.2982503247,-829.4716316675399
-34411.45639607901,-775997.8643504478,-876.744451706021
12643.791773079967,-1188250.9837057139,-1692.3492013309854
-30119.41036441967,-1090355.8623234804,-1323.1461410739719
-40604.42386021712,-1096897.8119142607,-1278.2909195633583
-32337.274286526124,-1406603.7804701396,-1747.785095610808
-26746.66616561079,-1341161.8922648104,-1693.6656887733614
-26680.005403545314,-1346371.1422091473,-1688.5402051463227
-32327.10997126933,-1377169.7886765518,-1713.5140634264121
-32325.00727771853,-1378316.658856391,-1711.6965286355096
-33528.871800894274,-135684.8092832557,6.58657965506648
-28328.41034284815,832182.4235475743,1296.9428572166553
-22584.126970280347,1643150.5015009402,2381.115421090582
-22581.236276746233,1677760.0088957006,2426.353333502246
-20183.16544384435,1253141.4372906014,1831.3375039733216
-33738.53321039161,222611.92825404892,493.7372725854527
-12085.881397322382,-607097.3602943972,-758.2857576341108
-6398.299022982407,-750892.1843917129,-990.0722744658696
-5545.401362784651,-737445.5968608414,-978.9576118570595
17079.78872697367,-545656.9477080326,-840.8164168712202
16829.12514866691,325399.48211000033,357.5719009080262
17095.57668584183,791625.0249982893,997.877165052691
-17188.399921578097,893402.6385250081,1320.7807664876646
-8627.819154729794,1365298.64539739,1922.4154935453867
-4772.500417286761,1340381.9321620557,1868.3328762139786
-4849.894197008192,1341570.3974367206,1865.5573133321216
-20821.585634914423,-85773.92079088409,5.189590728263912
-34879.33118504167,758131.213162502,1231.9740119936152
-33720.46809505828,984861.9446964768,1538.0450655315258
-86182.65272482787,-196313.19737900898,207.9445009187878
-52437.67147217584,-700432.8109683534,-672.379461800766
15381.732378696597,-599593.5318454182,-899.6670284387286
9271.93796275743,-561705.7983002678,-822.9905487884606
-13706.598309121315,1455038.4018369832,2072.5088289111522
-8435.735294032229,-579682.9642963905,-746.5614918424037
3985.063678906189,-526149.6663850473,-745.7422139535067
35520.02450773117,-184425.58054190234,-446.6156046636616
8241.843085682263,367236.16794723255,460.0405147205987
-2758.1614308284334,135310.7421786143,205.77385488601513
-14619.84896863574,-46182.84964572725,21.88332812292289
25503.414113814833,37396.16296998094,-87.26629559326157
8506.06715339936,-1251889.2625560043,-1756.6151076152323
25396.872058983034,-634690.8961310337,-1004.6544161739679
25872.614527300255,-629699.4110364495,-1001.0999561312909
-21260.31715386629,103328.55383410233,260.287067469885
-5865.216228884187,-855356.172487483,-1140.1366829695996
48373.99157226243,23942.051938515073,-233.63641554998833
13796.855165368515,-392925.5017216385,-614.5040661786815
13728.112582677706,-395592.72212988156,-610.5869201474853
6527.019156340315,-353885.97725755797,-520.70583453489
-7197.077476595876,-1694235.8686105437,-2274.5966205472623
-15400.048172308923,-2345098.9159755725,-3125.9234318177655
11976.750284955751,-3008742.178082614,-4181.356939473907
-6856.281655613207,-3026613.2339554895,-4107.31827978886
-12997.816658429656,-3326571.2302077427,-4482.39887649493
-13048.528631557558,-3329004.0212721503,-4486.849949567679
-12485.61282492291,-3243790.9580947757,-4371.142186263759
-13965.30575408489,-1553976.429345924,-2048.1702779832085
9761.454967817854,-1004788.9622831615,-1425.4908129569678
12754.387523446268,-367117.287751874,-580.4383212509001
12748.1613770018,-370417.13563317514,-579.2957806596503
-17693.697588901177,-726285.3924182237,-893.1364274452712
-16702.80217657775,-79374.734391536,-14.07812800634083
13238.710724164104,-542230.7698291722,-811.8539496689845
15746.591873850723,298831.2197612204,326.0274851995737
5529.270564104755,-647389.4335683524,-913.9246326289369
-17116.808781430063,786186.2506495148,1173.8438573782528
-17907.278764464736,1796631.700594602,2561.422562621196
-29699.91471542325,703032.3859472736,1126.8829310267772
30910.014878596212,804352.178552435,938.7369676636282
-21797.943953208905,195046.4652206094,393.11819314215063
-15410.134002295734,-520452.9069990455,-622.550212828474
-431.7972682568968,-1324737.7437292666,-1815.5327697927278
3888.826775696924,-1973780.4448476753,-2716.5846174530548
3896.92694001765,-1973852.9072678417,-2716.47865455151
6866.542709813822,-1649517.6011321954,-2291.2652663293607
29668.446143424248,-1470025.3170352783,-2170.698273120837
-35489.98783296968,-540885.524140755,-540.1208566821156
14864.980101025738,-792360.9301607334,-1161.5556110924858
19169.17410536776,-1317023.8866206568,-1907.0187689494521
22495.87517026768,-1344724.2013344523,-1963.3104708695323
53462.730577701,-840829.7868918162,-1441.498607886706
-15051.403763977241,-2015106.194165862,-2677.419577503312
-44061.75723144791,641430.9940888772,1125.920512583682
-15059.347842534598,3321819.9410210135,4643.49581111388
-35228.077660323266,1436312.3316066288,2163.983354155112
-64821.548830498825,1984064.5819295761,3083.8485898078084
-33396.88813630115,2439211.1077947593,3534.8668448393464
-38957.88962883298,1478493.7383949722,2240.0702660253596
8413.419097991238,1235286.8946537513,1646.496733025815
-464.19468921656784,98936.67089085875,140.80992308137766
13908.44513281905,397578.6483755507,470.1845637243649
-27140.270388037592,176181.3857690136,388.84797732444366
-27145.839807348813,176537.9823493755,390.08522408466337
-27138.570014051085,176800.84117669868,388.58960366549127
-28796.829547631718,123526.63931495366,327.955555111105
1800.2274303216884,1267845.401203053,1733.1356555203172
-40519.05295038795,493987.1372193814,899.6460097912167
-33296.372455434335,351818.6093408374,671.3293326545064
37941.50261583349,-693589.0492069491,-1154.081854047569
31316.778866394536,-646588.4644447754,-1046.8903738645708
25623.355441213083,-603054.3388211614,-963.1077890015002
17461.588193085157,-510785.3728709447,-790.4249326388757
7757.46166680882,-2682929.488153151,-3714.095440471618
39554.61949170471,-1852886.0961153482,-2754.558746628261
-10789.52421232123,-2527471.5611454085,-3400.161964962222
27295.035182566935,-1312506.7904166733,-1944.3063068057
19447.681325009147,-1392484.5857581215,-2006.784771242329
5486.488144151072,-701022.7081714015,-991.9305674455615
-13595.702355279906,-484688.3972151881,-585.5590604517917
8427.727040458523,387397.00814395037,488.3067879736338
-26545.016905474153,-63637.29981888845,60.58002570248283
-31321.97468058616,-334970.38206135615,-281.7720892111188
9826.287227124241,1304802.2838424346,1735.8661500787014
-26799.92319857829,1535494.6198839613,2252.3113009317085
-9053.119876978628,1824394.7906809899,2551.1886822275033
-8592.922750258505,1778394.3863271603,2484.113213588666
-20710.41219637064,237559.37913118504,440.23309578032325
-46472.21413470482,412929.6991513866,826.3915283717873
-46519.04426420941,416159.74433074775,826.9322028042891
-46510.68901096681,416269.5139115578,827.1928853477472
8144.997510677426,-589888.1984272051,-847.2333691814777
25016.834653107227,-460497.4562296272,-762.7247591253436
-42368.44708785591,1075941.7224495788,1708.0023020690248
23989.52341579555,55822.28987720491,-51.92719085060151
-6231.409146473266,455121.5675743592,660.3380242228267
-22661.67969445275,308283.32301594573,554.7627109564459
-25577.530517175772,385958.9107038493,673.7850696395783
32554.39802030344,623561.5878457343,680.4006664316975
1837.3846782365001,-373893.549384813,-517.775205585738
-17523.074411712903,1458605.4674213622,2096.756574100014
1073.6365669247834,86362.06311649329,115.12202055238072
3814.689566452514,32666.023576617907,26.26539866200406
3883.448592604345,33380.759117925394,28.592879931350357
-41665.751160623295,-92873.10389489033,107.0356765767354
-44186.84850481406,-120139.79772639305,83.42024331699524
-842.4803685630382,4865.227733824135,12.603986789398268
13331.367179434603,1075588.6527558565,1405.4923912393265
40077.148660866675,-607762.8121054106,-1056.615856425993
-40859.94151966815,1585447.5592889376,2403.7670836919656
-39597.17676180037,27281.880250867107,260.1779257221311
-27989.239569923986,-290131.6033817334,-245.12429432427126
-23170.449045583424,-188769.2113191467,-132.66871865446006
-14515.771834562633,-547785.5207486093,-663.5812835837786
-22324.837951476937,-2517005.217690996,-3323.259320353711
29296.39468909747,-1857858.3580837946,-2706.495271185118
39709.487264741416,-1045079.0640316382,-1649.7314461106168
21230.688072952013,-1320373.36681272,-1925.586635468815
8272.133953624563,-2564367.640252007,-3560.8007982548415
-380.5644846613007,-819308.5946768044,-1120.5117614162673
-14055.341320067835,17764.253513593085,101.06926663135947
812.3856487545189,67052.28870624598,93.13120207812872
-33250.02955715267,936173.694676421,1470.150597150212
7037.158641306369,1012318.2865658929,1354.0090313858807
23913.22611532613,1294963.6468852994,1650.087616005156
-21103.819891833613,-134317.963332515,-65.38378984802713
8025.1939396382195,1356376.9901819152,1821.6834824936518
-30996.403981500185,-839864.3014178579,-981.1628252109548
-30765.15831688064,-840103.4896288295,-975.0773924025092
-26368.696016735197,-515274.1831266549,-556.8033519866725
-7177.649544617959,-190557.75732979705,-214.93804173741677
-41257.77979787405,1364607.7530835306,2094.687933361972
-40357.57603693091,1858035.289468895,2775.5154772154674
-40715.16362529657,2012661.4469721671,2980.3644227802442
15432.18495120415,-62574.398380937295,-165.95107677379545
23452.407712866046,295392.8069439704,277.3873516202459
38024.84912514716,414891.01469090197,357.57494443628775
34220.57471287681,763723.8292906441,856.4847543508062
-12420.160061637287,875115.1778836589,1265.3855177277878
-4224.737127061154,1083119.1077824063,1510.3519814994445
2674.853299464051,966076.5217161136,1309.725266312026
-9653.382874590798,1107875.1156658602,1576.2875720903164
28414.33951788625,-1288825.29685289,-1918.867129230704
-19844.585774388284,-668101.1316694277,-804.8729683770691
5976.394743501785,-989564.7294153518,-1387.7215068440883
-51.386261662783966,-1058619.9957359417,-1450.5471695631088
6558.233026388491,-445150.9685850438,-643.1987361170549
1067.1029617703434,-314700.7841677664,-432.4003362429149
-38249.62316919155,-109662.57209169684,65.31444658649099
-22595.445956800962,-712599.1835248822,-850.1758548100753
-24678.964490860195,-735453.9406616506,-866.9440406286337
-24901.65025282301,-750327.0464383753,-891.3773710255151
2172.5312325949512,1089794.9009559983,1484.4801894151046
2247.4665148482036,1183158.598914215,1607.7807708156304
5648.062987131181,1395007.2809023329,1885.6456185185018
-30434.451401974587,1342386.0843079053,2009.1416413053335
-15045.864862997667,1063312.351687161,1543.8548270426952
-20455.018576270933,1639101.2298710984,2359.0265407087827
-28127.789117523236,1555937.0507140947,2294.043462809152
17828.62762955961,1403659.5976518616,1832.3872491020004
-8398.11017993553,1766103.51755388,2464.6512255788116
-16073.565642466148,1915007.0432758916,2713.3748958873853
-24590.30346042557,1354691.886456258,1992.370984425457
-24606.74192006908,1350191.5165503807,1991.0524162445245
22638.537464850342,2251009.5717811813,2961.2235527963508
21392.272313529545,1444240.1298975782,1865.700680250952
10907.327840544707,865546.5333507137,1130.83012279399
10938.297166886936,869402.9403126433,1130.0399245330482
10483.558152418182,1472790.0689270233,1955.9064963915307
10530.689336379291,1470542.9253174441,1958.7041393888017
-11546.104358778928,2015205.57661948,2830.5603448939028
12719.762880813152,3080029.444021089,4157.271233278206
-3639.607365034847,3124378.2485965067,4300.894206519308
-27750.772802518106,1867191.213809857,2712.309382720873
-21044.076022831276,269108.4665730837,486.2238108852366
13818.802810260515,-502265.44176573626,-755.3926167802898
-2343.322526469893,534736.4051067444,745.0075696588544
-5338.884686560646,13525.507155772375,55.261957961915584
-17462.216791241077,912046.8562728614,1346.096653899415
-17462.216791241077,912046.8562728614,1346.096653899415
-6008.734134305433,21958.586425197565,67.57074766274374
-36217.38397930371,-856081.6498831093,-969.3324750343786
-48945.70038480658,651967.7780019054,1166.578071371304
-10204.19124490828,684912.3704113652,995.147896802549
31612.480358375688,856738.717070061,1002.838009117469
28474.81691302853,-257493.61928605087,-499.90287023857104
31314.311715280794,-299774.795708482,-584.11117378161
38719.65797598711,-170515.7958599381,-440.54318287687283
-16671.669200763532,828116.3716034879,1224.3720838972945
-36626.246395820446,1914259.5630115464,2826.3404333766025
54303.208281169595,823820.0553344535,830.6036859703954
-340.1292972602448,-288553.6340502427,-386.98159707584944
-27430.058266333013,-736026.0102245818,-851.647820091042
18416.789732863992,-1041343.154593814,-1528.671433797323
-19434.54573181009,-1472906.1353130818,-1903.3785925642946
-23683.148359023533,-114471.49992478365,-24.552020743078167
-37371.06955036149,-901123.9763626568,-1025.496653808922
79410.3702466563,1270975.0795333728,1308.4481487687935
65378.36138814668,845319.2849641662,803.6583314546153
26281.569397931846,1244156.6453841717,1564.3092446176968
26306.506044443162,1244065.8069300044,1556.6608198502054
26284.35979475606,1244711.7162960274,1556.0239706755715
2428.2261212692974,3137156.5043572453,4292.601972483311
3519.0950799728835,3362625.285578647,4586.569126149085
10872.70107906546,3264208.004143461,4419.689075398599
-31231.47741424932,1630364.4011992586,2404.9366910755994
-40481.67006361966,1314356.0103303953,2024.257927189043
-27798.224398771243,1169326.1910602832,1752.7725029908295
43188.845717632146,405254.66830308025,319.2253042122017
32766.34292668247,1416656.418882074,1764.0588944739368
-18119.29105822147,457919.8269029477,732.2875728630951
-10824.03623241633,51810.69096482903,134.01669036712505
-1304.5401272594472,-166224.1347673345,-215.3316907019072
3224.1165856019143,99059.12835114342,119.04993088674803
1525.46521043029,890765.8978779858,1215.6785533488305
-782.1188456574675,703529.4043609707,971.6069956098638
-2427.8226140389997,623777.965483412,872.5208245990965
-10771.613991562655,556274.0678773486,826.5832573132978
7557.272160394158,956733.3114387422,1272.5155501330405
-841.5867677828643,633978.5638335145,877.9671356005948
809.488241902133,157623.1900334297,215.52223560760396
78268.17913530479,-123465.99199996858,-598.2752625753425
-17272.884463103906,2214133.571486585,3127.724979352812
20120.14296355589,-108254.28457275868,-251.5549618366945
-14186.538646748837,212861.90890428063,375.9601380051541
-14188.049416010936,206288.04350109314,373.364201097141
-14174.593176023922,209835.06588721622,371.7963805086854
-8259.873534374583,289143.7084567388,441.0861827114522
-8259.873534374583,289143.7084567388,441.0861827114522
1109.7977898923957,-1450568.408300243,-1987.2575889770103
1109.7977898923957,-1450568.408300243,-1987.2575889770103
10252.749088859598,-1281530.3467974153,-1806.0466364065026
458.7280809668513,-292932.0892431927,-405.69955298867774
-18267.249641588674,409200.29716060916,666.0034670446491
-5654.7142682322365,-3641.1506050845383,29.019936393930212
-50096.5372460114,1901914.931223678,2884.125568928845
-57601.38377590944,925042.8154928439,1588.6333152449395
-10192.862836683511,3141213.6718298565,4366.225241711259
-7757.907788409458,2456644.1647834894,3414.7085213426735
-7932.291544852339,2205928.4165020487,3069.103844826057
-6811.827793896459,2149009.912700919,2981.6964054633363
-27078.000492422732,1214267.0811878426,1815.0899257424117
3189.11324172386,619565.1938950744,834.9349863041963
-36848.79487911461,-224741.26875204104,-103.75720549722888
-17988.039094969165,726016.246243715,1095.316321048121
21080.8046363901,899615.2274787505,1116.9149239247952
-44748.404043710514,-651511.5910584893,-638.2614337905352
-44211.41165335279,-644951.3082156386,-641.4135916970862
34822.88560500072,82180.4754793237,-78.57203597775373
-5833.43634412915,800325.220980364,1129.4657938270816
5328.401367399337,1119641.9609307921,1509.3541053512047
2074.7845697937496,518525.10653740476,700.3132458271507
5564.614537119174,202430.10707450044,254.09054710270857
-23970.18503714312,-2200456.9123726836,-2879.261436196761
37162.02874829627,-2354428.4004126815,-3427.941236777547
37162.02874829627,-2354428.4004126815,-3427.941236777547
45416.05518997648,-1832631.4408071237,-2760.2179513995025
7865.722682413393,-2442871.8261140324,-3390.24879245253
-14538.032241264706,-1794606.4536220855,-2374.9253620700556
-35410.32364145837,-1694754.743974971,-2124.186478494792
-37555.87294623725,-1785057.000456831,-2231.96938633982
-80793.14916117222,-422051.08176734357,-136.0413548742282
-66827.17015557332,-375259.8674616965,-139.98257349965306
-52906.27008693072,1252292.364484091,2005.738264224188
-36342.77117102767,1658768.705225318,2475.2149610516176
-66842.44435316767,622187.6142162571,1221.4436501579391
-67387.47332840157,614993.8550337034,1213.6900432913756
-51813.371817024126,734994.3025419916,1296.9540682300485
-51864.89301256228,735662.9897266375,1294.7545446122313
-51861.63854308885,735916.6834055345,1294.275731035891
9406.004502085809,214936.55434649566,248.46026933256024
-15580.275286567705,136992.4172439568,276.2667054614043
8162.635091212846,226787.1280113352,265.68001003288003
10368.975798279806,-250522.3422431377,-400.4135414269458
10364.463318550293,-249538.1569860086,-400.13639667297326
17772.44260367622,-1098856.1337893424,-1599.8651409288832
9366.638269455367,-184362.010626579,-298.5517546024459
-13585.408946494023,-289332.81137656554,-321.0827103656736
-15338.141134537847,-296527.25578411575,-318.5790393597677
21491.005784555095,201243.26468914805,159.41327832174565
-15087.620294032951,187866.15057200618,342.05299269851315
2828.6052521740385,312648.5603741494,414.23964611884475
-19680.380192908822,1345004.0096916454,1955.6757687700099
-24655.544999245692,323516.85521811154,579.2013012015765
-5998.322518869729,-1234383.3783990056,-1656.6795382990247
21190.645752178367,-464988.18274596124,-748.8070868913808
23798.247681206998,-541709.1637410087,-868.2863638351043
19021.902435661475,-2689627.9714216935,-3783.5655105335627
16142.990970827414,-1618082.542777065,-2307.2407339931933
-8247.257693704527,-2907143.2048002575,-3930.121563285342
8890.505570989657,115309.32258718718,108.45131049524382
1436.4067604117151,283043.2832188702,378.3106394101021
1433.6641478434137,283054.74707996607,380.29321920036796
1429.3768677612693,283843.46729040553,376.9998918221198
1397.155220445276,278280.1249663912,384.0713451773883
1367.5602137569413,279313.8852792091,383.4038744160395
1367.0923650201987,279571.8821561171,384.50681891539074
6572.090321866799,825820.3402445291,1097.1017424044967
8968.91159830742,-373054.89564724633,-559.1371646624115
9792.771004436714,540932.0227300129,693.390012888459
9797.62034232607,540080.5517246653,695.0350818258881
14141.872474421378,436426.4019135789,525.8529648846776
7927.629206958449,-28578.58823907139,-76.84088365799813
9591.219937857757,296100.57417355047,356.294465459099
27210.174604160366,-937751.2983331525,-1426.9811255007896
26146.05269180678,-907923.8708581399,-1383.9374929128085
26178.872649859084,-909411.9581832659,-1382.798777256551
27856.674067982254,-2660256.6215498615,-3790.6752363733503
37738.526994213535,-399563.21437406336,-754.7560891591153
37790.4918043272,-399218.15941459284,-748.2796880984182
11274.550499637704,1008244.7043201525,1327.7810613447855
6089.807900923747,951454.648337527,1276.4303624993186
-7890.356645703631,482029.1284188086,704.755604441966
-19477.07917502465,500348.337706021,801.7932601532822
-23265.627393958395,57970.91536182554,207.38804326906487
-31311.380610745156,48856.971387039666,241.83759181492047
19169.389615005963,-1385065.3539962354,-2001.2807701011357
2973.7465807799076,-1068226.5191486927,-1478.7748684045007
33605.85083291276,-92520.69326812585,-304.35377402211236
33134.28366500312,-81307.6454418329,-281.4400216290111
-17162.706375266094,415979.328870214,667.305307087174
-1642.0437289972435,1390293.0733082327,1917.3416959745934
72072.78273869868,-153127.83589704413,-599.9573774529204
47447.957701817504,588942.1362565125,542.2475577808002
-4719.7203618363155,-750392.99347086,-1001.1454451678577
-31719.949941852683,-1552519.843469024,-1949.3611556216197
-60650.17374214257,-2952871.713163325,-3706.917260722532
-59190.66588912644,-2840269.8296765103,-3565.22286025223
-16866.179320559422,-1162584.7772121634,-1497.8590646695725
-17695.192410019274,-1139892.492848304,-1460.7258769798034
25538.4335959669,-388288.4556051992,-668.2172002539515
35895.67415970375,-457448.2692031253,-820.5984080039867
26423.317626338776,-626301.3882417813,-1003.8194337433325
18952.11296231416,587368.6232778092,709.5364953382953
27928.148905757247,-759402.2109001488,-1192.5119654657904
4397.9943800080555,-1852000.2949514592,-2557.0111969827167
18974.688656878196,-602230.6994652209,-921.6455859571396
7090.803526943647,-1309883.3006724322,-1831.9772399859464
3537.7728029937034,-1863670.902365612,-2576.871134870192
3569.2702608767163,-1866984.9359356475,-2567.477905638939
3562.5075249151246,-1864567.5291151912,-2569.468892315071
6391.823513588812,-2551120.501669665,-3525.8786587357235
6365.433124998265,-2549534.198383875,-3526.42661004368
-2034.6683647984287,-3028120.3406819007,-4133.313797415006
-19606.85598399169,-2151983.3908771947,-2836.5853780179827
24853.04275029587,-1550656.700645173,-2255.9417904103952
8616.584308637604,-1522300.2170159002,-2130.2933190684153
-63088.634559869155,-903596.5699872952,-886.2791754714344
-4180.507873904603,-324855.0146596967,-420.58384850703686
-28201.32822699441,-1570039.1882512968,-1996.221156181445
-28316.635805199177,-1625509.787511205,-2068.601491556362
-31920.614791646578,-1659236.6612333574,-2091.4026553879135
-45864.95541415843,-93354.03293062127,130.50567800145643
-31230.328141430517,538486.5237194498,909.8942539733081
-5093.900075006635,1264631.3791610883,1766.6726150498791
-42262.62153252102,988260.371484572,1587.4496882403025
-19620.138589104026,-255290.32776757574,-243.29820203040254
37369.60964988122,-659129.9357188691,-1108.3267245982297
37389.76866999686,-651643.7032453651,-1105.5327649372518
24381.875306655438,80531.24695345144,-13.222873248779559
-1975.4336796031585,807979.278287173,1123.395372203006
13997.003429643806,1098129.956887474,1433.7552575292723
-54741.46386071416,2485546.760994966,3707.305665515328
-29842.50860160589,-334857.9038218503,-294.9024283845447
-19286.855296511036,248653.19956869626,445.7646154090465
-48324.16106231318,-340765.1109437152,-202.299514443369
-52908.53321827454,-379375.78174550884,-228.77844632553322
-48236.290448826476,738413.942616232,1277.568799010993
-28951.242899395733,1195549.593131451,1799.3426267572293
35874.124219059406,774067.150893105,867.6913044722625
-21681.543226615973,959400.9765501149,1430.3644027267333
6218.540958685826,610566.1125272309,809.6417091169561
6938.00173243688,296783.3909675043,370.0321913723208
2449.3423793777997,-1160678.8167913277,-1602.0398537732558
-10594.036219177899,-89631.42454448245,-62.46737024276338
-8815.174846541306,808642.364349932,1160.6943016687333
11158.950661186329,816531.2058740525,1059.0973697361649
-13502.684942819142,1396566.3704154165,1993.810497411244
-1324.0100648866714,1595306.4295617493,2188.304762084191
-1342.614084602368,1590364.955850956,2197.8628121157253
-1328.2650334927835,1592554.8142422987,2193.7387959402354
-1552.5664343545673,919918.4813771807,1271.5918218836546
-13084.107665555555,-1239955.3769309153,-1624.9691807619774
-13078.217743278858,-1240448.1745022272,-1619.5326345488818
-1042.1675010711376,-602327.9040442727,-811.1977692456155
2296.678381854148,780535.9092489863,1068.1562462715824
10648.239421546585,885140.2354268839,1156.1119189784506
7602.406508037348,874956.2323619766,1163.3961638826502
2258.0642158727696,1531299.3017461265,2092.5599772617875
10551.530116560943,865840.0448514486,1127.6168571052945
10597.299799653414,863169.7673234736,1131.6993769544163
21979.091613679717,1047553.818695238,1320.8127965385634
-8419.62951042826,-1463338.4297802777,-1953.988889782014
-2816.0835042552885,-1352986.071271579,-1828.962423624736
20810.690929453063,-697743.8242604051,-1063.870424299091
11078.133678461007,-1528168.0320456547,-2149.2295060161414
11724.45158741811,-351166.5194218689,-542.3845923167619
-27412.49289187726,-808289.4930799372,-952.393600720973
14047.983041095555,-455910.22703750007,-700.7153592836821
10868.246089181508,50108.3231869841,12.692589248900045
-10620.767103976934,-136371.20788972857,-121.54736779424978
22869.613746736097,-329429.4887942897,-577.1653574064261
-7575.798929985313,-122645.89825875148,-125.25719497135015
1207.6240850190513,784927.5305363346,1075.8922519060634
10193.91150300269,1250227.116668241,1664.0853748687812
-12092.180743306442,1316331.5953163926,1874.2489447621936
19495.420682605094,1877432.6490254176,2466.3116807368483
22288.135730972852,1713719.4082990687,2227.8628498324015
-2073.9692674059474,2260060.805884794,3109.530676770246
-10506.958277138358,-1435906.4082621092,-1905.128479607259
-2461.390715948369,-476006.4131735254,-633.8133227261494
21761.77031504047,-228316.49388360727,-425.1390801938631
-44767.364471408175,818204.8568300549,1377.3504397916386
-29230.86318981514,488479.09105891566,824.1622790205829
-29179.250098504755,488458.5864705329,826.9300744427547
-48899.749367131706,1280727.2542731205,2027.037213975582
18982.906665326405,532171.1057671334,628.9696866129467
21634.516737798887,257938.7898045606,237.05196011014235
-18429.874381790938,426128.87360640895,686.9867825394855
7515.291006286777,498300.1062344465,646.0505627199936
4144.2763389664005,786921.8211539406,1057.777317766439
4124.572101958314,786124.2685014884,1058.385363096823
38103.898353947705,1062302.826987392,1250.795248216363
43412.89997420457,1755350.2597436218,2173.86200386291
47707.278230136086,1647303.3284299928,1994.0278063917794
2211.958309340333,941544.7343197684,1280.7118705285216
-9687.86172692113,1703832.0881545057,2391.113093381815
-24982.205536253707,1022271.5949679611,1541.1770541449755
-17796.672212748534,1213773.5552776533,1767.1403453361029
36406.96589040187,1559785.3864080547,1939.8132042915831
35081.526139234,1873323.3471952965,2376.1187343694
-26298.26605747731,1053109.0161368006,1592.066628650141
-61873.428395009534,380137.1338560624,866.1726417452388
22182.771590069286,-70916.48240093699,-216.94997208741242
2662.9991902926504,-261634.13663334207,-372.15868746876447
14131.576610618326,443907.6858466991,531.7562765019566
10219.889271835733,417227.00986743363,516.4165170861598
15378.048934057599,448953.544423727,530.3956748725341
12263.033819800086,1522112.6933754731,2018.3586434889135
34536.49734505335,720678.4683687264,802.7844521611257
3623.3909123000917,1229333.804019869,1669.8476684154282
3564.790648291707,1228332.9293761828,1664.270934648248
-5568.202363141075,39937.82868432594,90.69258603874498
19877.988563607687,-226701.14553729707,-415.0006769417342
46597.98715218306,954867.9430978674,1053.409836548912
-14360.261208426577,1546241.705934323,2199.5156777408306
-22379.580025847536,1412622.304305517,2060.527415652438
6210.658879734398,1247964.035112988,1680.8304231695781
4415.3613629570755,1538245.9177886702,2092.004291151541
4408.245570497855,1538206.9935433178,2089.971456109256
4378.903944008147,1542001.51117487,2088.3717094428825
-323.8933437806129,1753407.0604243262,2407.4676889096613
-23527.57907743291,1403148.8794702543,2055.162738762996
-6949.3322768400885,1497409.624121271,2092.3565497519558
-11575.08588427836,1669440.0353080507,2354.5193871182387
-13296.660202084748,1356154.5283082882,1935.280139235239
-13085.044275433775,1344153.0025131456,1921.5161925502482
-13142.838217307992,1385303.5926677536,1975.9629905356735
-13364.109318769752,1403499.2838007961,2000.7749537130583
-6779.164026570031,1013404.2606386952,1432.7907391806057
3799.2640451970187,777195.1692435761,1048.4576078681562
1711.9189320430937,728661.9636937537,990.463331443152
1707.3641178888688,729427.9734338509,990.443942446246
11221.144247615219,2219864.773428923,2983.8087289553346
24005.264087102147,1538630.615927964,1979.081705002875
20205.629716958872,1454403.886623735,1882.8132712498698
-10866.818611055178,1265108.5420288374,1798.3039594929976
-10590.712095173434,471951.2722053285,708.4474071257937
46369.17472009683,168875.05501315594,-20.338034519009007
49235.350170395424,1376294.0153889575,1620.2938462485097
55933.16226411614,-30652.928652938466,-343.3819230191805
-52552.75129722205,279675.037159204,673.7010176923649
-62119.27357719255,33867.291378301205,389.72385800114665
-27113.464646867844,-183223.75811273608,-96.74645198008274
-27095.160047745532,-180467.46752505042,-96.89062390944409
-25046.22449423068,269515.60301239154,512.5522351069854
-24389.611647626338,453811.2472628004,755.2315694689405
-4270.321862182387,1146486.1082525763,1604.259385290132
23097.558850243022,1672885.066375641,2174.497065546584
4055.5559710620705,2652142.574709993,3608.563827696451
-38802.45140979798,414623.80733110046,785.1363346812273
28343.093868238597,689090.0635295077,790.5120947067657
26862.770419106688,693448.1283117257,804.6296200984054
-27468.413074611162,1441267.2465681382,2134.212923523171
-1924.581858676518,-534837.7004255691,-717.5586629204814
22500.484300028926,-524767.5805411299,-834.7443868606447
-3424.3068609665,-992078.3191204135,-1338.1750015626883
6281.742472355642,-758281.968873422,-1069.5634384384298
19488.188094598278,-247316.51047210454,-446.15318093268115
-11090.923678623885,-319447.76793205936,-379.8011009576151
-13735.071263285858,-314715.1078824976,-354.30688926348967
-13948.04029129721,-515635.63172249414,-624.2380350853442
-4510.401007699975,-215374.79402201006,-269.5887885159455
8445.253232680554,141840.42934851893,148.85419437233656
58471.60266849771,-556633.2641290119,-1078.9898443215973
50493.285785038854,-352359.72572381893,-757.1700939457049
48424.0390051389,-877748.6535217222,-1468.6866743822002
32059.860133648057,-417268.2004214866,-746.9238421403475
27570.302975857663,-478392.7321502558,-807.9071015324888
11458.470204961008,-37214.52478051565,-105.9727776640527
12281.406486920034,-151709.1327522942,-276.3522766122531
36222.53800215579,-12517.5502363087,-210.44491247036234
-25832.88233228224,454353.1823500054,771.950151991611
19183.524592450267,759756.3359610536,939.2810475799022
-2811.0998397663893,1309186.5232130017,1811.6460604652036
-8618.709155656506,2060942.8130373615,2872.517826481037
-19700.02588442358,783359.9193121702,1183.0298432015634
33178.038317772196,433168.18572312355,408.295264862112
-36892.22074538426,823843.9044071322,1334.8340567137775
-32997.367203127826,19225.63419890949,208.21703831823308
12217.455923091797,901674.5422680452,1172.5389146284817
-13259.907974539188,1604576.348511925,2278.6406586154726
11937.879048859457,-71939.23209600475,-157.03439182985286
15785.977072694752,-789.045441355631,-80.50545931214535
15730.72141619514,2163.5712461481444,-84.32770385298346
-17626.500781775605,-541080.5543118229,-639.0291053645844
2625.221948240756,-836271.0184258744,-1159.3562328079115
14377.712784941474,-439828.3297415362,-679.3265365508121
28177.560400946182,963354.0822378786,1170.34943456987
47674.56181561791,1492853.049070274,1786.009432475978
17687.866231609572,311759.9175460769,334.15227090821696
9237.203409594802,2797332.116711868,3787.46228758672
9347.085562081564,2799605.1717402516,3785.188924683156
22801.121496314106,1635015.4363878684,2118.515085479064
16392.65804924787,1309600.4455207067,1701.4545753374032
20027.818858321356,1317736.5687763798,1698.069821559988
22499.61140717774,-403325.63202911953,-672.1230559682543
22503.247016520167,-403727.47423682513,-674.7510869455659
21080.87084139654,-2312739.195584393,-3280.2195514873456
46318.44986086907,-1776210.5806352221,-2688.8102106557058
37478.01416587809,-1759536.8546762613,-2616.1075895858203
-23615.029415692345,107215.3898481765,276.57456643080917
-51392.69496091088,672520.6279295495,1207.8900749655431
-39360.88524065517,-364269.6339027392,-275.7447629566953
-30747.324718921944,-695172.4786101356,-784.3741683167001
-22302.26427331007,-927554.4363285069,-1144.4921673979582
-790.5397843204812,-339557.6301642204,-458.1007247398365
-771.1842562054387,-337756.5339510699,-455.0672275510953
-403.86399631770314,-271828.29277725413,-369.67821633946716
-3182.8921836629393,1075348.4390739745,1492.9040641458482
-17107.045061847162,1374994.710463427,1978.9171165574855
15928.411087155519,780199.7770837531,986.249988061789
1227.2720511127072,570879.0000823312,777.110919751779
-24251.718351974392,172686.64087613003,369.2002285521865
-24182.66905313996,174253.4792221699,369.98270776031364
-24669.063368268038,153166.3630135997,347.5592313621759
-19119.796032915103,333621.87811661104,562.5968208773081
2972.1355266139935,1225984.1533531477,1662.8721315015418
-14341.145726487226,432906.6244737877,673.2907615423456
-24016.64373164084,-1264109.6110177673,-1595.3822519981504
-16692.092808128382,-1075460.348678775,-1378.8311372393619
13295.93260063987,-1833149.8759671713,-2582.4111604861973
11494.31440220699,-2012746.8871279238,-2817.9159452866106
-3986.9521900917744,-1705885.429981075,-2311.4031214309157
-20247.553119085183,-664035.5586897144,-789.8163580119842
27380.476579600345,-196136.18250924532,-420.4037743052539
1303.8985133761691,1726505.2430297788,2357.213489077447
2613.231528904623,1908728.1982015523,2601.9115192933323
10470.561650349708,1667066.093557768,2233.8086310239796
30062.047951563847,1323422.5283976325,1656.815713497926
8090.677938206682,1727500.385903282,2317.7022475106805
-12420.45043299611,1752424.2561877854,2475.15606267807
43538.017441695985,1142213.4951888206,1326.5743215530656
9395.796449044135,1681605.5381333304,2258.8156726885713
55156.976805799226,2618375.204942484,3284.991274635753
27242.224246175323,795818.7719164043,939.3547467407694
50736.526929123975,545237.6264537952,472.8933743448159
50636.16127267358,544974.0791075475,470.23147390962396
60204.69673745325,366502.7553945079,170.3428439581784
60177.65691584373,367679.38050601946,172.3257051526606
56905.97703877527,633108.111692853,563.9678586525977
78439.59170274326,246426.62100594948,-95.69304572335628
78854.81837069716,248378.91335308086,-90.3686135035777
72860.65479433791,-897173.7276888404,-1630.4860523620462
53500.37737948582,-1189675.436264435,-1924.81370777168
62981.204824564345,-1299674.6336954879,-2120.258202804118
53869.663501708834,-1301853.5097550335,-2075.657138419549
21847.952197027378,-622165.9783642178,-965.0644240022225
5268.5717404871675,1343064.5209251957,1812.9409134201849
14671.85798664041,2136776.71075256,2850.3526144308726
4924.552295332212,974570.2051884329,1310.468948297771
17852.470159156714,1976263.0654182967,2614.2215824507784
-2828.209300253994,458320.82324058516,647.4072249473842
-7624.1310399122995,534661.8578460065,775.8123896971777
17144.828733846432,505633.108150175,601.4756590921252
7932.258697070252,93360.12033102525,86.33351434660203
5772.7332812832865,-23362.806883758516,-61.53837830672546
11747.232236960379,-42373.44203282336,-118.87314903591823
21799.836791689173,378110.1573294448,403.5670176240734
-27160.540257840443,525070.9817922509,869.355273725042
-22482.68348041638,-369408.440316501,-382.3156956976081
2064.6852785728456,272211.54352273117,367.89636963746955
-49686.27690753191,-1254944.6398747978,-1446.088806071664
-6883.6477524022885,-247109.67636768712,-296.98330115775406
-39784.6762643937,607869.6897366031,1055.42074996003
-29789.20797172962,43308.836144286404,223.98119868478076
-27531.37053455391,1395124.6046857773,2064.631745936873
-9007.22038373247,905987.5274213552,1292.4386741356184
-6144.90889792154,1010896.2622518115,1424.8686566668903
-2059.7748872712064,-902551.8039532546,-1217.784755508836
29785.634158286204,1408426.7582768537,1768.9272228431464
10441.876646620663,1796264.9897385887,2406.34344256525
-11577.396203308426,1847481.621769706,2598.069719051628
54262.403989460596,2409677.547890014,3006.182602451525
51299.37083516367,2379875.297552775,2980.835462111645
