Vibr. motor coupled_t_5,Vibr. motor free (Rad)_t_5,Vibr. motor free (Ax)_t_5
0.6895641873939435,1.88164378302357,8.155703964203273
6.500757676296285,-4.73249421215979,-18.18907832699256
1.3992134725819798,1.2670738842466727,1.454840216131096
-1.0759543005943875,-4.080764670622022,8.68782794502902
-1.0759543005943875,-4.080764670622022,8.68782794502902
3.3790143317778614,-1.6441315387195532,30.23996004015565
1.409845531596261,0.33042900805129327,10.485658783179623
3.174977260348175,0.4510914136357158,-6.396766070547358
8.191324629433474,7.01983986340044,-0.4069978288058076
8.191324629433474,7.01983986340044,-0.4069978288058076
-3.2607151609719915,-8.933020660978142,-3.2053929397710554
6.470019211537096,3.168145070563555,-18.72111270446367
5.127962284010743,1.6359525632045395,-5.416377173412638
1.7741706002649718,-6.321534880512433,-12.402493972481956
1.5058418889056988,2.741895910251804,-1.1234336613909193
-1.6460718494310413,4.941447626992081,29.394353418328627
-4.729198582687642,-2.8476724540346847,-20.760992947066164
3.028388036285233,-3.6229294412067357,-9.670251876387734
2.3488918968350374,-3.1195342778533965,7.15926101246065
1.9275117315675616,8.910711785171006,4.521240216154538
5.628996501122686,4.1978213054478735,6.358458669309431
2.026260110514825,2.8882624951956286,17.276085617855472
2.1863589604972726,-1.9455074295506458,-11.367477400812682
0.9808077136436191,-3.0077442471424387,-7.820231808630709
0.9808077136436191,-3.0077442471424387,-7.820231808630709
1.009521338368339,4.206864416120457,3.877263028615527
1.009521338368339,4.206864416120457,3.877263028615527
-1.1267992895351067,-2.4705789521673855,-7.219676863268951
1.3698004967079103,5.874857537324971,-3.895487971484366
3.9106398427256845,7.15991470350626,13.059073939497411
-2.0659194878062586,-5.022389682933881,-24.51466911425846
-0.4369062310885248,5.770250934959608,33.76548377644979
-0.6229733740395358,0.8365070270347488,-6.053613913977905
2.666779709794495,-1.9294826607512512,6.526517915217653
2.6780886756376012,4.269958341346358,4.173508134515247
-2.4164579588333845,0.2226851614092613,-19.74864633018609
0.5386109691360934,2.8374271362701786,23.138908429841752
-0.349401805298303,4.257169486571185,21.446749559205653
3.4832884452754365,-1.9758627382388463,-10.006249231405265
-0.30782343010315616,0.557428669274945,18.471621291820313
-3.895902778297976,2.20705677386808,-2.7343723667651716
-1.4283266424284453,-2.0859632642614807,6.689616490896643
-3.1232157161126586,2.385150052362356,-3.979109966592393
-3.486995854802812,-4.670380929216996,6.8481546628238785
3.2610243252482554,-1.0318954763039694,-24.152680940481456
-3.6490173446300096,5.585065883468715,12.575654827512299
4.495481692745946,-1.835025604958794,-26.57322262189288
-0.9661398692766845,-1.105119493765034,-12.817199217424996
8.318702187768046,8.591548098854634,32.771136016568896
7.6911836127286195,-0.375577094153126,-15.412470457345858
-1.4542976378130694,3.347076831622687,14.422996806261015
0.6177594995908597,2.3908890037784203,14.80366152459386
-3.8843701107417647,2.6724595136147844,15.262437147371305
-3.8843701107417647,2.6724595136147844,15.262437147371305
-4.591762879145476,-6.158718855642689,-20.422537620720547
-4.591762879145476,-6.158718855642689,-20.422537620720547
5.644883589777024,5.335504830015056,36.151112741744456
-5.107145702558952,-8.621583591106656,-4.3686403631036175
7.234535235513482,4.631783614594453,-17.442366625655406
7.234535235513482,4.631783614594453,-17.442366625655406
0.10760620181805702,-0.9199202453678241,26.322068473982757
0.13014381782229958,-0.838965710649018,23.360728912931304
2.089537167377322,2.127857578983966,-34.35457209397433
3.796936263606347,-1.8431880995017047,-21.019822522034325
5.740052222058585,-0.1818209103677324,-6.129462146037003
5.740052222058585,-0.1818209103677324,-6.129462146037003
5.384496749728919,-2.121356091996394,1.542393278364755
5.384496749728919,-2.121356091996394,1.542393278364755
-4.504354590018266,1.7980349330481842,0.6299683066193422
-4.504354590018266,1.7980349330481842,0.6299683066193422
2.783675769999278,-4.446671727884912,2.5022987015649463
-2.807054854101526,-0.7941521934070432,18.13594967488261
2.1856539677713425,3.384144264496613,-5.47009647255312
2.1856539677713425,3.384144264496613,-5.47009647255312
6.2611785284390855,-2.201745183462344,-5.284927775024688
8.006264572826831,-3.310202326501418,-12.797401738763334
-5.304892659810427,1.1681502121056377,23.409265630576485
3.3809778348103157,0.2563025493545461,-9.296204119240093
1.09085380028483,4.8002744103502195,-11.306731469638965
2.868543389460557,3.738409336906974,24.87800418617827
-0.8781932289078882,-5.810578648327752,-1.0436846094381025
-1.6330533519365988,-4.095633689786364,-21.222124153387835
-0.9035065973029367,-9.566345505929952,-13.198939105937415
5.4990900356916566,-2.786017832572419,-2.7662353802819766
1.4602341380598256,0.6295841795719084,-10.230083273301654
1.4602341380598256,0.6295841795719084,-10.230083273301654
-0.8999688805906848,-2.291903721136807,4.52670044169723
-0.9740236202209702,3.7547500465495594,11.15070628612618
1.8617045244937895,5.881234467418679,15.993135619353419
5.010415692955201,-1.5126465267506592,-5.766629802142038
0.719901809284794,-4.676085161738343,-34.1846767140586
0.9962362781817291,-0.39890929229683536,10.383740596555793
-2.628147196596179,2.006365166065541,-4.80229522738604
-2.5183331062379346,-0.45396220964232104,-5.018130748171923
8.658446554737676,-0.8385462162595392,-19.32646114012993
-0.23404748616391924,-2.9596531277463045,6.2742896378542525
3.8466183564337166,1.071633715740706,18.578674136190568
2.455214925648046,0.43252697786760397,-14.586367145155291
2.455214925648046,0.43252697786760397,-14.586367145155291
4.462898888978916,-0.2802696850041604,-6.472779400429008
1.95522450575405,-6.694606685476232,-10.282669035494596
3.0476229222908096,-1.8634374161988223,-28.081928904641078
3.6264293215405776,0.23516489434056287,14.9271858993319
-3.851751117248526,3.130976744115492,2.444752720285475
-3.851751117248526,3.130976744115492,2.444752720285475
2.3958792106208886,-1.0989447539586967,17.392957906587505
-1.3081537375390124,-0.7997484429073234,-10.843524551767644
6.692531185324292,-1.0796161186450346,1.5481131422126282
-1.5496218512903428,3.214366174029786,6.616735867644477
-2.2816094197273196,-2.4707290913680753,8.015779541855522
9.398315914652397,4.544502979597594,2.9218734977405703
1.6685509155736007,1.8006306648800763,14.726733666925522
1.6685509155736007,1.8006306648800763,14.726733666925522
1.2718717349845319,-4.183789979889307,-12.418394357019423
3.2668867253381624,-2.911096330989424,-6.66674390994796
-1.591935644863911,1.850900803408843,17.807697018116244
-2.046398875890039,1.1357499249053638,0.5858253600605554
4.0751755506137135,-0.789080663198811,0.3296367756336309
-4.217379544731391,-2.3495420721025857,0.6048819414263529
2.2763634138559006,3.198720751606201,2.2061962739348076
0.40671510327110605,1.0772520025925836,9.81063962752702
-3.0178349473693107,2.4717851657305143,6.901998729947417
-3.0178349473693107,2.4717851657305143,6.901998729947417
-1.437691061266976,4.611088231956059,0.4779099473697128
-1.4584449113506543,2.963245084642929,-3.2736104395031878
-2.273482087233469,-4.691510822097553,-1.0394326325327499
-3.000881091899676,-1.336343863151673,-15.736804724917778
4.106500999395573,-3.9992733767947417,2.964241386884069
0.2493701988118282,-3.8560215973818117,-7.237407054631582
1.4558295015819556,2.5508042292071975,21.419725192433077
4.097543372250044,14.104228037300864,12.696647682501363
2.9391191324612764,-6.213061926238112,19.415774470978675
1.287098211175444,-1.9666545241017959,-5.871349047266651
5.759373113472783,-4.0240051657951845,-14.291151673383416
-0.14248123715311278,-0.39736263270965844,-3.3760245546134797
-0.14248123715311278,-0.39736263270965844,-3.3760245546134797
0.516516049726341,3.0178626272870415,-1.1882892337972297
-0.4147922443386567,-0.5343731239183838,-0.3045954793325123
0.28472167524613934,6.236242250093675,20.605476486956107
5.534251389347631,2.5325707694799893,-4.45020228839725
8.088872061764276,-3.0452692022206973,-5.375043493563169
-1.7541704828103795,2.9005114588215504,0.5132511850175181
5.70189568456895,-0.3723512221577421,-14.80870040324771
-0.8921148057072754,4.06718868138134,1.6520898733653997
-5.244922671902232,-2.0398164678939037,13.50272259933573
1.5404636940774203,4.229756382616672,4.601769837620291
3.2087842376038624,-3.438224843365753,-26.091624765114314
-0.9684987774460254,-1.092511189366526,-1.733619358744671
2.4786781908898865,-1.6205604464253143,-8.073378338746082
1.6922582289072428,2.0094870710765846,-8.884478743140868
-0.2789907847599945,0.21965735157355404,17.863952723290463
-1.4368116907808424,-1.3709260699169477,20.99693910597817
0.19531771325632397,5.040884443440561,4.6291757598493115
2.6016173160354774,0.40481862220758846,10.968223549617964
1.8853479391625196,-0.6652469383641947,-21.641072130482076
0.03147189147594964,3.4513441412838017,35.91103359195839
-1.8521976474199822,3.8453435554179882,-1.496441085765344
10.546691005616843,-2.4148125405201792,5.448505845016635
-7.781567970280381,-0.736206898191927,10.97811695794353
-1.5149275355137952,0.07254957034719434,-3.978500944454705
-0.02889360228856308,2.827322546995725,17.86052703131172
0.7476182146095244,2.0435599703922502,26.889567430480604
3.5111876055741047,-4.769187706112078,-30.97125801486782
5.3998194682149165,-5.001866210521618,9.350640487818573
-1.1256319125298733,-3.4315552138179592,12.745667372217092
-5.401307857870367,-0.5545856572622778,1.9929322459656795
-7.420819991883887,0.0433344279874579,14.256822397951355
-4.428636990434887,0.9279326239223709,2.8312480822896084
-3.1321290202627585,1.7746034216241706,0.5700395706349073
7.283445197546607,1.3850004543092487,3.469651916030525
7.283445197546607,1.3850004543092487,3.469651916030525
7.93137053932884,6.215073430921746,-5.266128028824557
-6.774877131374486,-3.237989023218076,-5.455767586910504
-4.231347526012428,-2.316702347037367,9.060953001711265
-2.7697101341386072,-2.835968493410282,5.717021083108142
1.3386036422570426,0.16042489448278507,-12.514755573695215
4.0143279319849325,-2.685861967321365,-4.3550625653312744
-1.2298581594791829,-1.2925167195885001,-9.946821968214392
6.724264269447801,1.4026305623550193,2.663444339338627
-4.461453975022217,0.06760326190936805,-4.947681142172543
5.415258713648083,1.6982536325114335,2.17311632497469
-4.030879245860141,1.3942257124083626,-13.308221706792438
-2.956960678955169,1.5560752779730074,-13.590188019631816
3.5492567480060764,2.433895394195654,1.8721654942877777
4.024472325946757,-1.722414439013233,-0.9387075458346934
-4.108391036591595,2.09046182715668,5.0285835889095605
-4.983282041422623,1.2104919565855892,2.0271704145620055
-2.5796473032009315,1.0362894064979515,1.8726370366935732
3.9492311416627803,4.9625071108800665,-31.651181662373794
-0.07343579558355451,-2.8288316617501783,3.6945353423099263
-0.07343579558355451,-2.8288316617501783,3.6945353423099263
0.06562345843884435,7.140688453239171,4.651053773646416
2.404169054964391,5.584184111366575,16.113710936945843
0.7373376650754182,5.255688233475851,10.100618543845204
0.984028221433892,-1.5018115901537312,-25.646798655396793
0.6885700942042194,-0.31513499424508495,6.132169585262821
-4.06168968343534,-4.573956312165536,-19.819157187895115
3.736017209549956,2.131780518507256,6.202692116346207
-1.654493981492525,-1.020822621855638,-4.41219772014923
-2.0411125884900576,-0.34756805045152717,4.177356323978362
0.42412563533834335,0.3825113545811156,9.915108752538522
2.6598812872635484,-2.5231274034304954,7.012773341758297
5.379679751296381,-2.3719902530391113,-2.4287226683956717
0.7853275241033648,-0.2334590181458185,37.8923351169799
3.7529684287320313,3.2940343029750436,10.612054955264334
1.442045177915134,-2.4659244569288923,-18.09120827943643
4.430221134392919,-0.16937754750530276,-8.914698106575866
4.857636794796599,-1.6958446387074966,0.8344347917729831
4.358747207625832,5.003473117832559,-0.6910187399535577
3.4008736340074224,0.8214678815272265,-5.6616712043410455
-1.379141630666581,-2.2458842393563554,-5.0871013504775755
-1.7052368706121563,4.395539300195831,17.363383528555666
-0.9392643778370686,8.067983563923022,18.086759079615334
5.041115504752801,-4.315207227187116,-1.5507647509479572
-1.578590614450377,1.4994093502701347,15.142223060135892
-1.578590614450377,1.4994093502701347,15.142223060135892
3.3556294856163262,-2.6259882526710725,-2.6801825552140377
3.84376083795063,-2.858968305244407,9.688629121117106
-1.0899967295171362,-0.5512546266133631,10.954536245219343
2.2194432846269256,5.090800907335191,18.620911201772575
-2.6298619116109387,3.3843036232425234,13.910223870487211
-0.5369339338238648,0.23943682515363895,-0.8334481087660137
1.5795913832502655,3.594981004642123,24.91848749529059
-2.9813578009051227,4.224582984310926,15.348894708802675
1.010885193284638,1.0293519133668223,-21.94382537916314
0.09687248227920897,2.2149572375173143,-22.98207385609518
0.7969095860321667,3.5123809244097792,-0.49637655641024736
-0.10703351534105687,-4.946407959192801,5.170375146351251
-0.7188123528535897,5.032805317305376,-14.673789584688144
-0.4265041159708707,-2.5058338163448806,18.949839445453208
-7.420807647401327,3.6747509561438862,21.59620723231715
-7.329087695084414,-0.5045339935415187,25.275866893100822
-0.9608775087842121,1.8584286968426602,-3.5193459828733094
-0.9608775087842121,1.8584286968426602,-3.5193459828733094
3.161707256391285,-0.8773805351799673,-32.17898870211499
3.611589494313655,2.4991661324488215,-4.860812960844651
-0.891258221040951,2.55168319000643,25.029275685955348
-1.6902759327557773,-3.728526980824492,-24.404038710925942
4.023430152670102,-2.7104721625895527,-9.517859546354595
-2.177661770910233,-4.0313805745666,-20.12917287145453
5.033051367911326,3.4318602870394868,15.947352782090594
-6.254043753952437,-1.6130790675273567,-10.526407903564078
-5.9738475478214275,-2.634967543729137,1.2046542018989737
9.796264948939797,3.754591857263394,-21.64106522244302
2.599750563305002,-0.5565478478844597,-21.343005796253617
2.3291269750472945,-2.11734640481444,7.7818610565356465
0.6848018446660591,-0.7016581312476431,11.258207442086857
-0.3378547881335403,-2.281524268720842,-0.16954585669832944
-1.3190836608551608,1.8141895238763848,-2.8102720676621615
0.12980912769010788,1.961112896947024,-7.887511748925722
-1.3952199748479754,-1.7526704604750736,-9.961738152848191
-2.228618133020686,1.9005696145575266,9.09442144025198
-3.1004088781640213,0.3324388858873988,0.49847587723103715
-7.595792558647148,8.857278256794542,28.65867905035526
-0.9401082396991933,6.602169642049976,21.055840880478186
1.451791689736386,-3.120294557669033,1.777437632062246
-0.9026876964789323,3.593290780539876,35.093096541228896
-0.9944732766634744,-0.3907769972804479,-24.605209310508418
-2.179671468664536,1.0081192699708876,30.63862056411561
5.114930249208079,0.06605309830293393,-18.69343152665964
7.46217684517725,2.8784186962950478,13.949851529239087
2.22647479311543,-2.58725188418883,-30.37614872706777
4.0019073238330805,-1.8413161713502442,-3.8242886841659245
-0.5212694690103037,0.30959510968001247,1.0808919880257926
-0.9333610210536267,2.201252734296039,-17.376061837234296
1.9711562986487379,2.4905746185949216,-10.987321427429535
5.142117756234374,1.0434353506896412,-5.543959275808407
3.0294835969289324,3.3225764998961935,14.29879920128313
-0.8145464522294121,-4.6382532905712655,-4.803309621484672
3.8475529157248927,3.6873532751166618,8.777116637204921
-0.36259231083480725,-4.407432274435912,-16.010304714012047
2.752566380285823,-8.326191967775744,-6.718503058265387
6.654520782934402,-2.297866426764891,-4.951723441781747
0.6339233870083998,-0.25793258216133985,-14.269455600779313
6.3785345375354945,4.080193008293514,-27.18943773515477
0.2111731441560245,-1.012543375263811,23.90132832476601
1.7649684862307715,1.997215167052643,-18.476123290199446
0.5293690697633173,-4.941380244244122,0.589291568753278
2.5927989911637224,0.3658339838037872,26.6273531001896
3.371672129304721,-0.8809995024251611,-38.95198994380006
1.341865434249502,-2.7482033612773007,11.329868556265884
2.0839742054374453,0.17217852862357463,-5.200980265348903
-1.7192692849123605,2.515966778290351,15.621448765631675
3.7240832221234466,-1.972297311310296,-12.925692562414776
1.1226431890826052,2.3369478802002503,11.242533983911747
2.81722117869962,1.2130018375846743,11.628391462388988
2.81722117869962,1.2130018375846743,11.628391462388988
-0.5229118591910721,1.3813799322122104,6.5440877793487715
3.464234317489896,4.409862322715542,7.437339288877162
3.420981885231876,-2.9483709934784557,-11.369770108869428
2.5568961903925067,4.4024187824488425,9.236109082387893
2.5568961903925067,4.4024187824488425,9.236109082387893
1.7581535539730617,2.242066281853423,10.24739501940496
-0.9758878793577559,1.3195739064964702,2.5833130402432722
6.453168619793935,2.417008759160254,1.326390468896804
-0.42356686071746097,1.141393474806149,11.9261583654375
-2.658408576600223,-4.043998441114235,-4.916004881959948
2.2250642034015318,6.656076084464146,11.610503012182994
2.2250642034015318,6.656076084464146,11.610503012182994
1.4805756091167295,0.014510601235989018,5.082063036785037
0.9798036732664563,-6.571236109250664,-6.9328096469283835
5.247025265419212,-3.5869084809351546,-15.651530887569697
4.112635993584954,-1.2498508269709072,-10.307697428668632
-4.793610079563713,-0.5197816998347391,-6.4408390719110304
-0.18782525716080034,-1.6499430951141916,-2.537992993889409
-5.195841182994954,-1.2151863450880283,-3.463778885860469
5.224401057841498,-2.179751963845737,-14.637453914753067
3.8265077637960516,-4.269733806211962,-21.680320641393802
-0.36609834724675516,0.4080695834980388,11.505874347585468
0.156787493285229,-1.9725943133253194,-18.355353769021303
-0.4429871933079662,-0.37212174266468456,-19.962928324176975
-0.21443836506325364,6.496732158684294,0.27427411632100274
-5.746975882655867,-1.4203880849728172,29.535354654046234
5.987965295351902,-0.1767138443226024,0.7492489901721306
5.987965295351902,-0.1767138443226024,0.7492489901721306
-2.6103862963803977,-3.7642910549777744,18.04900159905337
4.753904589920795,2.5716480526014402,-14.727269312564486
-2.1774886906660917,-6.321586959738079,-10.89602355496237
-2.130376827122058,-3.948332791262634,-12.588452097081309
3.6573465369696945,1.8304431639756844,1.7380958196042666
3.6573465369696945,1.8304431639756844,1.7380958196042666
5.770210175449538,-2.953243232918178,-19.999317821259254
5.770210175449538,-2.953243232918178,-19.999317821259254
2.1010187975189303,-3.3755078522021407,-13.059403376996318
-1.1329089475438243,0.19688911180652147,-10.611671223125919
3.518226815412308,2.999634482466677,24.513891249829932
-2.4439495510580733,4.6742880730842025,23.15881334731916
3.8852014950300924,0.374641495024989,-5.160900501973632
0.3727785466402045,-2.6358794486218216,-11.58037649050255
2.085318342518513,3.3609637482349224,5.599006781471533
-2.602047779444405,3.648058805572972,19.352279218709995
-0.09195771220279214,3.8964382753813096,-10.520609509174001
-0.16044593285836095,1.078645541862242,-10.150162006886074
1.2086694301895664,-0.2572171068292678,11.333682449193017
4.286018092174171,0.46976360170921583,-6.26206024046181
1.1641028456997524,-0.2035183380637111,11.192154424044979
-4.401469598001377,-0.923007259680616,12.946038139633092
-3.1998257483258374,7.785085390009091,14.723830759020387
-3.4783698408777157,3.335974159066173,21.234165361469273
-2.00462733024564,0.8873748653354463,25.57426654879768
-0.10487569914782169,-0.7940658682470314,18.08609241537026
1.412353126399273,-0.8331358035372745,-14.761277724001587
-0.04116000855320738,-6.915926747364576,-19.139566039001966
-0.4543113196742844,3.7389461007939104,3.733309343853991
1.6538429697513526,1.9813404498377623,15.712354610498808
2.4125777820163874,-5.391321237309479,-0.423874002082699
-0.2899920284577935,2.127510314515964,-12.650533221658913
4.301324873078254,-6.855247654500111,-10.670369292831628
3.495940629684876,9.106375047252778,9.7610702040391
-3.159917590412493,3.7820127743532383,14.700275472579612
-6.188468886486989,5.522183837759813,18.3806216919445
-4.082413501700387,3.116140300498435,14.679194703955314
1.0358009546768283,-0.4598972185603367,16.21850410768612
3.576890071461121,-5.517656973973455,-7.027709098614579
5.279354201072707,-9.399652794167618,-13.321031662309279
0.3334412754278464,-5.45472747491387,-33.90703525094698
2.1384976439867978,-3.164123227389437,-14.870029539580749
0.3281524704969909,-0.522827560396872,2.404173289205268
0.3281524704969909,-0.522827560396872,2.404173289205268
4.739274828876132,-1.091371319959237,-16.829783779761804
-1.1515870409453033,2.3349073027357834,22.78650857276778
2.9031949439696194,-5.254158589220112,-7.621858298459358
2.839284123558187,-5.527987372677565,13.870605368001463
-0.03491621704049086,2.39068093154399,34.98023573497791
-1.6350647390515218,2.135758663155193,34.30985221934982
5.181046362264181,-3.073598642821378,-33.686542467948804
-4.907080260196026,-3.274597408409048,17.37578052131738
-4.126555895242438,-5.210012267864258,7.465830615762368
-4.037905630050247,-0.6190368992249606,-28.753005681108238
4.94266848691018,6.686186797942803,-3.0066611758746475
-3.7005977897302618,-2.101846112662148,37.60847054270515
-1.363118426963898,-2.8864578967812364,27.27976777821772
8.28406525481535,2.5531674390707653,6.795994397216354
1.9128198877076166,1.9723089344587352,-9.897222907989125
3.0638787377058536,-3.6276109669465813,-8.470465215740072
-0.5693476099497639,0.2558309854556987,-2.150891118023935
-0.6795471816963725,-2.04862928151147,-8.39134354008919
-0.6795471816963725,-2.04862928151147,-8.39134354008919
5.130719429713592,-0.7673060239512783,2.5789391952309515
0.2120369781718079,3.6317333031106402,1.8906231337040058
5.99255561341566,-2.2753826966778767,-12.305199897601376
11.803096852057042,0.1397204551307647,12.544015538974882
6.507899932330356,0.47978335903927405,13.619868943970898
-9.632055414348205,0.8312675805819509,-12.284019171772265
4.181093811745855,-2.9535906891348325,-27.244590784941785
4.181093811745855,-2.9535906891348325,-27.244590784941785
-0.9657431217198114,-2.027078858912178,6.506628240094692
9.188374180511126,-6.769997684640886,-11.358296176383195
5.714678455178387,-6.109315356597323,-15.223639509934072
3.0165980313755067,-4.113982128189895,-13.651249258461927
-1.1417249908485432,3.0043960754564596,25.273059774285656
-1.9418377559069997,3.167088429114813,10.742931224109842
1.8469724345144258,-1.1061432514159426,3.235577122801763
1.4149030284467523,-0.5653238850447009,7.292273279353636
-1.7952438285139922,-4.792217525215892,11.900120543238167
-0.558181421473094,-0.4264096475083843,1.7669994528521507
-0.2656398343838863,-6.320716195797524,9.363739555646443
-3.259749394424026,0.6901909695238784,6.18604872394241
0.5445089377956447,2.6550281484791585,18.61810546284118
5.2665265529885374,-3.156665352544958,-21.86315819491542
1.041187417602309,-1.2078957824793835,7.447483574820414
-6.689799772683159,-2.974080017706552,-14.247189835432694
1.7829686029901115,1.3772975981168796,13.652463261190714
1.7829686029901115,1.3772975981168796,13.652463261190714
-2.4277220308499565,3.79211010399312,6.388951766451557
-3.8455761531833246,0.6629835806706905,2.8267003377103386
2.9686431489140173,5.260356106842966,-20.161414885792738
5.512425856405832,-3.055778916295921,9.522980968465742
1.986248521051441,1.6046492136637163,4.545955163053894
0.8433200652902272,3.762348059556131,21.45235438934683
2.9590275888794197,-1.377381557284881,-19.70313608586525
-0.7268423836527702,3.2122169555089557,27.067478551116565
3.60511543984797,-6.08102535729168,-16.40607017960314
-1.6321610022882138,1.3016867528231346,-0.5091195099792252
3.2658468256683117,1.8703649530134863,-18.771217736054666
-5.415181186103885,-1.2544548741879686,-21.331535517771187
4.981332651221976,-4.565453557811788,0.3888328028857089
-1.097242979924034,5.2231565675208556,-0.28375173885889327
3.3729707891130243,-4.2791589963270455,-21.624421055124355
-4.6430552785767585,0.5292102442630657,-20.579373775687046
-5.104067014839399,1.4674727302097474,-11.65665610502932
4.364849226700908,1.9088238398149582,5.238583959773177
3.12513171634141,3.690518074285742,16.606355585417386
3.12513171634141,3.690518074285742,16.606355585417386
4.456215693713087,2.652635129249604,13.06872199186029
2.095538794608876,0.6718616506848689,-5.056825026233806
-1.9209606889316522,0.9598987368025578,7.650135658610774
-2.544493295868025,1.3716359730705658,12.948924785217457
-1.5801275489814663,-1.675649219360095,-1.1511650252353434
2.870704077970629,-0.8593747650622541,-18.0496004272574
4.075092853239901,-1.602173581864571,-1.4608709300057177
1.6167144753097022,-2.8008472396904693,11.236152449187355
-1.1304232269115744,3.332381599569434,-5.142290600677015
-0.23418692303464717,-1.238871848215842,15.050820318876998
3.0406702101080496,3.9843678287797077,11.127705246999406
1.6365466948982688,-6.757580840224728,-5.285817417802026
0.5333971656988379,-5.379978881964188,-14.88500506485892
-2.122223566357291,6.5297405928791585,22.26646142499328
-4.173743420616935,-4.53444988206432,-3.394354010471446
-5.606352229248296,-6.807573932119203,-0.46010211280426017
-5.780681101072514,-2.6942796658398533,-1.9062008410828613
7.38236772920607,2.218235350702421,12.91023380496559
6.347971088082795,0.18619905274843918,0.09219990810496981
3.518690780977455,-2.686642243315798,-19.15012174408039
-2.7745254442789937,-2.354884822262435,1.4872973553111812
1.0608419836135614,1.9519743621995511,-3.953487440151992
6.437418799129114,-3.011891515517215,-10.466491028622086
-0.07503194623160425,-1.1002969156482498,-14.439507080784269
3.871773605052605,-4.96369139342784,-32.594132002825575
2.489983830011857,-9.357280898309815,-21.128239048188558
-0.4599522742741078,6.69195814439294,39.187717172881165
2.6935377583341693,-2.9373809178774604,-28.143777391265075
6.279643064350904,1.2162406346426229,7.64495643901941
4.3581693111154145,-7.518240344028297,-0.8762922026044091
5.267297017849286,5.748983345057531,-25.215036098834343
-3.769389248619434,-3.099285424961666,4.321068176318597
7.881773979437524,-0.5544315943441669,15.876113594877799
0.9856022798555015,-0.7098837825735065,6.79812059081312
-1.2756820398219875,3.4373272479945305,6.883539569789498
-0.12030270597579273,0.7610193476867875,5.755031608813834
0.16203648136739623,-0.03119824775889324,-2.1900426602674967
4.253293829261144,0.9035825675663471,0.5653738285384389
2.5585060281866587,-3.121559153506904,-22.431910884905715
1.0601778236780173,1.2970248381791434,17.532596645414987
1.0601778236780173,1.2970248381791434,17.532596645414987
-0.9942427747797185,-0.4952263869813416,-7.845160295835814
2.0685188324358292,2.0091772083827486,7.146199565614799
-0.25283894565306,1.6704662338437504,4.824401780993901
-0.7405505179230372,4.082039412276914,5.954381792686586
6.449011260645256,-2.580280905206503,-7.7332301869178055
-1.0767351227319732,-0.5060189927848066,-5.565811047136748
5.268968850460401,0.7664522616966285,-0.8346633419423872
5.268968850460401,0.7664522616966285,-0.8346633419423872
5.268968850460401,0.7664522616966285,-0.8346633419423872
6.881762871522618,2.3962582867850033,8.277049621570807
-4.201477579294668,5.870563971177034,29.471426527570223
0.5154738167303927,0.15884656558713317,10.420993230630783
1.7141075276276738,-3.1501530853799995,9.649568719171114
0.29021738761013305,-0.022783564936105893,19.22056460174534
4.6677950928896195,-3.4380458005534544,-12.991249270933768
-3.2841487364624165,1.1126567235038296,-1.77601863094559
1.047439359821717,0.10527309407599983,-0.4016353325271833
1.477306453235438,0.5035083572358081,-1.0855606887203608
-0.8632292473690288,-2.696175844532788,-27.329093816716593
1.3702573767487758,5.770931076404377,16.46438686376178
-0.7125756025736089,-5.402310799039227,-11.663303727413929
7.770017538985911,-2.2230484938664707,-23.01761765733208
1.0999766971133411,1.0215274339584361,3.6207962481664246
1.0999766971133411,1.0215274339584361,3.6207962481664246
-0.3174024578965391,-1.1605181266451878,-1.3188630674134862
-2.1073166451449827,2.062605619807039,24.408842471511267
-0.8117084027628576,5.012745149427706,7.450470640085392
-0.34875747610986635,4.187457546510424,-21.54262386688576
0.6371740157519221,2.9304289879698144,10.762988434561233
0.6371740157519221,2.9304289879698144,10.762988434561233
4.4037832079157,-4.022837680704937,-0.6268623187540623
5.0939287041935675,-5.570334886233691,-24.14998762899264
5.0939287041935675,-5.570334886233691,-24.14998762899264
-1.588696339530447,1.0597862349651601,2.4030564691686784
0.9600570013439327,-0.589857404963583,6.243977682954922
-1.706258204659471,0.4732186006343758,-5.099197507075321
-0.501542704628853,2.234365880229407,-15.521968274901113
-0.02013322915608451,-1.2876814159055017,-3.7099173187745382
-0.34180891695245186,0.0747033693171768,0.17123164284075054
-5.167892073397703,1.2083110964736772,4.223854549238194
-3.609278427469461,2.8359083809273473,-1.3218780729741004
-3.380199468397021,0.9884283262995732,10.968984258982186
-0.8152826690290826,5.296608566762387,30.02332389307916
0.4391112809315372,7.94183269546321,35.40317980807421
0.4391112809315372,7.94183269546321,35.40317980807421
-1.5075989742662768,-4.240865393378218,-24.841995222836342
11.032548052604465,4.23988869933906,10.957045579542566
-2.8109849494357437,-1.2246148137266095,1.0036269711040102
5.762003268476748,0.6691810055685155,1.6439985455174144
5.762003268476748,0.6691810055685155,1.6439985455174144
1.0217741536260228,2.779573413157749,-13.20356973095975
-1.4896905899210724,2.285606604328249,-4.206379132907287
-6.199554359216932,-0.7066627622283974,-4.9991342425230725
-6.199554359216932,-0.7066627622283974,-4.9991342425230725
0.4681095251103988,3.627540454270328,21.193032307091944
-1.0588205438468519,-4.348464513748923,-20.635579883011
-0.2637270446320179,-4.145460038783719,-29.231202237002584
5.337676331200976,2.0856791450698493,7.634948946755728
5.337676331200976,2.0856791450698493,7.634948946755728
0.608949527248047,-5.533365922929148,-4.977869021261643
2.2717291955056647,1.6303749618767651,-12.398536211533079
2.2717291955056647,1.6303749618767651,-12.398536211533079
-1.7116721318377215,1.416964813321759,3.123183819743799
-0.1725972532698501,0.030182634198117952,18.57578753917882
0.9343532349600336,4.075294491560087,0.6207414376711906
2.058537025606819,2.62614209164574,-4.416030738450482
2.058537025606819,2.62614209164574,-4.416030738450482
-7.7133423583854945,1.401166103585807,25.675173474829545
0.6686535649930718,-0.41864083716723144,-15.17574998266727
-0.6313248969799945,-3.8029740752746766,-0.669506007766902
6.945266230953706,8.391604569622327,0.8665431155559276
-0.40013382395950003,-8.684161088719907,-8.880236260426914
6.328723901949706,0.9236199245105601,-26.539303793709575
1.881332741321434,-2.220016103510996,4.354230240330992
-0.6185324710097723,4.414691055716211,12.170373549966422
5.765033233729726,-0.08391640405912718,-5.942165592744736
-0.6176743933934059,2.519047250968876,6.498379510077175
-0.6176743933934059,2.519047250968876,6.498379510077175
0.11697072890375959,-1.4992779654401986,2.460256885551393
1.3905502424225404,-0.889864199388045,21.12026543334379
0.869809357699403,0.19780782210287473,-10.52743777944104
4.263148063070302,-0.6914009525623142,10.999163749686687
4.503493285932688,4.8377556354458155,34.416552103295125
-2.7911907894339727,-1.774099527416607,-15.670953095082677
6.924127423780194,-1.2218319661170203,4.142300150091113
7.3917169275651275,-2.057066158393289,13.8617495276093
1.319778602537271,-4.678177334596064,-6.295736243073536
1.246746380793975,-4.021722844687503,5.491852746766874
5.930309738327384,-2.864808751871229,-8.515913255259607
-3.241737369562272,3.480480844732334,7.092668173789511
-0.537045752878603,-3.6312531190592763,5.811118343132076
0.9599223530327134,2.6382602623290534,13.169451796120665
1.2516211479540262,-0.0018667212772864872,-7.5107405488358125
0.4283046382843023,-0.4395548838681201,13.05140554554135
2.3123600306548564,-0.8045009969753558,-6.3826076690144395
0.9083422890927038,2.2793366060942226,-4.721359529604164
0.9083422890927038,2.2793366060942226,-4.721359529604164
0.9083422890927038,2.2793366060942226,-4.721359529604164
2.839645243086206,-3.3223866496559182,2.704275701753393
5.829270642174853,3.128988640454761,-13.873047620200694
-1.1725166324965368,-3.858793113000056,9.320387603670252
1.6745849793253056,6.743289382418599,9.380088742610056
-1.7873512867418855,-0.5375762407547837,18.33476905193856
-1.7102362025018307,1.89973597509483,18.818571432205104
-1.7102362025018307,1.89973597509483,18.818571432205104
-0.9795584048108423,3.0363477634880285,0.7214575745340923
1.0500106609077584,-1.9247898513517754,-14.085189492886512
4.03220252069505,1.1181635884209271,-8.256364810582046
4.03220252069505,1.1181635884209271,-8.256364810582046
0.3279932623206223,0.4517662817063768,10.953073189247664
-0.7216018884421738,3.0026528583204097,-16.083523037948382
-2.4963705664698903,-0.4553970178266056,-3.0078860463579336
9.094186808861497,-4.864520860151324,-23.007107758922444
2.6842394704458874,-3.2807680079788932,-23.362825913246116
1.4267099096462246,4.693722459811537,-0.3946199640861927
-4.46834104661288,-4.078196532063339,2.9432574982511515
3.3769387521446053,6.5784727691429605,14.337769372357638
2.765210484424558,7.538854097048393,12.276682470918988
1.6440211153355475,0.4204680793544773,-17.970924623476503
-4.660067139368923,1.376204939159254,24.748717709963685
1.318724268009861,2.769768799039973,-13.733976615837932
1.318724268009861,2.769768799039973,-13.733976615837932
1.2636252239174377,2.1832724429434247,-18.662061161927557
-4.3603295103347595,3.1505695312211066,-3.712889605621166
4.146604192560609,-5.02088196122536,0.2712989393860443
1.1930341307695476,3.479117037341605,-10.67222273660746
-1.4192029081320814,1.565343374268906,-8.304639805991023
-0.3249401696992167,-7.941497420255262,0.2472992452692253
-2.69785221062518,-2.508042048656672,9.552138944615002
2.443318817728305,3.8614488156888496,-8.453996848093748
3.421269652113674,1.9177077882595606,-9.504146323783718
4.20683771859347,5.399233142835309,3.5617247779012633
-2.6233882681192036,0.605629612850751,-15.622126731024776
3.824551650429873,1.1840215000351733,15.856073151416744
2.2249843480714944,0.7091534715391797,7.93764584885158
0.02269483076491685,1.2637236174884086,-11.575862510452147
2.68551293893062,-6.477883979423874,-41.14863673484666
0.5585850892880564,-1.24709362117516,13.415468152248486
-4.058709019411648,1.482131929366745,24.608123396140847
2.7759484641068184,-0.21246757861406396,-14.099531196119717
4.6794741362807715,7.129488904324681,5.242741208328365
-3.3310544492560896,-5.5033033076835896,-11.617137727337676
-3.3310544492560896,-5.5033033076835896,-11.617137727337676
-0.4028825392136519,-3.951751449183427,23.107787869392425
3.305721726071594,-2.057440662109166,11.13134623895165
-2.820291710000233,-0.8932398685116061,24.994975426180673
6.225989873929109,-3.462439961408607,-1.8027556219348746
-1.6697089756801762,4.952871055420306,9.458816394471901
3.9094239587699935,-5.4180591054403076,-3.4634001131845356
-2.275065975963847,-0.9074964576770055,-15.291832236924822
2.0411834993467846,-0.533276004520105,17.98245386361767
3.6504930817737447,3.513791316476378,-5.093875337367091
1.1590620787571826,-0.35238566056222,10.857104315408247
2.9436467023530524,1.945848406301391,32.327096584811045
-1.4599314371646837,-4.905146053753379,-10.60913611817159
-1.4599314371646837,-4.905146053753379,-10.60913611817159
-1.4599314371646837,-4.905146053753379,-10.60913611817159
1.7061919442085038,2.9080184160239324,5.607457395512709
-2.54574634566998,-2.001765722453263,0.4725163796456089
-2.242728271927419,3.597551278976388,9.11948804221549
-2.4106403703523545,4.943742896285626,-0.9770434615650547
5.121817554801245,-4.385342784577907,-11.20298000537013
5.6382883628217435,2.921322915988544,-7.718250807728506
5.075820026492789,3.8345906687100095,27.32198385253974
5.075820026492789,3.8345906687100095,27.32198385253974
4.588922838978183,5.176248868024743,4.501387173741815
4.588922838978183,5.176248868024743,4.501387173741815
7.49046442001959,5.985792780834802,2.2889063784332446
1.7230380870793054,3.9720991651257966,-13.49873300743732
-2.170530680375542,-5.151167224291562,21.62367632272067
0.5078395822994897,3.415316419930276,-1.3622576384612124
0.5078395822994897,3.415316419930276,-1.3622576384612124
7.63380591234872,5.486282708555482,4.684893427729308
-7.027477374640741,-3.355514995043037,-7.3329900523897855
5.2509757194362265,-0.47039430799700277,3.0181862662271968
7.223049180605113,0.5662844961046531,4.576147312643789
-3.1570281782335154,-2.8118832276296564,-16.131317590052056
-5.44370533646377,3.5816985938534867,-4.480719820422916
7.144519256330485,0.5181512351903574,-16.046927553521748
5.239967972471641,0.599501842233542,-10.639538490757815
-4.201801305078013,1.210367297399375,0.9306604646292422
0.33797420294523395,-6.70987089331442,-21.75617528396859
5.238774002889666,-5.699570414743221,-18.94985055686587
5.238774002889666,-5.699570414743221,-18.94985055686587
5.238774002889666,-5.699570414743221,-18.94985055686587
-1.8376878052251957,1.9292096001159722,3.987780472877507
4.738823292715219,-3.6774496249344706,-22.44022991387141
3.377254745726347,-4.472983134501994,-18.59845145011573
-1.345226860820263,4.566958956702235,19.271066608415843
2.436969391200975,0.8068983531561393,8.013126823763727
-4.109823734167331,1.2081599962877922,5.685376872235507
3.6844193265647585,-4.7801947376031055,-19.194749410080973
7.580549852347531,-4.465310451030582,-14.980023650892548
-6.72710070956664,5.078798876467644,21.65719090722646
-2.7813768724334653,0.6419763997013579,-14.130278714001488
-2.7813768724334653,0.6419763997013579,-14.130278714001488
0.33252976208471763,-5.445293762962595,-12.909797867281046
2.0652654852405323,3.0789963316892264,22.846916143247324
2.48981152778452,4.782376195921538,30.380585018267894
-6.320524042817618,2.4411403973588928,3.567164805411558
4.880132357727847,0.001227024558094314,13.235654486990548
6.412761243865809,0.8327093261092365,13.980378062751823
0.3913566204021075,-1.917767018204367,-1.953409814245049
0.3913566204021075,-1.917767018204367,-1.953409814245049
3.264290799523248,1.2711459923718147,-1.8577796971337754
-3.2081631247625393,-3.425053197997956,-8.250242683320396
5.624202525543856,-3.55350032561432,-6.858111919670144
-2.3320588772243447,1.295218161655522,-0.3441574273220418
3.80100049173074,-0.8364882093032788,5.5643163763442605
1.117947046473271,3.1642029400070957,6.031183390666081
1.117947046473271,3.1642029400070957,6.031183390666081
3.256683396688623,-3.593991577536594,-14.192249604620654
-2.7751651913117943,6.010116755274955,4.873024046222598
1.9215810573095382,-1.0510406257319211,-16.548880627411016
2.763095940150365,1.639075322533624,-18.009050193192735
3.6185299027382727,4.135834410112088,-28.395996002346983
-2.3055903596315024,1.895159409866825,-2.893800204133072
3.682356471902798,-2.814784608579949,0.20334752798165479
3.682356471902798,-2.814784608579949,0.20334752798165479
-0.8935354766808539,-0.1467832398218487,18.880529301837473
-0.8935354766808539,-0.1467832398218487,18.880529301837473
-4.81962771781067,3.8708772945880554,21.850767374527983
2.6329349693848014,-3.138097453193807,-2.3609468761112566
-1.8655673598213462,-3.4361900620638526,-23.121499787062454
-0.2871035087604408,9.951055859136144,7.5716718105869845
4.6291717505217935,-0.7542540382580949,11.355807623719832
0.8272890314525645,-1.3604306168758096,-16.185531441302274
-4.458327088931409,-2.068650717297075,-0.6030227946972193
-2.201854351429721,-3.553087568980743,5.907953420583566
3.9305536842933884,-1.671958305196133,-24.78018342873104
3.9305536842933884,-1.671958305196133,-24.78018342873104
0.34932533677904676,6.717725101748748,40.726771736455206
3.2276114418643824,-8.015830580800452,-32.689170577139976
1.6006112836670299,0.9569873687026513,-0.031141846531415496
-0.27079273546353444,-4.432324212667179,-7.821864983253356
1.0263011081169717,5.715492067591399,7.863737181021277
7.144815328818332,4.669179746133698,27.181810626115734
0.4123451000073475,6.598329411878126,0.8026514244189471
1.5562186751076452,-6.062793239407439,-5.509774824481811
-1.792175354206441,9.491159201775574,33.85845501177715
-2.418141763380622,-4.474297566047232,5.176942984818603
2.449025522350684,1.4691727217367045,-11.527557716585413
1.0960156347544345,1.5669927940787869,-17.75199875275346
1.9071778912092157,-2.305865601105163,-31.0957596565568
4.72520336710372,-0.18330869065782274,-0.7653998473144732
-1.510426318926672,2.2052398950494805,11.732909159322762
-1.510426318926672,2.2052398950494805,11.732909159322762
1.6091703950888818,0.5270637349287011,5.340731716083594
0.07960478902632384,3.546865272627754,8.590121547204713
-2.173731489883432,-3.3689850877017693,-5.803244611278662
11.260791039226698,1.5898071648855971,-16.193141777894247
-2.2247886836337,-4.7919369133520595,-15.156753593938618
11.043101249193356,3.8242955765920756,-1.7589665089409827
9.72023179386985,1.366688842654482,-4.563301020469668
-0.5978716224072373,1.1935127599101159,-0.3760684865858135
0.25149041549377305,-6.124056230249305,-20.834826078962237
1.272428673298167,2.490933922270317,-1.2338246933025334
1.2096022829242732,-0.2638508698708373,-8.129106433272478
-4.662634485805399,0.6613501666282433,20.870677510306997
2.6266456147530484,-1.656889430433932,-13.111295698673302
2.7465290739140853,-0.9913483776335461,6.30639449574268
0.3448263197421446,-3.009979748251668,8.760426619028635
4.769739012783429,-3.5901345279268044,-27.404337790763087
3.8083012673053833,0.5893265908637311,-29.987039623905417
-1.7765476389203316,2.74198749694291,5.675863552791446
4.876723268420053,-3.5130304540591655,-1.8905846159325739
4.3950283598860045,-4.645179521550303,-9.374356818074501
1.408865951176867,1.9297539813559164,-6.953099500019736
0.29368499576858154,0.7031201465515626,-7.552912732446693
3.446714904584603,-3.4551409168454046,16.83977707336546
-0.42923451340825425,5.34393979355217,38.48009213675327
-0.42923451340825425,5.34393979355217,38.48009213675327
-0.7829489689155078,6.38837431691579,22.567182657062453
-3.784799621402449,-4.157842098578557,-15.958774871856129
-3.784799621402449,-4.157842098578557,-15.958774871856129
-6.4242527043749735,-8.245039335272505,-2.538217241876504
-2.459331243897169,2.508107499495715,-0.02793301326501796
5.512951878565239,3.5303584272384727,29.82129863768492
4.14401170168791,1.772974074109837,-16.060938205290878
0.20915713043235495,-0.7989452813343014,22.07911770490346
1.2793972241517304,-1.4960718180572679,0.3317223037141672
-0.9015732953903172,-1.7657456595858303,-13.47727937068681
-1.0577963536068058,-0.07231933395129886,0.46479170082848675
-0.42338515572832214,2.1566425155359537,-8.684369378336452
3.745336379080527,-5.392102878377609,1.6675010845568465
0.5460542853331721,0.29651809292936226,12.281704174063542
0.49428820131066686,-1.0428815059184875,2.1484703343836236
3.317572034618035,2.0795561982347768,10.98095130255967
3.317572034618035,2.0795561982347768,10.98095130255967
-3.4074641439883013,-3.8919094501360325,11.615680621387487
8.99398904924012,-3.116040658828034,-37.925522855657135
2.299263691412315,3.205189371706881,21.185410753335518
1.2765720237585008,-2.157001365090202,-27.3976384361133
6.1149791133344165,1.9634747513893016,10.850417268730208
-0.5039855810510758,1.8033037900983184,3.097254635186908
-0.7470133445018499,4.356911807775146,24.51337429738162
0.04398074324725809,-2.943433305853013,-9.774886689984022
1.4716853084286665,-6.005733157158989,-7.771788814784234
1.4638608107385709,-5.184201864765798,-19.46575938137498
2.1268800139251396,-3.253933212730665,-26.13148611953563
2.1268800139251396,-3.253933212730665,-26.13148611953563
7.637354560653037,-2.020164863322348,-0.40517638274125645
2.281736940176378,0.5177448245194123,5.011579147727677
4.189741525723987,2.5310092753668307,7.764573040051531
5.224741352463182,4.504151223667876,17.360428345458136
4.461679658385904,0.17390902487187887,-3.3498834269901456
1.663402253850669,-0.2238624472510985,6.826857681743328
3.004863588111637,-2.9541660893131283,-5.8896605683946
-0.2953203398009008,-0.3518654319326313,24.54107777480634
1.1591871423933795,-1.892917590601012,-27.1101696704286
-0.7192948698790989,-1.3363280265281905,-19.020694467747035
-0.7192948698790989,-1.3363280265281905,-19.020694467747035
-2.873879957029949,-0.5550335996290202,-9.368810735278146
-0.5467034693667849,-7.309497802927669,-8.855858933611865
0.009864914336132902,-5.289989345440725,8.096450217111451
-0.11559977830528739,-2.709857512761521,-10.042002740016605
-0.20382318432793523,0.4542375057312483,7.066686989953329
0.08391354974990659,-1.4122774108309595,-16.077007457975782
-4.523800345045169,-0.600753450208634,11.29408223812748
5.344718692107351,4.243059777713056,5.027108008694973
3.373332623647185,2.2072181892149554,2.9817609327501984
2.219410134838439,-2.398540484915748,-6.594971183084222
-1.5154440322561782,-2.4124601805939214,9.36140129938617
0.5981168190371782,3.7229471159729224,6.6786368942854395
2.751496783042887,-2.4253449599783714,-1.732870464858533
0.4087098994445477,-1.9874557068436656,20.506295991746143
3.628838101217607,-4.586925415010871,-9.959408467427224
-2.013419896002522,5.392301209104241,12.061342558871816
-4.49103660249696,3.5290485313871898,0.18182767427560798
-4.49103660249696,3.5290485313871898,0.18182767427560798
-0.5967206973048156,6.081585568879268,18.501020147069468
0.8116556421298027,-1.74497897531219,-35.59904928319074
2.4749098340868247,-3.67028250464292,7.348559966301622
1.1092457366621753,-2.690008140137823,23.193116126629022
-3.334230023355953,6.150552472944679,-6.2465365830983295
-2.2672091483638006,3.5562643616846334,3.6290427701825116
3.2550646411067006,0.3398008394614415,-19.114449987851394
-0.10307279727010554,0.37782742566147376,-20.081462490731802
0.8845898025233527,0.3462006428908453,25.015151765571634
5.51221861489603,2.57279305924409,-13.966302345337347
5.51221861489603,2.57279305924409,-13.966302345337347
-2.857424442550421,1.2160241855585658,-16.21658552585049
-3.7740167452853983,1.4557366186338867,-3.0016000864836805
-5.3598621554931185,0.27283227325052817,2.2046246760769534
-1.8619832241244447,-4.841097235688737,-7.819121108466097
3.200110809893593,6.730314881470323,11.5410730488162
2.0831897746061045,-3.0605795223805243,-2.72942219320144
3.3666339622352774,4.4197325100843035,0.21645899612743325
0.31996334255858017,-4.085981461903028,-10.364351086484863
3.990515261018504,5.218252227382374,14.558912124281058
-5.910499580848329,-3.5866542626942253,-2.5123359077050544
-5.910499580848329,-3.5866542626942253,-2.5123359077050544
9.097518226160876,1.8929643193277772,5.555493332728979
-4.983540564138608,0.6070181629249003,6.001355257826409
5.969959103079977,0.6178746217374,-2.042886305543517
-1.6895174501610386,1.4034112465860642,18.886217164877415
-2.4250808787595,1.736652248895457,37.00684332344732
4.039322145796188,-5.805029675715216,-7.837131997141411
-0.2219281394892767,1.6930905260871318,-2.2894781829549444
2.0649835666611187,-0.20028873588442053,-10.353973571273643
3.8113607403010645,-2.4853338049439806,-17.98139372533002
0.7992170977443143,-3.310234311360284,-10.357329249665266
2.213861547186355,2.403204900058196,13.839799615961372
1.7984227047652002,-1.0100307075169952,17.983864927778306
4.833987019513134,4.589405809023171,9.55379923424943
4.833987019513134,4.589405809023171,9.55379923424943
4.833987019513134,4.589405809023171,9.55379923424943
-7.235076371847902,-3.826898280798037,4.78020977052538
4.908804421797184,4.009881543592459,-3.542835060013118
2.9545016328633675,2.282295379408871,-8.772065074304562
1.9307706330236667,6.885777956773633,23.616706365117253
7.315742966634389,2.0528659150276907,-0.15427384463578875
-7.175752641879024,0.23467649189723017,11.10427651564849
-4.7645108813264,2.037928143618494,-1.9332104434408652
-6.629055111821695,0.9355972592998683,7.296936697344281
-5.516888700722519,2.403303100254415,12.75176616785013
-1.2799618847241803,-5.843289635427732,-12.603908886592844
0.6714116366205327,2.7982563111554537,10.77345085050267
5.260898715293347,2.0810921801430466,-12.201956697285993
-1.989208579956176,-1.6052400701780907,9.145542297606168
4.301492567408003,0.8539888709449301,-2.397739548451322
4.0408621906007465,2.7801975664817027,-6.698327953383081
-4.326387801711189,-4.135865713569862,7.68442937133333
-3.724205366064652,-1.5649817742859256,-4.3862760482392655
-3.724205366064652,-1.5649817742859256,-4.3862760482392655
1.8268925117395005,3.5884663982415894,8.796307536929731
0.9185566845037454,-0.9027175397992155,2.3217677084897725
3.135190534240733,-2.0750714407274824,-20.287793722267576
-1.8669231423456525,-1.940916920585626,-21.138395966734187
2.014109119106201,6.308451283951072,5.315531957405668
-0.12220633789746113,-5.271599490910596,-11.419802131878836
4.533077619625339,1.8203479606178057,-10.630764756008869
0.17504411607596815,4.76082344644934,-3.852466533171171
5.926897775551293,-4.6420751873304,1.1443452434235155
7.685632336424259,-5.323115153006709,-8.931029821949373
6.665313702925695,-0.04847827602905497,-10.87217314653847
-1.5605756302767837,0.5846010356102768,-5.502151289950324
5.577260515768055,0.31722090788007984,-1.3591358353959109
-1.658472065535387,0.20482674197320427,0.3104411198341026
3.6080695281423134,-3.906107328418155,-20.55907001368292
2.017857073540192,4.916125196492153,23.553475517574793
3.129986800292004,-7.08234426414952,-23.353370724045423
10.211775975408793,0.4721466828590728,-16.46169023350856
0.08071002607904809,3.184344017436091,2.6346704709015896
3.040132999150464,-1.4292671384659315,4.191582984499975
2.647516816051773,5.539975234317485,-0.5559442946479862
1.993261089134922,5.055913785963556,-8.259658649410776
1.317926869187514,-3.752437188152613,-12.836264312715699
-0.38765632804684413,-0.0026720824070891602,-3.3728472559181437
2.541141834656406,-3.5270958636745178,-12.47649231015814
2.541141834656406,-3.5270958636745178,-12.47649231015814
-4.283323038508816,4.424141407670496,31.622288425510316
5.5933094425263015,-1.4776536092696078,-17.147955706990192
1.6286233679325797,3.214385044642169,7.626551926506162
4.587337311527794,0.4314735791519895,27.19667341155744
-2.936463151436712,-2.8474862645152417,-8.217787228303141
-3.110934474816019,-4.570801138697765,-16.10096868201323
-3.110934474816019,-4.570801138697765,-16.10096868201323
-2.5949083296001922,-3.456194810093924,-11.36650055997474
-2.089371634075074,-1.2036316341064617,-16.179706827452577
3.473624475810896,4.660208807849765,-2.7059745936069524
1.3183981656250605,-1.7660902513670054,2.4638436571289546
1.708565093827311,-0.0068095428959020765,1.8444760174621706
1.1676118771645507,3.0713608644477204,16.67043624928229
3.0979795144776956,-2.6367776791007818,5.0948402850340315
4.224003085010771,4.492396314240902,-4.583543300308526
-0.09300714133530885,1.788071556045002,15.9430861902481
3.1322655555400045,0.7246391114529667,2.858001833138953
-3.2086427606606738,-1.659364027287555,-12.132193717776728
1.5024539902140548,1.1079435872778784,3.860918446567986
5.356039933733236,-2.674461555386884,-9.353885435758105
3.6790092820143636,-1.7410430279879585,-4.829363059664118
3.6790092820143636,-1.7410430279879585,-4.829363059664118
-1.6129833647393585,-2.403980559395859,-12.139936492176243
3.4812546598132608,-1.2185957500359932,-10.621203414778462
1.1157917447103776,2.7558974808572403,12.544808550787891
-1.0329486872304865,-3.0865296167540457,-16.543270140017995
5.837722933918542,3.1467088411222943,0.23589864282229733
-0.2368377517344724,1.3836948219418563,7.10422869213001
-0.7720948684082338,0.1413454937767018,19.7241943915779
-4.708079042385741,0.242698165713775,-5.127507427534224
3.83333895049012,-1.5189432047527547,5.929298533338933
5.595633424476768,2.7090924820951274,-20.468280098057598
5.487337859347573,1.4986368097428773,-9.481599564775545
3.5336731125995877,-3.839188329131611,-0.005840240150490672
-5.410441345986039,4.541695287379909,16.379711304291856
-5.410441345986039,4.541695287379909,16.379711304291856
6.286988740045369,-2.366362370596912,-27.531987011305155
0.7754363750770574,3.843777385360416,28.23923050821237
2.177260081986403,2.945315541141815,27.432014369618752
0.05791619028750117,2.046781933852285,-5.417430342133345
-1.340720003996444,-2.6271954346710635,-29.851988465689125
5.514495421214682,5.070828293316174,7.36909241132276
5.848515238022436,3.5894460573531575,4.632184799871872
5.089922561141712,4.3690737434047,19.732498846295435
2.349919273169414,0.2759868064678471,-13.885517406017609
1.777750295559945,6.728257384376504,25.395823226990554
4.75751622964176,-4.99401412456101,-27.64903013732205
-0.2548083268037704,-0.6673392379831657,-5.9293636733677
-2.075998443262513,-0.770638866725073,-1.96773543986275
0.35535106811737815,5.002642872810804,-5.705680509401564
0.21066864678747668,0.6466486665483382,-23.16884235036432
-1.8224319283693153,-0.05585314783984352,-12.082826770637913
0.25215570630779016,3.761337487005579,9.35258155413031
-5.5067923164090775,0.34759876322481764,15.594274882408136
-6.060388348215603,-2.7382218701892334,7.055168536191276
3.3371081453357045,-2.9645107123904255,-29.098259066127454
-1.5287485800939873,1.6837204447698038,18.64118305044613
0.35462024335037823,-2.8436939207369885,-19.63737635038084
0.35462024335037823,-2.8436939207369885,-19.63737635038084
-1.7809436359520365,1.540504180582202,21.053116614385036
-0.13114988178318,1.6503951493302065,2.238322053020168
-1.3101117925861425,0.8415874277800395,-0.6258105462884842
0.8232198750700187,-1.1207798725678404,-4.17892505332644
0.8232198750700187,-1.1207798725678404,-4.17892505332644
0.8232198750700187,-1.1207798725678404,-4.17892505332644
1.0737879400310972,0.6119429170869157,12.327023463500655
-0.5165254193777349,4.158080787242711,25.52740224766839
-1.9636431984899392,-3.2921950343873103,-3.602035626164419
-1.9636431984899392,-3.2921950343873103,-3.602035626164419
2.8528606142268806,0.2344950541974109,-2.991785360909225
2.444160269599431,0.27523741101545773,2.7446040846457582
-1.766748879344141,-4.745202801637273,-22.058194958751194
8.178454122942242,-0.5295466475783709,0.20782703430133154
1.7238859620909306,2.409662283849082,4.902822252565407
1.7238859620909306,2.409662283849082,4.902822252565407
2.6222924195662913,6.204397775868415,27.62871954240421
4.505668363870558,0.8195794320194665,-5.685599090917865
1.4312171731425543,1.8566294799801848,10.822470497678081
-4.115079674232826,-5.67568262032757,-15.622807864587239
-1.6960491931395714,0.8051204024094245,8.119267753628762
1.7412120459787688,3.6578460098636385,18.735639068752207
-2.8306507249924273,-0.8929322604107177,-17.15766026667551
-2.824504682639445,-2.3373682960246427,-5.077809117109375
11.038315562784604,4.702340441971066,2.273331762135264
4.937648476686687,0.21368945229223346,10.372285766868535
-3.777214239815571,-4.013389388060921,-30.15519600414308
-2.955166494450624,-4.844028099729414,-15.496138953274174
-5.79613378651866,6.006674506589555,28.837021138042925
1.5777648640955588,-5.240057592217818,-2.124898035926332
3.6694714469009933,1.244199235063757,-23.548927723674684
0.8603562973573629,-2.4365544627128806,18.274792727064693
5.47885330629479,-2.595219723411262,2.8153102177476033
5.47885330629479,-2.595219723411262,2.8153102177476033
1.705349325170519,0.640096144608695,-11.22780796060436
2.986616608533157,-4.176851348989265,-16.902791832952165
-0.9291467155578823,0.657382664494673,5.198305240427857
-2.2689776636047734,1.0042304127710588,0.8238117170576942
7.157800624853245,0.21288654609040014,4.892846233583025
9.351864134159888,-2.375470915472064,1.5154732497946095
-6.005216294515076,-0.46116994999347916,6.795492181866845
-5.295252518067616,-1.9116864552335584,13.608676447795954
3.232122631867993,-1.8589826163107395,-29.91315961122319
-3.8087072379268694,-0.6643450044389869,-0.04920279010118733
-1.7664903212351661,-2.5049080543992006,7.952970663170108
2.577203350380994,3.6257808911919573,4.886668489461647
2.8953324457687657,-5.856189383202821,-18.004639323820495
5.956949313639049,4.3538418280093,-0.22906979981215514
-1.0749752785840054,-3.824605259392513,7.9052026932931625
-7.549118462948417,-2.3131834660346353,-11.900353066215903
3.151131146417697,6.529377292419099,22.846900801102
-4.497063614810183,2.298402041751183,1.1218748018631715
1.9920080523570807,-9.152483042347047,-12.647174735019256
-2.702606185804025,8.63489706625652,5.790690474420408
3.6762384380046313,-4.820833002814023,-23.972896607690792
6.5243116868342295,1.3294763777308198,3.24139630482491
-0.18767338939779954,-0.32941840689469526,-0.7378696643768823
-0.18767338939779954,-0.32941840689469526,-0.7378696643768823
-0.18767338939779954,-0.32941840689469526,-0.7378696643768823
-0.3378007714791994,-0.37524562363530284,8.84081463841637
3.5317051458724276,-2.4961328272885477,3.483945851739013
-2.2484691804506274,1.0669709868374568,10.348779509193594
4.493611076302574,2.7489920944801955,1.7175289723142786
4.493611076302574,2.7489920944801955,1.7175289723142786
-2.813697115285948,-5.472247926508087,22.500709108939162
